MeshVersion
 1
Dimension
 3
Vertices
 6146
                 -0.5                 -0.5                    0     0
              -0.4375              -0.4375                    0     0
              -0.4375                 -0.5                    0     0
             -0.46875             -0.46875                    0     0
              -0.4375             -0.46875                    0     0
             -0.46875                 -0.5                    0     0
               -0.375               -0.375                    0     0
               -0.375              -0.4375                    0     0
               -0.375             -0.40625                    0     0
             -0.40625              -0.4375                    0     0
             -0.40625             -0.40625                    0     0
               -0.375                 -0.5                    0     0
             -0.40625                 -0.5                    0     0
             -0.40625             -0.46875                    0     0
               -0.375             -0.46875                    0     0
                -0.25                -0.25                    0     0
                -0.25              -0.3125                    0     0
              -0.3125              -0.3125                    0     0
                -0.25             -0.28125                    0     0
             -0.28125              -0.3125                    0     0
             -0.28125             -0.28125                    0     0
                -0.25               -0.375                    0     0
              -0.3125               -0.375                    0     0
             -0.28125               -0.375                    0     0
             -0.28125             -0.34375                    0     0
                -0.25             -0.34375                    0     0
             -0.34375             -0.34375                    0     0
              -0.3125             -0.34375                    0     0
             -0.34375               -0.375                    0     0
                -0.25                 -0.5                    0     0
              -0.3125                 -0.5                    0     0
                -0.25              -0.4375                    0     0
             -0.28125                 -0.5                    0     0
             -0.28125             -0.46875                    0     0
                -0.25             -0.46875                    0     0
              -0.3125              -0.4375                    0     0
             -0.34375             -0.46875                    0     0
              -0.3125             -0.46875                    0     0
             -0.34375                 -0.5                    0     0
                -0.25             -0.40625                    0     0
             -0.28125              -0.4375                    0     0
             -0.28125             -0.40625                    0     0
             -0.34375             -0.40625                    0     0
              -0.3125             -0.40625                    0     0
             -0.34375              -0.4375                    0     0
                    0                    0                    0     0
                    0              -0.0625                    0     0
              -0.0625              -0.0625                    0     0
                    0             -0.03125                    0     0
             -0.03125              -0.0625                    0     0
             -0.03125             -0.03125                    0     0
                    0               -0.125                    0     0
              -0.0625               -0.125                    0     0
             -0.03125               -0.125                    0     0
             -0.03125             -0.09375                    0     0
                    0             -0.09375                    0     0
               -0.125               -0.125                    0     0
             -0.09375             -0.09375                    0     0
              -0.0625             -0.09375                    0     0
             -0.09375               -0.125                    0     0
                    0                -0.25                    0     0
              -0.0625                -0.25                    0     0
                    0              -0.1875                    0     0
             -0.03125                -0.25                    0     0
             -0.03125             -0.21875                    0     0
                    0             -0.21875                    0     0
               -0.125                -0.25                    0     0
              -0.0625              -0.1875                    0     0
             -0.09375             -0.21875                    0     0
              -0.0625             -0.21875                    0     0
             -0.09375                -0.25                    0     0
                    0             -0.15625                    0     0
             -0.03125              -0.1875                    0     0
             -0.03125             -0.15625                    0     0
              -0.1875              -0.1875                    0     0
              -0.1875                -0.25                    0     0
             -0.21875             -0.21875                    0     0
              -0.1875             -0.21875                    0     0
             -0.21875                -0.25                    0     0
               -0.125              -0.1875                    0     0
               -0.125             -0.15625                    0     0
             -0.15625              -0.1875                    0     0
             -0.15625             -0.15625                    0     0
             -0.15625                -0.25                    0     0
             -0.15625             -0.21875                    0     0
               -0.125             -0.21875                    0     0
              -0.0625             -0.15625                    0     0
             -0.09375              -0.1875                    0     0
             -0.09375             -0.15625                    0     0
                    0                 -0.5                    0     0
              -0.0625                 -0.5                    0     0
                    0              -0.4375                    0     0
             -0.03125                 -0.5                    0     0
             -0.03125             -0.46875                    0     0
                    0             -0.46875                    0     0
               -0.125                 -0.5                    0     0
              -0.0625              -0.4375                    0     0
             -0.09375             -0.46875                    0     0
              -0.0625             -0.46875                    0     0
             -0.09375                 -0.5                    0     0
                    0               -0.375                    0     0
                    0             -0.40625                    0     0
             -0.03125              -0.4375                    0     0
             -0.03125             -0.40625                    0     0
              -0.1875              -0.4375                    0     0
              -0.1875                 -0.5                    0     0
             -0.21875             -0.46875                    0     0
              -0.1875             -0.46875                    0     0
             -0.21875                 -0.5                    0     0
               -0.125               -0.375                    0     0
               -0.125              -0.4375                    0     0
               -0.125             -0.40625                    0     0
             -0.15625              -0.4375                    0     0
             -0.15625             -0.40625                    0     0
             -0.15625                 -0.5                    0     0
             -0.15625             -0.46875                    0     0
               -0.125             -0.46875                    0     0
                    0              -0.3125                    0     0
              -0.0625              -0.3125                    0     0
                    0             -0.28125                    0     0
             -0.03125              -0.3125                    0     0
             -0.03125             -0.28125                    0     0
              -0.0625               -0.375                    0     0
             -0.03125               -0.375                    0     0
             -0.03125             -0.34375                    0     0
                    0             -0.34375                    0     0
             -0.09375             -0.34375                    0     0
              -0.0625             -0.34375                    0     0
             -0.09375               -0.375                    0     0
             -0.09375              -0.4375                    0     0
             -0.09375             -0.40625                    0     0
              -0.0625             -0.40625                    0     0
             -0.21875             -0.28125                    0     0
              -0.1875              -0.3125                    0     0
             -0.15625             -0.28125                    0     0
              -0.1875             -0.28125                    0     0
             -0.21875              -0.3125                    0     0
             -0.21875             -0.34375                    0     0
              -0.0625             -0.28125                    0     0
               -0.125              -0.3125                    0     0
               -0.125             -0.34375                    0     0
             -0.09375              -0.3125                    0     0
             -0.09375             -0.28125                    0     0
               -0.125             -0.28125                    0     0
             -0.21875              -0.4375                    0     0
              -0.1875               -0.375                    0     0
             -0.21875               -0.375                    0     0
             -0.21875             -0.40625                    0     0
              -0.1875             -0.40625                    0     0
             -0.15625               -0.375                    0     0
             -0.15625              -0.3125                    0     0
             -0.15625             -0.34375                    0     0
              -0.1875             -0.34375                    0     0
                  0.5                  0.5                    0     0
                  0.5               0.4375                    0     0
               0.4375               0.4375                    0     0
                  0.5              0.46875                    0     0
              0.46875               0.4375                    0     0
              0.46875              0.46875                    0     0
                  0.5                0.375                    0     0
               0.4375                0.375                    0     0
              0.46875                0.375                    0     0
              0.46875              0.40625                    0     0
                  0.5              0.40625                    0     0
                0.375                0.375                    0     0
              0.40625              0.40625                    0     0
               0.4375              0.40625                    0     0
              0.40625                0.375                    0     0
                  0.5                 0.25                    0     0
               0.4375                 0.25                    0     0
                  0.5               0.3125                    0     0
              0.46875                 0.25                    0     0
              0.46875              0.28125                    0     0
                  0.5              0.28125                    0     0
                0.375                 0.25                    0     0
               0.4375               0.3125                    0     0
              0.40625              0.28125                    0     0
               0.4375              0.28125                    0     0
              0.40625                 0.25                    0     0
                  0.5              0.34375                    0     0
              0.46875               0.3125                    0     0
              0.46875              0.34375                    0     0
                 0.25                 0.25                    0     0
               0.3125               0.3125                    0     0
               0.3125                 0.25                    0     0
              0.28125              0.28125                    0     0
               0.3125              0.28125                    0     0
              0.28125                 0.25                    0     0
                0.375               0.3125                    0     0
                0.375              0.34375                    0     0
              0.34375               0.3125                    0     0
              0.34375              0.34375                    0     0
              0.34375                 0.25                    0     0
              0.34375              0.28125                    0     0
                0.375              0.28125                    0     0
               0.4375              0.34375                    0     0
              0.40625               0.3125                    0     0
              0.40625              0.34375                    0     0
                  0.5                    0                    0     0
               0.4375                    0                    0     0
                  0.5               0.0625                    0     0
              0.46875                    0                    0     0
              0.46875              0.03125                    0     0
                  0.5              0.03125                    0     0
                0.375                    0                    0     0
               0.4375               0.0625                    0     0
              0.40625              0.03125                    0     0
               0.4375              0.03125                    0     0
              0.40625                    0                    0     0
                  0.5                0.125                    0     0
                  0.5              0.09375                    0     0
              0.46875               0.0625                    0     0
              0.46875              0.09375                    0     0
                 0.25                    0                    0     0
               0.3125               0.0625                    0     0
               0.3125                    0                    0     0
              0.28125              0.03125                    0     0
               0.3125              0.03125                    0     0
              0.28125                    0                    0     0
                0.375                0.125                    0     0
                0.375               0.0625                    0     0
                0.375              0.09375                    0     0
              0.34375               0.0625                    0     0
              0.34375              0.09375                    0     0
              0.34375                    0                    0     0
              0.34375              0.03125                    0     0
                0.375              0.03125                    0     0
                  0.5               0.1875                    0     0
               0.4375               0.1875                    0     0
                  0.5              0.21875                    0     0
              0.46875               0.1875                    0     0
              0.46875              0.21875                    0     0
               0.4375                0.125                    0     0
              0.46875                0.125                    0     0
              0.46875              0.15625                    0     0
                  0.5              0.15625                    0     0
              0.40625              0.15625                    0     0
               0.4375              0.15625                    0     0
              0.40625                0.125                    0     0
              0.40625               0.0625                    0     0
              0.40625              0.09375                    0     0
               0.4375              0.09375                    0     0
               0.0625               0.0625                    0     0
               0.0625                    0                    0     0
              0.03125              0.03125                    0     0
               0.0625              0.03125                    0     0
              0.03125                    0                    0     0
                0.125                0.125                    0     0
                0.125               0.0625                    0     0
                0.125              0.09375                    0     0
              0.09375               0.0625                    0     0
              0.09375              0.09375                    0     0
                0.125                    0                    0     0
              0.09375                    0                    0     0
              0.09375              0.03125                    0     0
                0.125              0.03125                    0     0
                 0.25               0.1875                    0     0
               0.1875               0.1875                    0     0
                 0.25              0.21875                    0     0
              0.21875               0.1875                    0     0
              0.21875              0.21875                    0     0
                 0.25                0.125                    0     0
               0.1875                0.125                    0     0
              0.21875                0.125                    0     0
              0.21875              0.15625                    0     0
                 0.25              0.15625                    0     0
              0.15625              0.15625                    0     0
               0.1875              0.15625                    0     0
              0.15625                0.125                    0     0
               0.1875                    0                    0     0
                 0.25               0.0625                    0     0
              0.21875                    0                    0     0
              0.21875              0.03125                    0     0
                 0.25              0.03125                    0     0
               0.1875               0.0625                    0     0
              0.15625              0.03125                    0     0
               0.1875              0.03125                    0     0
              0.15625                    0                    0     0
                 0.25              0.09375                    0     0
              0.21875               0.0625                    0     0
              0.21875              0.09375                    0     0
              0.15625              0.09375                    0     0
               0.1875              0.09375                    0     0
              0.15625               0.0625                    0     0
               0.4375              0.21875                    0     0
                0.375               0.1875                    0     0
                0.375              0.15625                    0     0
              0.40625               0.1875                    0     0
              0.40625              0.21875                    0     0
                0.375              0.21875                    0     0
              0.28125               0.0625                    0     0
               0.3125                0.125                    0     0
              0.28125                0.125                    0     0
              0.28125              0.09375                    0     0
               0.3125              0.09375                    0     0
              0.34375                0.125                    0     0
              0.28125              0.21875                    0     0
               0.3125               0.1875                    0     0
              0.34375              0.21875                    0     0
               0.3125              0.21875                    0     0
              0.28125               0.1875                    0     0
              0.28125              0.15625                    0     0
              0.34375              0.15625                    0     0
               0.3125              0.15625                    0     0
              0.34375               0.1875                    0     0
                  0.5                 -0.5                    0     0
               0.4375                 -0.5                    0     0
                  0.5              -0.4375                    0     0
              0.46875                 -0.5                    0     0
              0.46875             -0.46875                    0     0
                  0.5             -0.46875                    0     0
                0.375                 -0.5                    0     0
               0.4375              -0.4375                    0     0
              0.40625             -0.46875                    0     0
               0.4375             -0.46875                    0     0
              0.40625                 -0.5                    0     0
                  0.5               -0.375                    0     0
                  0.5             -0.40625                    0     0
              0.46875              -0.4375                    0     0
              0.46875             -0.40625                    0     0
                 0.25                 -0.5                    0     0
               0.3125              -0.4375                    0     0
               0.3125                 -0.5                    0     0
              0.28125             -0.46875                    0     0
               0.3125             -0.46875                    0     0
              0.28125                 -0.5                    0     0
                0.375               -0.375                    0     0
                0.375              -0.4375                    0     0
                0.375             -0.40625                    0     0
              0.34375              -0.4375                    0     0
              0.34375             -0.40625                    0     0
              0.34375                 -0.5                    0     0
              0.34375             -0.46875                    0     0
                0.375             -0.46875                    0     0
                  0.5                -0.25                    0     0
                  0.5              -0.3125                    0     0
               0.4375              -0.3125                    0     0
                  0.5             -0.28125                    0     0
              0.46875              -0.3125                    0     0
              0.46875             -0.28125                    0     0
               0.4375               -0.375                    0     0
              0.46875               -0.375                    0     0
              0.46875             -0.34375                    0     0
                  0.5             -0.34375                    0     0
              0.40625             -0.34375                    0     0
               0.4375             -0.34375                    0     0
              0.40625               -0.375                    0     0
              0.40625              -0.4375                    0     0
              0.40625             -0.40625                    0     0
               0.4375             -0.40625                    0     0
               0.0625              -0.4375                    0     0
               0.0625                 -0.5                    0     0
              0.03125             -0.46875                    0     0
               0.0625             -0.46875                    0     0
              0.03125                 -0.5                    0     0
                0.125               -0.375                    0     0
                0.125              -0.4375                    0     0
                0.125             -0.40625                    0     0
              0.09375              -0.4375                    0     0
              0.09375             -0.40625                    0     0
                0.125                 -0.5                    0     0
              0.09375                 -0.5                    0     0
              0.09375             -0.46875                    0     0
                0.125             -0.46875                    0     0
                 0.25                -0.25                    0     0
                 0.25              -0.3125                    0     0
               0.1875              -0.3125                    0     0
                 0.25             -0.28125                    0     0
              0.21875              -0.3125                    0     0
              0.21875             -0.28125                    0     0
                 0.25               -0.375                    0     0
               0.1875               -0.375                    0     0
              0.21875               -0.375                    0     0
              0.21875             -0.34375                    0     0
                 0.25             -0.34375                    0     0
              0.15625             -0.34375                    0     0
               0.1875             -0.34375                    0     0
              0.15625               -0.375                    0     0
               0.1875                 -0.5                    0     0
                 0.25              -0.4375                    0     0
              0.21875                 -0.5                    0     0
              0.21875             -0.46875                    0     0
                 0.25             -0.46875                    0     0
               0.1875              -0.4375                    0     0
              0.15625             -0.46875                    0     0
               0.1875             -0.46875                    0     0
              0.15625                 -0.5                    0     0
                 0.25             -0.40625                    0     0
              0.21875              -0.4375                    0     0
              0.21875             -0.40625                    0     0
              0.15625             -0.40625                    0     0
               0.1875             -0.40625                    0     0
              0.15625              -0.4375                    0     0
                  0.5              -0.0625                    0     0
               0.4375              -0.0625                    0     0
                  0.5             -0.03125                    0     0
              0.46875              -0.0625                    0     0
              0.46875             -0.03125                    0     0
                  0.5               -0.125                    0     0
               0.4375               -0.125                    0     0
              0.46875               -0.125                    0     0
              0.46875             -0.09375                    0     0
                  0.5             -0.09375                    0     0
                0.375               -0.125                    0     0
              0.40625             -0.09375                    0     0
               0.4375             -0.09375                    0     0
              0.40625               -0.125                    0     0
               0.4375                -0.25                    0     0
                  0.5              -0.1875                    0     0
              0.46875                -0.25                    0     0
              0.46875             -0.21875                    0     0
                  0.5             -0.21875                    0     0
                0.375                -0.25                    0     0
               0.4375              -0.1875                    0     0
              0.40625             -0.21875                    0     0
               0.4375             -0.21875                    0     0
              0.40625                -0.25                    0     0
                  0.5             -0.15625                    0     0
              0.46875              -0.1875                    0     0
              0.46875             -0.15625                    0     0
               0.3125              -0.1875                    0     0
               0.3125                -0.25                    0     0
              0.28125             -0.21875                    0     0
               0.3125             -0.21875                    0     0
              0.28125                -0.25                    0     0
                0.375              -0.1875                    0     0
                0.375             -0.15625                    0     0
              0.34375              -0.1875                    0     0
              0.34375             -0.15625                    0     0
              0.34375                -0.25                    0     0
              0.34375             -0.21875                    0     0
                0.375             -0.21875                    0     0
               0.4375             -0.15625                    0     0
              0.40625              -0.1875                    0     0
              0.40625             -0.15625                    0     0
              0.28125              -0.4375                    0     0
               0.3125               -0.375                    0     0
              0.28125               -0.375                    0     0
              0.28125             -0.40625                    0     0
               0.3125             -0.40625                    0     0
              0.34375               -0.375                    0     0
              0.28125             -0.28125                    0     0
               0.3125              -0.3125                    0     0
              0.34375             -0.28125                    0     0
               0.3125             -0.28125                    0     0
              0.28125              -0.3125                    0     0
              0.28125             -0.34375                    0     0
               0.4375             -0.28125                    0     0
                0.375              -0.3125                    0     0
                0.375             -0.34375                    0     0
              0.40625              -0.3125                    0     0
              0.40625             -0.28125                    0     0
                0.375             -0.28125                    0     0
               0.3125             -0.34375                    0     0
              0.34375              -0.3125                    0     0
              0.34375             -0.34375                    0     0
              0.03125             -0.03125                    0     0
               0.0625              -0.0625                    0     0
              0.09375             -0.03125                    0     0
               0.0625             -0.03125                    0     0
              0.03125              -0.0625                    0     0
              0.03125             -0.09375                    0     0
               0.1875              -0.0625                    0     0
              0.21875             -0.03125                    0     0
               0.1875             -0.03125                    0     0
                0.125               -0.125                    0     0
                0.125              -0.0625                    0     0
                0.125             -0.09375                    0     0
              0.15625              -0.0625                    0     0
              0.15625             -0.09375                    0     0
              0.15625             -0.03125                    0     0
                0.125             -0.03125                    0     0
               0.0625              -0.1875                    0     0
              0.03125              -0.1875                    0     0
              0.03125             -0.21875                    0     0
               0.0625               -0.125                    0     0
              0.03125               -0.125                    0     0
              0.03125             -0.15625                    0     0
              0.09375             -0.15625                    0     0
               0.0625             -0.15625                    0     0
              0.09375               -0.125                    0     0
              0.09375              -0.0625                    0     0
              0.09375             -0.09375                    0     0
               0.0625             -0.09375                    0     0
               0.4375             -0.03125                    0     0
                0.375              -0.0625                    0     0
                0.375             -0.09375                    0     0
              0.40625              -0.0625                    0     0
              0.40625             -0.03125                    0     0
                0.375             -0.03125                    0     0
                 0.25              -0.1875                    0     0
                 0.25             -0.21875                    0     0
              0.28125              -0.1875                    0     0
                 0.25               -0.125                    0     0
               0.3125               -0.125                    0     0
              0.28125               -0.125                    0     0
              0.28125             -0.15625                    0     0
                 0.25             -0.15625                    0     0
               0.3125             -0.15625                    0     0
              0.34375               -0.125                    0     0
                 0.25              -0.0625                    0     0
              0.28125             -0.03125                    0     0
                 0.25             -0.03125                    0     0
               0.3125              -0.0625                    0     0
              0.34375             -0.03125                    0     0
               0.3125             -0.03125                    0     0
                 0.25             -0.09375                    0     0
              0.28125              -0.0625                    0     0
              0.28125             -0.09375                    0     0
              0.34375             -0.09375                    0     0
               0.3125             -0.09375                    0     0
              0.34375              -0.0625                    0     0
              0.03125              -0.4375                    0     0
               0.0625               -0.375                    0     0
              0.03125               -0.375                    0     0
              0.03125             -0.40625                    0     0
               0.0625             -0.40625                    0     0
              0.09375               -0.375                    0     0
               0.0625                -0.25                    0     0
              0.03125                -0.25                    0     0
              0.03125             -0.28125                    0     0
                0.125                -0.25                    0     0
               0.0625              -0.3125                    0     0
              0.09375             -0.28125                    0     0
               0.0625             -0.28125                    0     0
              0.09375                -0.25                    0     0
              0.03125              -0.3125                    0     0
              0.03125             -0.34375                    0     0
               0.1875                -0.25                    0     0
               0.1875             -0.28125                    0     0
              0.21875                -0.25                    0     0
                0.125              -0.3125                    0     0
                0.125             -0.34375                    0     0
              0.15625              -0.3125                    0     0
              0.15625                -0.25                    0     0
              0.15625             -0.28125                    0     0
                0.125             -0.28125                    0     0
               0.0625             -0.34375                    0     0
              0.09375              -0.3125                    0     0
              0.09375             -0.34375                    0     0
              0.21875              -0.0625                    0     0
               0.1875               -0.125                    0     0
              0.21875               -0.125                    0     0
              0.21875             -0.09375                    0     0
               0.1875             -0.09375                    0     0
              0.15625               -0.125                    0     0
              0.21875             -0.21875                    0     0
               0.1875              -0.1875                    0     0
              0.15625             -0.21875                    0     0
               0.1875             -0.21875                    0     0
              0.21875              -0.1875                    0     0
              0.21875             -0.15625                    0     0
               0.0625             -0.21875                    0     0
                0.125              -0.1875                    0     0
                0.125             -0.15625                    0     0
              0.09375              -0.1875                    0     0
              0.09375             -0.21875                    0     0
                0.125             -0.21875                    0     0
               0.1875             -0.15625                    0     0
              0.15625              -0.1875                    0     0
              0.15625             -0.15625                    0     0
                 -0.5              -0.4375                    0     0
                 -0.5             -0.46875                    0     0
             -0.46875              -0.4375                    0     0
                 -0.5               -0.375                    0     0
              -0.4375               -0.375                    0     0
             -0.46875               -0.375                    0     0
             -0.46875             -0.40625                    0     0
                 -0.5             -0.40625                    0     0
              -0.4375             -0.40625                    0     0
             -0.40625               -0.375                    0     0
                 -0.5                -0.25                    0     0
              -0.4375                -0.25                    0     0
                 -0.5              -0.3125                    0     0
             -0.46875                -0.25                    0     0
             -0.46875             -0.28125                    0     0
                 -0.5             -0.28125                    0     0
               -0.375                -0.25                    0     0
              -0.4375              -0.3125                    0     0
             -0.40625             -0.28125                    0     0
              -0.4375             -0.28125                    0     0
             -0.40625                -0.25                    0     0
                 -0.5             -0.34375                    0     0
             -0.46875              -0.3125                    0     0
             -0.46875             -0.34375                    0     0
              -0.3125                -0.25                    0     0
              -0.3125             -0.28125                    0     0
             -0.28125                -0.25                    0     0
               -0.375              -0.3125                    0     0
               -0.375             -0.34375                    0     0
             -0.34375              -0.3125                    0     0
             -0.34375                -0.25                    0     0
             -0.34375             -0.28125                    0     0
               -0.375             -0.28125                    0     0
              -0.4375             -0.34375                    0     0
             -0.40625              -0.3125                    0     0
             -0.40625             -0.34375                    0     0
                 -0.5                    0                    0     0
              -0.4375                    0                    0     0
                 -0.5              -0.0625                    0     0
             -0.46875                    0                    0     0
             -0.46875             -0.03125                    0     0
                 -0.5             -0.03125                    0     0
               -0.375                    0                    0     0
              -0.4375              -0.0625                    0     0
             -0.40625             -0.03125                    0     0
              -0.4375             -0.03125                    0     0
             -0.40625                    0                    0     0
                 -0.5               -0.125                    0     0
                 -0.5             -0.09375                    0     0
             -0.46875              -0.0625                    0     0
             -0.46875             -0.09375                    0     0
                -0.25                    0                    0     0
              -0.3125              -0.0625                    0     0
              -0.3125                    0                    0     0
             -0.28125             -0.03125                    0     0
              -0.3125             -0.03125                    0     0
             -0.28125                    0                    0     0
               -0.375               -0.125                    0     0
               -0.375              -0.0625                    0     0
               -0.375             -0.09375                    0     0
             -0.34375              -0.0625                    0     0
             -0.34375             -0.09375                    0     0
             -0.34375                    0                    0     0
             -0.34375             -0.03125                    0     0
               -0.375             -0.03125                    0     0
                 -0.5              -0.1875                    0     0
              -0.4375              -0.1875                    0     0
                 -0.5             -0.21875                    0     0
             -0.46875              -0.1875                    0     0
             -0.46875             -0.21875                    0     0
              -0.4375               -0.125                    0     0
             -0.46875               -0.125                    0     0
             -0.46875             -0.15625                    0     0
                 -0.5             -0.15625                    0     0
             -0.40625             -0.15625                    0     0
              -0.4375             -0.15625                    0     0
             -0.40625               -0.125                    0     0
             -0.40625              -0.0625                    0     0
             -0.40625             -0.09375                    0     0
              -0.4375             -0.09375                    0     0
              -0.0625                    0                    0     0
              -0.0625             -0.03125                    0     0
             -0.03125                    0                    0     0
               -0.125              -0.0625                    0     0
               -0.125             -0.09375                    0     0
             -0.09375              -0.0625                    0     0
               -0.125                    0                    0     0
             -0.09375                    0                    0     0
             -0.09375             -0.03125                    0     0
               -0.125             -0.03125                    0     0
                -0.25              -0.1875                    0     0
                -0.25             -0.21875                    0     0
             -0.21875              -0.1875                    0     0
                -0.25               -0.125                    0     0
              -0.1875               -0.125                    0     0
             -0.21875               -0.125                    0     0
             -0.21875             -0.15625                    0     0
                -0.25             -0.15625                    0     0
              -0.1875             -0.15625                    0     0
             -0.15625               -0.125                    0     0
              -0.1875                    0                    0     0
                -0.25              -0.0625                    0     0
             -0.21875                    0                    0     0
             -0.21875             -0.03125                    0     0
                -0.25             -0.03125                    0     0
              -0.1875              -0.0625                    0     0
             -0.15625             -0.03125                    0     0
              -0.1875             -0.03125                    0     0
             -0.15625                    0                    0     0
                -0.25             -0.09375                    0     0
             -0.21875              -0.0625                    0     0
             -0.21875             -0.09375                    0     0
             -0.15625             -0.09375                    0     0
              -0.1875             -0.09375                    0     0
             -0.15625              -0.0625                    0     0
              -0.4375             -0.21875                    0     0
               -0.375              -0.1875                    0     0
               -0.375             -0.15625                    0     0
             -0.40625              -0.1875                    0     0
             -0.40625             -0.21875                    0     0
               -0.375             -0.21875                    0     0
             -0.28125              -0.0625                    0     0
              -0.3125               -0.125                    0     0
             -0.28125               -0.125                    0     0
             -0.28125             -0.09375                    0     0
              -0.3125             -0.09375                    0     0
             -0.34375               -0.125                    0     0
             -0.28125             -0.21875                    0     0
              -0.3125              -0.1875                    0     0
             -0.34375             -0.21875                    0     0
              -0.3125             -0.21875                    0     0
             -0.28125              -0.1875                    0     0
             -0.28125             -0.15625                    0     0
             -0.34375             -0.15625                    0     0
              -0.3125             -0.15625                    0     0
             -0.34375              -0.1875                    0     0
                 -0.5                  0.5                    0     0
              -0.4375                  0.5                    0     0
                 -0.5               0.4375                    0     0
             -0.46875                  0.5                    0     0
             -0.46875              0.46875                    0     0
                 -0.5              0.46875                    0     0
               -0.375                  0.5                    0     0
              -0.4375               0.4375                    0     0
             -0.40625              0.46875                    0     0
              -0.4375              0.46875                    0     0
             -0.40625                  0.5                    0     0
                 -0.5                0.375                    0     0
                 -0.5              0.40625                    0     0
             -0.46875               0.4375                    0     0
             -0.46875              0.40625                    0     0
                -0.25                  0.5                    0     0
              -0.3125               0.4375                    0     0
              -0.3125                  0.5                    0     0
             -0.28125              0.46875                    0     0
              -0.3125              0.46875                    0     0
             -0.28125                  0.5                    0     0
               -0.375                0.375                    0     0
               -0.375               0.4375                    0     0
               -0.375              0.40625                    0     0
             -0.34375               0.4375                    0     0
             -0.34375              0.40625                    0     0
             -0.34375                  0.5                    0     0
             -0.34375              0.46875                    0     0
               -0.375              0.46875                    0     0
                 -0.5                 0.25                    0     0
                 -0.5               0.3125                    0     0
              -0.4375               0.3125                    0     0
                 -0.5              0.28125                    0     0
             -0.46875               0.3125                    0     0
             -0.46875              0.28125                    0     0
              -0.4375                0.375                    0     0
             -0.46875                0.375                    0     0
             -0.46875              0.34375                    0     0
                 -0.5              0.34375                    0     0
             -0.40625              0.34375                    0     0
              -0.4375              0.34375                    0     0
             -0.40625                0.375                    0     0
             -0.40625               0.4375                    0     0
             -0.40625              0.40625                    0     0
              -0.4375              0.40625                    0     0
                    0                  0.5                    0     0
              -0.0625               0.4375                    0     0
              -0.0625                  0.5                    0     0
             -0.03125              0.46875                    0     0
              -0.0625              0.46875                    0     0
             -0.03125                  0.5                    0     0
               -0.125                0.375                    0     0
               -0.125               0.4375                    0     0
               -0.125              0.40625                    0     0
             -0.09375               0.4375                    0     0
             -0.09375              0.40625                    0     0
               -0.125                  0.5                    0     0
             -0.09375                  0.5                    0     0
             -0.09375              0.46875                    0     0
               -0.125              0.46875                    0     0
                -0.25                 0.25                    0     0
                -0.25               0.3125                    0     0
              -0.1875               0.3125                    0     0
                -0.25              0.28125                    0     0
             -0.21875               0.3125                    0     0
             -0.21875              0.28125                    0     0
                -0.25                0.375                    0     0
              -0.1875                0.375                    0     0
             -0.21875                0.375                    0     0
             -0.21875              0.34375                    0     0
                -0.25              0.34375                    0     0
             -0.15625              0.34375                    0     0
              -0.1875              0.34375                    0     0
             -0.15625                0.375                    0     0
              -0.1875                  0.5                    0     0
                -0.25               0.4375                    0     0
             -0.21875                  0.5                    0     0
             -0.21875              0.46875                    0     0
                -0.25              0.46875                    0     0
              -0.1875               0.4375                    0     0
             -0.15625              0.46875                    0     0
              -0.1875              0.46875                    0     0
             -0.15625                  0.5                    0     0
                -0.25              0.40625                    0     0
             -0.21875               0.4375                    0     0
             -0.21875              0.40625                    0     0
             -0.15625              0.40625                    0     0
              -0.1875              0.40625                    0     0
             -0.15625               0.4375                    0     0
                 -0.5               0.0625                    0     0
              -0.4375               0.0625                    0     0
                 -0.5              0.03125                    0     0
             -0.46875               0.0625                    0     0
             -0.46875              0.03125                    0     0
                 -0.5                0.125                    0     0
              -0.4375                0.125                    0     0
             -0.46875                0.125                    0     0
             -0.46875              0.09375                    0     0
                 -0.5              0.09375                    0     0
               -0.375                0.125                    0     0
             -0.40625              0.09375                    0     0
              -0.4375              0.09375                    0     0
             -0.40625                0.125                    0     0
              -0.4375                 0.25                    0     0
                 -0.5               0.1875                    0     0
             -0.46875                 0.25                    0     0
             -0.46875              0.21875                    0     0
                 -0.5              0.21875                    0     0
               -0.375                 0.25                    0     0
              -0.4375               0.1875                    0     0
             -0.40625              0.21875                    0     0
              -0.4375              0.21875                    0     0
             -0.40625                 0.25                    0     0
                 -0.5              0.15625                    0     0
             -0.46875               0.1875                    0     0
             -0.46875              0.15625                    0     0
              -0.3125               0.1875                    0     0
              -0.3125                 0.25                    0     0
             -0.28125              0.21875                    0     0
              -0.3125              0.21875                    0     0
             -0.28125                 0.25                    0     0
               -0.375               0.1875                    0     0
               -0.375              0.15625                    0     0
             -0.34375               0.1875                    0     0
             -0.34375              0.15625                    0     0
             -0.34375                 0.25                    0     0
             -0.34375              0.21875                    0     0
               -0.375              0.21875                    0     0
              -0.4375              0.15625                    0     0
             -0.40625               0.1875                    0     0
             -0.40625              0.15625                    0     0
             -0.28125               0.4375                    0     0
              -0.3125                0.375                    0     0
             -0.28125                0.375                    0     0
             -0.28125              0.40625                    0     0
              -0.3125              0.40625                    0     0
             -0.34375                0.375                    0     0
             -0.28125              0.28125                    0     0
              -0.3125               0.3125                    0     0
             -0.34375              0.28125                    0     0
              -0.3125              0.28125                    0     0
             -0.28125               0.3125                    0     0
             -0.28125              0.34375                    0     0
              -0.4375              0.28125                    0     0
               -0.375               0.3125                    0     0
               -0.375              0.34375                    0     0
             -0.40625               0.3125                    0     0
             -0.40625              0.28125                    0     0
               -0.375              0.28125                    0     0
              -0.3125              0.34375                    0     0
             -0.34375               0.3125                    0     0
             -0.34375              0.34375                    0     0
               0.4375                  0.5                    0     0
               0.4375              0.46875                    0     0
              0.46875                  0.5                    0     0
                0.375               0.4375                    0     0
                0.375              0.40625                    0     0
              0.40625               0.4375                    0     0
                0.375                  0.5                    0     0
              0.40625                  0.5                    0     0
              0.40625              0.46875                    0     0
                0.375              0.46875                    0     0
                 0.25               0.3125                    0     0
                 0.25              0.28125                    0     0
              0.28125               0.3125                    0     0
                 0.25                0.375                    0     0
               0.3125                0.375                    0     0
              0.28125                0.375                    0     0
              0.28125              0.34375                    0     0
                 0.25              0.34375                    0     0
               0.3125              0.34375                    0     0
              0.34375                0.375                    0     0
                 0.25                  0.5                    0     0
               0.3125                  0.5                    0     0
                 0.25               0.4375                    0     0
              0.28125                  0.5                    0     0
              0.28125              0.46875                    0     0
                 0.25              0.46875                    0     0
               0.3125               0.4375                    0     0
              0.34375              0.46875                    0     0
               0.3125              0.46875                    0     0
              0.34375                  0.5                    0     0
                 0.25              0.40625                    0     0
              0.28125               0.4375                    0     0
              0.28125              0.40625                    0     0
              0.34375              0.40625                    0     0
               0.3125              0.40625                    0     0
              0.34375               0.4375                    0     0
                    0               0.0625                    0     0
                    0              0.03125                    0     0
              0.03125               0.0625                    0     0
                    0                0.125                    0     0
               0.0625                0.125                    0     0
              0.03125                0.125                    0     0
              0.03125              0.09375                    0     0
                    0              0.09375                    0     0
               0.0625              0.09375                    0     0
              0.09375                0.125                    0     0
                    0                 0.25                    0     0
               0.0625                 0.25                    0     0
                    0               0.1875                    0     0
              0.03125                 0.25                    0     0
              0.03125              0.21875                    0     0
                    0              0.21875                    0     0
                0.125                 0.25                    0     0
               0.0625               0.1875                    0     0
              0.09375              0.21875                    0     0
               0.0625              0.21875                    0     0
              0.09375                 0.25                    0     0
                    0              0.15625                    0     0
              0.03125               0.1875                    0     0
              0.03125              0.15625                    0     0
               0.1875                 0.25                    0     0
               0.1875              0.21875                    0     0
              0.21875                 0.25                    0     0
                0.125               0.1875                    0     0
                0.125              0.15625                    0     0
              0.15625               0.1875                    0     0
              0.15625                 0.25                    0     0
              0.15625              0.21875                    0     0
                0.125              0.21875                    0     0
               0.0625              0.15625                    0     0
              0.09375               0.1875                    0     0
              0.09375              0.15625                    0     0
               0.0625                  0.5                    0     0
                    0               0.4375                    0     0
              0.03125                  0.5                    0     0
              0.03125              0.46875                    0     0
                    0              0.46875                    0     0
                0.125                  0.5                    0     0
               0.0625               0.4375                    0     0
              0.09375              0.46875                    0     0
               0.0625              0.46875                    0     0
              0.09375                  0.5                    0     0
                    0                0.375                    0     0
                    0              0.40625                    0     0
              0.03125               0.4375                    0     0
              0.03125              0.40625                    0     0
               0.1875               0.4375                    0     0
               0.1875                  0.5                    0     0
              0.21875              0.46875                    0     0
               0.1875              0.46875                    0     0
              0.21875                  0.5                    0     0
                0.125                0.375                    0     0
                0.125               0.4375                    0     0
                0.125              0.40625                    0     0
              0.15625               0.4375                    0     0
              0.15625              0.40625                    0     0
              0.15625                  0.5                    0     0
              0.15625              0.46875                    0     0
                0.125              0.46875                    0     0
                    0               0.3125                    0     0
               0.0625               0.3125                    0     0
                    0              0.28125                    0     0
              0.03125               0.3125                    0     0
              0.03125              0.28125                    0     0
               0.0625                0.375                    0     0
              0.03125                0.375                    0     0
              0.03125              0.34375                    0     0
                    0              0.34375                    0     0
              0.09375              0.34375                    0     0
               0.0625              0.34375                    0     0
              0.09375                0.375                    0     0
              0.09375               0.4375                    0     0
              0.09375              0.40625                    0     0
               0.0625              0.40625                    0     0
              0.21875              0.28125                    0     0
               0.1875               0.3125                    0     0
              0.15625              0.28125                    0     0
               0.1875              0.28125                    0     0
              0.21875               0.3125                    0     0
              0.21875              0.34375                    0     0
               0.0625              0.28125                    0     0
                0.125               0.3125                    0     0
                0.125              0.34375                    0     0
              0.09375               0.3125                    0     0
              0.09375              0.28125                    0     0
                0.125              0.28125                    0     0
              0.21875               0.4375                    0     0
               0.1875                0.375                    0     0
              0.21875                0.375                    0     0
              0.21875              0.40625                    0     0
               0.1875              0.40625                    0     0
              0.15625                0.375                    0     0
              0.15625               0.3125                    0     0
              0.15625              0.34375                    0     0
               0.1875              0.34375                    0     0
              -0.4375              0.03125                    0     0
               -0.375               0.0625                    0     0
               -0.375              0.09375                    0     0
             -0.40625               0.0625                    0     0
             -0.40625              0.03125                    0     0
               -0.375              0.03125                    0     0
                -0.25               0.1875                    0     0
                -0.25              0.21875                    0     0
             -0.28125               0.1875                    0     0
                -0.25                0.125                    0     0
              -0.3125                0.125                    0     0
             -0.28125                0.125                    0     0
             -0.28125              0.15625                    0     0
                -0.25              0.15625                    0     0
              -0.3125              0.15625                    0     0
             -0.34375                0.125                    0     0
                -0.25               0.0625                    0     0
             -0.28125              0.03125                    0     0
                -0.25              0.03125                    0     0
              -0.3125               0.0625                    0     0
             -0.34375              0.03125                    0     0
              -0.3125              0.03125                    0     0
                -0.25              0.09375                    0     0
             -0.28125               0.0625                    0     0
             -0.28125              0.09375                    0     0
             -0.34375              0.09375                    0     0
              -0.3125              0.09375                    0     0
             -0.34375               0.0625                    0     0
             -0.03125               0.4375                    0     0
              -0.0625                0.375                    0     0
             -0.03125                0.375                    0     0
             -0.03125              0.40625                    0     0
              -0.0625              0.40625                    0     0
             -0.09375                0.375                    0     0
              -0.0625                 0.25                    0     0
             -0.03125                 0.25                    0     0
             -0.03125              0.28125                    0     0
               -0.125                 0.25                    0     0
              -0.0625               0.3125                    0     0
             -0.09375              0.28125                    0     0
              -0.0625              0.28125                    0     0
             -0.09375                 0.25                    0     0
             -0.03125               0.3125                    0     0
             -0.03125              0.34375                    0     0
              -0.1875                 0.25                    0     0
              -0.1875              0.28125                    0     0
             -0.21875                 0.25                    0     0
               -0.125               0.3125                    0     0
               -0.125              0.34375                    0     0
             -0.15625               0.3125                    0     0
             -0.15625                 0.25                    0     0
             -0.15625              0.28125                    0     0
               -0.125              0.28125                    0     0
              -0.0625              0.34375                    0     0
             -0.09375               0.3125                    0     0
             -0.09375              0.34375                    0     0
             -0.03125              0.03125                    0     0
              -0.0625               0.0625                    0     0
             -0.09375              0.03125                    0     0
              -0.0625              0.03125                    0     0
             -0.03125               0.0625                    0     0
             -0.03125              0.09375                    0     0
              -0.1875               0.0625                    0     0
             -0.21875              0.03125                    0     0
              -0.1875              0.03125                    0     0
               -0.125                0.125                    0     0
               -0.125               0.0625                    0     0
               -0.125              0.09375                    0     0
             -0.15625               0.0625                    0     0
             -0.15625              0.09375                    0     0
             -0.15625              0.03125                    0     0
               -0.125              0.03125                    0     0
              -0.0625               0.1875                    0     0
             -0.03125               0.1875                    0     0
             -0.03125              0.21875                    0     0
              -0.0625                0.125                    0     0
             -0.03125                0.125                    0     0
             -0.03125              0.15625                    0     0
             -0.09375              0.15625                    0     0
              -0.0625              0.15625                    0     0
             -0.09375                0.125                    0     0
             -0.09375               0.0625                    0     0
             -0.09375              0.09375                    0     0
              -0.0625              0.09375                    0     0
             -0.21875              0.21875                    0     0
              -0.1875               0.1875                    0     0
             -0.15625              0.21875                    0     0
              -0.1875              0.21875                    0     0
             -0.21875               0.1875                    0     0
             -0.21875              0.15625                    0     0
              -0.0625              0.21875                    0     0
               -0.125               0.1875                    0     0
               -0.125              0.15625                    0     0
             -0.09375               0.1875                    0     0
             -0.09375              0.21875                    0     0
               -0.125              0.21875                    0     0
             -0.21875               0.0625                    0     0
              -0.1875                0.125                    0     0
             -0.21875                0.125                    0     0
             -0.21875              0.09375                    0     0
              -0.1875              0.09375                    0     0
             -0.15625                0.125                    0     0
             -0.15625               0.1875                    0     0
             -0.15625              0.15625                    0     0
              -0.1875              0.15625                    0     0
              -0.4375                 -0.5               0.0625     0
                 -0.5                 -0.5               0.0625     0
             -0.46875                 -0.5              0.03125     0
             -0.46875                 -0.5               0.0625     0
                 -0.5                 -0.5              0.03125     0
               -0.375                 -0.5                0.125     0
              -0.4375                 -0.5                0.125     0
             -0.40625                 -0.5                0.125     0
              -0.4375                 -0.5              0.09375     0
             -0.40625                 -0.5              0.09375     0
                 -0.5                 -0.5                0.125     0
                 -0.5                 -0.5              0.09375     0
             -0.46875                 -0.5              0.09375     0
             -0.46875                 -0.5                0.125     0
                -0.25                 -0.5                 0.25     0
              -0.3125                 -0.5                 0.25     0
              -0.3125                 -0.5               0.1875     0
             -0.28125                 -0.5                 0.25     0
              -0.3125                 -0.5              0.21875     0
             -0.28125                 -0.5              0.21875     0
               -0.375                 -0.5                 0.25     0
               -0.375                 -0.5               0.1875     0
               -0.375                 -0.5              0.21875     0
             -0.34375                 -0.5              0.21875     0
             -0.34375                 -0.5                 0.25     0
             -0.34375                 -0.5              0.15625     0
             -0.34375                 -0.5               0.1875     0
               -0.375                 -0.5              0.15625     0
                 -0.5                 -0.5                 0.25     0
                 -0.5                 -0.5               0.1875     0
              -0.4375                 -0.5                 0.25     0
                 -0.5                 -0.5              0.21875     0
             -0.46875                 -0.5              0.21875     0
             -0.46875                 -0.5                 0.25     0
              -0.4375                 -0.5               0.1875     0
             -0.46875                 -0.5              0.15625     0
             -0.46875                 -0.5               0.1875     0
                 -0.5                 -0.5              0.15625     0
             -0.40625                 -0.5                 0.25     0
              -0.4375                 -0.5              0.21875     0
             -0.40625                 -0.5              0.21875     0
             -0.40625                 -0.5              0.15625     0
             -0.40625                 -0.5               0.1875     0
              -0.4375                 -0.5              0.15625     0
                    0                 -0.5                  0.5     0
              -0.0625                 -0.5                  0.5     0
              -0.0625                 -0.5               0.4375     0
             -0.03125                 -0.5                  0.5     0
              -0.0625                 -0.5              0.46875     0
             -0.03125                 -0.5              0.46875     0
               -0.125                 -0.5                  0.5     0
               -0.125                 -0.5               0.4375     0
               -0.125                 -0.5              0.46875     0
             -0.09375                 -0.5              0.46875     0
             -0.09375                 -0.5                  0.5     0
               -0.125                 -0.5                0.375     0
             -0.09375                 -0.5              0.40625     0
             -0.09375                 -0.5               0.4375     0
               -0.125                 -0.5              0.40625     0
                -0.25                 -0.5                  0.5     0
                -0.25                 -0.5               0.4375     0
              -0.1875                 -0.5                  0.5     0
                -0.25                 -0.5              0.46875     0
             -0.21875                 -0.5              0.46875     0
             -0.21875                 -0.5                  0.5     0
                -0.25                 -0.5                0.375     0
              -0.1875                 -0.5               0.4375     0
             -0.21875                 -0.5              0.40625     0
             -0.21875                 -0.5               0.4375     0
                -0.25                 -0.5              0.40625     0
             -0.15625                 -0.5                  0.5     0
              -0.1875                 -0.5              0.46875     0
             -0.15625                 -0.5              0.46875     0
              -0.1875                 -0.5               0.3125     0
                -0.25                 -0.5               0.3125     0
             -0.21875                 -0.5              0.28125     0
             -0.21875                 -0.5               0.3125     0
                -0.25                 -0.5              0.28125     0
              -0.1875                 -0.5                0.375     0
             -0.15625                 -0.5                0.375     0
              -0.1875                 -0.5              0.34375     0
             -0.15625                 -0.5              0.34375     0
                -0.25                 -0.5              0.34375     0
             -0.21875                 -0.5              0.34375     0
             -0.21875                 -0.5                0.375     0
             -0.15625                 -0.5               0.4375     0
              -0.1875                 -0.5              0.40625     0
             -0.15625                 -0.5              0.40625     0
                 -0.5                 -0.5                  0.5     0
                 -0.5                 -0.5               0.4375     0
              -0.4375                 -0.5                  0.5     0
                 -0.5                 -0.5              0.46875     0
             -0.46875                 -0.5              0.46875     0
             -0.46875                 -0.5                  0.5     0
                 -0.5                 -0.5                0.375     0
              -0.4375                 -0.5               0.4375     0
             -0.46875                 -0.5              0.40625     0
             -0.46875                 -0.5               0.4375     0
                 -0.5                 -0.5              0.40625     0
               -0.375                 -0.5                  0.5     0
             -0.40625                 -0.5                  0.5     0
              -0.4375                 -0.5              0.46875     0
             -0.40625                 -0.5              0.46875     0
              -0.4375                 -0.5               0.3125     0
                 -0.5                 -0.5               0.3125     0
             -0.46875                 -0.5              0.28125     0
             -0.46875                 -0.5               0.3125     0
                 -0.5                 -0.5              0.28125     0
               -0.375                 -0.5                0.375     0
              -0.4375                 -0.5                0.375     0
             -0.40625                 -0.5                0.375     0
              -0.4375                 -0.5              0.34375     0
             -0.40625                 -0.5              0.34375     0
                 -0.5                 -0.5              0.34375     0
             -0.46875                 -0.5              0.34375     0
             -0.46875                 -0.5                0.375     0
              -0.3125                 -0.5                  0.5     0
              -0.3125                 -0.5               0.4375     0
             -0.28125                 -0.5                  0.5     0
              -0.3125                 -0.5              0.46875     0
             -0.28125                 -0.5              0.46875     0
               -0.375                 -0.5               0.4375     0
               -0.375                 -0.5              0.46875     0
             -0.34375                 -0.5              0.46875     0
             -0.34375                 -0.5                  0.5     0
             -0.34375                 -0.5              0.40625     0
             -0.34375                 -0.5               0.4375     0
               -0.375                 -0.5              0.40625     0
              -0.4375                 -0.5              0.40625     0
             -0.40625                 -0.5              0.40625     0
             -0.40625                 -0.5               0.4375     0
             -0.28125                 -0.5              0.28125     0
              -0.3125                 -0.5               0.3125     0
             -0.28125                 -0.5              0.34375     0
             -0.28125                 -0.5               0.3125     0
              -0.3125                 -0.5              0.28125     0
             -0.34375                 -0.5              0.28125     0
             -0.28125                 -0.5               0.4375     0
              -0.3125                 -0.5                0.375     0
             -0.34375                 -0.5                0.375     0
              -0.3125                 -0.5              0.40625     0
             -0.28125                 -0.5              0.40625     0
             -0.28125                 -0.5                0.375     0
              -0.4375                 -0.5              0.28125     0
               -0.375                 -0.5               0.3125     0
               -0.375                 -0.5              0.28125     0
             -0.40625                 -0.5              0.28125     0
             -0.40625                 -0.5               0.3125     0
               -0.375                 -0.5              0.34375     0
              -0.3125                 -0.5              0.34375     0
             -0.34375                 -0.5              0.34375     0
             -0.34375                 -0.5               0.3125     0
                  0.5                 -0.5                    1     0
               0.4375                 -0.5                    1     0
               0.4375                 -0.5               0.9375     0
              0.46875                 -0.5                    1     0
               0.4375                 -0.5              0.96875     0
              0.46875                 -0.5              0.96875     0
                0.375                 -0.5                    1     0
                0.375                 -0.5               0.9375     0
                0.375                 -0.5              0.96875     0
              0.40625                 -0.5              0.96875     0
              0.40625                 -0.5                    1     0
                0.375                 -0.5                0.875     0
              0.40625                 -0.5              0.90625     0
              0.40625                 -0.5               0.9375     0
                0.375                 -0.5              0.90625     0
                 0.25                 -0.5                    1     0
                 0.25                 -0.5               0.9375     0
               0.3125                 -0.5                    1     0
                 0.25                 -0.5              0.96875     0
              0.28125                 -0.5              0.96875     0
              0.28125                 -0.5                    1     0
                 0.25                 -0.5                0.875     0
               0.3125                 -0.5               0.9375     0
              0.28125                 -0.5              0.90625     0
              0.28125                 -0.5               0.9375     0
                 0.25                 -0.5              0.90625     0
              0.34375                 -0.5                    1     0
               0.3125                 -0.5              0.96875     0
              0.34375                 -0.5              0.96875     0
                 0.25                 -0.5                 0.75     0
               0.3125                 -0.5               0.8125     0
                 0.25                 -0.5               0.8125     0
              0.28125                 -0.5              0.78125     0
              0.28125                 -0.5               0.8125     0
                 0.25                 -0.5              0.78125     0
               0.3125                 -0.5                0.875     0
              0.34375                 -0.5                0.875     0
               0.3125                 -0.5              0.84375     0
              0.34375                 -0.5              0.84375     0
                 0.25                 -0.5              0.84375     0
              0.28125                 -0.5              0.84375     0
              0.28125                 -0.5                0.875     0
              0.34375                 -0.5               0.9375     0
               0.3125                 -0.5              0.90625     0
              0.34375                 -0.5              0.90625     0
                    0                 -0.5                    1     0
                    0                 -0.5               0.9375     0
               0.0625                 -0.5                    1     0
                    0                 -0.5              0.96875     0
              0.03125                 -0.5              0.96875     0
              0.03125                 -0.5                    1     0
                    0                 -0.5                0.875     0
               0.0625                 -0.5               0.9375     0
              0.03125                 -0.5              0.90625     0
              0.03125                 -0.5               0.9375     0
                    0                 -0.5              0.90625     0
                0.125                 -0.5                    1     0
              0.09375                 -0.5                    1     0
               0.0625                 -0.5              0.96875     0
              0.09375                 -0.5              0.96875     0
                    0                 -0.5                 0.75     0
               0.0625                 -0.5               0.8125     0
                    0                 -0.5               0.8125     0
              0.03125                 -0.5              0.78125     0
              0.03125                 -0.5               0.8125     0
                    0                 -0.5              0.78125     0
                0.125                 -0.5                0.875     0
               0.0625                 -0.5                0.875     0
              0.09375                 -0.5                0.875     0
               0.0625                 -0.5              0.84375     0
              0.09375                 -0.5              0.84375     0
                    0                 -0.5              0.84375     0
              0.03125                 -0.5              0.84375     0
              0.03125                 -0.5                0.875     0
               0.1875                 -0.5                    1     0
               0.1875                 -0.5               0.9375     0
              0.21875                 -0.5                    1     0
               0.1875                 -0.5              0.96875     0
              0.21875                 -0.5              0.96875     0
                0.125                 -0.5               0.9375     0
                0.125                 -0.5              0.96875     0
              0.15625                 -0.5              0.96875     0
              0.15625                 -0.5                    1     0
              0.15625                 -0.5              0.90625     0
              0.15625                 -0.5               0.9375     0
                0.125                 -0.5              0.90625     0
               0.0625                 -0.5              0.90625     0
              0.09375                 -0.5              0.90625     0
              0.09375                 -0.5               0.9375     0
               0.0625                 -0.5               0.5625     0
                    0                 -0.5               0.5625     0
              0.03125                 -0.5              0.53125     0
              0.03125                 -0.5               0.5625     0
                    0                 -0.5              0.53125     0
                0.125                 -0.5                0.625     0
               0.0625                 -0.5                0.625     0
              0.09375                 -0.5                0.625     0
               0.0625                 -0.5              0.59375     0
              0.09375                 -0.5              0.59375     0
                    0                 -0.5                0.625     0
                    0                 -0.5              0.59375     0
              0.03125                 -0.5              0.59375     0
              0.03125                 -0.5                0.625     0
               0.1875                 -0.5                 0.75     0
               0.1875                 -0.5               0.6875     0
              0.21875                 -0.5                 0.75     0
               0.1875                 -0.5              0.71875     0
              0.21875                 -0.5              0.71875     0
                0.125                 -0.5                 0.75     0
                0.125                 -0.5               0.6875     0
                0.125                 -0.5              0.71875     0
              0.15625                 -0.5              0.71875     0
              0.15625                 -0.5                 0.75     0
              0.15625                 -0.5              0.65625     0
              0.15625                 -0.5               0.6875     0
                0.125                 -0.5              0.65625     0
                    0                 -0.5               0.6875     0
               0.0625                 -0.5                 0.75     0
                    0                 -0.5              0.71875     0
              0.03125                 -0.5              0.71875     0
              0.03125                 -0.5                 0.75     0
               0.0625                 -0.5               0.6875     0
              0.03125                 -0.5              0.65625     0
              0.03125                 -0.5               0.6875     0
                    0                 -0.5              0.65625     0
              0.09375                 -0.5                 0.75     0
               0.0625                 -0.5              0.71875     0
              0.09375                 -0.5              0.71875     0
              0.09375                 -0.5              0.65625     0
              0.09375                 -0.5               0.6875     0
               0.0625                 -0.5              0.65625     0
              0.21875                 -0.5               0.9375     0
               0.1875                 -0.5                0.875     0
              0.15625                 -0.5                0.875     0
               0.1875                 -0.5              0.90625     0
              0.21875                 -0.5              0.90625     0
              0.21875                 -0.5                0.875     0
               0.0625                 -0.5              0.78125     0
                0.125                 -0.5               0.8125     0
                0.125                 -0.5              0.78125     0
              0.09375                 -0.5              0.78125     0
              0.09375                 -0.5               0.8125     0
                0.125                 -0.5              0.84375     0
              0.21875                 -0.5              0.78125     0
               0.1875                 -0.5               0.8125     0
              0.21875                 -0.5              0.84375     0
              0.21875                 -0.5               0.8125     0
               0.1875                 -0.5              0.78125     0
              0.15625                 -0.5              0.78125     0
              0.15625                 -0.5              0.84375     0
              0.15625                 -0.5               0.8125     0
               0.1875                 -0.5              0.84375     0
                 -0.5                 -0.5                    1     0
                 -0.5                 -0.5               0.9375     0
              -0.4375                 -0.5                    1     0
                 -0.5                 -0.5              0.96875     0
             -0.46875                 -0.5              0.96875     0
             -0.46875                 -0.5                    1     0
                 -0.5                 -0.5                0.875     0
              -0.4375                 -0.5               0.9375     0
             -0.46875                 -0.5              0.90625     0
             -0.46875                 -0.5               0.9375     0
                 -0.5                 -0.5              0.90625     0
               -0.375                 -0.5                    1     0
             -0.40625                 -0.5                    1     0
              -0.4375                 -0.5              0.96875     0
             -0.40625                 -0.5              0.96875     0
                 -0.5                 -0.5                 0.75     0
              -0.4375                 -0.5               0.8125     0
                 -0.5                 -0.5               0.8125     0
             -0.46875                 -0.5              0.78125     0
             -0.46875                 -0.5               0.8125     0
                 -0.5                 -0.5              0.78125     0
               -0.375                 -0.5                0.875     0
              -0.4375                 -0.5                0.875     0
             -0.40625                 -0.5                0.875     0
              -0.4375                 -0.5              0.84375     0
             -0.40625                 -0.5              0.84375     0
                 -0.5                 -0.5              0.84375     0
             -0.46875                 -0.5              0.84375     0
             -0.46875                 -0.5                0.875     0
                -0.25                 -0.5                    1     0
              -0.3125                 -0.5                    1     0
              -0.3125                 -0.5               0.9375     0
             -0.28125                 -0.5                    1     0
              -0.3125                 -0.5              0.96875     0
             -0.28125                 -0.5              0.96875     0
               -0.375                 -0.5               0.9375     0
               -0.375                 -0.5              0.96875     0
             -0.34375                 -0.5              0.96875     0
             -0.34375                 -0.5                    1     0
             -0.34375                 -0.5              0.90625     0
             -0.34375                 -0.5               0.9375     0
               -0.375                 -0.5              0.90625     0
              -0.4375                 -0.5              0.90625     0
             -0.40625                 -0.5              0.90625     0
             -0.40625                 -0.5               0.9375     0
              -0.4375                 -0.5               0.5625     0
                 -0.5                 -0.5               0.5625     0
             -0.46875                 -0.5              0.53125     0
             -0.46875                 -0.5               0.5625     0
                 -0.5                 -0.5              0.53125     0
               -0.375                 -0.5                0.625     0
              -0.4375                 -0.5                0.625     0
             -0.40625                 -0.5                0.625     0
              -0.4375                 -0.5              0.59375     0
             -0.40625                 -0.5              0.59375     0
                 -0.5                 -0.5                0.625     0
                 -0.5                 -0.5              0.59375     0
             -0.46875                 -0.5              0.59375     0
             -0.46875                 -0.5                0.625     0
                -0.25                 -0.5                 0.75     0
              -0.3125                 -0.5                 0.75     0
              -0.3125                 -0.5               0.6875     0
             -0.28125                 -0.5                 0.75     0
              -0.3125                 -0.5              0.71875     0
             -0.28125                 -0.5              0.71875     0
               -0.375                 -0.5                 0.75     0
               -0.375                 -0.5               0.6875     0
               -0.375                 -0.5              0.71875     0
             -0.34375                 -0.5              0.71875     0
             -0.34375                 -0.5                 0.75     0
             -0.34375                 -0.5              0.65625     0
             -0.34375                 -0.5               0.6875     0
               -0.375                 -0.5              0.65625     0
                 -0.5                 -0.5               0.6875     0
              -0.4375                 -0.5                 0.75     0
                 -0.5                 -0.5              0.71875     0
             -0.46875                 -0.5              0.71875     0
             -0.46875                 -0.5                 0.75     0
              -0.4375                 -0.5               0.6875     0
             -0.46875                 -0.5              0.65625     0
             -0.46875                 -0.5               0.6875     0
                 -0.5                 -0.5              0.65625     0
             -0.40625                 -0.5                 0.75     0
              -0.4375                 -0.5              0.71875     0
             -0.40625                 -0.5              0.71875     0
             -0.40625                 -0.5              0.65625     0
             -0.40625                 -0.5               0.6875     0
              -0.4375                 -0.5              0.65625     0
              -0.0625                 -0.5                    1     0
              -0.0625                 -0.5               0.9375     0
             -0.03125                 -0.5                    1     0
              -0.0625                 -0.5              0.96875     0
             -0.03125                 -0.5              0.96875     0
               -0.125                 -0.5                    1     0
               -0.125                 -0.5               0.9375     0
               -0.125                 -0.5              0.96875     0
             -0.09375                 -0.5              0.96875     0
             -0.09375                 -0.5                    1     0
               -0.125                 -0.5                0.875     0
             -0.09375                 -0.5              0.90625     0
             -0.09375                 -0.5               0.9375     0
               -0.125                 -0.5              0.90625     0
                -0.25                 -0.5               0.9375     0
              -0.1875                 -0.5                    1     0
                -0.25                 -0.5              0.96875     0
             -0.21875                 -0.5              0.96875     0
             -0.21875                 -0.5                    1     0
                -0.25                 -0.5                0.875     0
              -0.1875                 -0.5               0.9375     0
             -0.21875                 -0.5              0.90625     0
             -0.21875                 -0.5               0.9375     0
                -0.25                 -0.5              0.90625     0
             -0.15625                 -0.5                    1     0
              -0.1875                 -0.5              0.96875     0
             -0.15625                 -0.5              0.96875     0
              -0.1875                 -0.5               0.8125     0
                -0.25                 -0.5               0.8125     0
             -0.21875                 -0.5              0.78125     0
             -0.21875                 -0.5               0.8125     0
                -0.25                 -0.5              0.78125     0
              -0.1875                 -0.5                0.875     0
             -0.15625                 -0.5                0.875     0
              -0.1875                 -0.5              0.84375     0
             -0.15625                 -0.5              0.84375     0
                -0.25                 -0.5              0.84375     0
             -0.21875                 -0.5              0.84375     0
             -0.21875                 -0.5                0.875     0
             -0.15625                 -0.5               0.9375     0
              -0.1875                 -0.5              0.90625     0
             -0.15625                 -0.5              0.90625     0
              -0.4375                 -0.5              0.78125     0
               -0.375                 -0.5               0.8125     0
               -0.375                 -0.5              0.78125     0
             -0.40625                 -0.5              0.78125     0
             -0.40625                 -0.5               0.8125     0
               -0.375                 -0.5              0.84375     0
             -0.28125                 -0.5              0.78125     0
              -0.3125                 -0.5               0.8125     0
             -0.28125                 -0.5              0.84375     0
             -0.28125                 -0.5               0.8125     0
              -0.3125                 -0.5              0.78125     0
             -0.34375                 -0.5              0.78125     0
             -0.28125                 -0.5               0.9375     0
              -0.3125                 -0.5                0.875     0
             -0.34375                 -0.5                0.875     0
              -0.3125                 -0.5              0.90625     0
             -0.28125                 -0.5              0.90625     0
             -0.28125                 -0.5                0.875     0
             -0.34375                 -0.5               0.8125     0
              -0.3125                 -0.5              0.84375     0
             -0.34375                 -0.5              0.84375     0
             -0.03125                 -0.5              0.53125     0
              -0.0625                 -0.5               0.5625     0
             -0.03125                 -0.5              0.59375     0
             -0.03125                 -0.5               0.5625     0
              -0.0625                 -0.5              0.53125     0
             -0.09375                 -0.5              0.53125     0
              -0.0625                 -0.5               0.6875     0
             -0.03125                 -0.5              0.71875     0
             -0.03125                 -0.5               0.6875     0
               -0.125                 -0.5                0.625     0
              -0.0625                 -0.5                0.625     0
             -0.09375                 -0.5                0.625     0
              -0.0625                 -0.5              0.65625     0
             -0.09375                 -0.5              0.65625     0
             -0.03125                 -0.5              0.65625     0
             -0.03125                 -0.5                0.625     0
              -0.1875                 -0.5               0.5625     0
              -0.1875                 -0.5              0.53125     0
             -0.21875                 -0.5              0.53125     0
               -0.125                 -0.5               0.5625     0
               -0.125                 -0.5              0.53125     0
             -0.15625                 -0.5              0.53125     0
             -0.15625                 -0.5              0.59375     0
             -0.15625                 -0.5               0.5625     0
               -0.125                 -0.5              0.59375     0
              -0.0625                 -0.5              0.59375     0
             -0.09375                 -0.5              0.59375     0
             -0.09375                 -0.5               0.5625     0
             -0.03125                 -0.5               0.9375     0
              -0.0625                 -0.5                0.875     0
             -0.09375                 -0.5                0.875     0
              -0.0625                 -0.5              0.90625     0
             -0.03125                 -0.5              0.90625     0
             -0.03125                 -0.5                0.875     0
              -0.1875                 -0.5                 0.75     0
             -0.21875                 -0.5                 0.75     0
              -0.1875                 -0.5              0.78125     0
               -0.125                 -0.5                 0.75     0
               -0.125                 -0.5               0.8125     0
               -0.125                 -0.5              0.78125     0
             -0.15625                 -0.5              0.78125     0
             -0.15625                 -0.5                 0.75     0
             -0.15625                 -0.5               0.8125     0
               -0.125                 -0.5              0.84375     0
              -0.0625                 -0.5                 0.75     0
             -0.03125                 -0.5              0.78125     0
             -0.03125                 -0.5                 0.75     0
              -0.0625                 -0.5               0.8125     0
             -0.03125                 -0.5              0.84375     0
             -0.03125                 -0.5               0.8125     0
             -0.09375                 -0.5                 0.75     0
              -0.0625                 -0.5              0.78125     0
             -0.09375                 -0.5              0.78125     0
             -0.09375                 -0.5              0.84375     0
             -0.09375                 -0.5               0.8125     0
              -0.0625                 -0.5              0.84375     0
              -0.4375                 -0.5              0.53125     0
               -0.375                 -0.5               0.5625     0
               -0.375                 -0.5              0.53125     0
             -0.40625                 -0.5              0.53125     0
             -0.40625                 -0.5               0.5625     0
               -0.375                 -0.5              0.59375     0
                -0.25                 -0.5               0.5625     0
                -0.25                 -0.5              0.53125     0
             -0.28125                 -0.5              0.53125     0
                -0.25                 -0.5                0.625     0
              -0.3125                 -0.5               0.5625     0
             -0.28125                 -0.5              0.59375     0
             -0.28125                 -0.5               0.5625     0
                -0.25                 -0.5              0.59375     0
              -0.3125                 -0.5              0.53125     0
             -0.34375                 -0.5              0.53125     0
                -0.25                 -0.5               0.6875     0
             -0.28125                 -0.5               0.6875     0
                -0.25                 -0.5              0.71875     0
              -0.3125                 -0.5                0.625     0
             -0.34375                 -0.5                0.625     0
              -0.3125                 -0.5              0.65625     0
                -0.25                 -0.5              0.65625     0
             -0.28125                 -0.5              0.65625     0
             -0.28125                 -0.5                0.625     0
             -0.34375                 -0.5               0.5625     0
              -0.3125                 -0.5              0.59375     0
             -0.34375                 -0.5              0.59375     0
              -0.0625                 -0.5              0.71875     0
               -0.125                 -0.5               0.6875     0
               -0.125                 -0.5              0.71875     0
             -0.09375                 -0.5              0.71875     0
             -0.09375                 -0.5               0.6875     0
               -0.125                 -0.5              0.65625     0
             -0.21875                 -0.5              0.71875     0
              -0.1875                 -0.5               0.6875     0
             -0.21875                 -0.5              0.65625     0
             -0.21875                 -0.5               0.6875     0
              -0.1875                 -0.5              0.71875     0
             -0.15625                 -0.5              0.71875     0
             -0.21875                 -0.5               0.5625     0
              -0.1875                 -0.5                0.625     0
             -0.15625                 -0.5                0.625     0
              -0.1875                 -0.5              0.59375     0
             -0.21875                 -0.5              0.59375     0
             -0.21875                 -0.5                0.625     0
             -0.15625                 -0.5               0.6875     0
              -0.1875                 -0.5              0.65625     0
             -0.15625                 -0.5              0.65625     0
              -0.4375                 -0.5              0.03125     0
               -0.375                 -0.5               0.0625     0
               -0.375                 -0.5              0.03125     0
             -0.40625                 -0.5              0.03125     0
             -0.40625                 -0.5               0.0625     0
               -0.375                 -0.5              0.09375     0
                -0.25                 -0.5               0.0625     0
                -0.25                 -0.5              0.03125     0
             -0.28125                 -0.5              0.03125     0
                -0.25                 -0.5                0.125     0
              -0.3125                 -0.5               0.0625     0
             -0.28125                 -0.5              0.09375     0
             -0.28125                 -0.5               0.0625     0
                -0.25                 -0.5              0.09375     0
              -0.3125                 -0.5              0.03125     0
             -0.34375                 -0.5              0.03125     0
                -0.25                 -0.5               0.1875     0
             -0.28125                 -0.5               0.1875     0
                -0.25                 -0.5              0.21875     0
              -0.3125                 -0.5                0.125     0
             -0.34375                 -0.5                0.125     0
              -0.3125                 -0.5              0.15625     0
                -0.25                 -0.5              0.15625     0
             -0.28125                 -0.5              0.15625     0
             -0.28125                 -0.5                0.125     0
             -0.34375                 -0.5               0.0625     0
              -0.3125                 -0.5              0.09375     0
             -0.34375                 -0.5              0.09375     0
                    0                 -0.5               0.0625     0
                    0                 -0.5              0.03125     0
             -0.03125                 -0.5              0.03125     0
                    0                 -0.5                0.125     0
              -0.0625                 -0.5               0.0625     0
             -0.03125                 -0.5              0.09375     0
             -0.03125                 -0.5               0.0625     0
                    0                 -0.5              0.09375     0
              -0.0625                 -0.5              0.03125     0
             -0.09375                 -0.5              0.03125     0
                    0                 -0.5                 0.25     0
              -0.0625                 -0.5               0.1875     0
                    0                 -0.5               0.1875     0
             -0.03125                 -0.5              0.21875     0
             -0.03125                 -0.5               0.1875     0
                    0                 -0.5              0.21875     0
               -0.125                 -0.5                0.125     0
              -0.0625                 -0.5                0.125     0
             -0.09375                 -0.5                0.125     0
              -0.0625                 -0.5              0.15625     0
             -0.09375                 -0.5              0.15625     0
                    0                 -0.5              0.15625     0
             -0.03125                 -0.5              0.15625     0
             -0.03125                 -0.5                0.125     0
              -0.1875                 -0.5               0.0625     0
              -0.1875                 -0.5              0.03125     0
             -0.21875                 -0.5              0.03125     0
               -0.125                 -0.5               0.0625     0
               -0.125                 -0.5              0.03125     0
             -0.15625                 -0.5              0.03125     0
             -0.15625                 -0.5              0.09375     0
             -0.15625                 -0.5               0.0625     0
               -0.125                 -0.5              0.09375     0
              -0.0625                 -0.5              0.09375     0
             -0.09375                 -0.5              0.09375     0
             -0.09375                 -0.5               0.0625     0
                    0                 -0.5               0.4375     0
             -0.03125                 -0.5               0.4375     0
                    0                 -0.5              0.46875     0
              -0.0625                 -0.5                0.375     0
             -0.09375                 -0.5                0.375     0
              -0.0625                 -0.5              0.40625     0
                    0                 -0.5                0.375     0
                    0                 -0.5              0.40625     0
             -0.03125                 -0.5              0.40625     0
             -0.03125                 -0.5                0.375     0
              -0.1875                 -0.5                 0.25     0
             -0.21875                 -0.5                 0.25     0
              -0.1875                 -0.5              0.28125     0
               -0.125                 -0.5                 0.25     0
               -0.125                 -0.5               0.3125     0
               -0.125                 -0.5              0.28125     0
             -0.15625                 -0.5              0.28125     0
             -0.15625                 -0.5                 0.25     0
             -0.15625                 -0.5               0.3125     0
               -0.125                 -0.5              0.34375     0
                    0                 -0.5               0.3125     0
              -0.0625                 -0.5                 0.25     0
                    0                 -0.5              0.28125     0
             -0.03125                 -0.5              0.28125     0
             -0.03125                 -0.5                 0.25     0
              -0.0625                 -0.5               0.3125     0
             -0.03125                 -0.5              0.34375     0
             -0.03125                 -0.5               0.3125     0
                    0                 -0.5              0.34375     0
             -0.09375                 -0.5                 0.25     0
              -0.0625                 -0.5              0.28125     0
             -0.09375                 -0.5              0.28125     0
             -0.09375                 -0.5              0.34375     0
             -0.09375                 -0.5               0.3125     0
              -0.0625                 -0.5              0.34375     0
             -0.21875                 -0.5               0.0625     0
              -0.1875                 -0.5                0.125     0
             -0.15625                 -0.5                0.125     0
              -0.1875                 -0.5              0.09375     0
             -0.21875                 -0.5              0.09375     0
             -0.21875                 -0.5                0.125     0
              -0.0625                 -0.5              0.21875     0
               -0.125                 -0.5               0.1875     0
               -0.125                 -0.5              0.21875     0
             -0.09375                 -0.5              0.21875     0
             -0.09375                 -0.5               0.1875     0
               -0.125                 -0.5              0.15625     0
             -0.21875                 -0.5              0.21875     0
              -0.1875                 -0.5               0.1875     0
             -0.21875                 -0.5              0.15625     0
             -0.21875                 -0.5               0.1875     0
              -0.1875                 -0.5              0.21875     0
             -0.15625                 -0.5              0.21875     0
             -0.15625                 -0.5              0.15625     0
             -0.15625                 -0.5               0.1875     0
              -0.1875                 -0.5              0.15625     0
                  0.5                 -0.5               0.0625     0
                  0.5                 -0.5              0.03125     0
              0.46875                 -0.5              0.03125     0
                  0.5                 -0.5                0.125     0
               0.4375                 -0.5               0.0625     0
              0.46875                 -0.5              0.09375     0
              0.46875                 -0.5               0.0625     0
                  0.5                 -0.5              0.09375     0
               0.4375                 -0.5              0.03125     0
              0.40625                 -0.5              0.03125     0
                  0.5                 -0.5                 0.25     0
               0.4375                 -0.5               0.1875     0
                  0.5                 -0.5               0.1875     0
              0.46875                 -0.5              0.21875     0
              0.46875                 -0.5               0.1875     0
                  0.5                 -0.5              0.21875     0
                0.375                 -0.5                0.125     0
               0.4375                 -0.5                0.125     0
              0.40625                 -0.5                0.125     0
               0.4375                 -0.5              0.15625     0
              0.40625                 -0.5              0.15625     0
                  0.5                 -0.5              0.15625     0
              0.46875                 -0.5              0.15625     0
              0.46875                 -0.5                0.125     0
               0.3125                 -0.5               0.0625     0
               0.3125                 -0.5              0.03125     0
              0.28125                 -0.5              0.03125     0
                0.375                 -0.5               0.0625     0
                0.375                 -0.5              0.03125     0
              0.34375                 -0.5              0.03125     0
              0.34375                 -0.5              0.09375     0
              0.34375                 -0.5               0.0625     0
                0.375                 -0.5              0.09375     0
               0.4375                 -0.5              0.09375     0
              0.40625                 -0.5              0.09375     0
              0.40625                 -0.5               0.0625     0
                  0.5                 -0.5                  0.5     0
               0.4375                 -0.5               0.4375     0
                  0.5                 -0.5               0.4375     0
              0.46875                 -0.5              0.46875     0
              0.46875                 -0.5               0.4375     0
                  0.5                 -0.5              0.46875     0
                0.375                 -0.5                0.375     0
               0.4375                 -0.5                0.375     0
              0.40625                 -0.5                0.375     0
               0.4375                 -0.5              0.40625     0
              0.40625                 -0.5              0.40625     0
                  0.5                 -0.5                0.375     0
                  0.5                 -0.5              0.40625     0
              0.46875                 -0.5              0.40625     0
              0.46875                 -0.5                0.375     0
                 0.25                 -0.5                 0.25     0
               0.3125                 -0.5                 0.25     0
               0.3125                 -0.5               0.3125     0
              0.28125                 -0.5                 0.25     0
               0.3125                 -0.5              0.28125     0
              0.28125                 -0.5              0.28125     0
                0.375                 -0.5                 0.25     0
                0.375                 -0.5               0.3125     0
                0.375                 -0.5              0.28125     0
              0.34375                 -0.5              0.28125     0
              0.34375                 -0.5                 0.25     0
              0.34375                 -0.5              0.34375     0
              0.34375                 -0.5               0.3125     0
                0.375                 -0.5              0.34375     0
                  0.5                 -0.5               0.3125     0
               0.4375                 -0.5                 0.25     0
                  0.5                 -0.5              0.28125     0
              0.46875                 -0.5              0.28125     0
              0.46875                 -0.5                 0.25     0
               0.4375                 -0.5               0.3125     0
              0.46875                 -0.5              0.34375     0
              0.46875                 -0.5               0.3125     0
                  0.5                 -0.5              0.34375     0
              0.40625                 -0.5                 0.25     0
               0.4375                 -0.5              0.28125     0
              0.40625                 -0.5              0.28125     0
              0.40625                 -0.5              0.34375     0
              0.40625                 -0.5               0.3125     0
               0.4375                 -0.5              0.34375     0
               0.0625                 -0.5               0.0625     0
               0.0625                 -0.5              0.03125     0
              0.03125                 -0.5              0.03125     0
                0.125                 -0.5               0.0625     0
                0.125                 -0.5              0.03125     0
              0.09375                 -0.5              0.03125     0
                0.125                 -0.5                0.125     0
              0.09375                 -0.5              0.09375     0
              0.09375                 -0.5               0.0625     0
                0.125                 -0.5              0.09375     0
                 0.25                 -0.5               0.0625     0
                 0.25                 -0.5              0.03125     0
              0.21875                 -0.5              0.03125     0
                 0.25                 -0.5                0.125     0
               0.1875                 -0.5               0.0625     0
              0.21875                 -0.5              0.09375     0
              0.21875                 -0.5               0.0625     0
                 0.25                 -0.5              0.09375     0
               0.1875                 -0.5              0.03125     0
              0.15625                 -0.5              0.03125     0
               0.1875                 -0.5               0.1875     0
                 0.25                 -0.5               0.1875     0
              0.21875                 -0.5              0.21875     0
              0.21875                 -0.5               0.1875     0
                 0.25                 -0.5              0.21875     0
               0.1875                 -0.5                0.125     0
              0.15625                 -0.5                0.125     0
               0.1875                 -0.5              0.15625     0
              0.15625                 -0.5              0.15625     0
                 0.25                 -0.5              0.15625     0
              0.21875                 -0.5              0.15625     0
              0.21875                 -0.5                0.125     0
              0.15625                 -0.5               0.0625     0
               0.1875                 -0.5              0.09375     0
              0.15625                 -0.5              0.09375     0
               0.4375                 -0.5              0.21875     0
                0.375                 -0.5               0.1875     0
                0.375                 -0.5              0.21875     0
              0.40625                 -0.5              0.21875     0
              0.40625                 -0.5               0.1875     0
                0.375                 -0.5              0.15625     0
              0.28125                 -0.5              0.21875     0
               0.3125                 -0.5               0.1875     0
              0.28125                 -0.5              0.15625     0
              0.28125                 -0.5               0.1875     0
               0.3125                 -0.5              0.21875     0
              0.34375                 -0.5              0.21875     0
              0.28125                 -0.5               0.0625     0
               0.3125                 -0.5                0.125     0
              0.34375                 -0.5                0.125     0
               0.3125                 -0.5              0.09375     0
              0.28125                 -0.5              0.09375     0
              0.28125                 -0.5                0.125     0
              0.34375                 -0.5               0.1875     0
               0.3125                 -0.5              0.15625     0
              0.34375                 -0.5              0.15625     0
                  0.5                 -0.5               0.9375     0
              0.46875                 -0.5               0.9375     0
                  0.5                 -0.5              0.96875     0
               0.4375                 -0.5                0.875     0
              0.40625                 -0.5                0.875     0
               0.4375                 -0.5              0.90625     0
                  0.5                 -0.5                0.875     0
                  0.5                 -0.5              0.90625     0
              0.46875                 -0.5              0.90625     0
              0.46875                 -0.5                0.875     0
               0.3125                 -0.5                 0.75     0
              0.28125                 -0.5                 0.75     0
               0.3125                 -0.5              0.78125     0
                0.375                 -0.5                 0.75     0
                0.375                 -0.5               0.8125     0
                0.375                 -0.5              0.78125     0
              0.34375                 -0.5              0.78125     0
              0.34375                 -0.5                 0.75     0
              0.34375                 -0.5               0.8125     0
                0.375                 -0.5              0.84375     0
                  0.5                 -0.5                 0.75     0
                  0.5                 -0.5               0.8125     0
               0.4375                 -0.5                 0.75     0
                  0.5                 -0.5              0.78125     0
              0.46875                 -0.5              0.78125     0
              0.46875                 -0.5                 0.75     0
               0.4375                 -0.5               0.8125     0
              0.46875                 -0.5              0.84375     0
              0.46875                 -0.5               0.8125     0
                  0.5                 -0.5              0.84375     0
              0.40625                 -0.5                 0.75     0
               0.4375                 -0.5              0.78125     0
              0.40625                 -0.5              0.78125     0
              0.40625                 -0.5              0.84375     0
              0.40625                 -0.5               0.8125     0
               0.4375                 -0.5              0.84375     0
               0.0625                 -0.5                  0.5     0
              0.03125                 -0.5                  0.5     0
               0.0625                 -0.5              0.53125     0
                0.125                 -0.5                  0.5     0
                0.125                 -0.5               0.5625     0
                0.125                 -0.5              0.53125     0
              0.09375                 -0.5              0.53125     0
              0.09375                 -0.5                  0.5     0
              0.09375                 -0.5               0.5625     0
                0.125                 -0.5              0.59375     0
                 0.25                 -0.5                  0.5     0
                 0.25                 -0.5               0.5625     0
               0.1875                 -0.5                  0.5     0
                 0.25                 -0.5              0.53125     0
              0.21875                 -0.5              0.53125     0
              0.21875                 -0.5                  0.5     0
                 0.25                 -0.5                0.625     0
               0.1875                 -0.5               0.5625     0
              0.21875                 -0.5              0.59375     0
              0.21875                 -0.5               0.5625     0
                 0.25                 -0.5              0.59375     0
              0.15625                 -0.5                  0.5     0
               0.1875                 -0.5              0.53125     0
              0.15625                 -0.5              0.53125     0
                 0.25                 -0.5               0.6875     0
              0.21875                 -0.5               0.6875     0
                 0.25                 -0.5              0.71875     0
               0.1875                 -0.5                0.625     0
              0.15625                 -0.5                0.625     0
               0.1875                 -0.5              0.65625     0
                 0.25                 -0.5              0.65625     0
              0.21875                 -0.5              0.65625     0
              0.21875                 -0.5                0.625     0
              0.15625                 -0.5               0.5625     0
               0.1875                 -0.5              0.59375     0
              0.15625                 -0.5              0.59375     0
                  0.5                 -0.5               0.5625     0
               0.4375                 -0.5                  0.5     0
                  0.5                 -0.5              0.53125     0
              0.46875                 -0.5              0.53125     0
              0.46875                 -0.5                  0.5     0
                  0.5                 -0.5                0.625     0
               0.4375                 -0.5               0.5625     0
              0.46875                 -0.5              0.59375     0
              0.46875                 -0.5               0.5625     0
                  0.5                 -0.5              0.59375     0
                0.375                 -0.5                  0.5     0
              0.40625                 -0.5                  0.5     0
               0.4375                 -0.5              0.53125     0
              0.40625                 -0.5              0.53125     0
               0.4375                 -0.5               0.6875     0
                  0.5                 -0.5               0.6875     0
              0.46875                 -0.5              0.71875     0
              0.46875                 -0.5               0.6875     0
                  0.5                 -0.5              0.71875     0
                0.375                 -0.5                0.625     0
               0.4375                 -0.5                0.625     0
              0.40625                 -0.5                0.625     0
               0.4375                 -0.5              0.65625     0
              0.40625                 -0.5              0.65625     0
                  0.5                 -0.5              0.65625     0
              0.46875                 -0.5              0.65625     0
              0.46875                 -0.5                0.625     0
               0.3125                 -0.5                  0.5     0
               0.3125                 -0.5               0.5625     0
              0.28125                 -0.5                  0.5     0
               0.3125                 -0.5              0.53125     0
              0.28125                 -0.5              0.53125     0
                0.375                 -0.5               0.5625     0
                0.375                 -0.5              0.53125     0
              0.34375                 -0.5              0.53125     0
              0.34375                 -0.5                  0.5     0
              0.34375                 -0.5              0.59375     0
              0.34375                 -0.5               0.5625     0
                0.375                 -0.5              0.59375     0
               0.4375                 -0.5              0.59375     0
              0.40625                 -0.5              0.59375     0
              0.40625                 -0.5               0.5625     0
              0.28125                 -0.5              0.71875     0
               0.3125                 -0.5               0.6875     0
              0.28125                 -0.5              0.65625     0
              0.28125                 -0.5               0.6875     0
               0.3125                 -0.5              0.71875     0
              0.34375                 -0.5              0.71875     0
              0.28125                 -0.5               0.5625     0
               0.3125                 -0.5                0.625     0
              0.34375                 -0.5                0.625     0
               0.3125                 -0.5              0.59375     0
              0.28125                 -0.5              0.59375     0
              0.28125                 -0.5                0.625     0
               0.4375                 -0.5              0.71875     0
                0.375                 -0.5               0.6875     0
                0.375                 -0.5              0.71875     0
              0.40625                 -0.5              0.71875     0
              0.40625                 -0.5               0.6875     0
                0.375                 -0.5              0.65625     0
               0.3125                 -0.5              0.65625     0
              0.34375                 -0.5              0.65625     0
              0.34375                 -0.5               0.6875     0
              0.03125                 -0.5               0.0625     0
               0.0625                 -0.5                0.125     0
              0.09375                 -0.5                0.125     0
               0.0625                 -0.5              0.09375     0
              0.03125                 -0.5              0.09375     0
              0.03125                 -0.5                0.125     0
               0.1875                 -0.5                 0.25     0
              0.21875                 -0.5                 0.25     0
               0.1875                 -0.5              0.21875     0
                0.125                 -0.5                 0.25     0
                0.125                 -0.5               0.1875     0
                0.125                 -0.5              0.21875     0
              0.15625                 -0.5              0.21875     0
              0.15625                 -0.5                 0.25     0
              0.15625                 -0.5               0.1875     0
                0.125                 -0.5              0.15625     0
               0.0625                 -0.5                 0.25     0
              0.03125                 -0.5              0.21875     0
              0.03125                 -0.5                 0.25     0
               0.0625                 -0.5               0.1875     0
              0.03125                 -0.5              0.15625     0
              0.03125                 -0.5               0.1875     0
              0.09375                 -0.5                 0.25     0
               0.0625                 -0.5              0.21875     0
              0.09375                 -0.5              0.21875     0
              0.09375                 -0.5              0.15625     0
              0.09375                 -0.5               0.1875     0
               0.0625                 -0.5              0.15625     0
               0.4375                 -0.5              0.46875     0
                0.375                 -0.5               0.4375     0
                0.375                 -0.5              0.46875     0
              0.40625                 -0.5              0.46875     0
              0.40625                 -0.5               0.4375     0
                0.375                 -0.5              0.40625     0
                 0.25                 -0.5               0.4375     0
                 0.25                 -0.5              0.46875     0
              0.28125                 -0.5              0.46875     0
                 0.25                 -0.5                0.375     0
               0.3125                 -0.5               0.4375     0
              0.28125                 -0.5              0.40625     0
              0.28125                 -0.5               0.4375     0
                 0.25                 -0.5              0.40625     0
               0.3125                 -0.5              0.46875     0
              0.34375                 -0.5              0.46875     0
                 0.25                 -0.5               0.3125     0
              0.28125                 -0.5               0.3125     0
                 0.25                 -0.5              0.28125     0
               0.3125                 -0.5                0.375     0
              0.34375                 -0.5                0.375     0
               0.3125                 -0.5              0.34375     0
                 0.25                 -0.5              0.34375     0
              0.28125                 -0.5              0.34375     0
              0.28125                 -0.5                0.375     0
              0.34375                 -0.5               0.4375     0
               0.3125                 -0.5              0.40625     0
              0.34375                 -0.5              0.40625     0
              0.03125                 -0.5              0.46875     0
               0.0625                 -0.5               0.4375     0
              0.03125                 -0.5              0.40625     0
              0.03125                 -0.5               0.4375     0
               0.0625                 -0.5              0.46875     0
              0.09375                 -0.5              0.46875     0
               0.0625                 -0.5               0.3125     0
              0.03125                 -0.5              0.28125     0
              0.03125                 -0.5               0.3125     0
                0.125                 -0.5                0.375     0
               0.0625                 -0.5                0.375     0
              0.09375                 -0.5                0.375     0
               0.0625                 -0.5              0.34375     0
              0.09375                 -0.5              0.34375     0
              0.03125                 -0.5              0.34375     0
              0.03125                 -0.5                0.375     0
               0.1875                 -0.5               0.4375     0
               0.1875                 -0.5              0.46875     0
              0.21875                 -0.5              0.46875     0
                0.125                 -0.5               0.4375     0
                0.125                 -0.5              0.46875     0
              0.15625                 -0.5              0.46875     0
              0.15625                 -0.5              0.40625     0
              0.15625                 -0.5               0.4375     0
                0.125                 -0.5              0.40625     0
               0.0625                 -0.5              0.40625     0
              0.09375                 -0.5              0.40625     0
              0.09375                 -0.5               0.4375     0
              0.21875                 -0.5              0.28125     0
               0.1875                 -0.5               0.3125     0
              0.21875                 -0.5              0.34375     0
              0.21875                 -0.5               0.3125     0
               0.1875                 -0.5              0.28125     0
              0.15625                 -0.5              0.28125     0
              0.21875                 -0.5               0.4375     0
               0.1875                 -0.5                0.375     0
              0.15625                 -0.5                0.375     0
               0.1875                 -0.5              0.40625     0
              0.21875                 -0.5              0.40625     0
              0.21875                 -0.5                0.375     0
               0.0625                 -0.5              0.28125     0
                0.125                 -0.5               0.3125     0
                0.125                 -0.5              0.28125     0
              0.09375                 -0.5              0.28125     0
              0.09375                 -0.5               0.3125     0
                0.125                 -0.5              0.34375     0
               0.1875                 -0.5              0.34375     0
              0.15625                 -0.5              0.34375     0
              0.15625                 -0.5               0.3125     0
                  0.5             -0.46875              0.03125     0
                  0.5              -0.4375               0.0625     0
                  0.5             -0.40625              0.03125     0
                  0.5              -0.4375              0.03125     0
                  0.5             -0.46875               0.0625     0
                  0.5             -0.46875              0.09375     0
                  0.5              -0.3125               0.0625     0
                  0.5             -0.28125              0.03125     0
                  0.5              -0.3125              0.03125     0
                  0.5               -0.375                0.125     0
                  0.5               -0.375               0.0625     0
                  0.5               -0.375              0.09375     0
                  0.5             -0.34375               0.0625     0
                  0.5             -0.34375              0.09375     0
                  0.5             -0.34375              0.03125     0
                  0.5               -0.375              0.03125     0
                  0.5              -0.4375               0.1875     0
                  0.5             -0.46875               0.1875     0
                  0.5             -0.46875              0.21875     0
                  0.5              -0.4375                0.125     0
                  0.5             -0.46875                0.125     0
                  0.5             -0.46875              0.15625     0
                  0.5             -0.40625              0.15625     0
                  0.5              -0.4375              0.15625     0
                  0.5             -0.40625                0.125     0
                  0.5             -0.40625               0.0625     0
                  0.5             -0.40625              0.09375     0
                  0.5              -0.4375              0.09375     0
                  0.5              -0.0625               0.0625     0
                  0.5             -0.03125              0.03125     0
                  0.5              -0.0625              0.03125     0
                  0.5               -0.125                0.125     0
                  0.5               -0.125               0.0625     0
                  0.5               -0.125              0.09375     0
                  0.5             -0.09375               0.0625     0
                  0.5             -0.09375              0.09375     0
                  0.5             -0.09375              0.03125     0
                  0.5               -0.125              0.03125     0
                  0.5                -0.25                 0.25     0
                  0.5                -0.25               0.1875     0
                  0.5              -0.1875               0.1875     0
                  0.5                -0.25              0.21875     0
                  0.5             -0.21875               0.1875     0
                  0.5             -0.21875              0.21875     0
                  0.5                -0.25                0.125     0
                  0.5              -0.1875                0.125     0
                  0.5             -0.21875                0.125     0
                  0.5             -0.21875              0.15625     0
                  0.5                -0.25              0.15625     0
                  0.5             -0.15625              0.15625     0
                  0.5              -0.1875              0.15625     0
                  0.5             -0.15625                0.125     0
                  0.5                -0.25               0.0625     0
                  0.5             -0.21875              0.03125     0
                  0.5                -0.25              0.03125     0
                  0.5              -0.1875               0.0625     0
                  0.5             -0.15625              0.03125     0
                  0.5              -0.1875              0.03125     0
                  0.5                -0.25              0.09375     0
                  0.5             -0.21875               0.0625     0
                  0.5             -0.21875              0.09375     0
                  0.5             -0.15625              0.09375     0
                  0.5              -0.1875              0.09375     0
                  0.5             -0.15625               0.0625     0
                  0.5              -0.4375               0.4375     0
                  0.5             -0.46875               0.4375     0
                  0.5             -0.46875              0.46875     0
                  0.5              -0.4375                0.375     0
                  0.5             -0.46875                0.375     0
                  0.5             -0.46875              0.40625     0
                  0.5               -0.375                0.375     0
                  0.5             -0.40625              0.40625     0
                  0.5              -0.4375              0.40625     0
                  0.5             -0.40625                0.375     0
                  0.5              -0.4375                 0.25     0
                  0.5             -0.46875                 0.25     0
                  0.5             -0.46875              0.28125     0
                  0.5               -0.375                 0.25     0
                  0.5              -0.4375               0.3125     0
                  0.5             -0.40625              0.28125     0
                  0.5              -0.4375              0.28125     0
                  0.5             -0.40625                 0.25     0
                  0.5             -0.46875               0.3125     0
                  0.5             -0.46875              0.34375     0
                  0.5              -0.3125               0.3125     0
                  0.5              -0.3125                 0.25     0
                  0.5             -0.28125              0.28125     0
                  0.5              -0.3125              0.28125     0
                  0.5             -0.28125                 0.25     0
                  0.5               -0.375               0.3125     0
                  0.5               -0.375              0.34375     0
                  0.5             -0.34375               0.3125     0
                  0.5             -0.34375              0.34375     0
                  0.5             -0.34375                 0.25     0
                  0.5             -0.34375              0.28125     0
                  0.5               -0.375              0.28125     0
                  0.5              -0.4375              0.34375     0
                  0.5             -0.40625               0.3125     0
                  0.5             -0.40625              0.34375     0
                  0.5             -0.28125               0.0625     0
                  0.5              -0.3125                0.125     0
                  0.5             -0.28125                0.125     0
                  0.5             -0.28125              0.09375     0
                  0.5              -0.3125              0.09375     0
                  0.5             -0.34375                0.125     0
                  0.5             -0.28125              0.21875     0
                  0.5              -0.3125               0.1875     0
                  0.5             -0.34375              0.21875     0
                  0.5              -0.3125              0.21875     0
                  0.5             -0.28125               0.1875     0
                  0.5             -0.28125              0.15625     0
                  0.5              -0.4375              0.21875     0
                  0.5               -0.375               0.1875     0
                  0.5               -0.375              0.15625     0
                  0.5             -0.40625               0.1875     0
                  0.5             -0.40625              0.21875     0
                  0.5               -0.375              0.21875     0
                  0.5              -0.3125              0.15625     0
                  0.5             -0.34375               0.1875     0
                  0.5             -0.34375              0.15625     0
                  0.5               0.4375               0.0625     0
                  0.5              0.46875              0.03125     0
                  0.5               0.4375              0.03125     0
                  0.5                0.375                0.125     0
                  0.5                0.375               0.0625     0
                  0.5                0.375              0.09375     0
                  0.5              0.40625               0.0625     0
                  0.5              0.40625              0.09375     0
                  0.5              0.40625              0.03125     0
                  0.5                0.375              0.03125     0
                  0.5                 0.25                 0.25     0
                  0.5                 0.25               0.1875     0
                  0.5               0.3125               0.1875     0
                  0.5                 0.25              0.21875     0
                  0.5              0.28125               0.1875     0
                  0.5              0.28125              0.21875     0
                  0.5                 0.25                0.125     0
                  0.5               0.3125                0.125     0
                  0.5              0.28125                0.125     0
                  0.5              0.28125              0.15625     0
                  0.5                 0.25              0.15625     0
                  0.5              0.34375              0.15625     0
                  0.5               0.3125              0.15625     0
                  0.5              0.34375                0.125     0
                  0.5                 0.25               0.0625     0
                  0.5              0.28125              0.03125     0
                  0.5                 0.25              0.03125     0
                  0.5               0.3125               0.0625     0
                  0.5              0.34375              0.03125     0
                  0.5               0.3125              0.03125     0
                  0.5                 0.25              0.09375     0
                  0.5              0.28125               0.0625     0
                  0.5              0.28125              0.09375     0
                  0.5              0.34375              0.09375     0
                  0.5               0.3125              0.09375     0
                  0.5              0.34375               0.0625     0
                  0.5                    0                  0.5     0
                  0.5                    0               0.4375     0
                  0.5               0.0625               0.4375     0
                  0.5                    0              0.46875     0
                  0.5              0.03125               0.4375     0
                  0.5              0.03125              0.46875     0
                  0.5                    0                0.375     0
                  0.5               0.0625                0.375     0
                  0.5              0.03125                0.375     0
                  0.5              0.03125              0.40625     0
                  0.5                    0              0.40625     0
                  0.5                0.125                0.375     0
                  0.5              0.09375              0.40625     0
                  0.5               0.0625              0.40625     0
                  0.5              0.09375                0.375     0
                  0.5                    0                 0.25     0
                  0.5               0.0625                 0.25     0
                  0.5                    0               0.3125     0
                  0.5              0.03125                 0.25     0
                  0.5              0.03125              0.28125     0
                  0.5                    0              0.28125     0
                  0.5                0.125                 0.25     0
                  0.5               0.0625               0.3125     0
                  0.5              0.09375              0.28125     0
                  0.5               0.0625              0.28125     0
                  0.5              0.09375                 0.25     0
                  0.5                    0              0.34375     0
                  0.5              0.03125               0.3125     0
                  0.5              0.03125              0.34375     0
                  0.5               0.1875               0.3125     0
                  0.5               0.1875                 0.25     0
                  0.5              0.21875              0.28125     0
                  0.5               0.1875              0.28125     0
                  0.5              0.21875                 0.25     0
                  0.5                0.125               0.3125     0
                  0.5                0.125              0.34375     0
                  0.5              0.15625               0.3125     0
                  0.5              0.15625              0.34375     0
                  0.5              0.15625                 0.25     0
                  0.5              0.15625              0.28125     0
                  0.5                0.125              0.28125     0
                  0.5               0.0625              0.34375     0
                  0.5              0.09375               0.3125     0
                  0.5              0.09375              0.34375     0
                  0.5                    0               0.0625     0
                  0.5              0.03125              0.03125     0
                  0.5                    0              0.03125     0
                  0.5               0.0625               0.0625     0
                  0.5              0.09375              0.03125     0
                  0.5               0.0625              0.03125     0
                  0.5                    0                0.125     0
                  0.5                    0              0.09375     0
                  0.5              0.03125               0.0625     0
                  0.5              0.03125              0.09375     0
                  0.5               0.1875               0.0625     0
                  0.5              0.21875              0.03125     0
                  0.5               0.1875              0.03125     0
                  0.5                0.125                0.125     0
                  0.5                0.125               0.0625     0
                  0.5                0.125              0.09375     0
                  0.5              0.15625               0.0625     0
                  0.5              0.15625              0.09375     0
                  0.5              0.15625              0.03125     0
                  0.5                0.125              0.03125     0
                  0.5                    0               0.1875     0
                  0.5               0.0625               0.1875     0
                  0.5                    0              0.21875     0
                  0.5              0.03125               0.1875     0
                  0.5              0.03125              0.21875     0
                  0.5               0.0625                0.125     0
                  0.5              0.03125                0.125     0
                  0.5              0.03125              0.15625     0
                  0.5                    0              0.15625     0
                  0.5              0.09375              0.15625     0
                  0.5               0.0625              0.15625     0
                  0.5              0.09375                0.125     0
                  0.5              0.09375               0.0625     0
                  0.5              0.09375              0.09375     0
                  0.5               0.0625              0.09375     0
                  0.5              0.21875              0.21875     0
                  0.5               0.1875               0.1875     0
                  0.5              0.15625              0.21875     0
                  0.5               0.1875              0.21875     0
                  0.5              0.21875               0.1875     0
                  0.5              0.21875              0.15625     0
                  0.5               0.0625              0.21875     0
                  0.5                0.125               0.1875     0
                  0.5                0.125              0.15625     0
                  0.5              0.09375               0.1875     0
                  0.5              0.09375              0.21875     0
                  0.5                0.125              0.21875     0
                  0.5              0.21875               0.0625     0
                  0.5               0.1875                0.125     0
                  0.5              0.21875                0.125     0
                  0.5              0.21875              0.09375     0
                  0.5               0.1875              0.09375     0
                  0.5              0.15625                0.125     0
                  0.5              0.15625               0.1875     0
                  0.5              0.15625              0.15625     0
                  0.5               0.1875              0.15625     0
                  0.5              -0.4375               0.9375     0
                  0.5             -0.46875               0.9375     0
                  0.5             -0.46875              0.96875     0
                  0.5              -0.4375                0.875     0
                  0.5             -0.46875                0.875     0
                  0.5             -0.46875              0.90625     0
                  0.5               -0.375                0.875     0
                  0.5             -0.40625              0.90625     0
                  0.5              -0.4375              0.90625     0
                  0.5             -0.40625                0.875     0
                  0.5              -0.4375                 0.75     0
                  0.5             -0.46875                 0.75     0
                  0.5             -0.46875              0.78125     0
                  0.5               -0.375                 0.75     0
                  0.5              -0.4375               0.8125     0
                  0.5             -0.40625              0.78125     0
                  0.5              -0.4375              0.78125     0
                  0.5             -0.40625                 0.75     0
                  0.5             -0.46875               0.8125     0
                  0.5             -0.46875              0.84375     0
                  0.5                -0.25                 0.75     0
                  0.5              -0.3125               0.8125     0
                  0.5              -0.3125                 0.75     0
                  0.5             -0.28125              0.78125     0
                  0.5              -0.3125              0.78125     0
                  0.5             -0.28125                 0.75     0
                  0.5               -0.375               0.8125     0
                  0.5               -0.375              0.84375     0
                  0.5             -0.34375               0.8125     0
                  0.5             -0.34375              0.84375     0
                  0.5             -0.34375                 0.75     0
                  0.5             -0.34375              0.78125     0
                  0.5               -0.375              0.78125     0
                  0.5              -0.4375              0.84375     0
                  0.5             -0.40625               0.8125     0
                  0.5             -0.40625              0.84375     0
                  0.5              -0.4375                  0.5     0
                  0.5             -0.46875                  0.5     0
                  0.5             -0.46875              0.53125     0
                  0.5               -0.375                  0.5     0
                  0.5              -0.4375               0.5625     0
                  0.5             -0.40625              0.53125     0
                  0.5              -0.4375              0.53125     0
                  0.5             -0.40625                  0.5     0
                  0.5             -0.46875               0.5625     0
                  0.5             -0.46875              0.59375     0
                  0.5                -0.25                  0.5     0
                  0.5              -0.3125               0.5625     0
                  0.5              -0.3125                  0.5     0
                  0.5             -0.28125              0.53125     0
                  0.5              -0.3125              0.53125     0
                  0.5             -0.28125                  0.5     0
                  0.5               -0.375                0.625     0
                  0.5               -0.375               0.5625     0
                  0.5               -0.375              0.59375     0
                  0.5             -0.34375               0.5625     0
                  0.5             -0.34375              0.59375     0
                  0.5             -0.34375                  0.5     0
                  0.5             -0.34375              0.53125     0
                  0.5               -0.375              0.53125     0
                  0.5              -0.4375               0.6875     0
                  0.5             -0.46875               0.6875     0
                  0.5             -0.46875              0.71875     0
                  0.5              -0.4375                0.625     0
                  0.5             -0.46875                0.625     0
                  0.5             -0.46875              0.65625     0
                  0.5             -0.40625              0.65625     0
                  0.5              -0.4375              0.65625     0
                  0.5             -0.40625                0.625     0
                  0.5             -0.40625               0.5625     0
                  0.5             -0.40625              0.59375     0
                  0.5              -0.4375              0.59375     0
                  0.5              -0.0625               0.5625     0
                  0.5              -0.0625                  0.5     0
                  0.5             -0.03125              0.53125     0
                  0.5              -0.0625              0.53125     0
                  0.5             -0.03125                  0.5     0
                  0.5               -0.125                0.625     0
                  0.5               -0.125               0.5625     0
                  0.5               -0.125              0.59375     0
                  0.5             -0.09375               0.5625     0
                  0.5             -0.09375              0.59375     0
                  0.5               -0.125                  0.5     0
                  0.5             -0.09375                  0.5     0
                  0.5             -0.09375              0.53125     0
                  0.5               -0.125              0.53125     0
                  0.5                -0.25               0.6875     0
                  0.5              -0.1875               0.6875     0
                  0.5                -0.25              0.71875     0
                  0.5             -0.21875               0.6875     0
                  0.5             -0.21875              0.71875     0
                  0.5                -0.25                0.625     0
                  0.5              -0.1875                0.625     0
                  0.5             -0.21875                0.625     0
                  0.5             -0.21875              0.65625     0
                  0.5                -0.25              0.65625     0
                  0.5             -0.15625              0.65625     0
                  0.5              -0.1875              0.65625     0
                  0.5             -0.15625                0.625     0
                  0.5              -0.1875                  0.5     0
                  0.5                -0.25               0.5625     0
                  0.5             -0.21875                  0.5     0
                  0.5             -0.21875              0.53125     0
                  0.5                -0.25              0.53125     0
                  0.5              -0.1875               0.5625     0
                  0.5             -0.15625              0.53125     0
                  0.5              -0.1875              0.53125     0
                  0.5             -0.15625                  0.5     0
                  0.5                -0.25              0.59375     0
                  0.5             -0.21875               0.5625     0
                  0.5             -0.21875              0.59375     0
                  0.5             -0.15625              0.59375     0
                  0.5              -0.1875              0.59375     0
                  0.5             -0.15625               0.5625     0
                  0.5              -0.4375              0.71875     0
                  0.5               -0.375               0.6875     0
                  0.5               -0.375              0.65625     0
                  0.5             -0.40625               0.6875     0
                  0.5             -0.40625              0.71875     0
                  0.5               -0.375              0.71875     0
                  0.5             -0.28125               0.5625     0
                  0.5              -0.3125                0.625     0
                  0.5             -0.28125                0.625     0
                  0.5             -0.28125              0.59375     0
                  0.5              -0.3125              0.59375     0
                  0.5             -0.34375                0.625     0
                  0.5             -0.28125              0.71875     0
                  0.5              -0.3125               0.6875     0
                  0.5             -0.34375              0.71875     0
                  0.5              -0.3125              0.71875     0
                  0.5             -0.28125               0.6875     0
                  0.5             -0.28125              0.65625     0
                  0.5             -0.34375              0.65625     0
                  0.5              -0.3125              0.65625     0
                  0.5             -0.34375               0.6875     0
                  0.5             -0.03125               0.0625     0
                  0.5              -0.0625                0.125     0
                  0.5             -0.03125                0.125     0
                  0.5             -0.03125              0.09375     0
                  0.5              -0.0625              0.09375     0
                  0.5             -0.09375                0.125     0
                  0.5              -0.0625                 0.25     0
                  0.5             -0.03125                 0.25     0
                  0.5             -0.03125              0.21875     0
                  0.5               -0.125                 0.25     0
                  0.5              -0.0625               0.1875     0
                  0.5             -0.09375              0.21875     0
                  0.5              -0.0625              0.21875     0
                  0.5             -0.09375                 0.25     0
                  0.5             -0.03125               0.1875     0
                  0.5             -0.03125              0.15625     0
                  0.5              -0.1875                 0.25     0
                  0.5              -0.1875              0.21875     0
                  0.5             -0.21875                 0.25     0
                  0.5               -0.125               0.1875     0
                  0.5               -0.125              0.15625     0
                  0.5             -0.15625               0.1875     0
                  0.5             -0.15625                 0.25     0
                  0.5             -0.15625              0.21875     0
                  0.5               -0.125              0.21875     0
                  0.5              -0.0625              0.15625     0
                  0.5             -0.09375               0.1875     0
                  0.5             -0.09375              0.15625     0
                  0.5             -0.03125              0.46875     0
                  0.5              -0.0625               0.4375     0
                  0.5             -0.09375              0.46875     0
                  0.5              -0.0625              0.46875     0
                  0.5             -0.03125               0.4375     0
                  0.5             -0.03125              0.40625     0
                  0.5              -0.1875               0.4375     0
                  0.5             -0.21875              0.46875     0
                  0.5              -0.1875              0.46875     0
                  0.5               -0.125                0.375     0
                  0.5               -0.125               0.4375     0
                  0.5               -0.125              0.40625     0
                  0.5             -0.15625               0.4375     0
                  0.5             -0.15625              0.40625     0
                  0.5             -0.15625              0.46875     0
                  0.5               -0.125              0.46875     0
                  0.5              -0.0625               0.3125     0
                  0.5             -0.03125               0.3125     0
                  0.5             -0.03125              0.28125     0
                  0.5              -0.0625                0.375     0
                  0.5             -0.03125                0.375     0
                  0.5             -0.03125              0.34375     0
                  0.5             -0.09375              0.34375     0
                  0.5              -0.0625              0.34375     0
                  0.5             -0.09375                0.375     0
                  0.5             -0.09375               0.4375     0
                  0.5             -0.09375              0.40625     0
                  0.5              -0.0625              0.40625     0
                  0.5              -0.4375              0.46875     0
                  0.5               -0.375               0.4375     0
                  0.5               -0.375              0.40625     0
                  0.5             -0.40625               0.4375     0
                  0.5             -0.40625              0.46875     0
                  0.5               -0.375              0.46875     0
                  0.5                -0.25               0.3125     0
                  0.5                -0.25              0.28125     0
                  0.5             -0.28125               0.3125     0
                  0.5                -0.25                0.375     0
                  0.5              -0.3125                0.375     0
                  0.5             -0.28125                0.375     0
                  0.5             -0.28125              0.34375     0
                  0.5                -0.25              0.34375     0
                  0.5              -0.3125              0.34375     0
                  0.5             -0.34375                0.375     0
                  0.5                -0.25               0.4375     0
                  0.5             -0.28125              0.46875     0
                  0.5                -0.25              0.46875     0
                  0.5              -0.3125               0.4375     0
                  0.5             -0.34375              0.46875     0
                  0.5              -0.3125              0.46875     0
                  0.5                -0.25              0.40625     0
                  0.5             -0.28125               0.4375     0
                  0.5             -0.28125              0.40625     0
                  0.5             -0.34375              0.40625     0
                  0.5              -0.3125              0.40625     0
                  0.5             -0.34375               0.4375     0
                  0.5              -0.0625              0.28125     0
                  0.5               -0.125               0.3125     0
                  0.5               -0.125              0.34375     0
                  0.5             -0.09375               0.3125     0
                  0.5             -0.09375              0.28125     0
                  0.5               -0.125              0.28125     0
                  0.5             -0.21875               0.4375     0
                  0.5              -0.1875                0.375     0
                  0.5             -0.21875                0.375     0
                  0.5             -0.21875              0.40625     0
                  0.5              -0.1875              0.40625     0
                  0.5             -0.15625                0.375     0
                  0.5             -0.21875              0.28125     0
                  0.5              -0.1875               0.3125     0
                  0.5             -0.15625              0.28125     0
                  0.5              -0.1875              0.28125     0
                  0.5             -0.21875               0.3125     0
                  0.5             -0.21875              0.34375     0
                  0.5             -0.15625              0.34375     0
                  0.5              -0.1875              0.34375     0
                  0.5             -0.15625               0.3125     0
                  0.5                  0.5               0.0625     0
                  0.5                  0.5              0.03125     0
                  0.5              0.46875               0.0625     0
                  0.5                  0.5                0.125     0
                  0.5               0.4375                0.125     0
                  0.5              0.46875                0.125     0
                  0.5              0.46875              0.09375     0
                  0.5                  0.5              0.09375     0
                  0.5               0.4375              0.09375     0
                  0.5              0.40625                0.125     0
                  0.5                  0.5                 0.25     0
                  0.5               0.4375                 0.25     0
                  0.5                  0.5               0.1875     0
                  0.5              0.46875                 0.25     0
                  0.5              0.46875              0.21875     0
                  0.5                  0.5              0.21875     0
                  0.5                0.375                 0.25     0
                  0.5               0.4375               0.1875     0
                  0.5              0.40625              0.21875     0
                  0.5               0.4375              0.21875     0
                  0.5              0.40625                 0.25     0
                  0.5                  0.5              0.15625     0
                  0.5              0.46875               0.1875     0
                  0.5              0.46875              0.15625     0
                  0.5               0.3125                 0.25     0
                  0.5               0.3125              0.21875     0
                  0.5              0.28125                 0.25     0
                  0.5                0.375               0.1875     0
                  0.5                0.375              0.15625     0
                  0.5              0.34375               0.1875     0
                  0.5              0.34375                 0.25     0
                  0.5              0.34375              0.21875     0
                  0.5                0.375              0.21875     0
                  0.5               0.4375              0.15625     0
                  0.5              0.40625               0.1875     0
                  0.5              0.40625              0.15625     0
                  0.5                  0.5                  0.5     0
                  0.5               0.4375                  0.5     0
                  0.5                  0.5               0.4375     0
                  0.5              0.46875                  0.5     0
                  0.5              0.46875              0.46875     0
                  0.5                  0.5              0.46875     0
                  0.5                0.375                  0.5     0
                  0.5               0.4375               0.4375     0
                  0.5              0.40625              0.46875     0
                  0.5               0.4375              0.46875     0
                  0.5              0.40625                  0.5     0
                  0.5                  0.5                0.375     0
                  0.5                  0.5              0.40625     0
                  0.5              0.46875               0.4375     0
                  0.5              0.46875              0.40625     0
                  0.5                 0.25                  0.5     0
                  0.5               0.3125               0.4375     0
                  0.5               0.3125                  0.5     0
                  0.5              0.28125              0.46875     0
                  0.5               0.3125              0.46875     0
                  0.5              0.28125                  0.5     0
                  0.5                0.375                0.375     0
                  0.5                0.375               0.4375     0
                  0.5                0.375              0.40625     0
                  0.5              0.34375               0.4375     0
                  0.5              0.34375              0.40625     0
                  0.5              0.34375                  0.5     0
                  0.5              0.34375              0.46875     0
                  0.5                0.375              0.46875     0
                  0.5                  0.5               0.3125     0
                  0.5               0.4375               0.3125     0
                  0.5                  0.5              0.28125     0
                  0.5              0.46875               0.3125     0
                  0.5              0.46875              0.28125     0
                  0.5               0.4375                0.375     0
                  0.5              0.46875                0.375     0
                  0.5              0.46875              0.34375     0
                  0.5                  0.5              0.34375     0
                  0.5              0.40625              0.34375     0
                  0.5               0.4375              0.34375     0
                  0.5              0.40625                0.375     0
                  0.5              0.40625               0.4375     0
                  0.5              0.40625              0.40625     0
                  0.5               0.4375              0.40625     0
                  0.5               0.0625                  0.5     0
                  0.5               0.0625              0.46875     0
                  0.5              0.03125                  0.5     0
                  0.5                0.125               0.4375     0
                  0.5                0.125              0.40625     0
                  0.5              0.09375               0.4375     0
                  0.5                0.125                  0.5     0
                  0.5              0.09375                  0.5     0
                  0.5              0.09375              0.46875     0
                  0.5                0.125              0.46875     0
                  0.5                 0.25               0.3125     0
                  0.5                 0.25              0.28125     0
                  0.5              0.21875               0.3125     0
                  0.5                 0.25                0.375     0
                  0.5               0.1875                0.375     0
                  0.5              0.21875                0.375     0
                  0.5              0.21875              0.34375     0
                  0.5                 0.25              0.34375     0
                  0.5               0.1875              0.34375     0
                  0.5              0.15625                0.375     0
                  0.5               0.1875                  0.5     0
                  0.5                 0.25               0.4375     0
                  0.5              0.21875                  0.5     0
                  0.5              0.21875              0.46875     0
                  0.5                 0.25              0.46875     0
                  0.5               0.1875               0.4375     0
                  0.5              0.15625              0.46875     0
                  0.5               0.1875              0.46875     0
                  0.5              0.15625                  0.5     0
                  0.5                 0.25              0.40625     0
                  0.5              0.21875               0.4375     0
                  0.5              0.21875              0.40625     0
                  0.5              0.15625              0.40625     0
                  0.5               0.1875              0.40625     0
                  0.5              0.15625               0.4375     0
                  0.5               0.4375              0.28125     0
                  0.5                0.375               0.3125     0
                  0.5                0.375              0.34375     0
                  0.5              0.40625               0.3125     0
                  0.5              0.40625              0.28125     0
                  0.5                0.375              0.28125     0
                  0.5              0.28125               0.4375     0
                  0.5               0.3125                0.375     0
                  0.5              0.28125                0.375     0
                  0.5              0.28125              0.40625     0
                  0.5               0.3125              0.40625     0
                  0.5              0.34375                0.375     0
                  0.5              0.28125              0.28125     0
                  0.5               0.3125               0.3125     0
                  0.5              0.34375              0.28125     0
                  0.5               0.3125              0.28125     0
                  0.5              0.28125               0.3125     0
                  0.5              0.28125              0.34375     0
                  0.5              0.34375              0.34375     0
                  0.5               0.3125              0.34375     0
                  0.5              0.34375               0.3125     0
                  0.5                  0.5                    1     0
                  0.5               0.4375                    1     0
                  0.5                  0.5               0.9375     0
                  0.5              0.46875                    1     0
                  0.5              0.46875              0.96875     0
                  0.5                  0.5              0.96875     0
                  0.5                0.375                    1     0
                  0.5               0.4375               0.9375     0
                  0.5              0.40625              0.96875     0
                  0.5               0.4375              0.96875     0
                  0.5              0.40625                    1     0
                  0.5                  0.5                0.875     0
                  0.5                  0.5              0.90625     0
                  0.5              0.46875               0.9375     0
                  0.5              0.46875              0.90625     0
                  0.5                 0.25                    1     0
                  0.5               0.3125               0.9375     0
                  0.5               0.3125                    1     0
                  0.5              0.28125              0.96875     0
                  0.5               0.3125              0.96875     0
                  0.5              0.28125                    1     0
                  0.5                0.375                0.875     0
                  0.5                0.375               0.9375     0
                  0.5                0.375              0.90625     0
                  0.5              0.34375               0.9375     0
                  0.5              0.34375              0.90625     0
                  0.5              0.34375                    1     0
                  0.5              0.34375              0.96875     0
                  0.5                0.375              0.96875     0
                  0.5                  0.5                 0.75     0
                  0.5                  0.5               0.8125     0
                  0.5               0.4375               0.8125     0
                  0.5                  0.5              0.78125     0
                  0.5              0.46875               0.8125     0
                  0.5              0.46875              0.78125     0
                  0.5               0.4375                0.875     0
                  0.5              0.46875                0.875     0
                  0.5              0.46875              0.84375     0
                  0.5                  0.5              0.84375     0
                  0.5              0.40625              0.84375     0
                  0.5               0.4375              0.84375     0
                  0.5              0.40625                0.875     0
                  0.5              0.40625               0.9375     0
                  0.5              0.40625              0.90625     0
                  0.5               0.4375              0.90625     0
                  0.5                    0                    1     0
                  0.5               0.0625               0.9375     0
                  0.5               0.0625                    1     0
                  0.5              0.03125              0.96875     0
                  0.5               0.0625              0.96875     0
                  0.5              0.03125                    1     0
                  0.5                0.125                0.875     0
                  0.5                0.125               0.9375     0
                  0.5                0.125              0.90625     0
                  0.5              0.09375               0.9375     0
                  0.5              0.09375              0.90625     0
                  0.5                0.125                    1     0
                  0.5              0.09375                    1     0
                  0.5              0.09375              0.96875     0
                  0.5                0.125              0.96875     0
                  0.5                 0.25                 0.75     0
                  0.5                 0.25               0.8125     0
                  0.5               0.1875               0.8125     0
                  0.5                 0.25              0.78125     0
                  0.5              0.21875               0.8125     0
                  0.5              0.21875              0.78125     0
                  0.5                 0.25                0.875     0
                  0.5               0.1875                0.875     0
                  0.5              0.21875                0.875     0
                  0.5              0.21875              0.84375     0
                  0.5                 0.25              0.84375     0
                  0.5              0.15625              0.84375     0
                  0.5               0.1875              0.84375     0
                  0.5              0.15625                0.875     0
                  0.5               0.1875                    1     0
                  0.5                 0.25               0.9375     0
                  0.5              0.21875                    1     0
                  0.5              0.21875              0.96875     0
                  0.5                 0.25              0.96875     0
                  0.5               0.1875               0.9375     0
                  0.5              0.15625              0.96875     0
                  0.5               0.1875              0.96875     0
                  0.5              0.15625                    1     0
                  0.5                 0.25              0.90625     0
                  0.5              0.21875               0.9375     0
                  0.5              0.21875              0.90625     0
                  0.5              0.15625              0.90625     0
                  0.5               0.1875              0.90625     0
                  0.5              0.15625               0.9375     0
                  0.5                  0.5               0.5625     0
                  0.5               0.4375               0.5625     0
                  0.5                  0.5              0.53125     0
                  0.5              0.46875               0.5625     0
                  0.5              0.46875              0.53125     0
                  0.5                  0.5                0.625     0
                  0.5               0.4375                0.625     0
                  0.5              0.46875                0.625     0
                  0.5              0.46875              0.59375     0
                  0.5                  0.5              0.59375     0
                  0.5                0.375                0.625     0
                  0.5              0.40625              0.59375     0
                  0.5               0.4375              0.59375     0
                  0.5              0.40625                0.625     0
                  0.5               0.4375                 0.75     0
                  0.5                  0.5               0.6875     0
                  0.5              0.46875                 0.75     0
                  0.5              0.46875              0.71875     0
                  0.5                  0.5              0.71875     0
                  0.5                0.375                 0.75     0
                  0.5               0.4375               0.6875     0
                  0.5              0.40625              0.71875     0
                  0.5               0.4375              0.71875     0
                  0.5              0.40625                 0.75     0
                  0.5                  0.5              0.65625     0
                  0.5              0.46875               0.6875     0
                  0.5              0.46875              0.65625     0
                  0.5               0.3125               0.6875     0
                  0.5               0.3125                 0.75     0
                  0.5              0.28125              0.71875     0
                  0.5               0.3125              0.71875     0
                  0.5              0.28125                 0.75     0
                  0.5                0.375               0.6875     0
                  0.5                0.375              0.65625     0
                  0.5              0.34375               0.6875     0
                  0.5              0.34375              0.65625     0
                  0.5              0.34375                 0.75     0
                  0.5              0.34375              0.71875     0
                  0.5                0.375              0.71875     0
                  0.5               0.4375              0.65625     0
                  0.5              0.40625               0.6875     0
                  0.5              0.40625              0.65625     0
                  0.5              0.28125               0.9375     0
                  0.5               0.3125                0.875     0
                  0.5              0.28125                0.875     0
                  0.5              0.28125              0.90625     0
                  0.5               0.3125              0.90625     0
                  0.5              0.34375                0.875     0
                  0.5              0.28125              0.78125     0
                  0.5               0.3125               0.8125     0
                  0.5              0.34375              0.78125     0
                  0.5               0.3125              0.78125     0
                  0.5              0.28125               0.8125     0
                  0.5              0.28125              0.84375     0
                  0.5               0.4375              0.78125     0
                  0.5                0.375               0.8125     0
                  0.5                0.375              0.84375     0
                  0.5              0.40625               0.8125     0
                  0.5              0.40625              0.78125     0
                  0.5                0.375              0.78125     0
                  0.5               0.3125              0.84375     0
                  0.5              0.34375               0.8125     0
                  0.5              0.34375              0.84375     0
                  0.5              -0.4375                    1     0
                  0.5              -0.4375              0.96875     0
                  0.5             -0.46875                    1     0
                  0.5               -0.375               0.9375     0
                  0.5               -0.375              0.90625     0
                  0.5             -0.40625               0.9375     0
                  0.5               -0.375                    1     0
                  0.5             -0.40625                    1     0
                  0.5             -0.40625              0.96875     0
                  0.5               -0.375              0.96875     0
                  0.5                -0.25               0.8125     0
                  0.5                -0.25              0.78125     0
                  0.5             -0.28125               0.8125     0
                  0.5                -0.25                0.875     0
                  0.5              -0.3125                0.875     0
                  0.5             -0.28125                0.875     0
                  0.5             -0.28125              0.84375     0
                  0.5                -0.25              0.84375     0
                  0.5              -0.3125              0.84375     0
                  0.5             -0.34375                0.875     0
                  0.5                -0.25                    1     0
                  0.5              -0.3125                    1     0
                  0.5                -0.25               0.9375     0
                  0.5             -0.28125                    1     0
                  0.5             -0.28125              0.96875     0
                  0.5                -0.25              0.96875     0
                  0.5              -0.3125               0.9375     0
                  0.5             -0.34375              0.96875     0
                  0.5              -0.3125              0.96875     0
                  0.5             -0.34375                    1     0
                  0.5                -0.25              0.90625     0
                  0.5             -0.28125               0.9375     0
                  0.5             -0.28125              0.90625     0
                  0.5             -0.34375              0.90625     0
                  0.5              -0.3125              0.90625     0
                  0.5             -0.34375               0.9375     0
                  0.5                    0               0.5625     0
                  0.5                    0              0.53125     0
                  0.5             -0.03125               0.5625     0
                  0.5                    0                0.625     0
                  0.5              -0.0625                0.625     0
                  0.5             -0.03125                0.625     0
                  0.5             -0.03125              0.59375     0
                  0.5                    0              0.59375     0
                  0.5              -0.0625              0.59375     0
                  0.5             -0.09375                0.625     0
                  0.5                    0                 0.75     0
                  0.5              -0.0625                 0.75     0
                  0.5                    0               0.6875     0
                  0.5             -0.03125                 0.75     0
                  0.5             -0.03125              0.71875     0
                  0.5                    0              0.71875     0
                  0.5               -0.125                 0.75     0
                  0.5              -0.0625               0.6875     0
                  0.5             -0.09375              0.71875     0
                  0.5              -0.0625              0.71875     0
                  0.5             -0.09375                 0.75     0
                  0.5                    0              0.65625     0
                  0.5             -0.03125               0.6875     0
                  0.5             -0.03125              0.65625     0
                  0.5              -0.1875                 0.75     0
                  0.5              -0.1875              0.71875     0
                  0.5             -0.21875                 0.75     0
                  0.5               -0.125               0.6875     0
                  0.5               -0.125              0.65625     0
                  0.5             -0.15625               0.6875     0
                  0.5             -0.15625                 0.75     0
                  0.5             -0.15625              0.71875     0
                  0.5               -0.125              0.71875     0
                  0.5              -0.0625              0.65625     0
                  0.5             -0.09375               0.6875     0
                  0.5             -0.09375              0.65625     0
                  0.5              -0.0625                    1     0
                  0.5                    0               0.9375     0
                  0.5             -0.03125                    1     0
                  0.5             -0.03125              0.96875     0
                  0.5                    0              0.96875     0
                  0.5               -0.125                    1     0
                  0.5              -0.0625               0.9375     0
                  0.5             -0.09375              0.96875     0
                  0.5              -0.0625              0.96875     0
                  0.5             -0.09375                    1     0
                  0.5                    0                0.875     0
                  0.5                    0              0.90625     0
                  0.5             -0.03125               0.9375     0
                  0.5             -0.03125              0.90625     0
                  0.5              -0.1875               0.9375     0
                  0.5              -0.1875                    1     0
                  0.5             -0.21875              0.96875     0
                  0.5              -0.1875              0.96875     0
                  0.5             -0.21875                    1     0
                  0.5               -0.125                0.875     0
                  0.5               -0.125               0.9375     0
                  0.5               -0.125              0.90625     0
                  0.5             -0.15625               0.9375     0
                  0.5             -0.15625              0.90625     0
                  0.5             -0.15625                    1     0
                  0.5             -0.15625              0.96875     0
                  0.5               -0.125              0.96875     0
                  0.5                    0               0.8125     0
                  0.5              -0.0625               0.8125     0
                  0.5                    0              0.78125     0
                  0.5             -0.03125               0.8125     0
                  0.5             -0.03125              0.78125     0
                  0.5              -0.0625                0.875     0
                  0.5             -0.03125                0.875     0
                  0.5             -0.03125              0.84375     0
                  0.5                    0              0.84375     0
                  0.5             -0.09375              0.84375     0
                  0.5              -0.0625              0.84375     0
                  0.5             -0.09375                0.875     0
                  0.5             -0.09375               0.9375     0
                  0.5             -0.09375              0.90625     0
                  0.5              -0.0625              0.90625     0
                  0.5             -0.21875              0.78125     0
                  0.5              -0.1875               0.8125     0
                  0.5             -0.15625              0.78125     0
                  0.5              -0.1875              0.78125     0
                  0.5             -0.21875               0.8125     0
                  0.5             -0.21875              0.84375     0
                  0.5              -0.0625              0.78125     0
                  0.5               -0.125               0.8125     0
                  0.5               -0.125              0.84375     0
                  0.5             -0.09375               0.8125     0
                  0.5             -0.09375              0.78125     0
                  0.5               -0.125              0.78125     0
                  0.5             -0.21875               0.9375     0
                  0.5              -0.1875                0.875     0
                  0.5             -0.21875                0.875     0
                  0.5             -0.21875              0.90625     0
                  0.5              -0.1875              0.90625     0
                  0.5             -0.15625                0.875     0
                  0.5             -0.15625               0.8125     0
                  0.5             -0.15625              0.84375     0
                  0.5              -0.1875              0.84375     0
                  0.5               0.4375              0.53125     0
                  0.5                0.375               0.5625     0
                  0.5                0.375              0.59375     0
                  0.5              0.40625               0.5625     0
                  0.5              0.40625              0.53125     0
                  0.5                0.375              0.53125     0
                  0.5                 0.25               0.6875     0
                  0.5                 0.25              0.71875     0
                  0.5              0.28125               0.6875     0
                  0.5                 0.25                0.625     0
                  0.5               0.3125                0.625     0
                  0.5              0.28125                0.625     0
                  0.5              0.28125              0.65625     0
                  0.5                 0.25              0.65625     0
                  0.5               0.3125              0.65625     0
                  0.5              0.34375                0.625     0
                  0.5                 0.25               0.5625     0
                  0.5              0.28125              0.53125     0
                  0.5                 0.25              0.53125     0
                  0.5               0.3125               0.5625     0
                  0.5              0.34375              0.53125     0
                  0.5               0.3125              0.53125     0
                  0.5                 0.25              0.59375     0
                  0.5              0.28125               0.5625     0
                  0.5              0.28125              0.59375     0
                  0.5              0.34375              0.59375     0
                  0.5               0.3125              0.59375     0
                  0.5              0.34375               0.5625     0
                  0.5              0.03125               0.9375     0
                  0.5               0.0625                0.875     0
                  0.5              0.03125                0.875     0
                  0.5              0.03125              0.90625     0
                  0.5               0.0625              0.90625     0
                  0.5              0.09375                0.875     0
                  0.5               0.0625                 0.75     0
                  0.5              0.03125                 0.75     0
                  0.5              0.03125              0.78125     0
                  0.5                0.125                 0.75     0
                  0.5               0.0625               0.8125     0
                  0.5              0.09375              0.78125     0
                  0.5               0.0625              0.78125     0
                  0.5              0.09375                 0.75     0
                  0.5              0.03125               0.8125     0
                  0.5              0.03125              0.84375     0
                  0.5               0.1875                 0.75     0
                  0.5               0.1875              0.78125     0
                  0.5              0.21875                 0.75     0
                  0.5                0.125               0.8125     0
                  0.5                0.125              0.84375     0
                  0.5              0.15625               0.8125     0
                  0.5              0.15625                 0.75     0
                  0.5              0.15625              0.78125     0
                  0.5                0.125              0.78125     0
                  0.5               0.0625              0.84375     0
                  0.5              0.09375               0.8125     0
                  0.5              0.09375              0.84375     0
                  0.5              0.03125              0.53125     0
                  0.5               0.0625               0.5625     0
                  0.5              0.09375              0.53125     0
                  0.5               0.0625              0.53125     0
                  0.5              0.03125               0.5625     0
                  0.5              0.03125              0.59375     0
                  0.5               0.1875               0.5625     0
                  0.5              0.21875              0.53125     0
                  0.5               0.1875              0.53125     0
                  0.5                0.125                0.625     0
                  0.5                0.125               0.5625     0
                  0.5                0.125              0.59375     0
                  0.5              0.15625               0.5625     0
                  0.5              0.15625              0.59375     0
                  0.5              0.15625              0.53125     0
                  0.5                0.125              0.53125     0
                  0.5               0.0625               0.6875     0
                  0.5              0.03125               0.6875     0
                  0.5              0.03125              0.71875     0
                  0.5               0.0625                0.625     0
                  0.5              0.03125                0.625     0
                  0.5              0.03125              0.65625     0
                  0.5              0.09375              0.65625     0
                  0.5               0.0625              0.65625     0
                  0.5              0.09375                0.625     0
                  0.5              0.09375               0.5625     0
                  0.5              0.09375              0.59375     0
                  0.5               0.0625              0.59375     0
                  0.5              0.21875              0.71875     0
                  0.5               0.1875               0.6875     0
                  0.5              0.15625              0.71875     0
                  0.5               0.1875              0.71875     0
                  0.5              0.21875               0.6875     0
                  0.5              0.21875              0.65625     0
                  0.5               0.0625              0.71875     0
                  0.5                0.125               0.6875     0
                  0.5                0.125              0.65625     0
                  0.5              0.09375               0.6875     0
                  0.5              0.09375              0.71875     0
                  0.5                0.125              0.71875     0
                  0.5              0.21875               0.5625     0
                  0.5               0.1875                0.625     0
                  0.5              0.21875                0.625     0
                  0.5              0.21875              0.59375     0
                  0.5               0.1875              0.59375     0
                  0.5              0.15625                0.625     0
                  0.5              0.15625               0.6875     0
                  0.5              0.15625              0.65625     0
                  0.5               0.1875              0.65625     0
              0.46875                  0.5              0.03125     0
               0.4375                  0.5               0.0625     0
              0.40625                  0.5              0.03125     0
               0.4375                  0.5              0.03125     0
              0.46875                  0.5               0.0625     0
              0.46875                  0.5              0.09375     0
               0.3125                  0.5               0.0625     0
              0.28125                  0.5              0.03125     0
               0.3125                  0.5              0.03125     0
                0.375                  0.5                0.125     0
                0.375                  0.5               0.0625     0
                0.375                  0.5              0.09375     0
              0.34375                  0.5               0.0625     0
              0.34375                  0.5              0.09375     0
              0.34375                  0.5              0.03125     0
                0.375                  0.5              0.03125     0
               0.4375                  0.5               0.1875     0
              0.46875                  0.5               0.1875     0
              0.46875                  0.5              0.21875     0
               0.4375                  0.5                0.125     0
              0.46875                  0.5                0.125     0
              0.46875                  0.5              0.15625     0
              0.40625                  0.5              0.15625     0
               0.4375                  0.5              0.15625     0
              0.40625                  0.5                0.125     0
              0.40625                  0.5               0.0625     0
              0.40625                  0.5              0.09375     0
               0.4375                  0.5              0.09375     0
               0.0625                  0.5               0.0625     0
              0.03125                  0.5              0.03125     0
               0.0625                  0.5              0.03125     0
                0.125                  0.5                0.125     0
                0.125                  0.5               0.0625     0
                0.125                  0.5              0.09375     0
              0.09375                  0.5               0.0625     0
              0.09375                  0.5              0.09375     0
              0.09375                  0.5              0.03125     0
                0.125                  0.5              0.03125     0
                 0.25                  0.5                 0.25     0
                 0.25                  0.5               0.1875     0
               0.1875                  0.5               0.1875     0
                 0.25                  0.5              0.21875     0
              0.21875                  0.5               0.1875     0
              0.21875                  0.5              0.21875     0
                 0.25                  0.5                0.125     0
               0.1875                  0.5                0.125     0
              0.21875                  0.5                0.125     0
              0.21875                  0.5              0.15625     0
                 0.25                  0.5              0.15625     0
              0.15625                  0.5              0.15625     0
               0.1875                  0.5              0.15625     0
              0.15625                  0.5                0.125     0
                 0.25                  0.5               0.0625     0
              0.21875                  0.5              0.03125     0
                 0.25                  0.5              0.03125     0
               0.1875                  0.5               0.0625     0
              0.15625                  0.5              0.03125     0
               0.1875                  0.5              0.03125     0
                 0.25                  0.5              0.09375     0
              0.21875                  0.5               0.0625     0
              0.21875                  0.5              0.09375     0
              0.15625                  0.5              0.09375     0
               0.1875                  0.5              0.09375     0
              0.15625                  0.5               0.0625     0
               0.4375                  0.5               0.4375     0
              0.46875                  0.5               0.4375     0
              0.46875                  0.5              0.46875     0
               0.4375                  0.5                0.375     0
              0.46875                  0.5                0.375     0
              0.46875                  0.5              0.40625     0
                0.375                  0.5                0.375     0
              0.40625                  0.5              0.40625     0
               0.4375                  0.5              0.40625     0
              0.40625                  0.5                0.375     0
               0.4375                  0.5                 0.25     0
              0.46875                  0.5                 0.25     0
              0.46875                  0.5              0.28125     0
                0.375                  0.5                 0.25     0
               0.4375                  0.5               0.3125     0
              0.40625                  0.5              0.28125     0
               0.4375                  0.5              0.28125     0
              0.40625                  0.5                 0.25     0
              0.46875                  0.5               0.3125     0
              0.46875                  0.5              0.34375     0
               0.3125                  0.5               0.3125     0
               0.3125                  0.5                 0.25     0
              0.28125                  0.5              0.28125     0
               0.3125                  0.5              0.28125     0
              0.28125                  0.5                 0.25     0
                0.375                  0.5               0.3125     0
                0.375                  0.5              0.34375     0
              0.34375                  0.5               0.3125     0
              0.34375                  0.5              0.34375     0
              0.34375                  0.5                 0.25     0
              0.34375                  0.5              0.28125     0
                0.375                  0.5              0.28125     0
               0.4375                  0.5              0.34375     0
              0.40625                  0.5               0.3125     0
              0.40625                  0.5              0.34375     0
              0.28125                  0.5               0.0625     0
               0.3125                  0.5                0.125     0
              0.28125                  0.5                0.125     0
              0.28125                  0.5              0.09375     0
               0.3125                  0.5              0.09375     0
              0.34375                  0.5                0.125     0
              0.28125                  0.5              0.21875     0
               0.3125                  0.5               0.1875     0
              0.34375                  0.5              0.21875     0
               0.3125                  0.5              0.21875     0
              0.28125                  0.5               0.1875     0
              0.28125                  0.5              0.15625     0
               0.4375                  0.5              0.21875     0
                0.375                  0.5               0.1875     0
                0.375                  0.5              0.15625     0
              0.40625                  0.5               0.1875     0
              0.40625                  0.5              0.21875     0
                0.375                  0.5              0.21875     0
               0.3125                  0.5              0.15625     0
              0.34375                  0.5               0.1875     0
              0.34375                  0.5              0.15625     0
              -0.4375                  0.5               0.0625     0
             -0.46875                  0.5              0.03125     0
              -0.4375                  0.5              0.03125     0
               -0.375                  0.5                0.125     0
               -0.375                  0.5               0.0625     0
               -0.375                  0.5              0.09375     0
             -0.40625                  0.5               0.0625     0
             -0.40625                  0.5              0.09375     0
             -0.40625                  0.5              0.03125     0
               -0.375                  0.5              0.03125     0
                -0.25                  0.5                 0.25     0
                -0.25                  0.5               0.1875     0
              -0.3125                  0.5               0.1875     0
                -0.25                  0.5              0.21875     0
             -0.28125                  0.5               0.1875     0
             -0.28125                  0.5              0.21875     0
                -0.25                  0.5                0.125     0
              -0.3125                  0.5                0.125     0
             -0.28125                  0.5                0.125     0
             -0.28125                  0.5              0.15625     0
                -0.25                  0.5              0.15625     0
             -0.34375                  0.5              0.15625     0
              -0.3125                  0.5              0.15625     0
             -0.34375                  0.5                0.125     0
                -0.25                  0.5               0.0625     0
             -0.28125                  0.5              0.03125     0
                -0.25                  0.5              0.03125     0
              -0.3125                  0.5               0.0625     0
             -0.34375                  0.5              0.03125     0
              -0.3125                  0.5              0.03125     0
                -0.25                  0.5              0.09375     0
             -0.28125                  0.5               0.0625     0
             -0.28125                  0.5              0.09375     0
             -0.34375                  0.5              0.09375     0
              -0.3125                  0.5              0.09375     0
             -0.34375                  0.5               0.0625     0
                    0                  0.5                  0.5     0
                    0                  0.5               0.4375     0
              -0.0625                  0.5               0.4375     0
                    0                  0.5              0.46875     0
             -0.03125                  0.5               0.4375     0
             -0.03125                  0.5              0.46875     0
                    0                  0.5                0.375     0
              -0.0625                  0.5                0.375     0
             -0.03125                  0.5                0.375     0
             -0.03125                  0.5              0.40625     0
                    0                  0.5              0.40625     0
               -0.125                  0.5                0.375     0
             -0.09375                  0.5              0.40625     0
              -0.0625                  0.5              0.40625     0
             -0.09375                  0.5                0.375     0
                    0                  0.5                 0.25     0
              -0.0625                  0.5                 0.25     0
                    0                  0.5               0.3125     0
             -0.03125                  0.5                 0.25     0
             -0.03125                  0.5              0.28125     0
                    0                  0.5              0.28125     0
               -0.125                  0.5                 0.25     0
              -0.0625                  0.5               0.3125     0
             -0.09375                  0.5              0.28125     0
              -0.0625                  0.5              0.28125     0
             -0.09375                  0.5                 0.25     0
                    0                  0.5              0.34375     0
             -0.03125                  0.5               0.3125     0
             -0.03125                  0.5              0.34375     0
              -0.1875                  0.5               0.3125     0
              -0.1875                  0.5                 0.25     0
             -0.21875                  0.5              0.28125     0
              -0.1875                  0.5              0.28125     0
             -0.21875                  0.5                 0.25     0
               -0.125                  0.5               0.3125     0
               -0.125                  0.5              0.34375     0
             -0.15625                  0.5               0.3125     0
             -0.15625                  0.5              0.34375     0
             -0.15625                  0.5                 0.25     0
             -0.15625                  0.5              0.28125     0
               -0.125                  0.5              0.28125     0
              -0.0625                  0.5              0.34375     0
             -0.09375                  0.5               0.3125     0
             -0.09375                  0.5              0.34375     0
                    0                  0.5               0.0625     0
             -0.03125                  0.5              0.03125     0
                    0                  0.5              0.03125     0
              -0.0625                  0.5               0.0625     0
             -0.09375                  0.5              0.03125     0
              -0.0625                  0.5              0.03125     0
                    0                  0.5                0.125     0
                    0                  0.5              0.09375     0
             -0.03125                  0.5               0.0625     0
             -0.03125                  0.5              0.09375     0
              -0.1875                  0.5               0.0625     0
             -0.21875                  0.5              0.03125     0
              -0.1875                  0.5              0.03125     0
               -0.125                  0.5                0.125     0
               -0.125                  0.5               0.0625     0
               -0.125                  0.5              0.09375     0
             -0.15625                  0.5               0.0625     0
             -0.15625                  0.5              0.09375     0
             -0.15625                  0.5              0.03125     0
               -0.125                  0.5              0.03125     0
                    0                  0.5               0.1875     0
              -0.0625                  0.5               0.1875     0
                    0                  0.5              0.21875     0
             -0.03125                  0.5               0.1875     0
             -0.03125                  0.5              0.21875     0
              -0.0625                  0.5                0.125     0
             -0.03125                  0.5                0.125     0
             -0.03125                  0.5              0.15625     0
                    0                  0.5              0.15625     0
             -0.09375                  0.5              0.15625     0
              -0.0625                  0.5              0.15625     0
             -0.09375                  0.5                0.125     0
             -0.09375                  0.5               0.0625     0
             -0.09375                  0.5              0.09375     0
              -0.0625                  0.5              0.09375     0
             -0.21875                  0.5              0.21875     0
              -0.1875                  0.5               0.1875     0
             -0.15625                  0.5              0.21875     0
              -0.1875                  0.5              0.21875     0
             -0.21875                  0.5               0.1875     0
             -0.21875                  0.5              0.15625     0
              -0.0625                  0.5              0.21875     0
               -0.125                  0.5               0.1875     0
               -0.125                  0.5              0.15625     0
             -0.09375                  0.5               0.1875     0
             -0.09375                  0.5              0.21875     0
               -0.125                  0.5              0.21875     0
             -0.21875                  0.5               0.0625     0
              -0.1875                  0.5                0.125     0
             -0.21875                  0.5                0.125     0
             -0.21875                  0.5              0.09375     0
              -0.1875                  0.5              0.09375     0
             -0.15625                  0.5                0.125     0
             -0.15625                  0.5               0.1875     0
             -0.15625                  0.5              0.15625     0
              -0.1875                  0.5              0.15625     0
               0.4375                  0.5               0.9375     0
              0.46875                  0.5               0.9375     0
              0.46875                  0.5              0.96875     0
               0.4375                  0.5                0.875     0
              0.46875                  0.5                0.875     0
              0.46875                  0.5              0.90625     0
                0.375                  0.5                0.875     0
              0.40625                  0.5              0.90625     0
               0.4375                  0.5              0.90625     0
              0.40625                  0.5                0.875     0
               0.4375                  0.5                 0.75     0
              0.46875                  0.5                 0.75     0
              0.46875                  0.5              0.78125     0
                0.375                  0.5                 0.75     0
               0.4375                  0.5               0.8125     0
              0.40625                  0.5              0.78125     0
               0.4375                  0.5              0.78125     0
              0.40625                  0.5                 0.75     0
              0.46875                  0.5               0.8125     0
              0.46875                  0.5              0.84375     0
                 0.25                  0.5                 0.75     0
               0.3125                  0.5               0.8125     0
               0.3125                  0.5                 0.75     0
              0.28125                  0.5              0.78125     0
               0.3125                  0.5              0.78125     0
              0.28125                  0.5                 0.75     0
                0.375                  0.5               0.8125     0
                0.375                  0.5              0.84375     0
              0.34375                  0.5               0.8125     0
              0.34375                  0.5              0.84375     0
              0.34375                  0.5                 0.75     0
              0.34375                  0.5              0.78125     0
                0.375                  0.5              0.78125     0
               0.4375                  0.5              0.84375     0
              0.40625                  0.5               0.8125     0
              0.40625                  0.5              0.84375     0
               0.4375                  0.5                  0.5     0
              0.46875                  0.5                  0.5     0
              0.46875                  0.5              0.53125     0
                0.375                  0.5                  0.5     0
               0.4375                  0.5               0.5625     0
              0.40625                  0.5              0.53125     0
               0.4375                  0.5              0.53125     0
              0.40625                  0.5                  0.5     0
              0.46875                  0.5               0.5625     0
              0.46875                  0.5              0.59375     0
                 0.25                  0.5                  0.5     0
               0.3125                  0.5               0.5625     0
               0.3125                  0.5                  0.5     0
              0.28125                  0.5              0.53125     0
               0.3125                  0.5              0.53125     0
              0.28125                  0.5                  0.5     0
                0.375                  0.5                0.625     0
                0.375                  0.5               0.5625     0
                0.375                  0.5              0.59375     0
              0.34375                  0.5               0.5625     0
              0.34375                  0.5              0.59375     0
              0.34375                  0.5                  0.5     0
              0.34375                  0.5              0.53125     0
                0.375                  0.5              0.53125     0
               0.4375                  0.5               0.6875     0
              0.46875                  0.5               0.6875     0
              0.46875                  0.5              0.71875     0
               0.4375                  0.5                0.625     0
              0.46875                  0.5                0.625     0
              0.46875                  0.5              0.65625     0
              0.40625                  0.5              0.65625     0
               0.4375                  0.5              0.65625     0
              0.40625                  0.5                0.625     0
              0.40625                  0.5               0.5625     0
              0.40625                  0.5              0.59375     0
               0.4375                  0.5              0.59375     0
               0.0625                  0.5               0.5625     0
               0.0625                  0.5                  0.5     0
              0.03125                  0.5              0.53125     0
               0.0625                  0.5              0.53125     0
              0.03125                  0.5                  0.5     0
                0.125                  0.5                0.625     0
                0.125                  0.5               0.5625     0
                0.125                  0.5              0.59375     0
              0.09375                  0.5               0.5625     0
              0.09375                  0.5              0.59375     0
                0.125                  0.5                  0.5     0
              0.09375                  0.5                  0.5     0
              0.09375                  0.5              0.53125     0
                0.125                  0.5              0.53125     0
                 0.25                  0.5               0.6875     0
               0.1875                  0.5               0.6875     0
                 0.25                  0.5              0.71875     0
              0.21875                  0.5               0.6875     0
              0.21875                  0.5              0.71875     0
                 0.25                  0.5                0.625     0
               0.1875                  0.5                0.625     0
              0.21875                  0.5                0.625     0
              0.21875                  0.5              0.65625     0
                 0.25                  0.5              0.65625     0
              0.15625                  0.5              0.65625     0
               0.1875                  0.5              0.65625     0
              0.15625                  0.5                0.625     0
               0.1875                  0.5                  0.5     0
                 0.25                  0.5               0.5625     0
              0.21875                  0.5                  0.5     0
              0.21875                  0.5              0.53125     0
                 0.25                  0.5              0.53125     0
               0.1875                  0.5               0.5625     0
              0.15625                  0.5              0.53125     0
               0.1875                  0.5              0.53125     0
              0.15625                  0.5                  0.5     0
                 0.25                  0.5              0.59375     0
              0.21875                  0.5               0.5625     0
              0.21875                  0.5              0.59375     0
              0.15625                  0.5              0.59375     0
               0.1875                  0.5              0.59375     0
              0.15625                  0.5               0.5625     0
               0.4375                  0.5              0.71875     0
                0.375                  0.5               0.6875     0
                0.375                  0.5              0.65625     0
              0.40625                  0.5               0.6875     0
              0.40625                  0.5              0.71875     0
                0.375                  0.5              0.71875     0
              0.28125                  0.5               0.5625     0
               0.3125                  0.5                0.625     0
              0.28125                  0.5                0.625     0
              0.28125                  0.5              0.59375     0
               0.3125                  0.5              0.59375     0
              0.34375                  0.5                0.625     0
              0.28125                  0.5              0.71875     0
               0.3125                  0.5               0.6875     0
              0.34375                  0.5              0.71875     0
               0.3125                  0.5              0.71875     0
              0.28125                  0.5               0.6875     0
              0.28125                  0.5              0.65625     0
              0.34375                  0.5              0.65625     0
               0.3125                  0.5              0.65625     0
              0.34375                  0.5               0.6875     0
              0.03125                  0.5               0.0625     0
               0.0625                  0.5                0.125     0
              0.03125                  0.5                0.125     0
              0.03125                  0.5              0.09375     0
               0.0625                  0.5              0.09375     0
              0.09375                  0.5                0.125     0
               0.0625                  0.5                 0.25     0
              0.03125                  0.5                 0.25     0
              0.03125                  0.5              0.21875     0
                0.125                  0.5                 0.25     0
               0.0625                  0.5               0.1875     0
              0.09375                  0.5              0.21875     0
               0.0625                  0.5              0.21875     0
              0.09375                  0.5                 0.25     0
              0.03125                  0.5               0.1875     0
              0.03125                  0.5              0.15625     0
               0.1875                  0.5                 0.25     0
               0.1875                  0.5              0.21875     0
              0.21875                  0.5                 0.25     0
                0.125                  0.5               0.1875     0
                0.125                  0.5              0.15625     0
              0.15625                  0.5               0.1875     0
              0.15625                  0.5                 0.25     0
              0.15625                  0.5              0.21875     0
                0.125                  0.5              0.21875     0
               0.0625                  0.5              0.15625     0
              0.09375                  0.5               0.1875     0
              0.09375                  0.5              0.15625     0
              0.03125                  0.5              0.46875     0
               0.0625                  0.5               0.4375     0
              0.09375                  0.5              0.46875     0
               0.0625                  0.5              0.46875     0
              0.03125                  0.5               0.4375     0
              0.03125                  0.5              0.40625     0
               0.1875                  0.5               0.4375     0
              0.21875                  0.5              0.46875     0
               0.1875                  0.5              0.46875     0
                0.125                  0.5                0.375     0
                0.125                  0.5               0.4375     0
                0.125                  0.5              0.40625     0
              0.15625                  0.5               0.4375     0
              0.15625                  0.5              0.40625     0
              0.15625                  0.5              0.46875     0
                0.125                  0.5              0.46875     0
               0.0625                  0.5               0.3125     0
              0.03125                  0.5               0.3125     0
              0.03125                  0.5              0.28125     0
               0.0625                  0.5                0.375     0
              0.03125                  0.5                0.375     0
              0.03125                  0.5              0.34375     0
              0.09375                  0.5              0.34375     0
               0.0625                  0.5              0.34375     0
              0.09375                  0.5                0.375     0
              0.09375                  0.5               0.4375     0
              0.09375                  0.5              0.40625     0
               0.0625                  0.5              0.40625     0
               0.4375                  0.5              0.46875     0
                0.375                  0.5               0.4375     0
                0.375                  0.5              0.40625     0
              0.40625                  0.5               0.4375     0
              0.40625                  0.5              0.46875     0
                0.375                  0.5              0.46875     0
                 0.25                  0.5               0.3125     0
                 0.25                  0.5              0.28125     0
              0.28125                  0.5               0.3125     0
                 0.25                  0.5                0.375     0
               0.3125                  0.5                0.375     0
              0.28125                  0.5                0.375     0
              0.28125                  0.5              0.34375     0
                 0.25                  0.5              0.34375     0
               0.3125                  0.5              0.34375     0
              0.34375                  0.5                0.375     0
                 0.25                  0.5               0.4375     0
              0.28125                  0.5              0.46875     0
                 0.25                  0.5              0.46875     0
               0.3125                  0.5               0.4375     0
              0.34375                  0.5              0.46875     0
               0.3125                  0.5              0.46875     0
                 0.25                  0.5              0.40625     0
              0.28125                  0.5               0.4375     0
              0.28125                  0.5              0.40625     0
              0.34375                  0.5              0.40625     0
               0.3125                  0.5              0.40625     0
              0.34375                  0.5               0.4375     0
               0.0625                  0.5              0.28125     0
                0.125                  0.5               0.3125     0
                0.125                  0.5              0.34375     0
              0.09375                  0.5               0.3125     0
              0.09375                  0.5              0.28125     0
                0.125                  0.5              0.28125     0
              0.21875                  0.5               0.4375     0
               0.1875                  0.5                0.375     0
              0.21875                  0.5                0.375     0
              0.21875                  0.5              0.40625     0
               0.1875                  0.5              0.40625     0
              0.15625                  0.5                0.375     0
              0.21875                  0.5              0.28125     0
               0.1875                  0.5               0.3125     0
              0.15625                  0.5              0.28125     0
               0.1875                  0.5              0.28125     0
              0.21875                  0.5               0.3125     0
              0.21875                  0.5              0.34375     0
              0.15625                  0.5              0.34375     0
               0.1875                  0.5              0.34375     0
              0.15625                  0.5               0.3125     0
                 -0.5                  0.5               0.0625     0
                 -0.5                  0.5              0.03125     0
             -0.46875                  0.5               0.0625     0
                 -0.5                  0.5                0.125     0
              -0.4375                  0.5                0.125     0
             -0.46875                  0.5                0.125     0
             -0.46875                  0.5              0.09375     0
                 -0.5                  0.5              0.09375     0
              -0.4375                  0.5              0.09375     0
             -0.40625                  0.5                0.125     0
                 -0.5                  0.5                 0.25     0
              -0.4375                  0.5                 0.25     0
                 -0.5                  0.5               0.1875     0
             -0.46875                  0.5                 0.25     0
             -0.46875                  0.5              0.21875     0
                 -0.5                  0.5              0.21875     0
               -0.375                  0.5                 0.25     0
              -0.4375                  0.5               0.1875     0
             -0.40625                  0.5              0.21875     0
              -0.4375                  0.5              0.21875     0
             -0.40625                  0.5                 0.25     0
                 -0.5                  0.5              0.15625     0
             -0.46875                  0.5               0.1875     0
             -0.46875                  0.5              0.15625     0
              -0.3125                  0.5                 0.25     0
              -0.3125                  0.5              0.21875     0
             -0.28125                  0.5                 0.25     0
               -0.375                  0.5               0.1875     0
               -0.375                  0.5              0.15625     0
             -0.34375                  0.5               0.1875     0
             -0.34375                  0.5                 0.25     0
             -0.34375                  0.5              0.21875     0
               -0.375                  0.5              0.21875     0
              -0.4375                  0.5              0.15625     0
             -0.40625                  0.5               0.1875     0
             -0.40625                  0.5              0.15625     0
                 -0.5                  0.5                  0.5     0
              -0.4375                  0.5                  0.5     0
                 -0.5                  0.5               0.4375     0
             -0.46875                  0.5                  0.5     0
             -0.46875                  0.5              0.46875     0
                 -0.5                  0.5              0.46875     0
               -0.375                  0.5                  0.5     0
              -0.4375                  0.5               0.4375     0
             -0.40625                  0.5              0.46875     0
              -0.4375                  0.5              0.46875     0
             -0.40625                  0.5                  0.5     0
                 -0.5                  0.5                0.375     0
                 -0.5                  0.5              0.40625     0
             -0.46875                  0.5               0.4375     0
             -0.46875                  0.5              0.40625     0
                -0.25                  0.5                  0.5     0
              -0.3125                  0.5               0.4375     0
              -0.3125                  0.5                  0.5     0
             -0.28125                  0.5              0.46875     0
              -0.3125                  0.5              0.46875     0
             -0.28125                  0.5                  0.5     0
               -0.375                  0.5                0.375     0
               -0.375                  0.5               0.4375     0
               -0.375                  0.5              0.40625     0
             -0.34375                  0.5               0.4375     0
             -0.34375                  0.5              0.40625     0
             -0.34375                  0.5                  0.5     0
             -0.34375                  0.5              0.46875     0
               -0.375                  0.5              0.46875     0
                 -0.5                  0.5               0.3125     0
              -0.4375                  0.5               0.3125     0
                 -0.5                  0.5              0.28125     0
             -0.46875                  0.5               0.3125     0
             -0.46875                  0.5              0.28125     0
              -0.4375                  0.5                0.375     0
             -0.46875                  0.5                0.375     0
             -0.46875                  0.5              0.34375     0
                 -0.5                  0.5              0.34375     0
             -0.40625                  0.5              0.34375     0
              -0.4375                  0.5              0.34375     0
             -0.40625                  0.5                0.375     0
             -0.40625                  0.5               0.4375     0
             -0.40625                  0.5              0.40625     0
              -0.4375                  0.5              0.40625     0
              -0.0625                  0.5                  0.5     0
              -0.0625                  0.5              0.46875     0
             -0.03125                  0.5                  0.5     0
               -0.125                  0.5               0.4375     0
               -0.125                  0.5              0.40625     0
             -0.09375                  0.5               0.4375     0
               -0.125                  0.5                  0.5     0
             -0.09375                  0.5                  0.5     0
             -0.09375                  0.5              0.46875     0
               -0.125                  0.5              0.46875     0
                -0.25                  0.5               0.3125     0
                -0.25                  0.5              0.28125     0
             -0.21875                  0.5               0.3125     0
                -0.25                  0.5                0.375     0
              -0.1875                  0.5                0.375     0
             -0.21875                  0.5                0.375     0
             -0.21875                  0.5              0.34375     0
                -0.25                  0.5              0.34375     0
              -0.1875                  0.5              0.34375     0
             -0.15625                  0.5                0.375     0
              -0.1875                  0.5                  0.5     0
                -0.25                  0.5               0.4375     0
             -0.21875                  0.5                  0.5     0
             -0.21875                  0.5              0.46875     0
                -0.25                  0.5              0.46875     0
              -0.1875                  0.5               0.4375     0
             -0.15625                  0.5              0.46875     0
              -0.1875                  0.5              0.46875     0
             -0.15625                  0.5                  0.5     0
                -0.25                  0.5              0.40625     0
             -0.21875                  0.5               0.4375     0
             -0.21875                  0.5              0.40625     0
             -0.15625                  0.5              0.40625     0
              -0.1875                  0.5              0.40625     0
             -0.15625                  0.5               0.4375     0
              -0.4375                  0.5              0.28125     0
               -0.375                  0.5               0.3125     0
               -0.375                  0.5              0.34375     0
             -0.40625                  0.5               0.3125     0
             -0.40625                  0.5              0.28125     0
               -0.375                  0.5              0.28125     0
             -0.28125                  0.5               0.4375     0
              -0.3125                  0.5                0.375     0
             -0.28125                  0.5                0.375     0
             -0.28125                  0.5              0.40625     0
              -0.3125                  0.5              0.40625     0
             -0.34375                  0.5                0.375     0
             -0.28125                  0.5              0.28125     0
              -0.3125                  0.5               0.3125     0
             -0.34375                  0.5              0.28125     0
              -0.3125                  0.5              0.28125     0
             -0.28125                  0.5               0.3125     0
             -0.28125                  0.5              0.34375     0
             -0.34375                  0.5              0.34375     0
              -0.3125                  0.5              0.34375     0
             -0.34375                  0.5               0.3125     0
                 -0.5                  0.5                    1     0
              -0.4375                  0.5                    1     0
                 -0.5                  0.5               0.9375     0
             -0.46875                  0.5                    1     0
             -0.46875                  0.5              0.96875     0
                 -0.5                  0.5              0.96875     0
               -0.375                  0.5                    1     0
              -0.4375                  0.5               0.9375     0
             -0.40625                  0.5              0.96875     0
              -0.4375                  0.5              0.96875     0
             -0.40625                  0.5                    1     0
                 -0.5                  0.5                0.875     0
                 -0.5                  0.5              0.90625     0
             -0.46875                  0.5               0.9375     0
             -0.46875                  0.5              0.90625     0
                -0.25                  0.5                    1     0
              -0.3125                  0.5               0.9375     0
              -0.3125                  0.5                    1     0
             -0.28125                  0.5              0.96875     0
              -0.3125                  0.5              0.96875     0
             -0.28125                  0.5                    1     0
               -0.375                  0.5                0.875     0
               -0.375                  0.5               0.9375     0
               -0.375                  0.5              0.90625     0
             -0.34375                  0.5               0.9375     0
             -0.34375                  0.5              0.90625     0
             -0.34375                  0.5                    1     0
             -0.34375                  0.5              0.96875     0
               -0.375                  0.5              0.96875     0
                 -0.5                  0.5                 0.75     0
                 -0.5                  0.5               0.8125     0
              -0.4375                  0.5               0.8125     0
                 -0.5                  0.5              0.78125     0
             -0.46875                  0.5               0.8125     0
             -0.46875                  0.5              0.78125     0
              -0.4375                  0.5                0.875     0
             -0.46875                  0.5                0.875     0
             -0.46875                  0.5              0.84375     0
                 -0.5                  0.5              0.84375     0
             -0.40625                  0.5              0.84375     0
              -0.4375                  0.5              0.84375     0
             -0.40625                  0.5                0.875     0
             -0.40625                  0.5               0.9375     0
             -0.40625                  0.5              0.90625     0
              -0.4375                  0.5              0.90625     0
                    0                  0.5                    1     0
              -0.0625                  0.5               0.9375     0
              -0.0625                  0.5                    1     0
             -0.03125                  0.5              0.96875     0
              -0.0625                  0.5              0.96875     0
             -0.03125                  0.5                    1     0
               -0.125                  0.5                0.875     0
               -0.125                  0.5               0.9375     0
               -0.125                  0.5              0.90625     0
             -0.09375                  0.5               0.9375     0
             -0.09375                  0.5              0.90625     0
               -0.125                  0.5                    1     0
             -0.09375                  0.5                    1     0
             -0.09375                  0.5              0.96875     0
               -0.125                  0.5              0.96875     0
                -0.25                  0.5                 0.75     0
                -0.25                  0.5               0.8125     0
              -0.1875                  0.5               0.8125     0
                -0.25                  0.5              0.78125     0
             -0.21875                  0.5               0.8125     0
             -0.21875                  0.5              0.78125     0
                -0.25                  0.5                0.875     0
              -0.1875                  0.5                0.875     0
             -0.21875                  0.5                0.875     0
             -0.21875                  0.5              0.84375     0
                -0.25                  0.5              0.84375     0
             -0.15625                  0.5              0.84375     0
              -0.1875                  0.5              0.84375     0
             -0.15625                  0.5                0.875     0
              -0.1875                  0.5                    1     0
                -0.25                  0.5               0.9375     0
             -0.21875                  0.5                    1     0
             -0.21875                  0.5              0.96875     0
                -0.25                  0.5              0.96875     0
              -0.1875                  0.5               0.9375     0
             -0.15625                  0.5              0.96875     0
              -0.1875                  0.5              0.96875     0
             -0.15625                  0.5                    1     0
                -0.25                  0.5              0.90625     0
             -0.21875                  0.5               0.9375     0
             -0.21875                  0.5              0.90625     0
             -0.15625                  0.5              0.90625     0
              -0.1875                  0.5              0.90625     0
             -0.15625                  0.5               0.9375     0
                 -0.5                  0.5               0.5625     0
              -0.4375                  0.5               0.5625     0
                 -0.5                  0.5              0.53125     0
             -0.46875                  0.5               0.5625     0
             -0.46875                  0.5              0.53125     0
                 -0.5                  0.5                0.625     0
              -0.4375                  0.5                0.625     0
             -0.46875                  0.5                0.625     0
             -0.46875                  0.5              0.59375     0
                 -0.5                  0.5              0.59375     0
               -0.375                  0.5                0.625     0
             -0.40625                  0.5              0.59375     0
              -0.4375                  0.5              0.59375     0
             -0.40625                  0.5                0.625     0
              -0.4375                  0.5                 0.75     0
                 -0.5                  0.5               0.6875     0
             -0.46875                  0.5                 0.75     0
             -0.46875                  0.5              0.71875     0
                 -0.5                  0.5              0.71875     0
               -0.375                  0.5                 0.75     0
              -0.4375                  0.5               0.6875     0
             -0.40625                  0.5              0.71875     0
              -0.4375                  0.5              0.71875     0
             -0.40625                  0.5                 0.75     0
                 -0.5                  0.5              0.65625     0
             -0.46875                  0.5               0.6875     0
             -0.46875                  0.5              0.65625     0
              -0.3125                  0.5               0.6875     0
              -0.3125                  0.5                 0.75     0
             -0.28125                  0.5              0.71875     0
              -0.3125                  0.5              0.71875     0
             -0.28125                  0.5                 0.75     0
               -0.375                  0.5               0.6875     0
               -0.375                  0.5              0.65625     0
             -0.34375                  0.5               0.6875     0
             -0.34375                  0.5              0.65625     0
             -0.34375                  0.5                 0.75     0
             -0.34375                  0.5              0.71875     0
               -0.375                  0.5              0.71875     0
              -0.4375                  0.5              0.65625     0
             -0.40625                  0.5               0.6875     0
             -0.40625                  0.5              0.65625     0
             -0.28125                  0.5               0.9375     0
              -0.3125                  0.5                0.875     0
             -0.28125                  0.5                0.875     0
             -0.28125                  0.5              0.90625     0
              -0.3125                  0.5              0.90625     0
             -0.34375                  0.5                0.875     0
             -0.28125                  0.5              0.78125     0
              -0.3125                  0.5               0.8125     0
             -0.34375                  0.5              0.78125     0
              -0.3125                  0.5              0.78125     0
             -0.28125                  0.5               0.8125     0
             -0.28125                  0.5              0.84375     0
              -0.4375                  0.5              0.78125     0
               -0.375                  0.5               0.8125     0
               -0.375                  0.5              0.84375     0
             -0.40625                  0.5               0.8125     0
             -0.40625                  0.5              0.78125     0
               -0.375                  0.5              0.78125     0
              -0.3125                  0.5              0.84375     0
             -0.34375                  0.5               0.8125     0
             -0.34375                  0.5              0.84375     0
               0.4375                  0.5                    1     0
               0.4375                  0.5              0.96875     0
              0.46875                  0.5                    1     0
                0.375                  0.5               0.9375     0
                0.375                  0.5              0.90625     0
              0.40625                  0.5               0.9375     0
                0.375                  0.5                    1     0
              0.40625                  0.5                    1     0
              0.40625                  0.5              0.96875     0
                0.375                  0.5              0.96875     0
                 0.25                  0.5               0.8125     0
                 0.25                  0.5              0.78125     0
              0.28125                  0.5               0.8125     0
                 0.25                  0.5                0.875     0
               0.3125                  0.5                0.875     0
              0.28125                  0.5                0.875     0
              0.28125                  0.5              0.84375     0
                 0.25                  0.5              0.84375     0
               0.3125                  0.5              0.84375     0
              0.34375                  0.5                0.875     0
                 0.25                  0.5                    1     0
               0.3125                  0.5                    1     0
                 0.25                  0.5               0.9375     0
              0.28125                  0.5                    1     0
              0.28125                  0.5              0.96875     0
                 0.25                  0.5              0.96875     0
               0.3125                  0.5               0.9375     0
              0.34375                  0.5              0.96875     0
               0.3125                  0.5              0.96875     0
              0.34375                  0.5                    1     0
                 0.25                  0.5              0.90625     0
              0.28125                  0.5               0.9375     0
              0.28125                  0.5              0.90625     0
              0.34375                  0.5              0.90625     0
               0.3125                  0.5              0.90625     0
              0.34375                  0.5               0.9375     0
                    0                  0.5               0.5625     0
                    0                  0.5              0.53125     0
              0.03125                  0.5               0.5625     0
                    0                  0.5                0.625     0
               0.0625                  0.5                0.625     0
              0.03125                  0.5                0.625     0
              0.03125                  0.5              0.59375     0
                    0                  0.5              0.59375     0
               0.0625                  0.5              0.59375     0
              0.09375                  0.5                0.625     0
                    0                  0.5                 0.75     0
               0.0625                  0.5                 0.75     0
                    0                  0.5               0.6875     0
              0.03125                  0.5                 0.75     0
              0.03125                  0.5              0.71875     0
                    0                  0.5              0.71875     0
                0.125                  0.5                 0.75     0
               0.0625                  0.5               0.6875     0
              0.09375                  0.5              0.71875     0
               0.0625                  0.5              0.71875     0
              0.09375                  0.5                 0.75     0
                    0                  0.5              0.65625     0
              0.03125                  0.5               0.6875     0
              0.03125                  0.5              0.65625     0
               0.1875                  0.5                 0.75     0
               0.1875                  0.5              0.71875     0
              0.21875                  0.5                 0.75     0
                0.125                  0.5               0.6875     0
                0.125                  0.5              0.65625     0
              0.15625                  0.5               0.6875     0
              0.15625                  0.5                 0.75     0
              0.15625                  0.5              0.71875     0
                0.125                  0.5              0.71875     0
               0.0625                  0.5              0.65625     0
              0.09375                  0.5               0.6875     0
              0.09375                  0.5              0.65625     0
               0.0625                  0.5                    1     0
                    0                  0.5               0.9375     0
              0.03125                  0.5                    1     0
              0.03125                  0.5              0.96875     0
                    0                  0.5              0.96875     0
                0.125                  0.5                    1     0
               0.0625                  0.5               0.9375     0
              0.09375                  0.5              0.96875     0
               0.0625                  0.5              0.96875     0
              0.09375                  0.5                    1     0
                    0                  0.5                0.875     0
                    0                  0.5              0.90625     0
              0.03125                  0.5               0.9375     0
              0.03125                  0.5              0.90625     0
               0.1875                  0.5               0.9375     0
               0.1875                  0.5                    1     0
              0.21875                  0.5              0.96875     0
               0.1875                  0.5              0.96875     0
              0.21875                  0.5                    1     0
                0.125                  0.5                0.875     0
                0.125                  0.5               0.9375     0
                0.125                  0.5              0.90625     0
              0.15625                  0.5               0.9375     0
              0.15625                  0.5              0.90625     0
              0.15625                  0.5                    1     0
              0.15625                  0.5              0.96875     0
                0.125                  0.5              0.96875     0
                    0                  0.5               0.8125     0
               0.0625                  0.5               0.8125     0
                    0                  0.5              0.78125     0
              0.03125                  0.5               0.8125     0
              0.03125                  0.5              0.78125     0
               0.0625                  0.5                0.875     0
              0.03125                  0.5                0.875     0
              0.03125                  0.5              0.84375     0
                    0                  0.5              0.84375     0
              0.09375                  0.5              0.84375     0
               0.0625                  0.5              0.84375     0
              0.09375                  0.5                0.875     0
              0.09375                  0.5               0.9375     0
              0.09375                  0.5              0.90625     0
               0.0625                  0.5              0.90625     0
              0.21875                  0.5              0.78125     0
               0.1875                  0.5               0.8125     0
              0.15625                  0.5              0.78125     0
               0.1875                  0.5              0.78125     0
              0.21875                  0.5               0.8125     0
              0.21875                  0.5              0.84375     0
               0.0625                  0.5              0.78125     0
                0.125                  0.5               0.8125     0
                0.125                  0.5              0.84375     0
              0.09375                  0.5               0.8125     0
              0.09375                  0.5              0.78125     0
                0.125                  0.5              0.78125     0
              0.21875                  0.5               0.9375     0
               0.1875                  0.5                0.875     0
              0.21875                  0.5                0.875     0
              0.21875                  0.5              0.90625     0
               0.1875                  0.5              0.90625     0
              0.15625                  0.5                0.875     0
              0.15625                  0.5               0.8125     0
              0.15625                  0.5              0.84375     0
               0.1875                  0.5              0.84375     0
              -0.4375                  0.5              0.53125     0
               -0.375                  0.5               0.5625     0
               -0.375                  0.5              0.59375     0
             -0.40625                  0.5               0.5625     0
             -0.40625                  0.5              0.53125     0
               -0.375                  0.5              0.53125     0
                -0.25                  0.5               0.6875     0
                -0.25                  0.5              0.71875     0
             -0.28125                  0.5               0.6875     0
                -0.25                  0.5                0.625     0
              -0.3125                  0.5                0.625     0
             -0.28125                  0.5                0.625     0
             -0.28125                  0.5              0.65625     0
                -0.25                  0.5              0.65625     0
              -0.3125                  0.5              0.65625     0
             -0.34375                  0.5                0.625     0
                -0.25                  0.5               0.5625     0
             -0.28125                  0.5              0.53125     0
                -0.25                  0.5              0.53125     0
              -0.3125                  0.5               0.5625     0
             -0.34375                  0.5              0.53125     0
              -0.3125                  0.5              0.53125     0
                -0.25                  0.5              0.59375     0
             -0.28125                  0.5               0.5625     0
             -0.28125                  0.5              0.59375     0
             -0.34375                  0.5              0.59375     0
              -0.3125                  0.5              0.59375     0
             -0.34375                  0.5               0.5625     0
             -0.03125                  0.5               0.9375     0
              -0.0625                  0.5                0.875     0
             -0.03125                  0.5                0.875     0
             -0.03125                  0.5              0.90625     0
              -0.0625                  0.5              0.90625     0
             -0.09375                  0.5                0.875     0
              -0.0625                  0.5                 0.75     0
             -0.03125                  0.5                 0.75     0
             -0.03125                  0.5              0.78125     0
               -0.125                  0.5                 0.75     0
              -0.0625                  0.5               0.8125     0
             -0.09375                  0.5              0.78125     0
              -0.0625                  0.5              0.78125     0
             -0.09375                  0.5                 0.75     0
             -0.03125                  0.5               0.8125     0
             -0.03125                  0.5              0.84375     0
              -0.1875                  0.5                 0.75     0
              -0.1875                  0.5              0.78125     0
             -0.21875                  0.5                 0.75     0
               -0.125                  0.5               0.8125     0
               -0.125                  0.5              0.84375     0
             -0.15625                  0.5               0.8125     0
             -0.15625                  0.5                 0.75     0
             -0.15625                  0.5              0.78125     0
               -0.125                  0.5              0.78125     0
              -0.0625                  0.5              0.84375     0
             -0.09375                  0.5               0.8125     0
             -0.09375                  0.5              0.84375     0
             -0.03125                  0.5              0.53125     0
              -0.0625                  0.5               0.5625     0
             -0.09375                  0.5              0.53125     0
              -0.0625                  0.5              0.53125     0
             -0.03125                  0.5               0.5625     0
             -0.03125                  0.5              0.59375     0
              -0.1875                  0.5               0.5625     0
             -0.21875                  0.5              0.53125     0
              -0.1875                  0.5              0.53125     0
               -0.125                  0.5                0.625     0
               -0.125                  0.5               0.5625     0
               -0.125                  0.5              0.59375     0
             -0.15625                  0.5               0.5625     0
             -0.15625                  0.5              0.59375     0
             -0.15625                  0.5              0.53125     0
               -0.125                  0.5              0.53125     0
              -0.0625                  0.5               0.6875     0
             -0.03125                  0.5               0.6875     0
             -0.03125                  0.5              0.71875     0
              -0.0625                  0.5                0.625     0
             -0.03125                  0.5                0.625     0
             -0.03125                  0.5              0.65625     0
             -0.09375                  0.5              0.65625     0
              -0.0625                  0.5              0.65625     0
             -0.09375                  0.5                0.625     0
             -0.09375                  0.5               0.5625     0
             -0.09375                  0.5              0.59375     0
              -0.0625                  0.5              0.59375     0
             -0.21875                  0.5              0.71875     0
              -0.1875                  0.5               0.6875     0
             -0.15625                  0.5              0.71875     0
              -0.1875                  0.5              0.71875     0
             -0.21875                  0.5               0.6875     0
             -0.21875                  0.5              0.65625     0
              -0.0625                  0.5              0.71875     0
               -0.125                  0.5               0.6875     0
               -0.125                  0.5              0.65625     0
             -0.09375                  0.5               0.6875     0
             -0.09375                  0.5              0.71875     0
               -0.125                  0.5              0.71875     0
             -0.21875                  0.5               0.5625     0
              -0.1875                  0.5                0.625     0
             -0.21875                  0.5                0.625     0
             -0.21875                  0.5              0.59375     0
              -0.1875                  0.5              0.59375     0
             -0.15625                  0.5                0.625     0
             -0.15625                  0.5               0.6875     0
             -0.15625                  0.5              0.65625     0
              -0.1875                  0.5              0.65625     0
                 -0.5               0.4375               0.0625     0
                 -0.5              0.46875              0.03125     0
                 -0.5              0.46875               0.0625     0
                 -0.5                0.375                0.125     0
                 -0.5               0.4375                0.125     0
                 -0.5              0.40625                0.125     0
                 -0.5               0.4375              0.09375     0
                 -0.5              0.40625              0.09375     0
                 -0.5              0.46875              0.09375     0
                 -0.5              0.46875                0.125     0
                 -0.5                 0.25                 0.25     0
                 -0.5               0.3125                 0.25     0
                 -0.5               0.3125               0.1875     0
                 -0.5              0.28125                 0.25     0
                 -0.5               0.3125              0.21875     0
                 -0.5              0.28125              0.21875     0
                 -0.5                0.375                 0.25     0
                 -0.5                0.375               0.1875     0
                 -0.5                0.375              0.21875     0
                 -0.5              0.34375              0.21875     0
                 -0.5              0.34375                 0.25     0
                 -0.5              0.34375              0.15625     0
                 -0.5              0.34375               0.1875     0
                 -0.5                0.375              0.15625     0
                 -0.5               0.4375                 0.25     0
                 -0.5              0.46875              0.21875     0
                 -0.5              0.46875                 0.25     0
                 -0.5               0.4375               0.1875     0
                 -0.5              0.46875              0.15625     0
                 -0.5              0.46875               0.1875     0
                 -0.5              0.40625                 0.25     0
                 -0.5               0.4375              0.21875     0
                 -0.5              0.40625              0.21875     0
                 -0.5              0.40625              0.15625     0
                 -0.5              0.40625               0.1875     0
                 -0.5               0.4375              0.15625     0
                 -0.5                    0                  0.5     0
                 -0.5               0.0625                  0.5     0
                 -0.5               0.0625               0.4375     0
                 -0.5              0.03125                  0.5     0
                 -0.5               0.0625              0.46875     0
                 -0.5              0.03125              0.46875     0
                 -0.5                0.125                  0.5     0
                 -0.5                0.125               0.4375     0
                 -0.5                0.125              0.46875     0
                 -0.5              0.09375              0.46875     0
                 -0.5              0.09375                  0.5     0
                 -0.5                0.125                0.375     0
                 -0.5              0.09375              0.40625     0
                 -0.5              0.09375               0.4375     0
                 -0.5                0.125              0.40625     0
                 -0.5                 0.25                  0.5     0
                 -0.5                 0.25               0.4375     0
                 -0.5               0.1875                  0.5     0
                 -0.5                 0.25              0.46875     0
                 -0.5              0.21875              0.46875     0
                 -0.5              0.21875                  0.5     0
                 -0.5                 0.25                0.375     0
                 -0.5               0.1875               0.4375     0
                 -0.5              0.21875              0.40625     0
                 -0.5              0.21875               0.4375     0
                 -0.5                 0.25              0.40625     0
                 -0.5              0.15625                  0.5     0
                 -0.5               0.1875              0.46875     0
                 -0.5              0.15625              0.46875     0
                 -0.5               0.1875               0.3125     0
                 -0.5                 0.25               0.3125     0
                 -0.5              0.21875              0.28125     0
                 -0.5              0.21875               0.3125     0
                 -0.5                 0.25              0.28125     0
                 -0.5               0.1875                0.375     0
                 -0.5              0.15625                0.375     0
                 -0.5               0.1875              0.34375     0
                 -0.5              0.15625              0.34375     0
                 -0.5                 0.25              0.34375     0
                 -0.5              0.21875              0.34375     0
                 -0.5              0.21875                0.375     0
                 -0.5              0.15625               0.4375     0
                 -0.5               0.1875              0.40625     0
                 -0.5              0.15625              0.40625     0
                 -0.5               0.4375                  0.5     0
                 -0.5              0.46875              0.46875     0
                 -0.5              0.46875                  0.5     0
                 -0.5               0.4375               0.4375     0
                 -0.5              0.46875              0.40625     0
                 -0.5              0.46875               0.4375     0
                 -0.5                0.375                  0.5     0
                 -0.5              0.40625                  0.5     0
                 -0.5               0.4375              0.46875     0
                 -0.5              0.40625              0.46875     0
                 -0.5               0.4375               0.3125     0
                 -0.5              0.46875              0.28125     0
                 -0.5              0.46875               0.3125     0
                 -0.5                0.375                0.375     0
                 -0.5               0.4375                0.375     0
                 -0.5              0.40625                0.375     0
                 -0.5               0.4375              0.34375     0
                 -0.5              0.40625              0.34375     0
                 -0.5              0.46875              0.34375     0
                 -0.5              0.46875                0.375     0
                 -0.5               0.3125                  0.5     0
                 -0.5               0.3125               0.4375     0
                 -0.5              0.28125                  0.5     0
                 -0.5               0.3125              0.46875     0
                 -0.5              0.28125              0.46875     0
                 -0.5                0.375               0.4375     0
                 -0.5                0.375              0.46875     0
                 -0.5              0.34375              0.46875     0
                 -0.5              0.34375                  0.5     0
                 -0.5              0.34375              0.40625     0
                 -0.5              0.34375               0.4375     0
                 -0.5                0.375              0.40625     0
                 -0.5               0.4375              0.40625     0
                 -0.5              0.40625              0.40625     0
                 -0.5              0.40625               0.4375     0
                 -0.5              0.28125              0.28125     0
                 -0.5               0.3125               0.3125     0
                 -0.5              0.28125              0.34375     0
                 -0.5              0.28125               0.3125     0
                 -0.5               0.3125              0.28125     0
                 -0.5              0.34375              0.28125     0
                 -0.5              0.28125               0.4375     0
                 -0.5               0.3125                0.375     0
                 -0.5              0.34375                0.375     0
                 -0.5               0.3125              0.40625     0
                 -0.5              0.28125              0.40625     0
                 -0.5              0.28125                0.375     0
                 -0.5               0.4375              0.28125     0
                 -0.5                0.375               0.3125     0
                 -0.5                0.375              0.28125     0
                 -0.5              0.40625              0.28125     0
                 -0.5              0.40625               0.3125     0
                 -0.5                0.375              0.34375     0
                 -0.5               0.3125              0.34375     0
                 -0.5              0.34375              0.34375     0
                 -0.5              0.34375               0.3125     0
                 -0.5              -0.4375                    1     0
                 -0.5              -0.4375               0.9375     0
                 -0.5             -0.46875                    1     0
                 -0.5              -0.4375              0.96875     0
                 -0.5             -0.46875              0.96875     0
                 -0.5               -0.375                    1     0
                 -0.5               -0.375               0.9375     0
                 -0.5               -0.375              0.96875     0
                 -0.5             -0.40625              0.96875     0
                 -0.5             -0.40625                    1     0
                 -0.5               -0.375                0.875     0
                 -0.5             -0.40625              0.90625     0
                 -0.5             -0.40625               0.9375     0
                 -0.5               -0.375              0.90625     0
                 -0.5                -0.25                    1     0
                 -0.5                -0.25               0.9375     0
                 -0.5              -0.3125                    1     0
                 -0.5                -0.25              0.96875     0
                 -0.5             -0.28125              0.96875     0
                 -0.5             -0.28125                    1     0
                 -0.5                -0.25                0.875     0
                 -0.5              -0.3125               0.9375     0
                 -0.5             -0.28125              0.90625     0
                 -0.5             -0.28125               0.9375     0
                 -0.5                -0.25              0.90625     0
                 -0.5             -0.34375                    1     0
                 -0.5              -0.3125              0.96875     0
                 -0.5             -0.34375              0.96875     0
                 -0.5                -0.25                 0.75     0
                 -0.5              -0.3125               0.8125     0
                 -0.5                -0.25               0.8125     0
                 -0.5             -0.28125              0.78125     0
                 -0.5             -0.28125               0.8125     0
                 -0.5                -0.25              0.78125     0
                 -0.5              -0.3125                0.875     0
                 -0.5             -0.34375                0.875     0
                 -0.5              -0.3125              0.84375     0
                 -0.5             -0.34375              0.84375     0
                 -0.5                -0.25              0.84375     0
                 -0.5             -0.28125              0.84375     0
                 -0.5             -0.28125                0.875     0
                 -0.5             -0.34375               0.9375     0
                 -0.5              -0.3125              0.90625     0
                 -0.5             -0.34375              0.90625     0
                 -0.5                    0                    1     0
                 -0.5                    0               0.9375     0
                 -0.5              -0.0625                    1     0
                 -0.5                    0              0.96875     0
                 -0.5             -0.03125              0.96875     0
                 -0.5             -0.03125                    1     0
                 -0.5                    0                0.875     0
                 -0.5              -0.0625               0.9375     0
                 -0.5             -0.03125              0.90625     0
                 -0.5             -0.03125               0.9375     0
                 -0.5                    0              0.90625     0
                 -0.5               -0.125                    1     0
                 -0.5             -0.09375                    1     0
                 -0.5              -0.0625              0.96875     0
                 -0.5             -0.09375              0.96875     0
                 -0.5                    0                 0.75     0
                 -0.5              -0.0625               0.8125     0
                 -0.5                    0               0.8125     0
                 -0.5             -0.03125              0.78125     0
                 -0.5             -0.03125               0.8125     0
                 -0.5                    0              0.78125     0
                 -0.5               -0.125                0.875     0
                 -0.5              -0.0625                0.875     0
                 -0.5             -0.09375                0.875     0
                 -0.5              -0.0625              0.84375     0
                 -0.5             -0.09375              0.84375     0
                 -0.5                    0              0.84375     0
                 -0.5             -0.03125              0.84375     0
                 -0.5             -0.03125                0.875     0
                 -0.5              -0.1875                    1     0
                 -0.5              -0.1875               0.9375     0
                 -0.5             -0.21875                    1     0
                 -0.5              -0.1875              0.96875     0
                 -0.5             -0.21875              0.96875     0
                 -0.5               -0.125               0.9375     0
                 -0.5               -0.125              0.96875     0
                 -0.5             -0.15625              0.96875     0
                 -0.5             -0.15625                    1     0
                 -0.5             -0.15625              0.90625     0
                 -0.5             -0.15625               0.9375     0
                 -0.5               -0.125              0.90625     0
                 -0.5              -0.0625              0.90625     0
                 -0.5             -0.09375              0.90625     0
                 -0.5             -0.09375               0.9375     0
                 -0.5              -0.0625               0.5625     0
                 -0.5                    0               0.5625     0
                 -0.5             -0.03125              0.53125     0
                 -0.5             -0.03125               0.5625     0
                 -0.5                    0              0.53125     0
                 -0.5               -0.125                0.625     0
                 -0.5              -0.0625                0.625     0
                 -0.5             -0.09375                0.625     0
                 -0.5              -0.0625              0.59375     0
                 -0.5             -0.09375              0.59375     0
                 -0.5                    0                0.625     0
                 -0.5                    0              0.59375     0
                 -0.5             -0.03125              0.59375     0
                 -0.5             -0.03125                0.625     0
                 -0.5              -0.1875                 0.75     0
                 -0.5              -0.1875               0.6875     0
                 -0.5             -0.21875                 0.75     0
                 -0.5              -0.1875              0.71875     0
                 -0.5             -0.21875              0.71875     0
                 -0.5               -0.125                 0.75     0
                 -0.5               -0.125               0.6875     0
                 -0.5               -0.125              0.71875     0
                 -0.5             -0.15625              0.71875     0
                 -0.5             -0.15625                 0.75     0
                 -0.5             -0.15625              0.65625     0
                 -0.5             -0.15625               0.6875     0
                 -0.5               -0.125              0.65625     0
                 -0.5                    0               0.6875     0
                 -0.5              -0.0625                 0.75     0
                 -0.5                    0              0.71875     0
                 -0.5             -0.03125              0.71875     0
                 -0.5             -0.03125                 0.75     0
                 -0.5              -0.0625               0.6875     0
                 -0.5             -0.03125              0.65625     0
                 -0.5             -0.03125               0.6875     0
                 -0.5                    0              0.65625     0
                 -0.5             -0.09375                 0.75     0
                 -0.5              -0.0625              0.71875     0
                 -0.5             -0.09375              0.71875     0
                 -0.5             -0.09375              0.65625     0
                 -0.5             -0.09375               0.6875     0
                 -0.5              -0.0625              0.65625     0
                 -0.5             -0.21875               0.9375     0
                 -0.5              -0.1875                0.875     0
                 -0.5             -0.15625                0.875     0
                 -0.5              -0.1875              0.90625     0
                 -0.5             -0.21875              0.90625     0
                 -0.5             -0.21875                0.875     0
                 -0.5              -0.0625              0.78125     0
                 -0.5               -0.125               0.8125     0
                 -0.5               -0.125              0.78125     0
                 -0.5             -0.09375              0.78125     0
                 -0.5             -0.09375               0.8125     0
                 -0.5               -0.125              0.84375     0
                 -0.5             -0.21875              0.78125     0
                 -0.5              -0.1875               0.8125     0
                 -0.5             -0.21875              0.84375     0
                 -0.5             -0.21875               0.8125     0
                 -0.5              -0.1875              0.78125     0
                 -0.5             -0.15625              0.78125     0
                 -0.5             -0.15625              0.84375     0
                 -0.5             -0.15625               0.8125     0
                 -0.5              -0.1875              0.84375     0
                 -0.5               0.4375                    1     0
                 -0.5              0.46875              0.96875     0
                 -0.5              0.46875                    1     0
                 -0.5               0.4375               0.9375     0
                 -0.5              0.46875              0.90625     0
                 -0.5              0.46875               0.9375     0
                 -0.5                0.375                    1     0
                 -0.5              0.40625                    1     0
                 -0.5               0.4375              0.96875     0
                 -0.5              0.40625              0.96875     0
                 -0.5               0.4375               0.8125     0
                 -0.5              0.46875              0.78125     0
                 -0.5              0.46875               0.8125     0
                 -0.5                0.375                0.875     0
                 -0.5               0.4375                0.875     0
                 -0.5              0.40625                0.875     0
                 -0.5               0.4375              0.84375     0
                 -0.5              0.40625              0.84375     0
                 -0.5              0.46875              0.84375     0
                 -0.5              0.46875                0.875     0
                 -0.5                 0.25                    1     0
                 -0.5               0.3125                    1     0
                 -0.5               0.3125               0.9375     0
                 -0.5              0.28125                    1     0
                 -0.5               0.3125              0.96875     0
                 -0.5              0.28125              0.96875     0
                 -0.5                0.375               0.9375     0
                 -0.5                0.375              0.96875     0
                 -0.5              0.34375              0.96875     0
                 -0.5              0.34375                    1     0
                 -0.5              0.34375              0.90625     0
                 -0.5              0.34375               0.9375     0
                 -0.5                0.375              0.90625     0
                 -0.5               0.4375              0.90625     0
                 -0.5              0.40625              0.90625     0
                 -0.5              0.40625               0.9375     0
                 -0.5               0.4375               0.5625     0
                 -0.5              0.46875              0.53125     0
                 -0.5              0.46875               0.5625     0
                 -0.5                0.375                0.625     0
                 -0.5               0.4375                0.625     0
                 -0.5              0.40625                0.625     0
                 -0.5               0.4375              0.59375     0
                 -0.5              0.40625              0.59375     0
                 -0.5              0.46875              0.59375     0
                 -0.5              0.46875                0.625     0
                 -0.5                 0.25                 0.75     0
                 -0.5               0.3125                 0.75     0
                 -0.5               0.3125               0.6875     0
                 -0.5              0.28125                 0.75     0
                 -0.5               0.3125              0.71875     0
                 -0.5              0.28125              0.71875     0
                 -0.5                0.375                 0.75     0
                 -0.5                0.375               0.6875     0
                 -0.5                0.375              0.71875     0
                 -0.5              0.34375              0.71875     0
                 -0.5              0.34375                 0.75     0
                 -0.5              0.34375              0.65625     0
                 -0.5              0.34375               0.6875     0
                 -0.5                0.375              0.65625     0
                 -0.5               0.4375                 0.75     0
                 -0.5              0.46875              0.71875     0
                 -0.5              0.46875                 0.75     0
                 -0.5               0.4375               0.6875     0
                 -0.5              0.46875              0.65625     0
                 -0.5              0.46875               0.6875     0
                 -0.5              0.40625                 0.75     0
                 -0.5               0.4375              0.71875     0
                 -0.5              0.40625              0.71875     0
                 -0.5              0.40625              0.65625     0
                 -0.5              0.40625               0.6875     0
                 -0.5               0.4375              0.65625     0
                 -0.5               0.0625                    1     0
                 -0.5               0.0625               0.9375     0
                 -0.5              0.03125                    1     0
                 -0.5               0.0625              0.96875     0
                 -0.5              0.03125              0.96875     0
                 -0.5                0.125                    1     0
                 -0.5                0.125               0.9375     0
                 -0.5                0.125              0.96875     0
                 -0.5              0.09375              0.96875     0
                 -0.5              0.09375                    1     0
                 -0.5                0.125                0.875     0
                 -0.5              0.09375              0.90625     0
                 -0.5              0.09375               0.9375     0
                 -0.5                0.125              0.90625     0
                 -0.5                 0.25               0.9375     0
                 -0.5               0.1875                    1     0
                 -0.5                 0.25              0.96875     0
                 -0.5              0.21875              0.96875     0
                 -0.5              0.21875                    1     0
                 -0.5                 0.25                0.875     0
                 -0.5               0.1875               0.9375     0
                 -0.5              0.21875              0.90625     0
                 -0.5              0.21875               0.9375     0
                 -0.5                 0.25              0.90625     0
                 -0.5              0.15625                    1     0
                 -0.5               0.1875              0.96875     0
                 -0.5              0.15625              0.96875     0
                 -0.5               0.1875               0.8125     0
                 -0.5                 0.25               0.8125     0
                 -0.5              0.21875              0.78125     0
                 -0.5              0.21875               0.8125     0
                 -0.5                 0.25              0.78125     0
                 -0.5               0.1875                0.875     0
                 -0.5              0.15625                0.875     0
                 -0.5               0.1875              0.84375     0
                 -0.5              0.15625              0.84375     0
                 -0.5                 0.25              0.84375     0
                 -0.5              0.21875              0.84375     0
                 -0.5              0.21875                0.875     0
                 -0.5              0.15625               0.9375     0
                 -0.5               0.1875              0.90625     0
                 -0.5              0.15625              0.90625     0
                 -0.5               0.4375              0.78125     0
                 -0.5                0.375               0.8125     0
                 -0.5                0.375              0.78125     0
                 -0.5              0.40625              0.78125     0
                 -0.5              0.40625               0.8125     0
                 -0.5                0.375              0.84375     0
                 -0.5              0.28125              0.78125     0
                 -0.5               0.3125               0.8125     0
                 -0.5              0.28125              0.84375     0
                 -0.5              0.28125               0.8125     0
                 -0.5               0.3125              0.78125     0
                 -0.5              0.34375              0.78125     0
                 -0.5              0.28125               0.9375     0
                 -0.5               0.3125                0.875     0
                 -0.5              0.34375                0.875     0
                 -0.5               0.3125              0.90625     0
                 -0.5              0.28125              0.90625     0
                 -0.5              0.28125                0.875     0
                 -0.5              0.34375               0.8125     0
                 -0.5               0.3125              0.84375     0
                 -0.5              0.34375              0.84375     0
                 -0.5              0.03125              0.53125     0
                 -0.5               0.0625               0.5625     0
                 -0.5              0.03125              0.59375     0
                 -0.5              0.03125               0.5625     0
                 -0.5               0.0625              0.53125     0
                 -0.5              0.09375              0.53125     0
                 -0.5               0.0625               0.6875     0
                 -0.5              0.03125              0.71875     0
                 -0.5              0.03125               0.6875     0
                 -0.5                0.125                0.625     0
                 -0.5               0.0625                0.625     0
                 -0.5              0.09375                0.625     0
                 -0.5               0.0625              0.65625     0
                 -0.5              0.09375              0.65625     0
                 -0.5              0.03125              0.65625     0
                 -0.5              0.03125                0.625     0
                 -0.5               0.1875               0.5625     0
                 -0.5               0.1875              0.53125     0
                 -0.5              0.21875              0.53125     0
                 -0.5                0.125               0.5625     0
                 -0.5                0.125              0.53125     0
                 -0.5              0.15625              0.53125     0
                 -0.5              0.15625              0.59375     0
                 -0.5              0.15625               0.5625     0
                 -0.5                0.125              0.59375     0
                 -0.5               0.0625              0.59375     0
                 -0.5              0.09375              0.59375     0
                 -0.5              0.09375               0.5625     0
                 -0.5              0.03125               0.9375     0
                 -0.5               0.0625                0.875     0
                 -0.5              0.09375                0.875     0
                 -0.5               0.0625              0.90625     0
                 -0.5              0.03125              0.90625     0
                 -0.5              0.03125                0.875     0
                 -0.5               0.1875                 0.75     0
                 -0.5              0.21875                 0.75     0
                 -0.5               0.1875              0.78125     0
                 -0.5                0.125                 0.75     0
                 -0.5                0.125               0.8125     0
                 -0.5                0.125              0.78125     0
                 -0.5              0.15625              0.78125     0
                 -0.5              0.15625                 0.75     0
                 -0.5              0.15625               0.8125     0
                 -0.5                0.125              0.84375     0
                 -0.5               0.0625                 0.75     0
                 -0.5              0.03125              0.78125     0
                 -0.5              0.03125                 0.75     0
                 -0.5               0.0625               0.8125     0
                 -0.5              0.03125              0.84375     0
                 -0.5              0.03125               0.8125     0
                 -0.5              0.09375                 0.75     0
                 -0.5               0.0625              0.78125     0
                 -0.5              0.09375              0.78125     0
                 -0.5              0.09375              0.84375     0
                 -0.5              0.09375               0.8125     0
                 -0.5               0.0625              0.84375     0
                 -0.5               0.4375              0.53125     0
                 -0.5                0.375               0.5625     0
                 -0.5                0.375              0.53125     0
                 -0.5              0.40625              0.53125     0
                 -0.5              0.40625               0.5625     0
                 -0.5                0.375              0.59375     0
                 -0.5                 0.25               0.5625     0
                 -0.5                 0.25              0.53125     0
                 -0.5              0.28125              0.53125     0
                 -0.5                 0.25                0.625     0
                 -0.5               0.3125               0.5625     0
                 -0.5              0.28125              0.59375     0
                 -0.5              0.28125               0.5625     0
                 -0.5                 0.25              0.59375     0
                 -0.5               0.3125              0.53125     0
                 -0.5              0.34375              0.53125     0
                 -0.5                 0.25               0.6875     0
                 -0.5              0.28125               0.6875     0
                 -0.5                 0.25              0.71875     0
                 -0.5               0.3125                0.625     0
                 -0.5              0.34375                0.625     0
                 -0.5               0.3125              0.65625     0
                 -0.5                 0.25              0.65625     0
                 -0.5              0.28125              0.65625     0
                 -0.5              0.28125                0.625     0
                 -0.5              0.34375               0.5625     0
                 -0.5               0.3125              0.59375     0
                 -0.5              0.34375              0.59375     0
                 -0.5               0.0625              0.71875     0
                 -0.5                0.125               0.6875     0
                 -0.5                0.125              0.71875     0
                 -0.5              0.09375              0.71875     0
                 -0.5              0.09375               0.6875     0
                 -0.5                0.125              0.65625     0
                 -0.5              0.21875              0.71875     0
                 -0.5               0.1875               0.6875     0
                 -0.5              0.21875              0.65625     0
                 -0.5              0.21875               0.6875     0
                 -0.5               0.1875              0.71875     0
                 -0.5              0.15625              0.71875     0
                 -0.5              0.21875               0.5625     0
                 -0.5               0.1875                0.625     0
                 -0.5              0.15625                0.625     0
                 -0.5               0.1875              0.59375     0
                 -0.5              0.21875              0.59375     0
                 -0.5              0.21875                0.625     0
                 -0.5              0.15625               0.6875     0
                 -0.5               0.1875              0.65625     0
                 -0.5              0.15625              0.65625     0
                 -0.5               0.4375              0.03125     0
                 -0.5                0.375               0.0625     0
                 -0.5                0.375              0.03125     0
                 -0.5              0.40625              0.03125     0
                 -0.5              0.40625               0.0625     0
                 -0.5                0.375              0.09375     0
                 -0.5                 0.25               0.0625     0
                 -0.5                 0.25              0.03125     0
                 -0.5              0.28125              0.03125     0
                 -0.5                 0.25                0.125     0
                 -0.5               0.3125               0.0625     0
                 -0.5              0.28125              0.09375     0
                 -0.5              0.28125               0.0625     0
                 -0.5                 0.25              0.09375     0
                 -0.5               0.3125              0.03125     0
                 -0.5              0.34375              0.03125     0
                 -0.5                 0.25               0.1875     0
                 -0.5              0.28125               0.1875     0
                 -0.5                 0.25              0.21875     0
                 -0.5               0.3125                0.125     0
                 -0.5              0.34375                0.125     0
                 -0.5               0.3125              0.15625     0
                 -0.5                 0.25              0.15625     0
                 -0.5              0.28125              0.15625     0
                 -0.5              0.28125                0.125     0
                 -0.5              0.34375               0.0625     0
                 -0.5               0.3125              0.09375     0
                 -0.5              0.34375              0.09375     0
                 -0.5                    0               0.0625     0
                 -0.5                    0              0.03125     0
                 -0.5              0.03125              0.03125     0
                 -0.5                    0                0.125     0
                 -0.5               0.0625               0.0625     0
                 -0.5              0.03125              0.09375     0
                 -0.5              0.03125               0.0625     0
                 -0.5                    0              0.09375     0
                 -0.5               0.0625              0.03125     0
                 -0.5              0.09375              0.03125     0
                 -0.5                    0                 0.25     0
                 -0.5               0.0625               0.1875     0
                 -0.5                    0               0.1875     0
                 -0.5              0.03125              0.21875     0
                 -0.5              0.03125               0.1875     0
                 -0.5                    0              0.21875     0
                 -0.5                0.125                0.125     0
                 -0.5               0.0625                0.125     0
                 -0.5              0.09375                0.125     0
                 -0.5               0.0625              0.15625     0
                 -0.5              0.09375              0.15625     0
                 -0.5                    0              0.15625     0
                 -0.5              0.03125              0.15625     0
                 -0.5              0.03125                0.125     0
                 -0.5               0.1875               0.0625     0
                 -0.5               0.1875              0.03125     0
                 -0.5              0.21875              0.03125     0
                 -0.5                0.125               0.0625     0
                 -0.5                0.125              0.03125     0
                 -0.5              0.15625              0.03125     0
                 -0.5              0.15625              0.09375     0
                 -0.5              0.15625               0.0625     0
                 -0.5                0.125              0.09375     0
                 -0.5               0.0625              0.09375     0
                 -0.5              0.09375              0.09375     0
                 -0.5              0.09375               0.0625     0
                 -0.5                    0               0.4375     0
                 -0.5              0.03125               0.4375     0
                 -0.5                    0              0.46875     0
                 -0.5               0.0625                0.375     0
                 -0.5              0.09375                0.375     0
                 -0.5               0.0625              0.40625     0
                 -0.5                    0                0.375     0
                 -0.5                    0              0.40625     0
                 -0.5              0.03125              0.40625     0
                 -0.5              0.03125                0.375     0
                 -0.5               0.1875                 0.25     0
                 -0.5              0.21875                 0.25     0
                 -0.5               0.1875              0.28125     0
                 -0.5                0.125                 0.25     0
                 -0.5                0.125               0.3125     0
                 -0.5                0.125              0.28125     0
                 -0.5              0.15625              0.28125     0
                 -0.5              0.15625                 0.25     0
                 -0.5              0.15625               0.3125     0
                 -0.5                0.125              0.34375     0
                 -0.5                    0               0.3125     0
                 -0.5               0.0625                 0.25     0
                 -0.5                    0              0.28125     0
                 -0.5              0.03125              0.28125     0
                 -0.5              0.03125                 0.25     0
                 -0.5               0.0625               0.3125     0
                 -0.5              0.03125              0.34375     0
                 -0.5              0.03125               0.3125     0
                 -0.5                    0              0.34375     0
                 -0.5              0.09375                 0.25     0
                 -0.5               0.0625              0.28125     0
                 -0.5              0.09375              0.28125     0
                 -0.5              0.09375              0.34375     0
                 -0.5              0.09375               0.3125     0
                 -0.5               0.0625              0.34375     0
                 -0.5              0.21875               0.0625     0
                 -0.5               0.1875                0.125     0
                 -0.5              0.15625                0.125     0
                 -0.5               0.1875              0.09375     0
                 -0.5              0.21875              0.09375     0
                 -0.5              0.21875                0.125     0
                 -0.5               0.0625              0.21875     0
                 -0.5                0.125               0.1875     0
                 -0.5                0.125              0.21875     0
                 -0.5              0.09375              0.21875     0
                 -0.5              0.09375               0.1875     0
                 -0.5                0.125              0.15625     0
                 -0.5              0.21875              0.21875     0
                 -0.5               0.1875               0.1875     0
                 -0.5              0.21875              0.15625     0
                 -0.5              0.21875               0.1875     0
                 -0.5               0.1875              0.21875     0
                 -0.5              0.15625              0.21875     0
                 -0.5              0.15625              0.15625     0
                 -0.5              0.15625               0.1875     0
                 -0.5               0.1875              0.15625     0
                 -0.5             -0.46875              0.03125     0
                 -0.5              -0.4375               0.0625     0
                 -0.5             -0.46875              0.09375     0
                 -0.5             -0.46875               0.0625     0
                 -0.5              -0.4375              0.03125     0
                 -0.5             -0.40625              0.03125     0
                 -0.5              -0.4375               0.1875     0
                 -0.5             -0.46875              0.21875     0
                 -0.5             -0.46875               0.1875     0
                 -0.5               -0.375                0.125     0
                 -0.5              -0.4375                0.125     0
                 -0.5             -0.40625                0.125     0
                 -0.5              -0.4375              0.15625     0
                 -0.5             -0.40625              0.15625     0
                 -0.5             -0.46875              0.15625     0
                 -0.5             -0.46875                0.125     0
                 -0.5              -0.3125               0.0625     0
                 -0.5              -0.3125              0.03125     0
                 -0.5             -0.28125              0.03125     0
                 -0.5               -0.375               0.0625     0
                 -0.5               -0.375              0.03125     0
                 -0.5             -0.34375              0.03125     0
                 -0.5             -0.34375              0.09375     0
                 -0.5             -0.34375               0.0625     0
                 -0.5               -0.375              0.09375     0
                 -0.5              -0.4375              0.09375     0
                 -0.5             -0.40625              0.09375     0
                 -0.5             -0.40625               0.0625     0
                 -0.5              -0.4375               0.4375     0
                 -0.5             -0.46875              0.46875     0
                 -0.5             -0.46875               0.4375     0
                 -0.5               -0.375                0.375     0
                 -0.5              -0.4375                0.375     0
                 -0.5             -0.40625                0.375     0
                 -0.5              -0.4375              0.40625     0
                 -0.5             -0.40625              0.40625     0
                 -0.5             -0.46875              0.40625     0
                 -0.5             -0.46875                0.375     0
                 -0.5                -0.25                 0.25     0
                 -0.5              -0.3125                 0.25     0
                 -0.5              -0.3125               0.3125     0
                 -0.5             -0.28125                 0.25     0
                 -0.5              -0.3125              0.28125     0
                 -0.5             -0.28125              0.28125     0
                 -0.5               -0.375                 0.25     0
                 -0.5               -0.375               0.3125     0
                 -0.5               -0.375              0.28125     0
                 -0.5             -0.34375              0.28125     0
                 -0.5             -0.34375                 0.25     0
                 -0.5             -0.34375              0.34375     0
                 -0.5             -0.34375               0.3125     0
                 -0.5               -0.375              0.34375     0
                 -0.5              -0.4375                 0.25     0
                 -0.5             -0.46875              0.28125     0
                 -0.5             -0.46875                 0.25     0
                 -0.5              -0.4375               0.3125     0
                 -0.5             -0.46875              0.34375     0
                 -0.5             -0.46875               0.3125     0
                 -0.5             -0.40625                 0.25     0
                 -0.5              -0.4375              0.28125     0
                 -0.5             -0.40625              0.28125     0
                 -0.5             -0.40625              0.34375     0
                 -0.5             -0.40625               0.3125     0
                 -0.5              -0.4375              0.34375     0
                 -0.5              -0.0625               0.0625     0
                 -0.5              -0.0625              0.03125     0
                 -0.5             -0.03125              0.03125     0
                 -0.5               -0.125               0.0625     0
                 -0.5               -0.125              0.03125     0
                 -0.5             -0.09375              0.03125     0
                 -0.5               -0.125                0.125     0
                 -0.5             -0.09375              0.09375     0
                 -0.5             -0.09375               0.0625     0
                 -0.5               -0.125              0.09375     0
                 -0.5                -0.25               0.0625     0
                 -0.5                -0.25              0.03125     0
                 -0.5             -0.21875              0.03125     0
                 -0.5                -0.25                0.125     0
                 -0.5              -0.1875               0.0625     0
                 -0.5             -0.21875              0.09375     0
                 -0.5             -0.21875               0.0625     0
                 -0.5                -0.25              0.09375     0
                 -0.5              -0.1875              0.03125     0
                 -0.5             -0.15625              0.03125     0
                 -0.5              -0.1875               0.1875     0
                 -0.5                -0.25               0.1875     0
                 -0.5             -0.21875              0.21875     0
                 -0.5             -0.21875               0.1875     0
                 -0.5                -0.25              0.21875     0
                 -0.5              -0.1875                0.125     0
                 -0.5             -0.15625                0.125     0
                 -0.5              -0.1875              0.15625     0
                 -0.5             -0.15625              0.15625     0
                 -0.5                -0.25              0.15625     0
                 -0.5             -0.21875              0.15625     0
                 -0.5             -0.21875                0.125     0
                 -0.5             -0.15625               0.0625     0
                 -0.5              -0.1875              0.09375     0
                 -0.5             -0.15625              0.09375     0
                 -0.5              -0.4375              0.21875     0
                 -0.5               -0.375               0.1875     0
                 -0.5               -0.375              0.21875     0
                 -0.5             -0.40625              0.21875     0
                 -0.5             -0.40625               0.1875     0
                 -0.5               -0.375              0.15625     0
                 -0.5             -0.28125              0.21875     0
                 -0.5              -0.3125               0.1875     0
                 -0.5             -0.28125              0.15625     0
                 -0.5             -0.28125               0.1875     0
                 -0.5              -0.3125              0.21875     0
                 -0.5             -0.34375              0.21875     0
                 -0.5             -0.28125               0.0625     0
                 -0.5              -0.3125                0.125     0
                 -0.5             -0.34375                0.125     0
                 -0.5              -0.3125              0.09375     0
                 -0.5             -0.28125              0.09375     0
                 -0.5             -0.28125                0.125     0
                 -0.5             -0.34375               0.1875     0
                 -0.5              -0.3125              0.15625     0
                 -0.5             -0.34375              0.15625     0
                 -0.5             -0.46875               0.9375     0
                 -0.5              -0.4375                0.875     0
                 -0.5             -0.40625                0.875     0
                 -0.5              -0.4375              0.90625     0
                 -0.5             -0.46875              0.90625     0
                 -0.5             -0.46875                0.875     0
                 -0.5              -0.3125                 0.75     0
                 -0.5             -0.28125                 0.75     0
                 -0.5              -0.3125              0.78125     0
                 -0.5               -0.375                 0.75     0
                 -0.5               -0.375               0.8125     0
                 -0.5               -0.375              0.78125     0
                 -0.5             -0.34375              0.78125     0
                 -0.5             -0.34375                 0.75     0
                 -0.5             -0.34375               0.8125     0
                 -0.5               -0.375              0.84375     0
                 -0.5              -0.4375                 0.75     0
                 -0.5             -0.46875              0.78125     0
                 -0.5             -0.46875                 0.75     0
                 -0.5              -0.4375               0.8125     0
                 -0.5             -0.46875              0.84375     0
                 -0.5             -0.46875               0.8125     0
                 -0.5             -0.40625                 0.75     0
                 -0.5              -0.4375              0.78125     0
                 -0.5             -0.40625              0.78125     0
                 -0.5             -0.40625              0.84375     0
                 -0.5             -0.40625               0.8125     0
                 -0.5              -0.4375              0.84375     0
                 -0.5              -0.0625                  0.5     0
                 -0.5             -0.03125                  0.5     0
                 -0.5              -0.0625              0.53125     0
                 -0.5               -0.125                  0.5     0
                 -0.5               -0.125               0.5625     0
                 -0.5               -0.125              0.53125     0
                 -0.5             -0.09375              0.53125     0
                 -0.5             -0.09375                  0.5     0
                 -0.5             -0.09375               0.5625     0
                 -0.5               -0.125              0.59375     0
                 -0.5                -0.25                  0.5     0
                 -0.5                -0.25               0.5625     0
                 -0.5              -0.1875                  0.5     0
                 -0.5                -0.25              0.53125     0
                 -0.5             -0.21875              0.53125     0
                 -0.5             -0.21875                  0.5     0
                 -0.5                -0.25                0.625     0
                 -0.5              -0.1875               0.5625     0
                 -0.5             -0.21875              0.59375     0
                 -0.5             -0.21875               0.5625     0
                 -0.5                -0.25              0.59375     0
                 -0.5             -0.15625                  0.5     0
                 -0.5              -0.1875              0.53125     0
                 -0.5             -0.15625              0.53125     0
                 -0.5                -0.25               0.6875     0
                 -0.5             -0.21875               0.6875     0
                 -0.5                -0.25              0.71875     0
                 -0.5              -0.1875                0.625     0
                 -0.5             -0.15625                0.625     0
                 -0.5              -0.1875              0.65625     0
                 -0.5                -0.25              0.65625     0
                 -0.5             -0.21875              0.65625     0
                 -0.5             -0.21875                0.625     0
                 -0.5             -0.15625               0.5625     0
                 -0.5              -0.1875              0.59375     0
                 -0.5             -0.15625              0.59375     0
                 -0.5              -0.4375                  0.5     0
                 -0.5             -0.46875              0.53125     0
                 -0.5             -0.46875                  0.5     0
                 -0.5              -0.4375               0.5625     0
                 -0.5             -0.46875              0.59375     0
                 -0.5             -0.46875               0.5625     0
                 -0.5               -0.375                  0.5     0
                 -0.5             -0.40625                  0.5     0
                 -0.5              -0.4375              0.53125     0
                 -0.5             -0.40625              0.53125     0
                 -0.5              -0.4375               0.6875     0
                 -0.5             -0.46875              0.71875     0
                 -0.5             -0.46875               0.6875     0
                 -0.5               -0.375                0.625     0
                 -0.5              -0.4375                0.625     0
                 -0.5             -0.40625                0.625     0
                 -0.5              -0.4375              0.65625     0
                 -0.5             -0.40625              0.65625     0
                 -0.5             -0.46875              0.65625     0
                 -0.5             -0.46875                0.625     0
                 -0.5              -0.3125                  0.5     0
                 -0.5              -0.3125               0.5625     0
                 -0.5             -0.28125                  0.5     0
                 -0.5              -0.3125              0.53125     0
                 -0.5             -0.28125              0.53125     0
                 -0.5               -0.375               0.5625     0
                 -0.5               -0.375              0.53125     0
                 -0.5             -0.34375              0.53125     0
                 -0.5             -0.34375                  0.5     0
                 -0.5             -0.34375              0.59375     0
                 -0.5             -0.34375               0.5625     0
                 -0.5               -0.375              0.59375     0
                 -0.5              -0.4375              0.59375     0
                 -0.5             -0.40625              0.59375     0
                 -0.5             -0.40625               0.5625     0
                 -0.5             -0.28125              0.71875     0
                 -0.5              -0.3125               0.6875     0
                 -0.5             -0.28125              0.65625     0
                 -0.5             -0.28125               0.6875     0
                 -0.5              -0.3125              0.71875     0
                 -0.5             -0.34375              0.71875     0
                 -0.5             -0.28125               0.5625     0
                 -0.5              -0.3125                0.625     0
                 -0.5             -0.34375                0.625     0
                 -0.5              -0.3125              0.59375     0
                 -0.5             -0.28125              0.59375     0
                 -0.5             -0.28125                0.625     0
                 -0.5              -0.4375              0.71875     0
                 -0.5               -0.375               0.6875     0
                 -0.5               -0.375              0.71875     0
                 -0.5             -0.40625              0.71875     0
                 -0.5             -0.40625               0.6875     0
                 -0.5               -0.375              0.65625     0
                 -0.5              -0.3125              0.65625     0
                 -0.5             -0.34375              0.65625     0
                 -0.5             -0.34375               0.6875     0
                 -0.5             -0.03125               0.0625     0
                 -0.5              -0.0625                0.125     0
                 -0.5             -0.09375                0.125     0
                 -0.5              -0.0625              0.09375     0
                 -0.5             -0.03125              0.09375     0
                 -0.5             -0.03125                0.125     0
                 -0.5              -0.1875                 0.25     0
                 -0.5             -0.21875                 0.25     0
                 -0.5              -0.1875              0.21875     0
                 -0.5               -0.125                 0.25     0
                 -0.5               -0.125               0.1875     0
                 -0.5               -0.125              0.21875     0
                 -0.5             -0.15625              0.21875     0
                 -0.5             -0.15625                 0.25     0
                 -0.5             -0.15625               0.1875     0
                 -0.5               -0.125              0.15625     0
                 -0.5              -0.0625                 0.25     0
                 -0.5             -0.03125              0.21875     0
                 -0.5             -0.03125                 0.25     0
                 -0.5              -0.0625               0.1875     0
                 -0.5             -0.03125              0.15625     0
                 -0.5             -0.03125               0.1875     0
                 -0.5             -0.09375                 0.25     0
                 -0.5              -0.0625              0.21875     0
                 -0.5             -0.09375              0.21875     0
                 -0.5             -0.09375              0.15625     0
                 -0.5             -0.09375               0.1875     0
                 -0.5              -0.0625              0.15625     0
                 -0.5              -0.4375              0.46875     0
                 -0.5               -0.375               0.4375     0
                 -0.5               -0.375              0.46875     0
                 -0.5             -0.40625              0.46875     0
                 -0.5             -0.40625               0.4375     0
                 -0.5               -0.375              0.40625     0
                 -0.5                -0.25               0.4375     0
                 -0.5                -0.25              0.46875     0
                 -0.5             -0.28125              0.46875     0
                 -0.5                -0.25                0.375     0
                 -0.5              -0.3125               0.4375     0
                 -0.5             -0.28125              0.40625     0
                 -0.5             -0.28125               0.4375     0
                 -0.5                -0.25              0.40625     0
                 -0.5              -0.3125              0.46875     0
                 -0.5             -0.34375              0.46875     0
                 -0.5                -0.25               0.3125     0
                 -0.5             -0.28125               0.3125     0
                 -0.5                -0.25              0.28125     0
                 -0.5              -0.3125                0.375     0
                 -0.5             -0.34375                0.375     0
                 -0.5              -0.3125              0.34375     0
                 -0.5                -0.25              0.34375     0
                 -0.5             -0.28125              0.34375     0
                 -0.5             -0.28125                0.375     0
                 -0.5             -0.34375               0.4375     0
                 -0.5              -0.3125              0.40625     0
                 -0.5             -0.34375              0.40625     0
                 -0.5             -0.03125              0.46875     0
                 -0.5              -0.0625               0.4375     0
                 -0.5             -0.03125              0.40625     0
                 -0.5             -0.03125               0.4375     0
                 -0.5              -0.0625              0.46875     0
                 -0.5             -0.09375              0.46875     0
                 -0.5              -0.0625               0.3125     0
                 -0.5             -0.03125              0.28125     0
                 -0.5             -0.03125               0.3125     0
                 -0.5               -0.125                0.375     0
                 -0.5              -0.0625                0.375     0
                 -0.5             -0.09375                0.375     0
                 -0.5              -0.0625              0.34375     0
                 -0.5             -0.09375              0.34375     0
                 -0.5             -0.03125              0.34375     0
                 -0.5             -0.03125                0.375     0
                 -0.5              -0.1875               0.4375     0
                 -0.5              -0.1875              0.46875     0
                 -0.5             -0.21875              0.46875     0
                 -0.5               -0.125               0.4375     0
                 -0.5               -0.125              0.46875     0
                 -0.5             -0.15625              0.46875     0
                 -0.5             -0.15625              0.40625     0
                 -0.5             -0.15625               0.4375     0
                 -0.5               -0.125              0.40625     0
                 -0.5              -0.0625              0.40625     0
                 -0.5             -0.09375              0.40625     0
                 -0.5             -0.09375               0.4375     0
                 -0.5             -0.21875              0.28125     0
                 -0.5              -0.1875               0.3125     0
                 -0.5             -0.21875              0.34375     0
                 -0.5             -0.21875               0.3125     0
                 -0.5              -0.1875              0.28125     0
                 -0.5             -0.15625              0.28125     0
                 -0.5             -0.21875               0.4375     0
                 -0.5              -0.1875                0.375     0
                 -0.5             -0.15625                0.375     0
                 -0.5              -0.1875              0.40625     0
                 -0.5             -0.21875              0.40625     0
                 -0.5             -0.21875                0.375     0
                 -0.5              -0.0625              0.28125     0
                 -0.5               -0.125               0.3125     0
                 -0.5               -0.125              0.28125     0
                 -0.5             -0.09375              0.28125     0
                 -0.5             -0.09375               0.3125     0
                 -0.5               -0.125              0.34375     0
                 -0.5              -0.1875              0.34375     0
                 -0.5             -0.15625              0.34375     0
                 -0.5             -0.15625               0.3125     0
              -0.4375              -0.4375                    1     0
             -0.46875             -0.46875                    1     0
             -0.46875              -0.4375                    1     0
               -0.375               -0.375                    1     0
              -0.4375               -0.375                    1     0
             -0.40625               -0.375                    1     0
              -0.4375             -0.40625                    1     0
             -0.40625             -0.40625                    1     0
             -0.46875             -0.40625                    1     0
             -0.46875               -0.375                    1     0
                -0.25                -0.25                    1     0
              -0.3125                -0.25                    1     0
              -0.3125              -0.3125                    1     0
             -0.28125                -0.25                    1     0
              -0.3125             -0.28125                    1     0
             -0.28125             -0.28125                    1     0
               -0.375                -0.25                    1     0
               -0.375              -0.3125                    1     0
               -0.375             -0.28125                    1     0
             -0.34375             -0.28125                    1     0
             -0.34375                -0.25                    1     0
             -0.34375             -0.34375                    1     0
             -0.34375              -0.3125                    1     0
               -0.375             -0.34375                    1     0
              -0.4375                -0.25                    1     0
             -0.46875             -0.28125                    1     0
             -0.46875                -0.25                    1     0
              -0.4375              -0.3125                    1     0
             -0.46875             -0.34375                    1     0
             -0.46875              -0.3125                    1     0
             -0.40625                -0.25                    1     0
              -0.4375             -0.28125                    1     0
             -0.40625             -0.28125                    1     0
             -0.40625             -0.34375                    1     0
             -0.40625              -0.3125                    1     0
              -0.4375             -0.34375                    1     0
                    0                    0                    1     0
              -0.0625                    0                    1     0
              -0.0625              -0.0625                    1     0
             -0.03125                    0                    1     0
              -0.0625             -0.03125                    1     0
             -0.03125             -0.03125                    1     0
               -0.125                    0                    1     0
               -0.125              -0.0625                    1     0
               -0.125             -0.03125                    1     0
             -0.09375             -0.03125                    1     0
             -0.09375                    0                    1     0
               -0.125               -0.125                    1     0
             -0.09375             -0.09375                    1     0
             -0.09375              -0.0625                    1     0
               -0.125             -0.09375                    1     0
                -0.25                    0                    1     0
                -0.25              -0.0625                    1     0
              -0.1875                    0                    1     0
                -0.25             -0.03125                    1     0
             -0.21875             -0.03125                    1     0
             -0.21875                    0                    1     0
                -0.25               -0.125                    1     0
              -0.1875              -0.0625                    1     0
             -0.21875             -0.09375                    1     0
             -0.21875              -0.0625                    1     0
                -0.25             -0.09375                    1     0
             -0.15625                    0                    1     0
              -0.1875             -0.03125                    1     0
             -0.15625             -0.03125                    1     0
              -0.1875              -0.1875                    1     0
                -0.25              -0.1875                    1     0
             -0.21875             -0.21875                    1     0
             -0.21875              -0.1875                    1     0
                -0.25             -0.21875                    1     0
              -0.1875               -0.125                    1     0
             -0.15625               -0.125                    1     0
              -0.1875             -0.15625                    1     0
             -0.15625             -0.15625                    1     0
                -0.25             -0.15625                    1     0
             -0.21875             -0.15625                    1     0
             -0.21875               -0.125                    1     0
             -0.15625              -0.0625                    1     0
              -0.1875             -0.09375                    1     0
             -0.15625             -0.09375                    1     0
              -0.4375                    0                    1     0
             -0.46875             -0.03125                    1     0
             -0.46875                    0                    1     0
              -0.4375              -0.0625                    1     0
             -0.46875             -0.09375                    1     0
             -0.46875              -0.0625                    1     0
               -0.375                    0                    1     0
             -0.40625                    0                    1     0
              -0.4375             -0.03125                    1     0
             -0.40625             -0.03125                    1     0
              -0.4375              -0.1875                    1     0
             -0.46875             -0.21875                    1     0
             -0.46875              -0.1875                    1     0
               -0.375               -0.125                    1     0
              -0.4375               -0.125                    1     0
             -0.40625               -0.125                    1     0
              -0.4375             -0.15625                    1     0
             -0.40625             -0.15625                    1     0
             -0.46875             -0.15625                    1     0
             -0.46875               -0.125                    1     0
              -0.3125                    0                    1     0
              -0.3125              -0.0625                    1     0
             -0.28125                    0                    1     0
              -0.3125             -0.03125                    1     0
             -0.28125             -0.03125                    1     0
               -0.375              -0.0625                    1     0
               -0.375             -0.03125                    1     0
             -0.34375             -0.03125                    1     0
             -0.34375                    0                    1     0
             -0.34375             -0.09375                    1     0
             -0.34375              -0.0625                    1     0
               -0.375             -0.09375                    1     0
              -0.4375             -0.09375                    1     0
             -0.40625             -0.09375                    1     0
             -0.40625              -0.0625                    1     0
             -0.28125             -0.21875                    1     0
              -0.3125              -0.1875                    1     0
             -0.28125             -0.15625                    1     0
             -0.28125              -0.1875                    1     0
              -0.3125             -0.21875                    1     0
             -0.34375             -0.21875                    1     0
             -0.28125              -0.0625                    1     0
              -0.3125               -0.125                    1     0
             -0.34375               -0.125                    1     0
              -0.3125             -0.09375                    1     0
             -0.28125             -0.09375                    1     0
             -0.28125               -0.125                    1     0
              -0.4375             -0.21875                    1     0
               -0.375              -0.1875                    1     0
               -0.375             -0.21875                    1     0
             -0.40625             -0.21875                    1     0
             -0.40625              -0.1875                    1     0
               -0.375             -0.15625                    1     0
              -0.3125             -0.15625                    1     0
             -0.34375             -0.15625                    1     0
             -0.34375              -0.1875                    1     0
               0.4375               0.4375                    1     0
               0.4375              0.46875                    1     0
              0.46875              0.46875                    1     0
                0.375               0.4375                    1     0
                0.375              0.46875                    1     0
              0.40625              0.46875                    1     0
                0.375                0.375                    1     0
              0.40625              0.40625                    1     0
              0.40625               0.4375                    1     0
                0.375              0.40625                    1     0
                 0.25               0.4375                    1     0
                 0.25              0.46875                    1     0
              0.28125              0.46875                    1     0
                 0.25                0.375                    1     0
               0.3125               0.4375                    1     0
              0.28125              0.40625                    1     0
              0.28125               0.4375                    1     0
                 0.25              0.40625                    1     0
               0.3125              0.46875                    1     0
              0.34375              0.46875                    1     0
                 0.25                 0.25                    1     0
               0.3125               0.3125                    1     0
                 0.25               0.3125                    1     0
              0.28125              0.28125                    1     0
              0.28125               0.3125                    1     0
                 0.25              0.28125                    1     0
               0.3125                0.375                    1     0
              0.34375                0.375                    1     0
               0.3125              0.34375                    1     0
              0.34375              0.34375                    1     0
                 0.25              0.34375                    1     0
              0.28125              0.34375                    1     0
              0.28125                0.375                    1     0
              0.34375               0.4375                    1     0
               0.3125              0.40625                    1     0
              0.34375              0.40625                    1     0
                    0               0.4375                    1     0
                    0              0.46875                    1     0
              0.03125              0.46875                    1     0
                    0                0.375                    1     0
               0.0625               0.4375                    1     0
              0.03125              0.40625                    1     0
              0.03125               0.4375                    1     0
                    0              0.40625                    1     0
               0.0625              0.46875                    1     0
              0.09375              0.46875                    1     0
                    0                 0.25                    1     0
               0.0625               0.3125                    1     0
                    0               0.3125                    1     0
              0.03125              0.28125                    1     0
              0.03125               0.3125                    1     0
                    0              0.28125                    1     0
                0.125                0.375                    1     0
               0.0625                0.375                    1     0
              0.09375                0.375                    1     0
               0.0625              0.34375                    1     0
              0.09375              0.34375                    1     0
                    0              0.34375                    1     0
              0.03125              0.34375                    1     0
              0.03125                0.375                    1     0
               0.1875               0.4375                    1     0
               0.1875              0.46875                    1     0
              0.21875              0.46875                    1     0
                0.125               0.4375                    1     0
                0.125              0.46875                    1     0
              0.15625              0.46875                    1     0
              0.15625              0.40625                    1     0
              0.15625               0.4375                    1     0
                0.125              0.40625                    1     0
               0.0625              0.40625                    1     0
              0.09375              0.40625                    1     0
              0.09375               0.4375                    1     0
               0.0625               0.0625                    1     0
                    0               0.0625                    1     0
              0.03125              0.03125                    1     0
              0.03125               0.0625                    1     0
                    0              0.03125                    1     0
                0.125                0.125                    1     0
               0.0625                0.125                    1     0
              0.09375                0.125                    1     0
               0.0625              0.09375                    1     0
              0.09375              0.09375                    1     0
                    0                0.125                    1     0
                    0              0.09375                    1     0
              0.03125              0.09375                    1     0
              0.03125                0.125                    1     0
               0.1875                 0.25                    1     0
               0.1875               0.1875                    1     0
              0.21875                 0.25                    1     0
               0.1875              0.21875                    1     0
              0.21875              0.21875                    1     0
                0.125                 0.25                    1     0
                0.125               0.1875                    1     0
                0.125              0.21875                    1     0
              0.15625              0.21875                    1     0
              0.15625                 0.25                    1     0
              0.15625              0.15625                    1     0
              0.15625               0.1875                    1     0
                0.125              0.15625                    1     0
                    0               0.1875                    1     0
               0.0625                 0.25                    1     0
                    0              0.21875                    1     0
              0.03125              0.21875                    1     0
              0.03125                 0.25                    1     0
               0.0625               0.1875                    1     0
              0.03125              0.15625                    1     0
              0.03125               0.1875                    1     0
                    0              0.15625                    1     0
              0.09375                 0.25                    1     0
               0.0625              0.21875                    1     0
              0.09375              0.21875                    1     0
              0.09375              0.15625                    1     0
              0.09375               0.1875                    1     0
               0.0625              0.15625                    1     0
              0.21875               0.4375                    1     0
               0.1875                0.375                    1     0
              0.15625                0.375                    1     0
               0.1875              0.40625                    1     0
              0.21875              0.40625                    1     0
              0.21875                0.375                    1     0
               0.0625              0.28125                    1     0
                0.125               0.3125                    1     0
                0.125              0.28125                    1     0
              0.09375              0.28125                    1     0
              0.09375               0.3125                    1     0
                0.125              0.34375                    1     0
              0.21875              0.28125                    1     0
               0.1875               0.3125                    1     0
              0.21875              0.34375                    1     0
              0.21875               0.3125                    1     0
               0.1875              0.28125                    1     0
              0.15625              0.28125                    1     0
              0.15625              0.34375                    1     0
              0.15625               0.3125                    1     0
               0.1875              0.34375                    1     0
             -0.46875              0.46875                    1     0
              -0.4375               0.4375                    1     0
             -0.46875              0.40625                    1     0
             -0.46875               0.4375                    1     0
              -0.4375              0.46875                    1     0
             -0.40625              0.46875                    1     0
              -0.4375               0.3125                    1     0
             -0.46875              0.28125                    1     0
             -0.46875               0.3125                    1     0
               -0.375                0.375                    1     0
              -0.4375                0.375                    1     0
             -0.40625                0.375                    1     0
              -0.4375              0.34375                    1     0
             -0.40625              0.34375                    1     0
             -0.46875              0.34375                    1     0
             -0.46875                0.375                    1     0
              -0.3125               0.4375                    1     0
              -0.3125              0.46875                    1     0
             -0.28125              0.46875                    1     0
               -0.375               0.4375                    1     0
               -0.375              0.46875                    1     0
             -0.34375              0.46875                    1     0
             -0.34375              0.40625                    1     0
             -0.34375               0.4375                    1     0
               -0.375              0.40625                    1     0
              -0.4375              0.40625                    1     0
             -0.40625              0.40625                    1     0
             -0.40625               0.4375                    1     0
              -0.4375               0.0625                    1     0
             -0.46875              0.03125                    1     0
             -0.46875               0.0625                    1     0
               -0.375                0.125                    1     0
              -0.4375                0.125                    1     0
             -0.40625                0.125                    1     0
              -0.4375              0.09375                    1     0
             -0.40625              0.09375                    1     0
             -0.46875              0.09375                    1     0
             -0.46875                0.125                    1     0
                -0.25                 0.25                    1     0
              -0.3125                 0.25                    1     0
              -0.3125               0.1875                    1     0
             -0.28125                 0.25                    1     0
              -0.3125              0.21875                    1     0
             -0.28125              0.21875                    1     0
               -0.375                 0.25                    1     0
               -0.375               0.1875                    1     0
               -0.375              0.21875                    1     0
             -0.34375              0.21875                    1     0
             -0.34375                 0.25                    1     0
             -0.34375              0.15625                    1     0
             -0.34375               0.1875                    1     0
               -0.375              0.15625                    1     0
              -0.4375                 0.25                    1     0
             -0.46875              0.21875                    1     0
             -0.46875                 0.25                    1     0
              -0.4375               0.1875                    1     0
             -0.46875              0.15625                    1     0
             -0.46875               0.1875                    1     0
             -0.40625                 0.25                    1     0
              -0.4375              0.21875                    1     0
             -0.40625              0.21875                    1     0
             -0.40625              0.15625                    1     0
             -0.40625               0.1875                    1     0
              -0.4375              0.15625                    1     0
              -0.0625               0.4375                    1     0
              -0.0625              0.46875                    1     0
             -0.03125              0.46875                    1     0
               -0.125               0.4375                    1     0
               -0.125              0.46875                    1     0
             -0.09375              0.46875                    1     0
               -0.125                0.375                    1     0
             -0.09375              0.40625                    1     0
             -0.09375               0.4375                    1     0
               -0.125              0.40625                    1     0
                -0.25               0.4375                    1     0
                -0.25              0.46875                    1     0
             -0.21875              0.46875                    1     0
                -0.25                0.375                    1     0
              -0.1875               0.4375                    1     0
             -0.21875              0.40625                    1     0
             -0.21875               0.4375                    1     0
                -0.25              0.40625                    1     0
              -0.1875              0.46875                    1     0
             -0.15625              0.46875                    1     0
              -0.1875               0.3125                    1     0
                -0.25               0.3125                    1     0
             -0.21875              0.28125                    1     0
             -0.21875               0.3125                    1     0
                -0.25              0.28125                    1     0
              -0.1875                0.375                    1     0
             -0.15625                0.375                    1     0
              -0.1875              0.34375                    1     0
             -0.15625              0.34375                    1     0
                -0.25              0.34375                    1     0
             -0.21875              0.34375                    1     0
             -0.21875                0.375                    1     0
             -0.15625               0.4375                    1     0
              -0.1875              0.40625                    1     0
             -0.15625              0.40625                    1     0
              -0.4375              0.28125                    1     0
               -0.375               0.3125                    1     0
               -0.375              0.28125                    1     0
             -0.40625              0.28125                    1     0
             -0.40625               0.3125                    1     0
               -0.375              0.34375                    1     0
             -0.28125              0.28125                    1     0
              -0.3125               0.3125                    1     0
             -0.28125              0.34375                    1     0
             -0.28125               0.3125                    1     0
              -0.3125              0.28125                    1     0
             -0.34375              0.28125                    1     0
             -0.28125               0.4375                    1     0
              -0.3125                0.375                    1     0
             -0.34375                0.375                    1     0
              -0.3125              0.40625                    1     0
             -0.28125              0.40625                    1     0
             -0.28125                0.375                    1     0
             -0.34375               0.3125                    1     0
              -0.3125              0.34375                    1     0
             -0.34375              0.34375                    1     0
             -0.03125              0.03125                    1     0
              -0.0625               0.0625                    1     0
             -0.03125              0.09375                    1     0
             -0.03125               0.0625                    1     0
              -0.0625              0.03125                    1     0
             -0.09375              0.03125                    1     0
              -0.0625               0.1875                    1     0
             -0.03125              0.21875                    1     0
             -0.03125               0.1875                    1     0
               -0.125                0.125                    1     0
              -0.0625                0.125                    1     0
             -0.09375                0.125                    1     0
              -0.0625              0.15625                    1     0
             -0.09375              0.15625                    1     0
             -0.03125              0.15625                    1     0
             -0.03125                0.125                    1     0
              -0.1875               0.0625                    1     0
              -0.1875              0.03125                    1     0
             -0.21875              0.03125                    1     0
               -0.125               0.0625                    1     0
               -0.125              0.03125                    1     0
             -0.15625              0.03125                    1     0
             -0.15625              0.09375                    1     0
             -0.15625               0.0625                    1     0
               -0.125              0.09375                    1     0
              -0.0625              0.09375                    1     0
             -0.09375              0.09375                    1     0
             -0.09375               0.0625                    1     0
             -0.03125               0.4375                    1     0
              -0.0625                0.375                    1     0
             -0.09375                0.375                    1     0
              -0.0625              0.40625                    1     0
             -0.03125              0.40625                    1     0
             -0.03125                0.375                    1     0
              -0.1875                 0.25                    1     0
             -0.21875                 0.25                    1     0
              -0.1875              0.28125                    1     0
               -0.125                 0.25                    1     0
               -0.125               0.3125                    1     0
               -0.125              0.28125                    1     0
             -0.15625              0.28125                    1     0
             -0.15625                 0.25                    1     0
             -0.15625               0.3125                    1     0
               -0.125              0.34375                    1     0
              -0.0625                 0.25                    1     0
             -0.03125              0.28125                    1     0
             -0.03125                 0.25                    1     0
              -0.0625               0.3125                    1     0
             -0.03125              0.34375                    1     0
             -0.03125               0.3125                    1     0
             -0.09375                 0.25                    1     0
              -0.0625              0.28125                    1     0
             -0.09375              0.28125                    1     0
             -0.09375              0.34375                    1     0
             -0.09375               0.3125                    1     0
              -0.0625              0.34375                    1     0
              -0.4375              0.03125                    1     0
               -0.375               0.0625                    1     0
               -0.375              0.03125                    1     0
             -0.40625              0.03125                    1     0
             -0.40625               0.0625                    1     0
               -0.375              0.09375                    1     0
                -0.25               0.0625                    1     0
                -0.25              0.03125                    1     0
             -0.28125              0.03125                    1     0
                -0.25                0.125                    1     0
              -0.3125               0.0625                    1     0
             -0.28125              0.09375                    1     0
             -0.28125               0.0625                    1     0
                -0.25              0.09375                    1     0
              -0.3125              0.03125                    1     0
             -0.34375              0.03125                    1     0
                -0.25               0.1875                    1     0
             -0.28125               0.1875                    1     0
                -0.25              0.21875                    1     0
              -0.3125                0.125                    1     0
             -0.34375                0.125                    1     0
              -0.3125              0.15625                    1     0
                -0.25              0.15625                    1     0
             -0.28125              0.15625                    1     0
             -0.28125                0.125                    1     0
             -0.34375               0.0625                    1     0
              -0.3125              0.09375                    1     0
             -0.34375              0.09375                    1     0
              -0.0625              0.21875                    1     0
               -0.125               0.1875                    1     0
               -0.125              0.21875                    1     0
             -0.09375              0.21875                    1     0
             -0.09375               0.1875                    1     0
               -0.125              0.15625                    1     0
             -0.21875              0.21875                    1     0
              -0.1875               0.1875                    1     0
             -0.21875              0.15625                    1     0
             -0.21875               0.1875                    1     0
              -0.1875              0.21875                    1     0
             -0.15625              0.21875                    1     0
             -0.21875               0.0625                    1     0
              -0.1875                0.125                    1     0
             -0.15625                0.125                    1     0
              -0.1875              0.09375                    1     0
             -0.21875              0.09375                    1     0
             -0.21875                0.125                    1     0
             -0.15625               0.1875                    1     0
              -0.1875              0.15625                    1     0
             -0.15625              0.15625                    1     0
              -0.4375             -0.46875                    1     0
               -0.375              -0.4375                    1     0
               -0.375             -0.46875                    1     0
             -0.40625             -0.46875                    1     0
             -0.40625              -0.4375                    1     0
               -0.375             -0.40625                    1     0
                -0.25              -0.4375                    1     0
                -0.25             -0.46875                    1     0
             -0.28125             -0.46875                    1     0
                -0.25               -0.375                    1     0
              -0.3125              -0.4375                    1     0
             -0.28125             -0.40625                    1     0
             -0.28125              -0.4375                    1     0
                -0.25             -0.40625                    1     0
              -0.3125             -0.46875                    1     0
             -0.34375             -0.46875                    1     0
                -0.25              -0.3125                    1     0
             -0.28125              -0.3125                    1     0
                -0.25             -0.28125                    1     0
              -0.3125               -0.375                    1     0
             -0.34375               -0.375                    1     0
              -0.3125             -0.34375                    1     0
                -0.25             -0.34375                    1     0
             -0.28125             -0.34375                    1     0
             -0.28125               -0.375                    1     0
             -0.34375              -0.4375                    1     0
              -0.3125             -0.40625                    1     0
             -0.34375             -0.40625                    1     0
                    0              -0.4375                    1     0
                    0             -0.46875                    1     0
             -0.03125             -0.46875                    1     0
                    0               -0.375                    1     0
              -0.0625              -0.4375                    1     0
             -0.03125             -0.40625                    1     0
             -0.03125              -0.4375                    1     0
                    0             -0.40625                    1     0
              -0.0625             -0.46875                    1     0
             -0.09375             -0.46875                    1     0
                    0                -0.25                    1     0
              -0.0625              -0.3125                    1     0
                    0              -0.3125                    1     0
             -0.03125             -0.28125                    1     0
             -0.03125              -0.3125                    1     0
                    0             -0.28125                    1     0
               -0.125               -0.375                    1     0
              -0.0625               -0.375                    1     0
             -0.09375               -0.375                    1     0
              -0.0625             -0.34375                    1     0
             -0.09375             -0.34375                    1     0
                    0             -0.34375                    1     0
             -0.03125             -0.34375                    1     0
             -0.03125               -0.375                    1     0
              -0.1875              -0.4375                    1     0
              -0.1875             -0.46875                    1     0
             -0.21875             -0.46875                    1     0
               -0.125              -0.4375                    1     0
               -0.125             -0.46875                    1     0
             -0.15625             -0.46875                    1     0
             -0.15625             -0.40625                    1     0
             -0.15625              -0.4375                    1     0
               -0.125             -0.40625                    1     0
              -0.0625             -0.40625                    1     0
             -0.09375             -0.40625                    1     0
             -0.09375              -0.4375                    1     0
                    0              -0.0625                    1     0
             -0.03125              -0.0625                    1     0
                    0             -0.03125                    1     0
              -0.0625               -0.125                    1     0
             -0.09375               -0.125                    1     0
              -0.0625             -0.09375                    1     0
                    0               -0.125                    1     0
                    0             -0.09375                    1     0
             -0.03125             -0.09375                    1     0
             -0.03125               -0.125                    1     0
              -0.1875                -0.25                    1     0
             -0.21875                -0.25                    1     0
              -0.1875             -0.21875                    1     0
               -0.125                -0.25                    1     0
               -0.125              -0.1875                    1     0
               -0.125             -0.21875                    1     0
             -0.15625             -0.21875                    1     0
             -0.15625                -0.25                    1     0
             -0.15625              -0.1875                    1     0
               -0.125             -0.15625                    1     0
                    0              -0.1875                    1     0
              -0.0625                -0.25                    1     0
                    0             -0.21875                    1     0
             -0.03125             -0.21875                    1     0
             -0.03125                -0.25                    1     0
              -0.0625              -0.1875                    1     0
             -0.03125             -0.15625                    1     0
             -0.03125              -0.1875                    1     0
                    0             -0.15625                    1     0
             -0.09375                -0.25                    1     0
              -0.0625             -0.21875                    1     0
             -0.09375             -0.21875                    1     0
             -0.09375             -0.15625                    1     0
             -0.09375              -0.1875                    1     0
              -0.0625             -0.15625                    1     0
             -0.21875              -0.4375                    1     0
              -0.1875               -0.375                    1     0
             -0.15625               -0.375                    1     0
              -0.1875             -0.40625                    1     0
             -0.21875             -0.40625                    1     0
             -0.21875               -0.375                    1     0
              -0.0625             -0.28125                    1     0
               -0.125              -0.3125                    1     0
               -0.125             -0.28125                    1     0
             -0.09375             -0.28125                    1     0
             -0.09375              -0.3125                    1     0
               -0.125             -0.34375                    1     0
             -0.21875             -0.28125                    1     0
              -0.1875              -0.3125                    1     0
             -0.21875             -0.34375                    1     0
             -0.21875              -0.3125                    1     0
              -0.1875             -0.28125                    1     0
             -0.15625             -0.28125                    1     0
             -0.15625             -0.34375                    1     0
             -0.15625              -0.3125                    1     0
              -0.1875             -0.34375                    1     0
              0.46875             -0.46875                    1     0
               0.4375              -0.4375                    1     0
              0.46875             -0.40625                    1     0
              0.46875              -0.4375                    1     0
               0.4375             -0.46875                    1     0
              0.40625             -0.46875                    1     0
               0.4375              -0.3125                    1     0
              0.46875             -0.28125                    1     0
              0.46875              -0.3125                    1     0
                0.375               -0.375                    1     0
               0.4375               -0.375                    1     0
              0.40625               -0.375                    1     0
               0.4375             -0.34375                    1     0
              0.40625             -0.34375                    1     0
              0.46875             -0.34375                    1     0
              0.46875               -0.375                    1     0
               0.3125              -0.4375                    1     0
               0.3125             -0.46875                    1     0
              0.28125             -0.46875                    1     0
                0.375              -0.4375                    1     0
                0.375             -0.46875                    1     0
              0.34375             -0.46875                    1     0
              0.34375             -0.40625                    1     0
              0.34375              -0.4375                    1     0
                0.375             -0.40625                    1     0
               0.4375             -0.40625                    1     0
              0.40625             -0.40625                    1     0
              0.40625              -0.4375                    1     0
               0.4375              -0.0625                    1     0
              0.46875             -0.03125                    1     0
              0.46875              -0.0625                    1     0
                0.375               -0.125                    1     0
               0.4375               -0.125                    1     0
              0.40625               -0.125                    1     0
               0.4375             -0.09375                    1     0
              0.40625             -0.09375                    1     0
              0.46875             -0.09375                    1     0
              0.46875               -0.125                    1     0
                 0.25                -0.25                    1     0
               0.3125                -0.25                    1     0
               0.3125              -0.1875                    1     0
              0.28125                -0.25                    1     0
               0.3125             -0.21875                    1     0
              0.28125             -0.21875                    1     0
                0.375                -0.25                    1     0
                0.375              -0.1875                    1     0
                0.375             -0.21875                    1     0
              0.34375             -0.21875                    1     0
              0.34375                -0.25                    1     0
              0.34375             -0.15625                    1     0
              0.34375              -0.1875                    1     0
                0.375             -0.15625                    1     0
               0.4375                -0.25                    1     0
              0.46875             -0.21875                    1     0
              0.46875                -0.25                    1     0
               0.4375              -0.1875                    1     0
              0.46875             -0.15625                    1     0
              0.46875              -0.1875                    1     0
              0.40625                -0.25                    1     0
               0.4375             -0.21875                    1     0
              0.40625             -0.21875                    1     0
              0.40625             -0.15625                    1     0
              0.40625              -0.1875                    1     0
               0.4375             -0.15625                    1     0
               0.0625              -0.4375                    1     0
               0.0625             -0.46875                    1     0
              0.03125             -0.46875                    1     0
                0.125              -0.4375                    1     0
                0.125             -0.46875                    1     0
              0.09375             -0.46875                    1     0
                0.125               -0.375                    1     0
              0.09375             -0.40625                    1     0
              0.09375              -0.4375                    1     0
                0.125             -0.40625                    1     0
                 0.25              -0.4375                    1     0
                 0.25             -0.46875                    1     0
              0.21875             -0.46875                    1     0
                 0.25               -0.375                    1     0
               0.1875              -0.4375                    1     0
              0.21875             -0.40625                    1     0
              0.21875              -0.4375                    1     0
                 0.25             -0.40625                    1     0
               0.1875             -0.46875                    1     0
              0.15625             -0.46875                    1     0
               0.1875              -0.3125                    1     0
                 0.25              -0.3125                    1     0
              0.21875             -0.28125                    1     0
              0.21875              -0.3125                    1     0
                 0.25             -0.28125                    1     0
               0.1875               -0.375                    1     0
              0.15625               -0.375                    1     0
               0.1875             -0.34375                    1     0
              0.15625             -0.34375                    1     0
                 0.25             -0.34375                    1     0
              0.21875             -0.34375                    1     0
              0.21875               -0.375                    1     0
              0.15625              -0.4375                    1     0
               0.1875             -0.40625                    1     0
              0.15625             -0.40625                    1     0
               0.4375             -0.28125                    1     0
                0.375              -0.3125                    1     0
                0.375             -0.28125                    1     0
              0.40625             -0.28125                    1     0
              0.40625              -0.3125                    1     0
                0.375             -0.34375                    1     0
              0.28125             -0.28125                    1     0
               0.3125              -0.3125                    1     0
              0.28125             -0.34375                    1     0
              0.28125              -0.3125                    1     0
               0.3125             -0.28125                    1     0
              0.34375             -0.28125                    1     0
              0.28125              -0.4375                    1     0
               0.3125               -0.375                    1     0
              0.34375               -0.375                    1     0
               0.3125             -0.40625                    1     0
              0.28125             -0.40625                    1     0
              0.28125               -0.375                    1     0
              0.34375              -0.3125                    1     0
               0.3125             -0.34375                    1     0
              0.34375             -0.34375                    1     0
              0.46875               0.4375                    1     0
               0.4375                0.375                    1     0
              0.40625                0.375                    1     0
               0.4375              0.40625                    1     0
              0.46875              0.40625                    1     0
              0.46875                0.375                    1     0
               0.3125                 0.25                    1     0
              0.28125                 0.25                    1     0
               0.3125              0.28125                    1     0
                0.375                 0.25                    1     0
                0.375               0.3125                    1     0
                0.375              0.28125                    1     0
              0.34375              0.28125                    1     0
              0.34375                 0.25                    1     0
              0.34375               0.3125                    1     0
                0.375              0.34375                    1     0
               0.4375                 0.25                    1     0
              0.46875              0.28125                    1     0
              0.46875                 0.25                    1     0
               0.4375               0.3125                    1     0
              0.46875              0.34375                    1     0
              0.46875               0.3125                    1     0
              0.40625                 0.25                    1     0
               0.4375              0.28125                    1     0
              0.40625              0.28125                    1     0
              0.40625              0.34375                    1     0
              0.40625               0.3125                    1     0
               0.4375              0.34375                    1     0
               0.0625                    0                    1     0
              0.03125                    0                    1     0
               0.0625              0.03125                    1     0
                0.125                    0                    1     0
                0.125               0.0625                    1     0
                0.125              0.03125                    1     0
              0.09375              0.03125                    1     0
              0.09375                    0                    1     0
              0.09375               0.0625                    1     0
                0.125              0.09375                    1     0
                 0.25                    0                    1     0
                 0.25               0.0625                    1     0
               0.1875                    0                    1     0
                 0.25              0.03125                    1     0
              0.21875              0.03125                    1     0
              0.21875                    0                    1     0
                 0.25                0.125                    1     0
               0.1875               0.0625                    1     0
              0.21875              0.09375                    1     0
              0.21875               0.0625                    1     0
                 0.25              0.09375                    1     0
              0.15625                    0                    1     0
               0.1875              0.03125                    1     0
              0.15625              0.03125                    1     0
                 0.25               0.1875                    1     0
              0.21875               0.1875                    1     0
                 0.25              0.21875                    1     0
               0.1875                0.125                    1     0
              0.15625                0.125                    1     0
               0.1875              0.15625                    1     0
                 0.25              0.15625                    1     0
              0.21875              0.15625                    1     0
              0.21875                0.125                    1     0
              0.15625               0.0625                    1     0
               0.1875              0.09375                    1     0
              0.15625              0.09375                    1     0
               0.4375                    0                    1     0
              0.46875              0.03125                    1     0
              0.46875                    0                    1     0
               0.4375               0.0625                    1     0
              0.46875              0.09375                    1     0
              0.46875               0.0625                    1     0
                0.375                    0                    1     0
              0.40625                    0                    1     0
               0.4375              0.03125                    1     0
              0.40625              0.03125                    1     0
               0.4375               0.1875                    1     0
              0.46875              0.21875                    1     0
              0.46875               0.1875                    1     0
                0.375                0.125                    1     0
               0.4375                0.125                    1     0
              0.40625                0.125                    1     0
               0.4375              0.15625                    1     0
              0.40625              0.15625                    1     0
              0.46875              0.15625                    1     0
              0.46875                0.125                    1     0
               0.3125                    0                    1     0
               0.3125               0.0625                    1     0
              0.28125                    0                    1     0
               0.3125              0.03125                    1     0
              0.28125              0.03125                    1     0
                0.375               0.0625                    1     0
                0.375              0.03125                    1     0
              0.34375              0.03125                    1     0
              0.34375                    0                    1     0
              0.34375              0.09375                    1     0
              0.34375               0.0625                    1     0
                0.375              0.09375                    1     0
               0.4375              0.09375                    1     0
              0.40625              0.09375                    1     0
              0.40625               0.0625                    1     0
              0.28125              0.21875                    1     0
               0.3125               0.1875                    1     0
              0.28125              0.15625                    1     0
              0.28125               0.1875                    1     0
               0.3125              0.21875                    1     0
              0.34375              0.21875                    1     0
              0.28125               0.0625                    1     0
               0.3125                0.125                    1     0
              0.34375                0.125                    1     0
               0.3125              0.09375                    1     0
              0.28125              0.09375                    1     0
              0.28125                0.125                    1     0
               0.4375              0.21875                    1     0
                0.375               0.1875                    1     0
                0.375              0.21875                    1     0
              0.40625              0.21875                    1     0
              0.40625               0.1875                    1     0
                0.375              0.15625                    1     0
               0.3125              0.15625                    1     0
              0.34375              0.15625                    1     0
              0.34375               0.1875                    1     0
              0.03125              -0.4375                    1     0
               0.0625               -0.375                    1     0
              0.09375               -0.375                    1     0
               0.0625             -0.40625                    1     0
              0.03125             -0.40625                    1     0
              0.03125               -0.375                    1     0
               0.1875                -0.25                    1     0
              0.21875                -0.25                    1     0
               0.1875             -0.28125                    1     0
                0.125                -0.25                    1     0
                0.125              -0.3125                    1     0
                0.125             -0.28125                    1     0
              0.15625             -0.28125                    1     0
              0.15625                -0.25                    1     0
              0.15625              -0.3125                    1     0
                0.125             -0.34375                    1     0
               0.0625                -0.25                    1     0
              0.03125             -0.28125                    1     0
              0.03125                -0.25                    1     0
               0.0625              -0.3125                    1     0
              0.03125             -0.34375                    1     0
              0.03125              -0.3125                    1     0
              0.09375                -0.25                    1     0
               0.0625             -0.28125                    1     0
              0.09375             -0.28125                    1     0
              0.09375             -0.34375                    1     0
              0.09375              -0.3125                    1     0
               0.0625             -0.34375                    1     0
               0.4375             -0.03125                    1     0
                0.375              -0.0625                    1     0
                0.375             -0.03125                    1     0
              0.40625             -0.03125                    1     0
              0.40625              -0.0625                    1     0
                0.375             -0.09375                    1     0
                 0.25              -0.0625                    1     0
                 0.25             -0.03125                    1     0
              0.28125             -0.03125                    1     0
                 0.25               -0.125                    1     0
               0.3125              -0.0625                    1     0
              0.28125             -0.09375                    1     0
              0.28125              -0.0625                    1     0
                 0.25             -0.09375                    1     0
               0.3125             -0.03125                    1     0
              0.34375             -0.03125                    1     0
                 0.25              -0.1875                    1     0
              0.28125              -0.1875                    1     0
                 0.25             -0.21875                    1     0
               0.3125               -0.125                    1     0
              0.34375               -0.125                    1     0
               0.3125             -0.15625                    1     0
                 0.25             -0.15625                    1     0
              0.28125             -0.15625                    1     0
              0.28125               -0.125                    1     0
              0.34375              -0.0625                    1     0
               0.3125             -0.09375                    1     0
              0.34375             -0.09375                    1     0
              0.03125             -0.03125                    1     0
               0.0625              -0.0625                    1     0
              0.03125             -0.09375                    1     0
              0.03125              -0.0625                    1     0
               0.0625             -0.03125                    1     0
              0.09375             -0.03125                    1     0
               0.0625              -0.1875                    1     0
              0.03125             -0.21875                    1     0
              0.03125              -0.1875                    1     0
                0.125               -0.125                    1     0
               0.0625               -0.125                    1     0
              0.09375               -0.125                    1     0
               0.0625             -0.15625                    1     0
              0.09375             -0.15625                    1     0
              0.03125             -0.15625                    1     0
              0.03125               -0.125                    1     0
               0.1875              -0.0625                    1     0
               0.1875             -0.03125                    1     0
              0.21875             -0.03125                    1     0
                0.125              -0.0625                    1     0
                0.125             -0.03125                    1     0
              0.15625             -0.03125                    1     0
              0.15625             -0.09375                    1     0
              0.15625              -0.0625                    1     0
                0.125             -0.09375                    1     0
               0.0625             -0.09375                    1     0
              0.09375             -0.09375                    1     0
              0.09375              -0.0625                    1     0
              0.21875             -0.21875                    1     0
               0.1875              -0.1875                    1     0
              0.21875             -0.15625                    1     0
              0.21875              -0.1875                    1     0
               0.1875             -0.21875                    1     0
              0.15625             -0.21875                    1     0
              0.21875              -0.0625                    1     0
               0.1875               -0.125                    1     0
              0.15625               -0.125                    1     0
               0.1875             -0.09375                    1     0
              0.21875             -0.09375                    1     0
              0.21875               -0.125                    1     0
               0.0625             -0.21875                    1     0
                0.125              -0.1875                    1     0
                0.125             -0.21875                    1     0
              0.09375             -0.21875                    1     0
              0.09375              -0.1875                    1     0
                0.125             -0.15625                    1     0
               0.1875             -0.15625                    1     0
              0.15625             -0.15625                    1     0
              0.15625              -0.1875                    1     0
Triangles
 12288
    1    4    6    0
    2    5    4    0
    3    6    5    0
    4    5    6    0
    7    9   11    0
    8   10    9    0
    2   11   10    0
    9   10   11    0
   12   13   15    0
    3   14   13    0
    8   15   14    0
   13   14   15    0
    2   10    5    0
    8   14   10    0
    3    5   14    0
   10   14    5    0
   16   19   21    0
   17   20   19    0
   18   21   20    0
   19   20   21    0
   22   24   26    0
   23   25   24    0
   17   26   25    0
   24   25   26    0
    7   27   29    0
   18   28   27    0
   23   29   28    0
   27   28   29    0
   17   25   20    0
   23   28   25    0
   18   20   28    0
   25   28   20    0
   30   33   35    0
   31   34   33    0
   32   35   34    0
   33   34   35    0
   12   37   39    0
   36   38   37    0
   31   39   38    0
   37   38   39    0
   22   40   42    0
   32   41   40    0
   36   42   41    0
   40   41   42    0
   31   38   34    0
   36   41   38    0
   32   34   41    0
   38   41   34    0
    7   29    9    0
   23   43   29    0
    8    9   43    0
   29   43    9    0
   22   42   24    0
   36   44   42    0
   23   24   44    0
   42   44   24    0
   12   15   37    0
    8   45   15    0
   36   37   45    0
   15   45   37    0
   23   44   43    0
   36   45   44    0
    8   43   45    0
   44   45   43    0
   46   49   51    0
   47   50   49    0
   48   51   50    0
   49   50   51    0
   52   54   56    0
   53   55   54    0
   47   56   55    0
   54   55   56    0
   57   58   60    0
   48   59   58    0
   53   60   59    0
   58   59   60    0
   47   55   50    0
   53   59   55    0
   48   50   59    0
   55   59   50    0
   61   64   66    0
   62   65   64    0
   63   66   65    0
   64   65   66    0
   67   69   71    0
   68   70   69    0
   62   71   70    0
   69   70   71    0
   52   72   74    0
   63   73   72    0
   68   74   73    0
   72   73   74    0
   62   70   65    0
   68   73   70    0
   63   65   73    0
   70   73   65    0
   16   77   79    0
   75   78   77    0
   76   79   78    0
   77   78   79    0
   57   81   83    0
   80   82   81    0
   75   83   82    0
   81   82   83    0
   67   84   86    0
   76   85   84    0
   80   86   85    0
   84   85   86    0
   75   82   78    0
   80   85   82    0
   76   78   85    0
   82   85   78    0
   52   74   54    0
   68   87   74    0
   53   54   87    0
   74   87   54    0
   67   86   69    0
   80   88   86    0
   68   69   88    0
   86   88   69    0
   57   60   81    0
   53   89   60    0
   80   81   89    0
   60   89   81    0
   68   88   87    0
   80   89   88    0
   53   87   89    0
   88   89   87    0
   90   93   95    0
   91   94   93    0
   92   95   94    0
   93   94   95    0
   96   98  100    0
   97   99   98    0
   91  100   99    0
   98   99  100    0
  101  102  104    0
   92  103  102    0
   97  104  103    0
  102  103  104    0
   91   99   94    0
   97  103   99    0
   92   94  103    0
   99  103   94    0
   30  107  109    0
  105  108  107    0
  106  109  108    0
  107  108  109    0
  110  112  114    0
  111  113  112    0
  105  114  113    0
  112  113  114    0
   96  115  117    0
  106  116  115    0
  111  117  116    0
  115  116  117    0
  105  113  108    0
  111  116  113    0
  106  108  116    0
  113  116  108    0
   61  120  122    0
  118  121  120    0
  119  122  121    0
  120  121  122    0
  101  124  126    0
  123  125  124    0
  118  126  125    0
  124  125  126    0
  110  127  129    0
  119  128  127    0
  123  129  128    0
  127  128  129    0
  118  125  121    0
  123  128  125    0
  119  121  128    0
  125  128  121    0
   96  117   98    0
  111  130  117    0
   97   98  130    0
  117  130   98    0
  110  129  112    0
  123  131  129    0
  111  112  131    0
  129  131  112    0
  101  104  124    0
   97  132  104    0
  123  124  132    0
  104  132  124    0
  111  131  130    0
  123  132  131    0
   97  130  132    0
  131  132  130    0
   16   79   19    0
   76  133   79    0
   17   19  133    0
   79  133   19    0
   67  135   84    0
  134  136  135    0
   76   84  136    0
  135  136   84    0
   22   26  138    0
   17  137   26    0
  134  138  137    0
   26  137  138    0
   76  136  133    0
  134  137  136    0
   17  133  137    0
  136  137  133    0
   61  122   64    0
  119  139  122    0
   62   64  139    0
  122  139   64    0
  110  141  127    0
  140  142  141    0
  119  127  142    0
  141  142  127    0
   67   71  144    0
   62  143   71    0
  140  144  143    0
   71  143  144    0
  119  142  139    0
  140  143  142    0
   62  139  143    0
  142  143  139    0
   30   35  107    0
   32  145   35    0
  105  107  145    0
   35  145  107    0
   22  147   40    0
  146  148  147    0
   32   40  148    0
  147  148   40    0
  110  114  150    0
  105  149  114    0
  146  150  149    0
  114  149  150    0
   32  148  145    0
  146  149  148    0
  105  145  149    0
  148  149  145    0
   67  144  135    0
  140  151  144    0
  134  135  151    0
  144  151  135    0
  110  150  141    0
  146  152  150    0
  140  141  152    0
  150  152  141    0
   22  138  147    0
  134  153  138    0
  146  147  153    0
  138  153  147    0
  140  152  151    0
  146  153  152    0
  134  151  153    0
  152  153  151    0
  154  157  159    0
  155  158  157    0
  156  159  158    0
  157  158  159    0
  160  162  164    0
  161  163  162    0
  155  164  163    0
  162  163  164    0
  165  166  168    0
  156  167  166    0
  161  168  167    0
  166  167  168    0
  155  163  158    0
  161  167  163    0
  156  158  167    0
  163  167  158    0
  169  172  174    0
  170  173  172    0
  171  174  173    0
  172  173  174    0
  175  177  179    0
  176  178  177    0
  170  179  178    0
  177  178  179    0
  160  180  182    0
  171  181  180    0
  176  182  181    0
  180  181  182    0
  170  178  173    0
  176  181  178    0
  171  173  181    0
  178  181  173    0
  183  186  188    0
  184  187  186    0
  185  188  187    0
  186  187  188    0
  165  190  192    0
  189  191  190    0
  184  192  191    0
  190  191  192    0
  175  193  195    0
  185  194  193    0
  189  195  194    0
  193  194  195    0
  184  191  187    0
  189  194  191    0
  185  187  194    0
  191  194  187    0
  160  182  162    0
  176  196  182    0
  161  162  196    0
  182  196  162    0
  175  195  177    0
  189  197  195    0
  176  177  197    0
  195  197  177    0
  165  168  190    0
  161  198  168    0
  189  190  198    0
  168  198  190    0
  176  197  196    0
  189  198  197    0
  161  196  198    0
  197  198  196    0
  199  202  204    0
  200  203  202    0
  201  204  203    0
  202  203  204    0
  205  207  209    0
  206  208  207    0
  200  209  208    0
  207  208  209    0
  210  211  213    0
  201  212  211    0
  206  213  212    0
  211  212  213    0
  200  208  203    0
  206  212  208    0
  201  203  212    0
  208  212  203    0
  214  217  219    0
  215  218  217    0
  216  219  218    0
  217  218  219    0
  220  222  224    0
  221  223  222    0
  215  224  223    0
  222  223  224    0
  205  225  227    0
  216  226  225    0
  221  227  226    0
  225  226  227    0
  215  223  218    0
  221  226  223    0
  216  218  226    0
  223  226  218    0
  169  230  232    0
  228  231  230    0
  229  232  231    0
  230  231  232    0
  210  234  236    0
  233  235  234    0
  228  236  235    0
  234  235  236    0
  220  237  239    0
  229  238  237    0
  233  239  238    0
  237  238  239    0
  228  235  231    0
  233  238  235    0
  229  231  238    0
  235  238  231    0
  205  227  207    0
  221  240  227    0
  206  207  240    0
  227  240  207    0
  220  239  222    0
  233  241  239    0
  221  222  241    0
  239  241  222    0
  210  213  234    0
  206  242  213    0
  233  234  242    0
  213  242  234    0
  221  241  240    0
  233  242  241    0
  206  240  242    0
  241  242  240    0
   46  245  247    0
  243  246  245    0
  244  247  246    0
  245  246  247    0
  248  250  252    0
  249  251  250    0
  243  252  251    0
  250  251  252    0
  253  254  256    0
  244  255  254    0
  249  256  255    0
  254  255  256    0
  243  251  246    0
  249  255  251    0
  244  246  255    0
  251  255  246    0
  183  259  261    0
  257  260  259    0
  258  261  260    0
  259  260  261    0
  262  264  266    0
  263  265  264    0
  257  266  265    0
  264  265  266    0
  248  267  269    0
  258  268  267    0
  263  269  268    0
  267  268  269    0
  257  265  260    0
  263  268  265    0
  258  260  268    0
  265  268  260    0
  214  272  274    0
  270  273  272    0
  271  274  273    0
  272  273  274    0
  253  276  278    0
  275  277  276    0
  270  278  277    0
  276  277  278    0
  262  279  281    0
  271  280  279    0
  275  281  280    0
  279  280  281    0
  270  277  273    0
  275  280  277    0
  271  273  280    0
  277  280  273    0
  248  269  250    0
  263  282  269    0
  249  250  282    0
  269  282  250    0
  262  281  264    0
  275  283  281    0
  263  264  283    0
  281  283  264    0
  253  256  276    0
  249  284  256    0
  275  276  284    0
  256  284  276    0
  263  283  282    0
  275  284  283    0
  249  282  284    0
  283  284  282    0
  169  232  172    0
  229  285  232    0
  170  172  285    0
  232  285  172    0
  220  287  237    0
  286  288  287    0
  229  237  288    0
  287  288  237    0
  175  179  290    0
  170  289  179    0
  286  290  289    0
  179  289  290    0
  229  288  285    0
  286  289  288    0
  170  285  289    0
  288  289  285    0
  214  274  217    0
  271  291  274    0
  215  217  291    0
  274  291  217    0
  262  293  279    0
  292  294  293    0
  271  279  294    0
  293  294  279    0
  220  224  296    0
  215  295  224    0
  292  296  295    0
  224  295  296    0
  271  294  291    0
  292  295  294    0
  215  291  295    0
  294  295  291    0
  183  188  259    0
  185  297  188    0
  257  259  297    0
  188  297  259    0
  175  299  193    0
  298  300  299    0
  185  193  300    0
  299  300  193    0
  262  266  302    0
  257  301  266    0
  298  302  301    0
  266  301  302    0
  185  300  297    0
  298  301  300    0
  257  297  301    0
  300  301  297    0
  220  296  287    0
  292  303  296    0
  286  287  303    0
  296  303  287    0
  262  302  293    0
  298  304  302    0
  292  293  304    0
  302  304  293    0
  175  290  299    0
  286  305  290    0
  298  299  305    0
  290  305  299    0
  292  304  303    0
  298  305  304    0
  286  303  305    0
  304  305  303    0
  306  309  311    0
  307  310  309    0
  308  311  310    0
  309  310  311    0
  312  314  316    0
  313  315  314    0
  307  316  315    0
  314  315  316    0
  317  318  320    0
  308  319  318    0
  313  320  319    0
  318  319  320    0
  307  315  310    0
  313  319  315    0
  308  310  319    0
  315  319  310    0
  321  324  326    0
  322  325  324    0
  323  326  325    0
  324  325  326    0
  327  329  331    0
  328  330  329    0
  322  331  330    0
  329  330  331    0
  312  332  334    0
  323  333  332    0
  328  334  333    0
  332  333  334    0
  322  330  325    0
  328  333  330    0
  323  325  333    0
  330  333  325    0
  335  338  340    0
  336  339  338    0
  337  340  339    0
  338  339  340    0
  317  342  344    0
  341  343  342    0
  336  344  343    0
  342  343  344    0
  327  345  347    0
  337  346  345    0
  341  347  346    0
  345  346  347    0
  336  343  339    0
  341  346  343    0
  337  339  346    0
  343  346  339    0
  312  334  314    0
  328  348  334    0
  313  314  348    0
  334  348  314    0
  327  347  329    0
  341  349  347    0
  328  329  349    0
  347  349  329    0
  317  320  342    0
  313  350  320    0
  341  342  350    0
  320  350  342    0
  328  349  348    0
  341  350  349    0
  313  348  350    0
  349  350  348    0
   90  353  355    0
  351  354  353    0
  352  355  354    0
  353  354  355    0
  356  358  360    0
  357  359  358    0
  351  360  359    0
  358  359  360    0
  361  362  364    0
  352  363  362    0
  357  364  363    0
  362  363  364    0
  351  359  354    0
  357  363  359    0
  352  354  363    0
  359  363  354    0
  365  368  370    0
  366  369  368    0
  367  370  369    0
  368  369  370    0
  371  373  375    0
  372  374  373    0
  366  375  374    0
  373  374  375    0
  356  376  378    0
  367  377  376    0
  372  378  377    0
  376  377  378    0
  366  374  369    0
  372  377  374    0
  367  369  377    0
  374  377  369    0
  321  381  383    0
  379  382  381    0
  380  383  382    0
  381  382  383    0
  361  385  387    0
  384  386  385    0
  379  387  386    0
  385  386  387    0
  371  388  390    0
  380  389  388    0
  384  390  389    0
  388  389  390    0
  379  386  382    0
  384  389  386    0
  380  382  389    0
  386  389  382    0
  356  378  358    0
  372  391  378    0
  357  358  391    0
  378  391  358    0
  371  390  373    0
  384  392  390    0
  372  373  392    0
  390  392  373    0
  361  364  385    0
  357  393  364    0
  384  385  393    0
  364  393  385    0
  372  392  391    0
  384  393  392    0
  357  391  393    0
  392  393  391    0
  199  396  398    0
  394  397  396    0
  395  398  397    0
  396  397  398    0
  399  401  403    0
  400  402  401    0
  394  403  402    0
  401  402  403    0
  404  405  407    0
  395  406  405    0
  400  407  406    0
  405  406  407    0
  394  402  397    0
  400  406  402    0
  395  397  406    0
  402  406  397    0
  335  410  412    0
  408  411  410    0
  409  412  411    0
  410  411  412    0
  413  415  417    0
  414  416  415    0
  408  417  416    0
  415  416  417    0
  399  418  420    0
  409  419  418    0
  414  420  419    0
  418  419  420    0
  408  416  411    0
  414  419  416    0
  409  411  419    0
  416  419  411    0
  365  423  425    0
  421  424  423    0
  422  425  424    0
  423  424  425    0
  404  427  429    0
  426  428  427    0
  421  429  428    0
  427  428  429    0
  413  430  432    0
  422  431  430    0
  426  432  431    0
  430  431  432    0
  421  428  424    0
  426  431  428    0
  422  424  431    0
  428  431  424    0
  399  420  401    0
  414  433  420    0
  400  401  433    0
  420  433  401    0
  413  432  415    0
  426  434  432    0
  414  415  434    0
  432  434  415    0
  404  407  427    0
  400  435  407    0
  426  427  435    0
  407  435  427    0
  414  434  433    0
  426  435  434    0
  400  433  435    0
  434  435  433    0
  321  383  324    0
  380  436  383    0
  322  324  436    0
  383  436  324    0
  371  438  388    0
  437  439  438    0
  380  388  439    0
  438  439  388    0
  327  331  441    0
  322  440  331    0
  437  441  440    0
  331  440  441    0
  380  439  436    0
  437  440  439    0
  322  436  440    0
  439  440  436    0
  365  425  368    0
  422  442  425    0
  366  368  442    0
  425  442  368    0
  413  444  430    0
  443  445  444    0
  422  430  445    0
  444  445  430    0
  371  375  447    0
  366  446  375    0
  443  447  446    0
  375  446  447    0
  422  445  442    0
  443  446  445    0
  366  442  446    0
  445  446  442    0
  335  340  410    0
  337  448  340    0
  408  410  448    0
  340  448  410    0
  327  450  345    0
  449  451  450    0
  337  345  451    0
  450  451  345    0
  413  417  453    0
  408  452  417    0
  449  453  452    0
  417  452  453    0
  337  451  448    0
  449  452  451    0
  408  448  452    0
  451  452  448    0
  371  447  438    0
  443  454  447    0
  437  438  454    0
  447  454  438    0
  413  453  444    0
  449  455  453    0
  443  444  455    0
  453  455  444    0
  327  441  450    0
  437  456  441    0
  449  450  456    0
  441  456  450    0
  443  455  454    0
  449  456  455    0
  437  454  456    0
  455  456  454    0
   46  247   49    0
  244  457  247    0
   47   49  457    0
  247  457   49    0
  253  459  254    0
  458  460  459    0
  244  254  460    0
  459  460  254    0
   52   56  462    0
   47  461   56    0
  458  462  461    0
   56  461  462    0
  244  460  457    0
  458  461  460    0
   47  457  461    0
  460  461  457    0
  214  464  272    0
  463  465  464    0
  270  272  465    0
  464  465  272    0
  466  468  470    0
  467  469  468    0
  463  470  469    0
  468  469  470    0
  253  278  472    0
  270  471  278    0
  467  472  471    0
  278  471  472    0
  463  469  465    0
  467  471  469    0
  270  465  471    0
  469  471  465    0
   61   66  475    0
   63  474   66    0
  473  475  474    0
   66  474  475    0
   52  477   72    0
  476  478  477    0
   63   72  478    0
  477  478   72    0
  466  479  481    0
  473  480  479    0
  476  481  480    0
  479  480  481    0
   63  478  474    0
  476  480  478    0
  473  474  480    0
  478  480  474    0
  253  472  459    0
  467  482  472    0
  458  459  482    0
  472  482  459    0
  466  481  468    0
  476  483  481    0
  467  468  483    0
  481  483  468    0
   52  462  477    0
  458  484  462    0
  476  477  484    0
  462  484  477    0
  467  483  482    0
  476  484  483    0
  458  482  484    0
  483  484  482    0
  199  398  202    0
  395  485  398    0
  200  202  485    0
  398  485  202    0
  404  487  405    0
  486  488  487    0
  395  405  488    0
  487  488  405    0
  205  209  490    0
  200  489  209    0
  486  490  489    0
  209  489  490    0
  395  488  485    0
  486  489  488    0
  200  485  489    0
  488  489  485    0
  365  492  423    0
  491  493  492    0
  421  423  493    0
  492  493  423    0
  494  496  498    0
  495  497  496    0
  491  498  497    0
  496  497  498    0
  404  429  500    0
  421  499  429    0
  495  500  499    0
  429  499  500    0
  491  497  493    0
  495  499  497    0
  421  493  499    0
  497  499  493    0
  214  219  503    0
  216  502  219    0
  501  503  502    0
  219  502  503    0
  205  505  225    0
  504  506  505    0
  216  225  506    0
  505  506  225    0
  494  507  509    0
  501  508  507    0
  504  509  508    0
  507  508  509    0
  216  506  502    0
  504  508  506    0
  501  502  508    0
  506  508  502    0
  404  500  487    0
  495  510  500    0
  486  487  510    0
  500  510  487    0
  494  509  496    0
  504  511  509    0
  495  496  511    0
  509  511  496    0
  205  490  505    0
  486  512  490    0
  504  505  512    0
  490  512  505    0
  495  511  510    0
  504  512  511    0
  486  510  512    0
  511  512  510    0
   90   95  353    0
   92  513   95    0
  351  353  513    0
   95  513  353    0
  101  515  102    0
  514  516  515    0
   92  102  516    0
  515  516  102    0
  356  360  518    0
  351  517  360    0
  514  518  517    0
  360  517  518    0
   92  516  513    0
  514  517  516    0
  351  513  517    0
  516  517  513    0
   61  520  120    0
  519  521  520    0
  118  120  521    0
  520  521  120    0
  522  524  526    0
  523  525  524    0
  519  526  525    0
  524  525  526    0
  101  126  528    0
  118  527  126    0
  523  528  527    0
  126  527  528    0
  519  525  521    0
  523  527  525    0
  118  521  527    0
  525  527  521    0
  365  370  531    0
  367  530  370    0
  529  531  530    0
  370  530  531    0
  356  533  376    0
  532  534  533    0
  367  376  534    0
  533  534  376    0
  522  535  537    0
  529  536  535    0
  532  537  536    0
  535  536  537    0
  367  534  530    0
  532  536  534    0
  529  530  536    0
  534  536  530    0
  101  528  515    0
  523  538  528    0
  514  515  538    0
  528  538  515    0
  522  537  524    0
  532  539  537    0
  523  524  539    0
  537  539  524    0
  356  518  533    0
  514  540  518    0
  532  533  540    0
  518  540  533    0
  523  539  538    0
  532  540  539    0
  514  538  540    0
  539  540  538    0
  214  503  464    0
  501  541  503    0
  463  464  541    0
  503  541  464    0
  494  543  507    0
  542  544  543    0
  501  507  544    0
  543  544  507    0
  466  470  546    0
  463  545  470    0
  542  546  545    0
  470  545  546    0
  501  544  541    0
  542  545  544    0
  463  541  545    0
  544  545  541    0
  365  531  492    0
  529  547  531    0
  491  492  547    0
  531  547  492    0
  522  549  535    0
  548  550  549    0
  529  535  550    0
  549  550  535    0
  494  498  552    0
  491  551  498    0
  548  552  551    0
  498  551  552    0
  529  550  547    0
  548  551  550    0
  491  547  551    0
  550  551  547    0
   61  475  520    0
  473  553  475    0
  519  520  553    0
  475  553  520    0
  466  555  479    0
  554  556  555    0
  473  479  556    0
  555  556  479    0
  522  526  558    0
  519  557  526    0
  554  558  557    0
  526  557  558    0
  473  556  553    0
  554  557  556    0
  519  553  557    0
  556  557  553    0
  494  552  543    0
  548  559  552    0
  542  543  559    0
  552  559  543    0
  522  558  549    0
  554  560  558    0
  548  549  560    0
  558  560  549    0
  466  546  555    0
  542  561  546    0
  554  555  561    0
  546  561  555    0
  548  560  559    0
  554  561  560    0
  542  559  561    0
  560  561  559    0
    1  563    4    0
  562  564  563    0
    2    4  564    0
  563  564    4    0
  565  567  569    0
  566  568  567    0
  562  569  568    0
  567  568  569    0
    7   11  571    0
    2  570   11    0
  566  571  570    0
   11  570  571    0
  562  568  564    0
  566  570  568    0
    2  564  570    0
  568  570  564    0
  572  575  577    0
  573  576  575    0
  574  577  576    0
  575  576  577    0
  578  580  582    0
  579  581  580    0
  573  582  581    0
  580  581  582    0
  565  583  585    0
  574  584  583    0
  579  585  584    0
  583  584  585    0
  573  581  576    0
  579  584  581    0
  574  576  584    0
  581  584  576    0
   16   21  588    0
   18  587   21    0
  586  588  587    0
   21  587  588    0
    7  590   27    0
  589  591  590    0
   18   27  591    0
  590  591   27    0
  578  592  594    0
  586  593  592    0
  589  594  593    0
  592  593  594    0
   18  591  587    0
  589  593  591    0
  586  587  593    0
  591  593  587    0
  565  585  567    0
  579  595  585    0
  566  567  595    0
  585  595  567    0
  578  594  580    0
  589  596  594    0
  579  580  596    0
  594  596  580    0
    7  571  590    0
  566  597  571    0
  589  590  597    0
  571  597  590    0
  579  596  595    0
  589  597  596    0
  566  595  597    0
  596  597  595    0
  598  601  603    0
  599  602  601    0
  600  603  602    0
  601  602  603    0
  604  606  608    0
  605  607  606    0
  599  608  607    0
  606  607  608    0
  609  610  612    0
  600  611  610    0
  605  612  611    0
  610  611  612    0
  599  607  602    0
  605  611  607    0
  600  602  611    0
  607  611  602    0
  613  616  618    0
  614  617  616    0
  615  618  617    0
  616  617  618    0
  619  621  623    0
  620  622  621    0
  614  623  622    0
  621  622  623    0
  604  624  626    0
  615  625  624    0
  620  626  625    0
  624  625  626    0
  614  622  617    0
  620  625  622    0
  615  617  625    0
  622  625  617    0
  572  629  631    0
  627  630  629    0
  628  631  630    0
  629  630  631    0
  609  633  635    0
  632  634  633    0
  627  635  634    0
  633  634  635    0
  619  636  638    0
  628  637  636    0
  632  638  637    0
  636  637  638    0
  627  634  630    0
  632  637  634    0
  628  630  637    0
  634  637  630    0
  604  626  606    0
  620  639  626    0
  605  606  639    0
  626  639  606    0
  619  638  621    0
  632  640  638    0
  620  621  640    0
  638  640  621    0
  609  612  633    0
  605  641  612    0
  632  633  641    0
  612  641  633    0
  620  640  639    0
  632  641  640    0
  605  639  641    0
  640  641  639    0
   46   51  644    0
   48  643   51    0
  642  644  643    0
   51  643  644    0
   57  646   58    0
  645  647  646    0
   48   58  647    0
  646  647   58    0
  648  649  651    0
  642  650  649    0
  645  651  650    0
  649  650  651    0
   48  647  643    0
  645  650  647    0
  642  643  650    0
  647  650  643    0
   16  653   77    0
  652  654  653    0
   75   77  654    0
  653  654   77    0
  655  657  659    0
  656  658  657    0
  652  659  658    0
  657  658  659    0
   57   83  661    0
   75  660   83    0
  656  661  660    0
   83  660  661    0
  652  658  654    0
  656  660  658    0
   75  654  660    0
  658  660  654    0
  613  664  666    0
  662  665  664    0
  663  666  665    0
  664  665  666    0
  648  668  670    0
  667  669  668    0
  662  670  669    0
  668  669  670    0
  655  671  673    0
  663  672  671    0
  667  673  672    0
  671  672  673    0
  662  669  665    0
  667  672  669    0
  663  665  672    0
  669  672  665    0
   57  661  646    0
  656  674  661    0
  645  646  674    0
  661  674  646    0
  655  673  657    0
  667  675  673    0
  656  657  675    0
  673  675  657    0
  648  651  668    0
  645  676  651    0
  667  668  676    0
  651  676  668    0
  656  675  674    0
  667  676  675    0
  645  674  676    0
  675  676  674    0
  572  631  575    0
  628  677  631    0
  573  575  677    0
  631  677  575    0
  619  679  636    0
  678  680  679    0
  628  636  680    0
  679  680  636    0
  578  582  682    0
  573  681  582    0
  678  682  681    0
  582  681  682    0
  628  680  677    0
  678  681  680    0
  573  677  681    0
  680  681  677    0
  613  666  616    0
  663  683  666    0
  614  616  683    0
  666  683  616    0
  655  685  671    0
  684  686  685    0
  663  671  686    0
  685  686  671    0
  619  623  688    0
  614  687  623    0
  684  688  687    0
  623  687  688    0
  663  686  683    0
  684  687  686    0
  614  683  687    0
  686  687  683    0
   16  588  653    0
  586  689  588    0
  652  653  689    0
  588  689  653    0
  578  691  592    0
  690  692  691    0
  586  592  692    0
  691  692  592    0
  655  659  694    0
  652  693  659    0
  690  694  693    0
  659  693  694    0
  586  692  689    0
  690  693  692    0
  652  689  693    0
  692  693  689    0
  619  688  679    0
  684  695  688    0
  678  679  695    0
  688  695  679    0
  655  694  685    0
  690  696  694    0
  684  685  696    0
  694  696  685    0
  578  682  691    0
  678  697  682    0
  690  691  697    0
  682  697  691    0
  684  696  695    0
  690  697  696    0
  678  695  697    0
  696  697  695    0
  698  701  703    0
  699  702  701    0
  700  703  702    0
  701  702  703    0
  704  706  708    0
  705  707  706    0
  699  708  707    0
  706  707  708    0
  709  710  712    0
  700  711  710    0
  705  712  711    0
  710  711  712    0
  699  707  702    0
  705  711  707    0
  700  702  711    0
  707  711  702    0
  713  716  718    0
  714  717  716    0
  715  718  717    0
  716  717  718    0
  719  721  723    0
  720  722  721    0
  714  723  722    0
  721  722  723    0
  704  724  726    0
  715  725  724    0
  720  726  725    0
  724  725  726    0
  714  722  717    0
  720  725  722    0
  715  717  725    0
  722  725  717    0
  727  730  732    0
  728  731  730    0
  729  732  731    0
  730  731  732    0
  709  734  736    0
  733  735  734    0
  728  736  735    0
  734  735  736    0
  719  737  739    0
  729  738  737    0
  733  739  738    0
  737  738  739    0
  728  735  731    0
  733  738  735    0
  729  731  738    0
  735  738  731    0
  704  726  706    0
  720  740  726    0
  705  706  740    0
  726  740  706    0
  719  739  721    0
  733  741  739    0
  720  721  741    0
  739  741  721    0
  709  712  734    0
  705  742  712    0
  733  734  742    0
  712  742  734    0
  720  741  740    0
  733  742  741    0
  705  740  742    0
  741  742  740    0
  743  746  748    0
  744  747  746    0
  745  748  747    0
  746  747  748    0
  749  751  753    0
  750  752  751    0
  744  753  752    0
  751  752  753    0
  754  755  757    0
  745  756  755    0
  750  757  756    0
  755  756  757    0
  744  752  747    0
  750  756  752    0
  745  747  756    0
  752  756  747    0
  758  761  763    0
  759  762  761    0
  760  763  762    0
  761  762  763    0
  764  766  768    0
  765  767  766    0
  759  768  767    0
  766  767  768    0
  749  769  771    0
  760  770  769    0
  765  771  770    0
  769  770  771    0
  759  767  762    0
  765  770  767    0
  760  762  770    0
  767  770  762    0
  713  774  776    0
  772  775  774    0
  773  776  775    0
  774  775  776    0
  754  778  780    0
  777  779  778    0
  772  780  779    0
  778  779  780    0
  764  781  783    0
  773  782  781    0
  777  783  782    0
  781  782  783    0
  772  779  775    0
  777  782  779    0
  773  775  782    0
  779  782  775    0
  749  771  751    0
  765  784  771    0
  750  751  784    0
  771  784  751    0
  764  783  766    0
  777  785  783    0
  765  766  785    0
  783  785  766    0
  754  757  778    0
  750  786  757    0
  777  778  786    0
  757  786  778    0
  765  785  784    0
  777  786  785    0
  750  784  786    0
  785  786  784    0
  598  789  791    0
  787  790  789    0
  788  791  790    0
  789  790  791    0
  792  794  796    0
  793  795  794    0
  787  796  795    0
  794  795  796    0
  797  798  800    0
  788  799  798    0
  793  800  799    0
  798  799  800    0
  787  795  790    0
  793  799  795    0
  788  790  799    0
  795  799  790    0
  727  803  805    0
  801  804  803    0
  802  805  804    0
  803  804  805    0
  806  808  810    0
  807  809  808    0
  801  810  809    0
  808  809  810    0
  792  811  813    0
  802  812  811    0
  807  813  812    0
  811  812  813    0
  801  809  804    0
  807  812  809    0
  802  804  812    0
  809  812  804    0
  758  816  818    0
  814  817  816    0
  815  818  817    0
  816  817  818    0
  797  820  822    0
  819  821  820    0
  814  822  821    0
  820  821  822    0
  806  823  825    0
  815  824  823    0
  819  825  824    0
  823  824  825    0
  814  821  817    0
  819  824  821    0
  815  817  824    0
  821  824  817    0
  792  813  794    0
  807  826  813    0
  793  794  826    0
  813  826  794    0
  806  825  808    0
  819  827  825    0
  807  808  827    0
  825  827  808    0
  797  800  820    0
  793  828  800    0
  819  820  828    0
  800  828  820    0
  807  827  826    0
  819  828  827    0
  793  826  828    0
  827  828  826    0
  713  776  716    0
  773  829  776    0
  714  716  829    0
  776  829  716    0
  764  831  781    0
  830  832  831    0
  773  781  832    0
  831  832  781    0
  719  723  834    0
  714  833  723    0
  830  834  833    0
  723  833  834    0
  773  832  829    0
  830  833  832    0
  714  829  833    0
  832  833  829    0
  758  818  761    0
  815  835  818    0
  759  761  835    0
  818  835  761    0
  806  837  823    0
  836  838  837    0
  815  823  838    0
  837  838  823    0
  764  768  840    0
  759  839  768    0
  836  840  839    0
  768  839  840    0
  815  838  835    0
  836  839  838    0
  759  835  839    0
  838  839  835    0
  727  732  803    0
  729  841  732    0
  801  803  841    0
  732  841  803    0
  719  843  737    0
  842  844  843    0
  729  737  844    0
  843  844  737    0
  806  810  846    0
  801  845  810    0
  842  846  845    0
  810  845  846    0
  729  844  841    0
  842  845  844    0
  801  841  845    0
  844  845  841    0
  764  840  831    0
  836  847  840    0
  830  831  847    0
  840  847  831    0
  806  846  837    0
  842  848  846    0
  836  837  848    0
  846  848  837    0
  719  834  843    0
  830  849  834    0
  842  843  849    0
  834  849  843    0
  836  848  847    0
  842  849  848    0
  830  847  849    0
  848  849  847    0
  154  159  852    0
  156  851  159    0
  850  852  851    0
  159  851  852    0
  165  854  166    0
  853  855  854    0
  156  166  855    0
  854  855  166    0
  856  857  859    0
  850  858  857    0
  853  859  858    0
  857  858  859    0
  156  855  851    0
  853  858  855    0
  850  851  858    0
  855  858  851    0
  183  861  186    0
  860  862  861    0
  184  186  862    0
  861  862  186    0
  863  865  867    0
  864  866  865    0
  860  867  866    0
  865  866  867    0
  165  192  869    0
  184  868  192    0
  864  869  868    0
  192  868  869    0
  860  866  862    0
  864  868  866    0
  184  862  868    0
  866  868  862    0
  870  873  875    0
  871  874  873    0
  872  875  874    0
  873  874  875    0
  856  877  879    0
  876  878  877    0
  871  879  878    0
  877  878  879    0
  863  880  882    0
  872  881  880    0
  876  882  881    0
  880  881  882    0
  871  878  874    0
  876  881  878    0
  872  874  881    0
  878  881  874    0
  165  869  854    0
  864  883  869    0
  853  854  883    0
  869  883  854    0
  863  882  865    0
  876  884  882    0
  864  865  884    0
  882  884  865    0
  856  859  877    0
  853  885  859    0
  876  877  885    0
  859  885  877    0
  864  884  883    0
  876  885  884    0
  853  883  885    0
  884  885  883    0
   46  887  245    0
  886  888  887    0
  243  245  888    0
  887  888  245    0
  889  891  893    0
  890  892  891    0
  886  893  892    0
  891  892  893    0
  248  252  895    0
  243  894  252    0
  890  895  894    0
  252  894  895    0
  886  892  888    0
  890  894  892    0
  243  888  894    0
  892  894  888    0
  896  899  901    0
  897  900  899    0
  898  901  900    0
  899  900  901    0
  902  904  906    0
  903  905  904    0
  897  906  905    0
  904  905  906    0
  889  907  909    0
  898  908  907    0
  903  909  908    0
  907  908  909    0
  897  905  900    0
  903  908  905    0
  898  900  908    0
  905  908  900    0
  183  261  912    0
  258  911  261    0
  910  912  911    0
  261  911  912    0
  248  914  267    0
  913  915  914    0
  258  267  915    0
  914  915  267    0
  902  916  918    0
  910  917  916    0
  913  918  917    0
  916  917  918    0
  258  915  911    0
  913  917  915    0
  910  911  917    0
  915  917  911    0
  889  909  891    0
  903  919  909    0
  890  891  919    0
  909  919  891    0
  902  918  904    0
  913  920  918    0
  903  904  920    0
  918  920  904    0
  248  895  914    0
  890  921  895    0
  913  914  921    0
  895  921  914    0
  903  920  919    0
  913  921  920    0
  890  919  921    0
  920  921  919    0
  743  924  926    0
  922  925  924    0
  923  926  925    0
  924  925  926    0
  927  929  931    0
  928  930  929    0
  922  931  930    0
  929  930  931    0
  932  933  935    0
  923  934  933    0
  928  935  934    0
  933  934  935    0
  922  930  925    0
  928  934  930    0
  923  925  934    0
  930  934  925    0
  870  938  940    0
  936  939  938    0
  937  940  939    0
  938  939  940    0
  941  943  945    0
  942  944  943    0
  936  945  944    0
  943  944  945    0
  927  946  948    0
  937  947  946    0
  942  948  947    0
  946  947  948    0
  936  944  939    0
  942  947  944    0
  937  939  947    0
  944  947  939    0
  896  951  953    0
  949  952  951    0
  950  953  952    0
  951  952  953    0
  932  955  957    0
  954  956  955    0
  949  957  956    0
  955  956  957    0
  941  958  960    0
  950  959  958    0
  954  960  959    0
  958  959  960    0
  949  956  952    0
  954  959  956    0
  950  952  959    0
  956  959  952    0
  927  948  929    0
  942  961  948    0
  928  929  961    0
  948  961  929    0
  941  960  943    0
  954  962  960    0
  942  943  962    0
  960  962  943    0
  932  935  955    0
  928  963  935    0
  954  955  963    0
  935  963  955    0
  942  962  961    0
  954  963  962    0
  928  961  963    0
  962  963  961    0
  183  912  861    0
  910  964  912    0
  860  861  964    0
  912  964  861    0
  902  966  916    0
  965  967  966    0
  910  916  967    0
  966  967  916    0
  863  867  969    0
  860  968  867    0
  965  969  968    0
  867  968  969    0
  910  967  964    0
  965  968  967    0
  860  964  968    0
  967  968  964    0
  896  953  899    0
  950  970  953    0
  897  899  970    0
  953  970  899    0
  941  972  958    0
  971  973  972    0
  950  958  973    0
  972  973  958    0
  902  906  975    0
  897  974  906    0
  971  975  974    0
  906  974  975    0
  950  973  970    0
  971  974  973    0
  897  970  974    0
  973  974  970    0
  870  875  938    0
  872  976  875    0
  936  938  976    0
  875  976  938    0
  863  978  880    0
  977  979  978    0
  872  880  979    0
  978  979  880    0
  941  945  981    0
  936  980  945    0
  977  981  980    0
  945  980  981    0
  872  979  976    0
  977  980  979    0
  936  976  980    0
  979  980  976    0
  902  975  966    0
  971  982  975    0
  965  966  982    0
  975  982  966    0
  941  981  972    0
  977  983  981    0
  971  972  983    0
  981  983  972    0
  863  969  978    0
  965  984  969    0
  977  978  984    0
  969  984  978    0
  971  983  982    0
  977  984  983    0
  965  982  984    0
  983  984  982    0
  598  791  601    0
  788  985  791    0
  599  601  985    0
  791  985  601    0
  797  987  798    0
  986  988  987    0
  788  798  988    0
  987  988  798    0
  604  608  990    0
  599  989  608    0
  986  990  989    0
  608  989  990    0
  788  988  985    0
  986  989  988    0
  599  985  989    0
  988  989  985    0
  758  992  816    0
  991  993  992    0
  814  816  993    0
  992  993  816    0
  994  996  998    0
  995  997  996    0
  991  998  997    0
  996  997  998    0
  797  822 1000    0
  814  999  822    0
  995 1000  999    0
  822  999 1000    0
  991  997  993    0
  995  999  997    0
  814  993  999    0
  997  999  993    0
  613  618 1003    0
  615 1002  618    0
 1001 1003 1002    0
  618 1002 1003    0
  604 1005  624    0
 1004 1006 1005    0
  615  624 1006    0
 1005 1006  624    0
  994 1007 1009    0
 1001 1008 1007    0
 1004 1009 1008    0
 1007 1008 1009    0
  615 1006 1002    0
 1004 1008 1006    0
 1001 1002 1008    0
 1006 1008 1002    0
  797 1000  987    0
  995 1010 1000    0
  986  987 1010    0
 1000 1010  987    0
  994 1009  996    0
 1004 1011 1009    0
  995  996 1011    0
 1009 1011  996    0
  604  990 1005    0
  986 1012  990    0
 1004 1005 1012    0
  990 1012 1005    0
  995 1011 1010    0
 1004 1012 1011    0
  986 1010 1012    0
 1011 1012 1010    0
  743  926  746    0
  923 1013  926    0
  744  746 1013    0
  926 1013  746    0
  932 1015  933    0
 1014 1016 1015    0
  923  933 1016    0
 1015 1016  933    0
  749  753 1018    0
  744 1017  753    0
 1014 1018 1017    0
  753 1017 1018    0
  923 1016 1013    0
 1014 1017 1016    0
  744 1013 1017    0
 1016 1017 1013    0
  896 1020  951    0
 1019 1021 1020    0
  949  951 1021    0
 1020 1021  951    0
 1022 1024 1026    0
 1023 1025 1024    0
 1019 1026 1025    0
 1024 1025 1026    0
  932  957 1028    0
  949 1027  957    0
 1023 1028 1027    0
  957 1027 1028    0
 1019 1025 1021    0
 1023 1027 1025    0
  949 1021 1027    0
 1025 1027 1021    0
  758  763 1031    0
  760 1030  763    0
 1029 1031 1030    0
  763 1030 1031    0
  749 1033  769    0
 1032 1034 1033    0
  760  769 1034    0
 1033 1034  769    0
 1022 1035 1037    0
 1029 1036 1035    0
 1032 1037 1036    0
 1035 1036 1037    0
  760 1034 1030    0
 1032 1036 1034    0
 1029 1030 1036    0
 1034 1036 1030    0
  932 1028 1015    0
 1023 1038 1028    0
 1014 1015 1038    0
 1028 1038 1015    0
 1022 1037 1024    0
 1032 1039 1037    0
 1023 1024 1039    0
 1037 1039 1024    0
  749 1018 1033    0
 1014 1040 1018    0
 1032 1033 1040    0
 1018 1040 1033    0
 1023 1039 1038    0
 1032 1040 1039    0
 1014 1038 1040    0
 1039 1040 1038    0
   46  644  887    0
  642 1041  644    0
  886  887 1041    0
  644 1041  887    0
  648 1043  649    0
 1042 1044 1043    0
  642  649 1044    0
 1043 1044  649    0
  889  893 1046    0
  886 1045  893    0
 1042 1046 1045    0
  893 1045 1046    0
  642 1044 1041    0
 1042 1045 1044    0
  886 1041 1045    0
 1044 1045 1041    0
  613 1048  664    0
 1047 1049 1048    0
  662  664 1049    0
 1048 1049  664    0
 1050 1052 1054    0
 1051 1053 1052    0
 1047 1054 1053    0
 1052 1053 1054    0
  648  670 1056    0
  662 1055  670    0
 1051 1056 1055    0
  670 1055 1056    0
 1047 1053 1049    0
 1051 1055 1053    0
  662 1049 1055    0
 1053 1055 1049    0
  896  901 1059    0
  898 1058  901    0
 1057 1059 1058    0
  901 1058 1059    0
  889 1061  907    0
 1060 1062 1061    0
  898  907 1062    0
 1061 1062  907    0
 1050 1063 1065    0
 1057 1064 1063    0
 1060 1065 1064    0
 1063 1064 1065    0
  898 1062 1058    0
 1060 1064 1062    0
 1057 1058 1064    0
 1062 1064 1058    0
  648 1056 1043    0
 1051 1066 1056    0
 1042 1043 1066    0
 1056 1066 1043    0
 1050 1065 1052    0
 1060 1067 1065    0
 1051 1052 1067    0
 1065 1067 1052    0
  889 1046 1061    0
 1042 1068 1046    0
 1060 1061 1068    0
 1046 1068 1061    0
 1051 1067 1066    0
 1060 1068 1067    0
 1042 1066 1068    0
 1067 1068 1066    0
  758 1031  992    0
 1029 1069 1031    0
  991  992 1069    0
 1031 1069  992    0
 1022 1071 1035    0
 1070 1072 1071    0
 1029 1035 1072    0
 1071 1072 1035    0
  994  998 1074    0
  991 1073  998    0
 1070 1074 1073    0
  998 1073 1074    0
 1029 1072 1069    0
 1070 1073 1072    0
  991 1069 1073    0
 1072 1073 1069    0
  896 1059 1020    0
 1057 1075 1059    0
 1019 1020 1075    0
 1059 1075 1020    0
 1050 1077 1063    0
 1076 1078 1077    0
 1057 1063 1078    0
 1077 1078 1063    0
 1022 1026 1080    0
 1019 1079 1026    0
 1076 1080 1079    0
 1026 1079 1080    0
 1057 1078 1075    0
 1076 1079 1078    0
 1019 1075 1079    0
 1078 1079 1075    0
  613 1003 1048    0
 1001 1081 1003    0
 1047 1048 1081    0
 1003 1081 1048    0
  994 1083 1007    0
 1082 1084 1083    0
 1001 1007 1084    0
 1083 1084 1007    0
 1050 1054 1086    0
 1047 1085 1054    0
 1082 1086 1085    0
 1054 1085 1086    0
 1001 1084 1081    0
 1082 1085 1084    0
 1047 1081 1085    0
 1084 1085 1081    0
 1022 1080 1071    0
 1076 1087 1080    0
 1070 1071 1087    0
 1080 1087 1071    0
 1050 1086 1077    0
 1082 1088 1086    0
 1076 1077 1088    0
 1086 1088 1077    0
  994 1074 1083    0
 1070 1089 1074    0
 1082 1083 1089    0
 1074 1089 1083    0
 1076 1088 1087    0
 1082 1089 1088    0
 1070 1087 1089    0
 1088 1089 1087    0
    1 1092 1094    0
 1090 1093 1092    0
 1091 1094 1093    0
 1092 1093 1094    0
 1095 1097 1099    0
 1096 1098 1097    0
 1090 1099 1098    0
 1097 1098 1099    0
 1100 1101 1103    0
 1091 1102 1101    0
 1096 1103 1102    0
 1101 1102 1103    0
 1090 1098 1093    0
 1096 1102 1098    0
 1091 1093 1102    0
 1098 1102 1093    0
 1104 1107 1109    0
 1105 1108 1107    0
 1106 1109 1108    0
 1107 1108 1109    0
 1110 1112 1114    0
 1111 1113 1112    0
 1105 1114 1113    0
 1112 1113 1114    0
 1095 1115 1117    0
 1106 1116 1115    0
 1111 1117 1116    0
 1115 1116 1117    0
 1105 1113 1108    0
 1111 1116 1113    0
 1106 1108 1116    0
 1113 1116 1108    0
 1118 1121 1123    0
 1119 1122 1121    0
 1120 1123 1122    0
 1121 1122 1123    0
 1100 1125 1127    0
 1124 1126 1125    0
 1119 1127 1126    0
 1125 1126 1127    0
 1110 1128 1130    0
 1120 1129 1128    0
 1124 1130 1129    0
 1128 1129 1130    0
 1119 1126 1122    0
 1124 1129 1126    0
 1120 1122 1129    0
 1126 1129 1122    0
 1095 1117 1097    0
 1111 1131 1117    0
 1096 1097 1131    0
 1117 1131 1097    0
 1110 1130 1112    0
 1124 1132 1130    0
 1111 1112 1132    0
 1130 1132 1112    0
 1100 1103 1125    0
 1096 1133 1103    0
 1124 1125 1133    0
 1103 1133 1125    0
 1111 1132 1131    0
 1124 1133 1132    0
 1096 1131 1133    0
 1132 1133 1131    0
 1134 1137 1139    0
 1135 1138 1137    0
 1136 1139 1138    0
 1137 1138 1139    0
 1140 1142 1144    0
 1141 1143 1142    0
 1135 1144 1143    0
 1142 1143 1144    0
 1145 1146 1148    0
 1136 1147 1146    0
 1141 1148 1147    0
 1146 1147 1148    0
 1135 1143 1138    0
 1141 1147 1143    0
 1136 1138 1147    0
 1143 1147 1138    0
 1149 1152 1154    0
 1150 1153 1152    0
 1151 1154 1153    0
 1152 1153 1154    0
 1155 1157 1159    0
 1156 1158 1157    0
 1150 1159 1158    0
 1157 1158 1159    0
 1140 1160 1162    0
 1151 1161 1160    0
 1156 1162 1161    0
 1160 1161 1162    0
 1150 1158 1153    0
 1156 1161 1158    0
 1151 1153 1161    0
 1158 1161 1153    0
 1104 1165 1167    0
 1163 1166 1165    0
 1164 1167 1166    0
 1165 1166 1167    0
 1145 1169 1171    0
 1168 1170 1169    0
 1163 1171 1170    0
 1169 1170 1171    0
 1155 1172 1174    0
 1164 1173 1172    0
 1168 1174 1173    0
 1172 1173 1174    0
 1163 1170 1166    0
 1168 1173 1170    0
 1164 1166 1173    0
 1170 1173 1166    0
 1140 1162 1142    0
 1156 1175 1162    0
 1141 1142 1175    0
 1162 1175 1142    0
 1155 1174 1157    0
 1168 1176 1174    0
 1156 1157 1176    0
 1174 1176 1157    0
 1145 1148 1169    0
 1141 1177 1148    0
 1168 1169 1177    0
 1148 1177 1169    0
 1156 1176 1175    0
 1168 1177 1176    0
 1141 1175 1177    0
 1176 1177 1175    0
 1178 1181 1183    0
 1179 1182 1181    0
 1180 1183 1182    0
 1181 1182 1183    0
 1184 1186 1188    0
 1185 1187 1186    0
 1179 1188 1187    0
 1186 1187 1188    0
 1189 1190 1192    0
 1180 1191 1190    0
 1185 1192 1191    0
 1190 1191 1192    0
 1179 1187 1182    0
 1185 1191 1187    0
 1180 1182 1191    0
 1187 1191 1182    0
 1118 1195 1197    0
 1193 1196 1195    0
 1194 1197 1196    0
 1195 1196 1197    0
 1198 1200 1202    0
 1199 1201 1200    0
 1193 1202 1201    0
 1200 1201 1202    0
 1184 1203 1205    0
 1194 1204 1203    0
 1199 1205 1204    0
 1203 1204 1205    0
 1193 1201 1196    0
 1199 1204 1201    0
 1194 1196 1204    0
 1201 1204 1196    0
 1149 1208 1210    0
 1206 1209 1208    0
 1207 1210 1209    0
 1208 1209 1210    0
 1189 1212 1214    0
 1211 1213 1212    0
 1206 1214 1213    0
 1212 1213 1214    0
 1198 1215 1217    0
 1207 1216 1215    0
 1211 1217 1216    0
 1215 1216 1217    0
 1206 1213 1209    0
 1211 1216 1213    0
 1207 1209 1216    0
 1213 1216 1209    0
 1184 1205 1186    0
 1199 1218 1205    0
 1185 1186 1218    0
 1205 1218 1186    0
 1198 1217 1200    0
 1211 1219 1217    0
 1199 1200 1219    0
 1217 1219 1200    0
 1189 1192 1212    0
 1185 1220 1192    0
 1211 1212 1220    0
 1192 1220 1212    0
 1199 1219 1218    0
 1211 1220 1219    0
 1185 1218 1220    0
 1219 1220 1218    0
 1104 1167 1107    0
 1164 1221 1167    0
 1105 1107 1221    0
 1167 1221 1107    0
 1155 1223 1172    0
 1222 1224 1223    0
 1164 1172 1224    0
 1223 1224 1172    0
 1110 1114 1226    0
 1105 1225 1114    0
 1222 1226 1225    0
 1114 1225 1226    0
 1164 1224 1221    0
 1222 1225 1224    0
 1105 1221 1225    0
 1224 1225 1221    0
 1149 1210 1152    0
 1207 1227 1210    0
 1150 1152 1227    0
 1210 1227 1152    0
 1198 1229 1215    0
 1228 1230 1229    0
 1207 1215 1230    0
 1229 1230 1215    0
 1155 1159 1232    0
 1150 1231 1159    0
 1228 1232 1231    0
 1159 1231 1232    0
 1207 1230 1227    0
 1228 1231 1230    0
 1150 1227 1231    0
 1230 1231 1227    0
 1118 1123 1195    0
 1120 1233 1123    0
 1193 1195 1233    0
 1123 1233 1195    0
 1110 1235 1128    0
 1234 1236 1235    0
 1120 1128 1236    0
 1235 1236 1128    0
 1198 1202 1238    0
 1193 1237 1202    0
 1234 1238 1237    0
 1202 1237 1238    0
 1120 1236 1233    0
 1234 1237 1236    0
 1193 1233 1237    0
 1236 1237 1233    0
 1155 1232 1223    0
 1228 1239 1232    0
 1222 1223 1239    0
 1232 1239 1223    0
 1198 1238 1229    0
 1234 1240 1238    0
 1228 1229 1240    0
 1238 1240 1229    0
 1110 1226 1235    0
 1222 1241 1226    0
 1234 1235 1241    0
 1226 1241 1235    0
 1228 1240 1239    0
 1234 1241 1240    0
 1222 1239 1241    0
 1240 1241 1239    0
 1242 1245 1247    0
 1243 1246 1245    0
 1244 1247 1246    0
 1245 1246 1247    0
 1248 1250 1252    0
 1249 1251 1250    0
 1243 1252 1251    0
 1250 1251 1252    0
 1253 1254 1256    0
 1244 1255 1254    0
 1249 1256 1255    0
 1254 1255 1256    0
 1243 1251 1246    0
 1249 1255 1251    0
 1244 1246 1255    0
 1251 1255 1246    0
 1257 1260 1262    0
 1258 1261 1260    0
 1259 1262 1261    0
 1260 1261 1262    0
 1263 1265 1267    0
 1264 1266 1265    0
 1258 1267 1266    0
 1265 1266 1267    0
 1248 1268 1270    0
 1259 1269 1268    0
 1264 1270 1269    0
 1268 1269 1270    0
 1258 1266 1261    0
 1264 1269 1266    0
 1259 1261 1269    0
 1266 1269 1261    0
 1271 1274 1276    0
 1272 1275 1274    0
 1273 1276 1275    0
 1274 1275 1276    0
 1253 1278 1280    0
 1277 1279 1278    0
 1272 1280 1279    0
 1278 1279 1280    0
 1263 1281 1283    0
 1273 1282 1281    0
 1277 1283 1282    0
 1281 1282 1283    0
 1272 1279 1275    0
 1277 1282 1279    0
 1273 1275 1282    0
 1279 1282 1275    0
 1248 1270 1250    0
 1264 1284 1270    0
 1249 1250 1284    0
 1270 1284 1250    0
 1263 1283 1265    0
 1277 1285 1283    0
 1264 1265 1285    0
 1283 1285 1265    0
 1253 1256 1278    0
 1249 1286 1256    0
 1277 1278 1286    0
 1256 1286 1278    0
 1264 1285 1284    0
 1277 1286 1285    0
 1249 1284 1286    0
 1285 1286 1284    0
 1287 1290 1292    0
 1288 1291 1290    0
 1289 1292 1291    0
 1290 1291 1292    0
 1293 1295 1297    0
 1294 1296 1295    0
 1288 1297 1296    0
 1295 1296 1297    0
 1298 1299 1301    0
 1289 1300 1299    0
 1294 1301 1300    0
 1299 1300 1301    0
 1288 1296 1291    0
 1294 1300 1296    0
 1289 1291 1300    0
 1296 1300 1291    0
 1302 1305 1307    0
 1303 1306 1305    0
 1304 1307 1306    0
 1305 1306 1307    0
 1308 1310 1312    0
 1309 1311 1310    0
 1303 1312 1311    0
 1310 1311 1312    0
 1293 1313 1315    0
 1304 1314 1313    0
 1309 1315 1314    0
 1313 1314 1315    0
 1303 1311 1306    0
 1309 1314 1311    0
 1304 1306 1314    0
 1311 1314 1306    0
 1257 1318 1320    0
 1316 1319 1318    0
 1317 1320 1319    0
 1318 1319 1320    0
 1298 1322 1324    0
 1321 1323 1322    0
 1316 1324 1323    0
 1322 1323 1324    0
 1308 1325 1327    0
 1317 1326 1325    0
 1321 1327 1326    0
 1325 1326 1327    0
 1316 1323 1319    0
 1321 1326 1323    0
 1317 1319 1326    0
 1323 1326 1319    0
 1293 1315 1295    0
 1309 1328 1315    0
 1294 1295 1328    0
 1315 1328 1295    0
 1308 1327 1310    0
 1321 1329 1327    0
 1309 1310 1329    0
 1327 1329 1310    0
 1298 1301 1322    0
 1294 1330 1301    0
 1321 1322 1330    0
 1301 1330 1322    0
 1309 1329 1328    0
 1321 1330 1329    0
 1294 1328 1330    0
 1329 1330 1328    0
 1134 1333 1335    0
 1331 1334 1333    0
 1332 1335 1334    0
 1333 1334 1335    0
 1336 1338 1340    0
 1337 1339 1338    0
 1331 1340 1339    0
 1338 1339 1340    0
 1341 1342 1344    0
 1332 1343 1342    0
 1337 1344 1343    0
 1342 1343 1344    0
 1331 1339 1334    0
 1337 1343 1339    0
 1332 1334 1343    0
 1339 1343 1334    0
 1271 1347 1349    0
 1345 1348 1347    0
 1346 1349 1348    0
 1347 1348 1349    0
 1350 1352 1354    0
 1351 1353 1352    0
 1345 1354 1353    0
 1352 1353 1354    0
 1336 1355 1357    0
 1346 1356 1355    0
 1351 1357 1356    0
 1355 1356 1357    0
 1345 1353 1348    0
 1351 1356 1353    0
 1346 1348 1356    0
 1353 1356 1348    0
 1302 1360 1362    0
 1358 1361 1360    0
 1359 1362 1361    0
 1360 1361 1362    0
 1341 1364 1366    0
 1363 1365 1364    0
 1358 1366 1365    0
 1364 1365 1366    0
 1350 1367 1369    0
 1359 1368 1367    0
 1363 1369 1368    0
 1367 1368 1369    0
 1358 1365 1361    0
 1363 1368 1365    0
 1359 1361 1368    0
 1365 1368 1361    0
 1336 1357 1338    0
 1351 1370 1357    0
 1337 1338 1370    0
 1357 1370 1338    0
 1350 1369 1352    0
 1363 1371 1369    0
 1351 1352 1371    0
 1369 1371 1352    0
 1341 1344 1364    0
 1337 1372 1344    0
 1363 1364 1372    0
 1344 1372 1364    0
 1351 1371 1370    0
 1363 1372 1371    0
 1337 1370 1372    0
 1371 1372 1370    0
 1257 1320 1260    0
 1317 1373 1320    0
 1258 1260 1373    0
 1320 1373 1260    0
 1308 1375 1325    0
 1374 1376 1375    0
 1317 1325 1376    0
 1375 1376 1325    0
 1263 1267 1378    0
 1258 1377 1267    0
 1374 1378 1377    0
 1267 1377 1378    0
 1317 1376 1373    0
 1374 1377 1376    0
 1258 1373 1377    0
 1376 1377 1373    0
 1302 1362 1305    0
 1359 1379 1362    0
 1303 1305 1379    0
 1362 1379 1305    0
 1350 1381 1367    0
 1380 1382 1381    0
 1359 1367 1382    0
 1381 1382 1367    0
 1308 1312 1384    0
 1303 1383 1312    0
 1380 1384 1383    0
 1312 1383 1384    0
 1359 1382 1379    0
 1380 1383 1382    0
 1303 1379 1383    0
 1382 1383 1379    0
 1271 1276 1347    0
 1273 1385 1276    0
 1345 1347 1385    0
 1276 1385 1347    0
 1263 1387 1281    0
 1386 1388 1387    0
 1273 1281 1388    0
 1387 1388 1281    0
 1350 1354 1390    0
 1345 1389 1354    0
 1386 1390 1389    0
 1354 1389 1390    0
 1273 1388 1385    0
 1386 1389 1388    0
 1345 1385 1389    0
 1388 1389 1385    0
 1308 1384 1375    0
 1380 1391 1384    0
 1374 1375 1391    0
 1384 1391 1375    0
 1350 1390 1381    0
 1386 1392 1390    0
 1380 1381 1392    0
 1390 1392 1381    0
 1263 1378 1387    0
 1374 1393 1378    0
 1386 1387 1393    0
 1378 1393 1387    0
 1380 1392 1391    0
 1386 1393 1392    0
 1374 1391 1393    0
 1392 1393 1391    0
 1394 1397 1399    0
 1395 1398 1397    0
 1396 1399 1398    0
 1397 1398 1399    0
 1400 1402 1404    0
 1401 1403 1402    0
 1395 1404 1403    0
 1402 1403 1404    0
 1405 1406 1408    0
 1396 1407 1406    0
 1401 1408 1407    0
 1406 1407 1408    0
 1395 1403 1398    0
 1401 1407 1403    0
 1396 1398 1407    0
 1403 1407 1398    0
 1409 1412 1414    0
 1410 1413 1412    0
 1411 1414 1413    0
 1412 1413 1414    0
 1415 1417 1419    0
 1416 1418 1417    0
 1410 1419 1418    0
 1417 1418 1419    0
 1400 1420 1422    0
 1411 1421 1420    0
 1416 1422 1421    0
 1420 1421 1422    0
 1410 1418 1413    0
 1416 1421 1418    0
 1411 1413 1421    0
 1418 1421 1413    0
 1423 1426 1428    0
 1424 1427 1426    0
 1425 1428 1427    0
 1426 1427 1428    0
 1405 1430 1432    0
 1429 1431 1430    0
 1424 1432 1431    0
 1430 1431 1432    0
 1415 1433 1435    0
 1425 1434 1433    0
 1429 1435 1434    0
 1433 1434 1435    0
 1424 1431 1427    0
 1429 1434 1431    0
 1425 1427 1434    0
 1431 1434 1427    0
 1400 1422 1402    0
 1416 1436 1422    0
 1401 1402 1436    0
 1422 1436 1402    0
 1415 1435 1417    0
 1429 1437 1435    0
 1416 1417 1437    0
 1435 1437 1417    0
 1405 1408 1430    0
 1401 1438 1408    0
 1429 1430 1438    0
 1408 1438 1430    0
 1416 1437 1436    0
 1429 1438 1437    0
 1401 1436 1438    0
 1437 1438 1436    0
 1178 1441 1443    0
 1439 1442 1441    0
 1440 1443 1442    0
 1441 1442 1443    0
 1444 1446 1448    0
 1445 1447 1446    0
 1439 1448 1447    0
 1446 1447 1448    0
 1449 1450 1452    0
 1440 1451 1450    0
 1445 1452 1451    0
 1450 1451 1452    0
 1439 1447 1442    0
 1445 1451 1447    0
 1440 1442 1451    0
 1447 1451 1442    0
 1453 1456 1458    0
 1454 1457 1456    0
 1455 1458 1457    0
 1456 1457 1458    0
 1459 1461 1463    0
 1460 1462 1461    0
 1454 1463 1462    0
 1461 1462 1463    0
 1444 1464 1466    0
 1455 1465 1464    0
 1460 1466 1465    0
 1464 1465 1466    0
 1454 1462 1457    0
 1460 1465 1462    0
 1455 1457 1465    0
 1462 1465 1457    0
 1409 1469 1471    0
 1467 1470 1469    0
 1468 1471 1470    0
 1469 1470 1471    0
 1449 1473 1475    0
 1472 1474 1473    0
 1467 1475 1474    0
 1473 1474 1475    0
 1459 1476 1478    0
 1468 1477 1476    0
 1472 1478 1477    0
 1476 1477 1478    0
 1467 1474 1470    0
 1472 1477 1474    0
 1468 1470 1477    0
 1474 1477 1470    0
 1444 1466 1446    0
 1460 1479 1466    0
 1445 1446 1479    0
 1466 1479 1446    0
 1459 1478 1461    0
 1472 1480 1478    0
 1460 1461 1480    0
 1478 1480 1461    0
 1449 1452 1473    0
 1445 1481 1452    0
 1472 1473 1481    0
 1452 1481 1473    0
 1460 1480 1479    0
 1472 1481 1480    0
 1445 1479 1481    0
 1480 1481 1479    0
 1287 1484 1486    0
 1482 1485 1484    0
 1483 1486 1485    0
 1484 1485 1486    0
 1487 1489 1491    0
 1488 1490 1489    0
 1482 1491 1490    0
 1489 1490 1491    0
 1492 1493 1495    0
 1483 1494 1493    0
 1488 1495 1494    0
 1493 1494 1495    0
 1482 1490 1485    0
 1488 1494 1490    0
 1483 1485 1494    0
 1490 1494 1485    0
 1423 1498 1500    0
 1496 1499 1498    0
 1497 1500 1499    0
 1498 1499 1500    0
 1501 1503 1505    0
 1502 1504 1503    0
 1496 1505 1504    0
 1503 1504 1505    0
 1487 1506 1508    0
 1497 1507 1506    0
 1502 1508 1507    0
 1506 1507 1508    0
 1496 1504 1499    0
 1502 1507 1504    0
 1497 1499 1507    0
 1504 1507 1499    0
 1453 1511 1513    0
 1509 1512 1511    0
 1510 1513 1512    0
 1511 1512 1513    0
 1492 1515 1517    0
 1514 1516 1515    0
 1509 1517 1516    0
 1515 1516 1517    0
 1501 1518 1520    0
 1510 1519 1518    0
 1514 1520 1519    0
 1518 1519 1520    0
 1509 1516 1512    0
 1514 1519 1516    0
 1510 1512 1519    0
 1516 1519 1512    0
 1487 1508 1489    0
 1502 1521 1508    0
 1488 1489 1521    0
 1508 1521 1489    0
 1501 1520 1503    0
 1514 1522 1520    0
 1502 1503 1522    0
 1520 1522 1503    0
 1492 1495 1515    0
 1488 1523 1495    0
 1514 1515 1523    0
 1495 1523 1515    0
 1502 1522 1521    0
 1514 1523 1522    0
 1488 1521 1523    0
 1522 1523 1521    0
 1409 1471 1412    0
 1468 1524 1471    0
 1410 1412 1524    0
 1471 1524 1412    0
 1459 1526 1476    0
 1525 1527 1526    0
 1468 1476 1527    0
 1526 1527 1476    0
 1415 1419 1529    0
 1410 1528 1419    0
 1525 1529 1528    0
 1419 1528 1529    0
 1468 1527 1524    0
 1525 1528 1527    0
 1410 1524 1528    0
 1527 1528 1524    0
 1453 1513 1456    0
 1510 1530 1513    0
 1454 1456 1530    0
 1513 1530 1456    0
 1501 1532 1518    0
 1531 1533 1532    0
 1510 1518 1533    0
 1532 1533 1518    0
 1459 1463 1535    0
 1454 1534 1463    0
 1531 1535 1534    0
 1463 1534 1535    0
 1510 1533 1530    0
 1531 1534 1533    0
 1454 1530 1534    0
 1533 1534 1530    0
 1423 1428 1498    0
 1425 1536 1428    0
 1496 1498 1536    0
 1428 1536 1498    0
 1415 1538 1433    0
 1537 1539 1538    0
 1425 1433 1539    0
 1538 1539 1433    0
 1501 1505 1541    0
 1496 1540 1505    0
 1537 1541 1540    0
 1505 1540 1541    0
 1425 1539 1536    0
 1537 1540 1539    0
 1496 1536 1540    0
 1539 1540 1536    0
 1459 1535 1526    0
 1531 1542 1535    0
 1525 1526 1542    0
 1535 1542 1526    0
 1501 1541 1532    0
 1537 1543 1541    0
 1531 1532 1543    0
 1541 1543 1532    0
 1415 1529 1538    0
 1525 1544 1529    0
 1537 1538 1544    0
 1529 1544 1538    0
 1531 1543 1542    0
 1537 1544 1543    0
 1525 1542 1544    0
 1543 1544 1542    0
 1134 1335 1137    0
 1332 1545 1335    0
 1135 1137 1545    0
 1335 1545 1137    0
 1341 1547 1342    0
 1546 1548 1547    0
 1332 1342 1548    0
 1547 1548 1342    0
 1140 1144 1550    0
 1135 1549 1144    0
 1546 1550 1549    0
 1144 1549 1550    0
 1332 1548 1545    0
 1546 1549 1548    0
 1135 1545 1549    0
 1548 1549 1545    0
 1302 1552 1360    0
 1551 1553 1552    0
 1358 1360 1553    0
 1552 1553 1360    0
 1554 1556 1558    0
 1555 1557 1556    0
 1551 1558 1557    0
 1556 1557 1558    0
 1341 1366 1560    0
 1358 1559 1366    0
 1555 1560 1559    0
 1366 1559 1560    0
 1551 1557 1553    0
 1555 1559 1557    0
 1358 1553 1559    0
 1557 1559 1553    0
 1149 1154 1563    0
 1151 1562 1154    0
 1561 1563 1562    0
 1154 1562 1563    0
 1140 1565 1160    0
 1564 1566 1565    0
 1151 1160 1566    0
 1565 1566 1160    0
 1554 1567 1569    0
 1561 1568 1567    0
 1564 1569 1568    0
 1567 1568 1569    0
 1151 1566 1562    0
 1564 1568 1566    0
 1561 1562 1568    0
 1566 1568 1562    0
 1341 1560 1547    0
 1555 1570 1560    0
 1546 1547 1570    0
 1560 1570 1547    0
 1554 1569 1556    0
 1564 1571 1569    0
 1555 1556 1571    0
 1569 1571 1556    0
 1140 1550 1565    0
 1546 1572 1550    0
 1564 1565 1572    0
 1550 1572 1565    0
 1555 1571 1570    0
 1564 1572 1571    0
 1546 1570 1572    0
 1571 1572 1570    0
 1287 1486 1290    0
 1483 1573 1486    0
 1288 1290 1573    0
 1486 1573 1290    0
 1492 1575 1493    0
 1574 1576 1575    0
 1483 1493 1576    0
 1575 1576 1493    0
 1293 1297 1578    0
 1288 1577 1297    0
 1574 1578 1577    0
 1297 1577 1578    0
 1483 1576 1573    0
 1574 1577 1576    0
 1288 1573 1577    0
 1576 1577 1573    0
 1453 1580 1511    0
 1579 1581 1580    0
 1509 1511 1581    0
 1580 1581 1511    0
 1582 1584 1586    0
 1583 1585 1584    0
 1579 1586 1585    0
 1584 1585 1586    0
 1492 1517 1588    0
 1509 1587 1517    0
 1583 1588 1587    0
 1517 1587 1588    0
 1579 1585 1581    0
 1583 1587 1585    0
 1509 1581 1587    0
 1585 1587 1581    0
 1302 1307 1591    0
 1304 1590 1307    0
 1589 1591 1590    0
 1307 1590 1591    0
 1293 1593 1313    0
 1592 1594 1593    0
 1304 1313 1594    0
 1593 1594 1313    0
 1582 1595 1597    0
 1589 1596 1595    0
 1592 1597 1596    0
 1595 1596 1597    0
 1304 1594 1590    0
 1592 1596 1594    0
 1589 1590 1596    0
 1594 1596 1590    0
 1492 1588 1575    0
 1583 1598 1588    0
 1574 1575 1598    0
 1588 1598 1575    0
 1582 1597 1584    0
 1592 1599 1597    0
 1583 1584 1599    0
 1597 1599 1584    0
 1293 1578 1593    0
 1574 1600 1578    0
 1592 1593 1600    0
 1578 1600 1593    0
 1583 1599 1598    0
 1592 1600 1599    0
 1574 1598 1600    0
 1599 1600 1598    0
 1178 1183 1441    0
 1180 1601 1183    0
 1439 1441 1601    0
 1183 1601 1441    0
 1189 1603 1190    0
 1602 1604 1603    0
 1180 1190 1604    0
 1603 1604 1190    0
 1444 1448 1606    0
 1439 1605 1448    0
 1602 1606 1605    0
 1448 1605 1606    0
 1180 1604 1601    0
 1602 1605 1604    0
 1439 1601 1605    0
 1604 1605 1601    0
 1149 1608 1208    0
 1607 1609 1608    0
 1206 1208 1609    0
 1608 1609 1208    0
 1610 1612 1614    0
 1611 1613 1612    0
 1607 1614 1613    0
 1612 1613 1614    0
 1189 1214 1616    0
 1206 1615 1214    0
 1611 1616 1615    0
 1214 1615 1616    0
 1607 1613 1609    0
 1611 1615 1613    0
 1206 1609 1615    0
 1613 1615 1609    0
 1453 1458 1619    0
 1455 1618 1458    0
 1617 1619 1618    0
 1458 1618 1619    0
 1444 1621 1464    0
 1620 1622 1621    0
 1455 1464 1622    0
 1621 1622 1464    0
 1610 1623 1625    0
 1617 1624 1623    0
 1620 1625 1624    0
 1623 1624 1625    0
 1455 1622 1618    0
 1620 1624 1622    0
 1617 1618 1624    0
 1622 1624 1618    0
 1189 1616 1603    0
 1611 1626 1616    0
 1602 1603 1626    0
 1616 1626 1603    0
 1610 1625 1612    0
 1620 1627 1625    0
 1611 1612 1627    0
 1625 1627 1612    0
 1444 1606 1621    0
 1602 1628 1606    0
 1620 1621 1628    0
 1606 1628 1621    0
 1611 1627 1626    0
 1620 1628 1627    0
 1602 1626 1628    0
 1627 1628 1626    0
 1302 1591 1552    0
 1589 1629 1591    0
 1551 1552 1629    0
 1591 1629 1552    0
 1582 1631 1595    0
 1630 1632 1631    0
 1589 1595 1632    0
 1631 1632 1595    0
 1554 1558 1634    0
 1551 1633 1558    0
 1630 1634 1633    0
 1558 1633 1634    0
 1589 1632 1629    0
 1630 1633 1632    0
 1551 1629 1633    0
 1632 1633 1629    0
 1453 1619 1580    0
 1617 1635 1619    0
 1579 1580 1635    0
 1619 1635 1580    0
 1610 1637 1623    0
 1636 1638 1637    0
 1617 1623 1638    0
 1637 1638 1623    0
 1582 1586 1640    0
 1579 1639 1586    0
 1636 1640 1639    0
 1586 1639 1640    0
 1617 1638 1635    0
 1636 1639 1638    0
 1579 1635 1639    0
 1638 1639 1635    0
 1149 1563 1608    0
 1561 1641 1563    0
 1607 1608 1641    0
 1563 1641 1608    0
 1554 1643 1567    0
 1642 1644 1643    0
 1561 1567 1644    0
 1643 1644 1567    0
 1610 1614 1646    0
 1607 1645 1614    0
 1642 1646 1645    0
 1614 1645 1646    0
 1561 1644 1641    0
 1642 1645 1644    0
 1607 1641 1645    0
 1644 1645 1641    0
 1582 1640 1631    0
 1636 1647 1640    0
 1630 1631 1647    0
 1640 1647 1631    0
 1610 1646 1637    0
 1642 1648 1646    0
 1636 1637 1648    0
 1646 1648 1637    0
 1554 1634 1643    0
 1630 1649 1634    0
 1642 1643 1649    0
 1634 1649 1643    0
 1636 1648 1647    0
 1642 1649 1648    0
 1630 1647 1649    0
 1648 1649 1647    0
    1    6 1092    0
    3 1650    6    0
 1090 1092 1650    0
    6 1650 1092    0
   12 1652   13    0
 1651 1653 1652    0
    3   13 1653    0
 1652 1653   13    0
 1095 1099 1655    0
 1090 1654 1099    0
 1651 1655 1654    0
 1099 1654 1655    0
    3 1653 1650    0
 1651 1654 1653    0
 1090 1650 1654    0
 1653 1654 1650    0
   30 1657   33    0
 1656 1658 1657    0
   31   33 1658    0
 1657 1658   33    0
 1659 1661 1663    0
 1660 1662 1661    0
 1656 1663 1662    0
 1661 1662 1663    0
   12   39 1665    0
   31 1664   39    0
 1660 1665 1664    0
   39 1664 1665    0
 1656 1662 1658    0
 1660 1664 1662    0
   31 1658 1664    0
 1662 1664 1658    0
 1104 1109 1668    0
 1106 1667 1109    0
 1666 1668 1667    0
 1109 1667 1668    0
 1095 1670 1115    0
 1669 1671 1670    0
 1106 1115 1671    0
 1670 1671 1115    0
 1659 1672 1674    0
 1666 1673 1672    0
 1669 1674 1673    0
 1672 1673 1674    0
 1106 1671 1667    0
 1669 1673 1671    0
 1666 1667 1673    0
 1671 1673 1667    0
   12 1665 1652    0
 1660 1675 1665    0
 1651 1652 1675    0
 1665 1675 1652    0
 1659 1674 1661    0
 1669 1676 1674    0
 1660 1661 1676    0
 1674 1676 1661    0
 1095 1655 1670    0
 1651 1677 1655    0
 1669 1670 1677    0
 1655 1677 1670    0
 1660 1676 1675    0
 1669 1677 1676    0
 1651 1675 1677    0
 1676 1677 1675    0
   90 1679   93    0
 1678 1680 1679    0
   91   93 1680    0
 1679 1680   93    0
 1681 1683 1685    0
 1682 1684 1683    0
 1678 1685 1684    0
 1683 1684 1685    0
   96  100 1687    0
   91 1686  100    0
 1682 1687 1686    0
  100 1686 1687    0
 1678 1684 1680    0
 1682 1686 1684    0
   91 1680 1686    0
 1684 1686 1680    0
 1688 1691 1693    0
 1689 1692 1691    0
 1690 1693 1692    0
 1691 1692 1693    0
 1694 1696 1698    0
 1695 1697 1696    0
 1689 1698 1697    0
 1696 1697 1698    0
 1681 1699 1701    0
 1690 1700 1699    0
 1695 1701 1700    0
 1699 1700 1701    0
 1689 1697 1692    0
 1695 1700 1697    0
 1690 1692 1700    0
 1697 1700 1692    0
   30  109 1704    0
  106 1703  109    0
 1702 1704 1703    0
  109 1703 1704    0
   96 1706  115    0
 1705 1707 1706    0
  106  115 1707    0
 1706 1707  115    0
 1694 1708 1710    0
 1702 1709 1708    0
 1705 1710 1709    0
 1708 1709 1710    0
  106 1707 1703    0
 1705 1709 1707    0
 1702 1703 1709    0
 1707 1709 1703    0
 1681 1701 1683    0
 1695 1711 1701    0
 1682 1683 1711    0
 1701 1711 1683    0
 1694 1710 1696    0
 1705 1712 1710    0
 1695 1696 1712    0
 1710 1712 1696    0
   96 1687 1706    0
 1682 1713 1687    0
 1705 1706 1713    0
 1687 1713 1706    0
 1695 1712 1711    0
 1705 1713 1712    0
 1682 1711 1713    0
 1712 1713 1711    0
 1134 1139 1716    0
 1136 1715 1139    0
 1714 1716 1715    0
 1139 1715 1716    0
 1145 1718 1146    0
 1717 1719 1718    0
 1136 1146 1719    0
 1718 1719 1146    0
 1720 1721 1723    0
 1714 1722 1721    0
 1717 1723 1722    0
 1721 1722 1723    0
 1136 1719 1715    0
 1717 1722 1719    0
 1714 1715 1722    0
 1719 1722 1715    0
 1104 1725 1165    0
 1724 1726 1725    0
 1163 1165 1726    0
 1725 1726 1165    0
 1727 1729 1731    0
 1728 1730 1729    0
 1724 1731 1730    0
 1729 1730 1731    0
 1145 1171 1733    0
 1163 1732 1171    0
 1728 1733 1732    0
 1171 1732 1733    0
 1724 1730 1726    0
 1728 1732 1730    0
 1163 1726 1732    0
 1730 1732 1726    0
 1688 1736 1738    0
 1734 1737 1736    0
 1735 1738 1737    0
 1736 1737 1738    0
 1720 1740 1742    0
 1739 1741 1740    0
 1734 1742 1741    0
 1740 1741 1742    0
 1727 1743 1745    0
 1735 1744 1743    0
 1739 1745 1744    0
 1743 1744 1745    0
 1734 1741 1737    0
 1739 1744 1741    0
 1735 1737 1744    0
 1741 1744 1737    0
 1145 1733 1718    0
 1728 1746 1733    0
 1717 1718 1746    0
 1733 1746 1718    0
 1727 1745 1729    0
 1739 1747 1745    0
 1728 1729 1747    0
 1745 1747 1729    0
 1720 1723 1740    0
 1717 1748 1723    0
 1739 1740 1748    0
 1723 1748 1740    0
 1728 1747 1746    0
 1739 1748 1747    0
 1717 1746 1748    0
 1747 1748 1746    0
   30 1704 1657    0
 1702 1749 1704    0
 1656 1657 1749    0
 1704 1749 1657    0
 1694 1751 1708    0
 1750 1752 1751    0
 1702 1708 1752    0
 1751 1752 1708    0
 1659 1663 1754    0
 1656 1753 1663    0
 1750 1754 1753    0
 1663 1753 1754    0
 1702 1752 1749    0
 1750 1753 1752    0
 1656 1749 1753    0
 1752 1753 1749    0
 1688 1738 1691    0
 1735 1755 1738    0
 1689 1691 1755    0
 1738 1755 1691    0
 1727 1757 1743    0
 1756 1758 1757    0
 1735 1743 1758    0
 1757 1758 1743    0
 1694 1698 1760    0
 1689 1759 1698    0
 1756 1760 1759    0
 1698 1759 1760    0
 1735 1758 1755    0
 1756 1759 1758    0
 1689 1755 1759    0
 1758 1759 1755    0
 1104 1668 1725    0
 1666 1761 1668    0
 1724 1725 1761    0
 1668 1761 1725    0
 1659 1763 1672    0
 1762 1764 1763    0
 1666 1672 1764    0
 1763 1764 1672    0
 1727 1731 1766    0
 1724 1765 1731    0
 1762 1766 1765    0
 1731 1765 1766    0
 1666 1764 1761    0
 1762 1765 1764    0
 1724 1761 1765    0
 1764 1765 1761    0
 1694 1760 1751    0
 1756 1767 1760    0
 1750 1751 1767    0
 1760 1767 1751    0
 1727 1766 1757    0
 1762 1768 1766    0
 1756 1757 1768    0
 1766 1768 1757    0
 1659 1754 1763    0
 1750 1769 1754    0
 1762 1763 1769    0
 1754 1769 1763    0
 1756 1768 1767    0
 1762 1769 1768    0
 1750 1767 1769    0
 1768 1769 1767    0
  306 1771  309    0
 1770 1772 1771    0
  307  309 1772    0
 1771 1772  309    0
 1773 1775 1777    0
 1774 1776 1775    0
 1770 1777 1776    0
 1775 1776 1777    0
  312  316 1779    0
  307 1778  316    0
 1774 1779 1778    0
  316 1778 1779    0
 1770 1776 1772    0
 1774 1778 1776    0
  307 1772 1778    0
 1776 1778 1772    0
 1780 1783 1785    0
 1781 1784 1783    0
 1782 1785 1784    0
 1783 1784 1785    0
 1786 1788 1790    0
 1787 1789 1788    0
 1781 1790 1789    0
 1788 1789 1790    0
 1773 1791 1793    0
 1782 1792 1791    0
 1787 1793 1792    0
 1791 1792 1793    0
 1781 1789 1784    0
 1787 1792 1789    0
 1782 1784 1792    0
 1789 1792 1784    0
  321  326 1796    0
  323 1795  326    0
 1794 1796 1795    0
  326 1795 1796    0
  312 1798  332    0
 1797 1799 1798    0
  323  332 1799    0
 1798 1799  332    0
 1786 1800 1802    0
 1794 1801 1800    0
 1797 1802 1801    0
 1800 1801 1802    0
  323 1799 1795    0
 1797 1801 1799    0
 1794 1795 1801    0
 1799 1801 1795    0
 1773 1793 1775    0
 1787 1803 1793    0
 1774 1775 1803    0
 1793 1803 1775    0
 1786 1802 1788    0
 1797 1804 1802    0
 1787 1788 1804    0
 1802 1804 1788    0
  312 1779 1798    0
 1774 1805 1779    0
 1797 1798 1805    0
 1779 1805 1798    0
 1787 1804 1803    0
 1797 1805 1804    0
 1774 1803 1805    0
 1804 1805 1803    0
 1806 1809 1811    0
 1807 1810 1809    0
 1808 1811 1810    0
 1809 1810 1811    0
 1812 1814 1816    0
 1813 1815 1814    0
 1807 1816 1815    0
 1814 1815 1816    0
 1817 1818 1820    0
 1808 1819 1818    0
 1813 1820 1819    0
 1818 1819 1820    0
 1807 1815 1810    0
 1813 1819 1815    0
 1808 1810 1819    0
 1815 1819 1810    0
 1821 1824 1826    0
 1822 1825 1824    0
 1823 1826 1825    0
 1824 1825 1826    0
 1827 1829 1831    0
 1828 1830 1829    0
 1822 1831 1830    0
 1829 1830 1831    0
 1812 1832 1834    0
 1823 1833 1832    0
 1828 1834 1833    0
 1832 1833 1834    0
 1822 1830 1825    0
 1828 1833 1830    0
 1823 1825 1833    0
 1830 1833 1825    0
 1780 1837 1839    0
 1835 1838 1837    0
 1836 1839 1838    0
 1837 1838 1839    0
 1817 1841 1843    0
 1840 1842 1841    0
 1835 1843 1842    0
 1841 1842 1843    0
 1827 1844 1846    0
 1836 1845 1844    0
 1840 1846 1845    0
 1844 1845 1846    0
 1835 1842 1838    0
 1840 1845 1842    0
 1836 1838 1845    0
 1842 1845 1838    0
 1812 1834 1814    0
 1828 1847 1834    0
 1813 1814 1847    0
 1834 1847 1814    0
 1827 1846 1829    0
 1840 1848 1846    0
 1828 1829 1848    0
 1846 1848 1829    0
 1817 1820 1841    0
 1813 1849 1820    0
 1840 1841 1849    0
 1820 1849 1841    0
 1828 1848 1847    0
 1840 1849 1848    0
 1813 1847 1849    0
 1848 1849 1847    0
   90  355 1852    0
  352 1851  355    0
 1850 1852 1851    0
  355 1851 1852    0
  361 1854  362    0
 1853 1855 1854    0
  352  362 1855    0
 1854 1855  362    0
 1856 1857 1859    0
 1850 1858 1857    0
 1853 1859 1858    0
 1857 1858 1859    0
  352 1855 1851    0
 1853 1858 1855    0
 1850 1851 1858    0
 1855 1858 1851    0
  321 1861  381    0
 1860 1862 1861    0
  379  381 1862    0
 1861 1862  381    0
 1863 1865 1867    0
 1864 1866 1865    0
 1860 1867 1866    0
 1865 1866 1867    0
  361  387 1869    0
  379 1868  387    0
 1864 1869 1868    0
  387 1868 1869    0
 1860 1866 1862    0
 1864 1868 1866    0
  379 1862 1868    0
 1866 1868 1862    0
 1821 1872 1874    0
 1870 1873 1872    0
 1871 1874 1873    0
 1872 1873 1874    0
 1856 1876 1878    0
 1875 1877 1876    0
 1870 1878 1877    0
 1876 1877 1878    0
 1863 1879 1881    0
 1871 1880 1879    0
 1875 1881 1880    0
 1879 1880 1881    0
 1870 1877 1873    0
 1875 1880 1877    0
 1871 1873 1880    0
 1877 1880 1873    0
  361 1869 1854    0
 1864 1882 1869    0
 1853 1854 1882    0
 1869 1882 1854    0
 1863 1881 1865    0
 1875 1883 1881    0
 1864 1865 1883    0
 1881 1883 1865    0
 1856 1859 1876    0
 1853 1884 1859    0
 1875 1876 1884    0
 1859 1884 1876    0
 1864 1883 1882    0
 1875 1884 1883    0
 1853 1882 1884    0
 1883 1884 1882    0
 1780 1839 1783    0
 1836 1885 1839    0
 1781 1783 1885    0
 1839 1885 1783    0
 1827 1887 1844    0
 1886 1888 1887    0
 1836 1844 1888    0
 1887 1888 1844    0
 1786 1790 1890    0
 1781 1889 1790    0
 1886 1890 1889    0
 1790 1889 1890    0
 1836 1888 1885    0
 1886 1889 1888    0
 1781 1885 1889    0
 1888 1889 1885    0
 1821 1874 1824    0
 1871 1891 1874    0
 1822 1824 1891    0
 1874 1891 1824    0
 1863 1893 1879    0
 1892 1894 1893    0
 1871 1879 1894    0
 1893 1894 1879    0
 1827 1831 1896    0
 1822 1895 1831    0
 1892 1896 1895    0
 1831 1895 1896    0
 1871 1894 1891    0
 1892 1895 1894    0
 1822 1891 1895    0
 1894 1895 1891    0
  321 1796 1861    0
 1794 1897 1796    0
 1860 1861 1897    0
 1796 1897 1861    0
 1786 1899 1800    0
 1898 1900 1899    0
 1794 1800 1900    0
 1899 1900 1800    0
 1863 1867 1902    0
 1860 1901 1867    0
 1898 1902 1901    0
 1867 1901 1902    0
 1794 1900 1897    0
 1898 1901 1900    0
 1860 1897 1901    0
 1900 1901 1897    0
 1827 1896 1887    0
 1892 1903 1896    0
 1886 1887 1903    0
 1896 1903 1887    0
 1863 1902 1893    0
 1898 1904 1902    0
 1892 1893 1904    0
 1902 1904 1893    0
 1786 1890 1899    0
 1886 1905 1890    0
 1898 1899 1905    0
 1890 1905 1899    0
 1892 1904 1903    0
 1898 1905 1904    0
 1886 1903 1905    0
 1904 1905 1903    0
 1242 1247 1908    0
 1244 1907 1247    0
 1906 1908 1907    0
 1247 1907 1908    0
 1253 1910 1254    0
 1909 1911 1910    0
 1244 1254 1911    0
 1910 1911 1254    0
 1912 1913 1915    0
 1906 1914 1913    0
 1909 1915 1914    0
 1913 1914 1915    0
 1244 1911 1907    0
 1909 1914 1911    0
 1906 1907 1914    0
 1911 1914 1907    0
 1271 1917 1274    0
 1916 1918 1917    0
 1272 1274 1918    0
 1917 1918 1274    0
 1919 1921 1923    0
 1920 1922 1921    0
 1916 1923 1922    0
 1921 1922 1923    0
 1253 1280 1925    0
 1272 1924 1280    0
 1920 1925 1924    0
 1280 1924 1925    0
 1916 1922 1918    0
 1920 1924 1922    0
 1272 1918 1924    0
 1922 1924 1918    0
 1926 1929 1931    0
 1927 1930 1929    0
 1928 1931 1930    0
 1929 1930 1931    0
 1912 1933 1935    0
 1932 1934 1933    0
 1927 1935 1934    0
 1933 1934 1935    0
 1919 1936 1938    0
 1928 1937 1936    0
 1932 1938 1937    0
 1936 1937 1938    0
 1927 1934 1930    0
 1932 1937 1934    0
 1928 1930 1937    0
 1934 1937 1930    0
 1253 1925 1910    0
 1920 1939 1925    0
 1909 1910 1939    0
 1925 1939 1910    0
 1919 1938 1921    0
 1932 1940 1938    0
 1920 1921 1940    0
 1938 1940 1921    0
 1912 1915 1933    0
 1909 1941 1915    0
 1932 1933 1941    0
 1915 1941 1933    0
 1920 1940 1939    0
 1932 1941 1940    0
 1909 1939 1941    0
 1940 1941 1939    0
 1134 1943 1333    0
 1942 1944 1943    0
 1331 1333 1944    0
 1943 1944 1333    0
 1945 1947 1949    0
 1946 1948 1947    0
 1942 1949 1948    0
 1947 1948 1949    0
 1336 1340 1951    0
 1331 1950 1340    0
 1946 1951 1950    0
 1340 1950 1951    0
 1942 1948 1944    0
 1946 1950 1948    0
 1331 1944 1950    0
 1948 1950 1944    0
 1952 1955 1957    0
 1953 1956 1955    0
 1954 1957 1956    0
 1955 1956 1957    0
 1958 1960 1962    0
 1959 1961 1960    0
 1953 1962 1961    0
 1960 1961 1962    0
 1945 1963 1965    0
 1954 1964 1963    0
 1959 1965 1964    0
 1963 1964 1965    0
 1953 1961 1956    0
 1959 1964 1961    0
 1954 1956 1964    0
 1961 1964 1956    0
 1271 1349 1968    0
 1346 1967 1349    0
 1966 1968 1967    0
 1349 1967 1968    0
 1336 1970 1355    0
 1969 1971 1970    0
 1346 1355 1971    0
 1970 1971 1355    0
 1958 1972 1974    0
 1966 1973 1972    0
 1969 1974 1973    0
 1972 1973 1974    0
 1346 1971 1967    0
 1969 1973 1971    0
 1966 1967 1973    0
 1971 1973 1967    0
 1945 1965 1947    0
 1959 1975 1965    0
 1946 1947 1975    0
 1965 1975 1947    0
 1958 1974 1960    0
 1969 1976 1974    0
 1959 1960 1976    0
 1974 1976 1960    0
 1336 1951 1970    0
 1946 1977 1951    0
 1969 1970 1977    0
 1951 1977 1970    0
 1959 1976 1975    0
 1969 1977 1976    0
 1946 1975 1977    0
 1976 1977 1975    0
 1806 1980 1982    0
 1978 1981 1980    0
 1979 1982 1981    0
 1980 1981 1982    0
 1983 1985 1987    0
 1984 1986 1985    0
 1978 1987 1986    0
 1985 1986 1987    0
 1988 1989 1991    0
 1979 1990 1989    0
 1984 1991 1990    0
 1989 1990 1991    0
 1978 1986 1981    0
 1984 1990 1986    0
 1979 1981 1990    0
 1986 1990 1981    0
 1926 1994 1996    0
 1992 1995 1994    0
 1993 1996 1995    0
 1994 1995 1996    0
 1997 1999 2001    0
 1998 2000 1999    0
 1992 2001 2000    0
 1999 2000 2001    0
 1983 2002 2004    0
 1993 2003 2002    0
 1998 2004 2003    0
 2002 2003 2004    0
 1992 2000 1995    0
 1998 2003 2000    0
 1993 1995 2003    0
 2000 2003 1995    0
 1952 2007 2009    0
 2005 2008 2007    0
 2006 2009 2008    0
 2007 2008 2009    0
 1988 2011 2013    0
 2010 2012 2011    0
 2005 2013 2012    0
 2011 2012 2013    0
 1997 2014 2016    0
 2006 2015 2014    0
 2010 2016 2015    0
 2014 2015 2016    0
 2005 2012 2008    0
 2010 2015 2012    0
 2006 2008 2015    0
 2012 2015 2008    0
 1983 2004 1985    0
 1998 2017 2004    0
 1984 1985 2017    0
 2004 2017 1985    0
 1997 2016 1999    0
 2010 2018 2016    0
 1998 1999 2018    0
 2016 2018 1999    0
 1988 1991 2011    0
 1984 2019 1991    0
 2010 2011 2019    0
 1991 2019 2011    0
 1998 2018 2017    0
 2010 2019 2018    0
 1984 2017 2019    0
 2018 2019 2017    0
 1271 1968 1917    0
 1966 2020 1968    0
 1916 1917 2020    0
 1968 2020 1917    0
 1958 2022 1972    0
 2021 2023 2022    0
 1966 1972 2023    0
 2022 2023 1972    0
 1919 1923 2025    0
 1916 2024 1923    0
 2021 2025 2024    0
 1923 2024 2025    0
 1966 2023 2020    0
 2021 2024 2023    0
 1916 2020 2024    0
 2023 2024 2020    0
 1952 2009 1955    0
 2006 2026 2009    0
 1953 1955 2026    0
 2009 2026 1955    0
 1997 2028 2014    0
 2027 2029 2028    0
 2006 2014 2029    0
 2028 2029 2014    0
 1958 1962 2031    0
 1953 2030 1962    0
 2027 2031 2030    0
 1962 2030 2031    0
 2006 2029 2026    0
 2027 2030 2029    0
 1953 2026 2030    0
 2029 2030 2026    0
 1926 1931 1994    0
 1928 2032 1931    0
 1992 1994 2032    0
 1931 2032 1994    0
 1919 2034 1936    0
 2033 2035 2034    0
 1928 1936 2035    0
 2034 2035 1936    0
 1997 2001 2037    0
 1992 2036 2001    0
 2033 2037 2036    0
 2001 2036 2037    0
 1928 2035 2032    0
 2033 2036 2035    0
 1992 2032 2036    0
 2035 2036 2032    0
 1958 2031 2022    0
 2027 2038 2031    0
 2021 2022 2038    0
 2031 2038 2022    0
 1997 2037 2028    0
 2033 2039 2037    0
 2027 2028 2039    0
 2037 2039 2028    0
 1919 2025 2034    0
 2021 2040 2025    0
 2033 2034 2040    0
 2025 2040 2034    0
 2027 2039 2038    0
 2033 2040 2039    0
 2021 2038 2040    0
 2039 2040 2038    0
   90 1852 1679    0
 1850 2041 1852    0
 1678 1679 2041    0
 1852 2041 1679    0
 1856 2043 1857    0
 2042 2044 2043    0
 1850 1857 2044    0
 2043 2044 1857    0
 1681 1685 2046    0
 1678 2045 1685    0
 2042 2046 2045    0
 1685 2045 2046    0
 1850 2044 2041    0
 2042 2045 2044    0
 1678 2041 2045    0
 2044 2045 2041    0
 1821 2048 1872    0
 2047 2049 2048    0
 1870 1872 2049    0
 2048 2049 1872    0
 2050 2052 2054    0
 2051 2053 2052    0
 2047 2054 2053    0
 2052 2053 2054    0
 1856 1878 2056    0
 1870 2055 1878    0
 2051 2056 2055    0
 1878 2055 2056    0
 2047 2053 2049    0
 2051 2055 2053    0
 1870 2049 2055    0
 2053 2055 2049    0
 1688 1693 2059    0
 1690 2058 1693    0
 2057 2059 2058    0
 1693 2058 2059    0
 1681 2061 1699    0
 2060 2062 2061    0
 1690 1699 2062    0
 2061 2062 1699    0
 2050 2063 2065    0
 2057 2064 2063    0
 2060 2065 2064    0
 2063 2064 2065    0
 1690 2062 2058    0
 2060 2064 2062    0
 2057 2058 2064    0
 2062 2064 2058    0
 1856 2056 2043    0
 2051 2066 2056    0
 2042 2043 2066    0
 2056 2066 2043    0
 2050 2065 2052    0
 2060 2067 2065    0
 2051 2052 2067    0
 2065 2067 2052    0
 1681 2046 2061    0
 2042 2068 2046    0
 2060 2061 2068    0
 2046 2068 2061    0
 2051 2067 2066    0
 2060 2068 2067    0
 2042 2066 2068    0
 2067 2068 2066    0
 1806 1982 1809    0
 1979 2069 1982    0
 1807 1809 2069    0
 1982 2069 1809    0
 1988 2071 1989    0
 2070 2072 2071    0
 1979 1989 2072    0
 2071 2072 1989    0
 1812 1816 2074    0
 1807 2073 1816    0
 2070 2074 2073    0
 1816 2073 2074    0
 1979 2072 2069    0
 2070 2073 2072    0
 1807 2069 2073    0
 2072 2073 2069    0
 1952 2076 2007    0
 2075 2077 2076    0
 2005 2007 2077    0
 2076 2077 2007    0
 2078 2080 2082    0
 2079 2081 2080    0
 2075 2082 2081    0
 2080 2081 2082    0
 1988 2013 2084    0
 2005 2083 2013    0
 2079 2084 2083    0
 2013 2083 2084    0
 2075 2081 2077    0
 2079 2083 2081    0
 2005 2077 2083    0
 2081 2083 2077    0
 1821 1826 2087    0
 1823 2086 1826    0
 2085 2087 2086    0
 1826 2086 2087    0
 1812 2089 1832    0
 2088 2090 2089    0
 1823 1832 2090    0
 2089 2090 1832    0
 2078 2091 2093    0
 2085 2092 2091    0
 2088 2093 2092    0
 2091 2092 2093    0
 1823 2090 2086    0
 2088 2092 2090    0
 2085 2086 2092    0
 2090 2092 2086    0
 1988 2084 2071    0
 2079 2094 2084    0
 2070 2071 2094    0
 2084 2094 2071    0
 2078 2093 2080    0
 2088 2095 2093    0
 2079 2080 2095    0
 2093 2095 2080    0
 1812 2074 2089    0
 2070 2096 2074    0
 2088 2089 2096    0
 2074 2096 2089    0
 2079 2095 2094    0
 2088 2096 2095    0
 2070 2094 2096    0
 2095 2096 2094    0
 1134 1716 1943    0
 1714 2097 1716    0
 1942 1943 2097    0
 1716 2097 1943    0
 1720 2099 1721    0
 2098 2100 2099    0
 1714 1721 2100    0
 2099 2100 1721    0
 1945 1949 2102    0
 1942 2101 1949    0
 2098 2102 2101    0
 1949 2101 2102    0
 1714 2100 2097    0
 2098 2101 2100    0
 1942 2097 2101    0
 2100 2101 2097    0
 1688 2104 1736    0
 2103 2105 2104    0
 1734 1736 2105    0
 2104 2105 1736    0
 2106 2108 2110    0
 2107 2109 2108    0
 2103 2110 2109    0
 2108 2109 2110    0
 1720 1742 2112    0
 1734 2111 1742    0
 2107 2112 2111    0
 1742 2111 2112    0
 2103 2109 2105    0
 2107 2111 2109    0
 1734 2105 2111    0
 2109 2111 2105    0
 1952 1957 2115    0
 1954 2114 1957    0
 2113 2115 2114    0
 1957 2114 2115    0
 1945 2117 1963    0
 2116 2118 2117    0
 1954 1963 2118    0
 2117 2118 1963    0
 2106 2119 2121    0
 2113 2120 2119    0
 2116 2121 2120    0
 2119 2120 2121    0
 1954 2118 2114    0
 2116 2120 2118    0
 2113 2114 2120    0
 2118 2120 2114    0
 1720 2112 2099    0
 2107 2122 2112    0
 2098 2099 2122    0
 2112 2122 2099    0
 2106 2121 2108    0
 2116 2123 2121    0
 2107 2108 2123    0
 2121 2123 2108    0
 1945 2102 2117    0
 2098 2124 2102    0
 2116 2117 2124    0
 2102 2124 2117    0
 2107 2123 2122    0
 2116 2124 2123    0
 2098 2122 2124    0
 2123 2124 2122    0
 1821 2087 2048    0
 2085 2125 2087    0
 2047 2048 2125    0
 2087 2125 2048    0
 2078 2127 2091    0
 2126 2128 2127    0
 2085 2091 2128    0
 2127 2128 2091    0
 2050 2054 2130    0
 2047 2129 2054    0
 2126 2130 2129    0
 2054 2129 2130    0
 2085 2128 2125    0
 2126 2129 2128    0
 2047 2125 2129    0
 2128 2129 2125    0
 1952 2115 2076    0
 2113 2131 2115    0
 2075 2076 2131    0
 2115 2131 2076    0
 2106 2133 2119    0
 2132 2134 2133    0
 2113 2119 2134    0
 2133 2134 2119    0
 2078 2082 2136    0
 2075 2135 2082    0
 2132 2136 2135    0
 2082 2135 2136    0
 2113 2134 2131    0
 2132 2135 2134    0
 2075 2131 2135    0
 2134 2135 2131    0
 1688 2059 2104    0
 2057 2137 2059    0
 2103 2104 2137    0
 2059 2137 2104    0
 2050 2139 2063    0
 2138 2140 2139    0
 2057 2063 2140    0
 2139 2140 2063    0
 2106 2110 2142    0
 2103 2141 2110    0
 2138 2142 2141    0
 2110 2141 2142    0
 2057 2140 2137    0
 2138 2141 2140    0
 2103 2137 2141    0
 2140 2141 2137    0
 2078 2136 2127    0
 2132 2143 2136    0
 2126 2127 2143    0
 2136 2143 2127    0
 2106 2142 2133    0
 2138 2144 2142    0
 2132 2133 2144    0
 2142 2144 2133    0
 2050 2130 2139    0
 2126 2145 2130    0
 2138 2139 2145    0
 2130 2145 2139    0
 2132 2144 2143    0
 2138 2145 2144    0
 2126 2143 2145    0
 2144 2145 2143    0
  306  311 1771    0
  308 2146  311    0
 1770 1771 2146    0
  311 2146 1771    0
  317 2148  318    0
 2147 2149 2148    0
  308  318 2149    0
 2148 2149  318    0
 1773 1777 2151    0
 1770 2150 1777    0
 2147 2151 2150    0
 1777 2150 2151    0
  308 2149 2146    0
 2147 2150 2149    0
 1770 2146 2150    0
 2149 2150 2146    0
  335 2153  338    0
 2152 2154 2153    0
  336  338 2154    0
 2153 2154  338    0
 2155 2157 2159    0
 2156 2158 2157    0
 2152 2159 2158    0
 2157 2158 2159    0
  317  344 2161    0
  336 2160  344    0
 2156 2161 2160    0
  344 2160 2161    0
 2152 2158 2154    0
 2156 2160 2158    0
  336 2154 2160    0
 2158 2160 2154    0
 1780 1785 2164    0
 1782 2163 1785    0
 2162 2164 2163    0
 1785 2163 2164    0
 1773 2166 1791    0
 2165 2167 2166    0
 1782 1791 2167    0
 2166 2167 1791    0
 2155 2168 2170    0
 2162 2169 2168    0
 2165 2170 2169    0
 2168 2169 2170    0
 1782 2167 2163    0
 2165 2169 2167    0
 2162 2163 2169    0
 2167 2169 2163    0
  317 2161 2148    0
 2156 2171 2161    0
 2147 2148 2171    0
 2161 2171 2148    0
 2155 2170 2157    0
 2165 2172 2170    0
 2156 2157 2172    0
 2170 2172 2157    0
 1773 2151 2166    0
 2147 2173 2151    0
 2165 2166 2173    0
 2151 2173 2166    0
 2156 2172 2171    0
 2165 2173 2172    0
 2147 2171 2173    0
 2172 2173 2171    0
  199 2175  396    0
 2174 2176 2175    0
  394  396 2176    0
 2175 2176  396    0
 2177 2179 2181    0
 2178 2180 2179    0
 2174 2181 2180    0
 2179 2180 2181    0
  399  403 2183    0
  394 2182  403    0
 2178 2183 2182    0
  403 2182 2183    0
 2174 2180 2176    0
 2178 2182 2180    0
  394 2176 2182    0
 2180 2182 2176    0
 2184 2187 2189    0
 2185 2188 2187    0
 2186 2189 2188    0
 2187 2188 2189    0
 2190 2192 2194    0
 2191 2193 2192    0
 2185 2194 2193    0
 2192 2193 2194    0
 2177 2195 2197    0
 2186 2196 2195    0
 2191 2197 2196    0
 2195 2196 2197    0
 2185 2193 2188    0
 2191 2196 2193    0
 2186 2188 2196    0
 2193 2196 2188    0
  335  412 2200    0
  409 2199  412    0
 2198 2200 2199    0
  412 2199 2200    0
  399 2202  418    0
 2201 2203 2202    0
  409  418 2203    0
 2202 2203  418    0
 2190 2204 2206    0
 2198 2205 2204    0
 2201 2206 2205    0
 2204 2205 2206    0
  409 2203 2199    0
 2201 2205 2203    0
 2198 2199 2205    0
 2203 2205 2199    0
 2177 2197 2179    0
 2191 2207 2197    0
 2178 2179 2207    0
 2197 2207 2179    0
 2190 2206 2192    0
 2201 2208 2206    0
 2191 2192 2208    0
 2206 2208 2192    0
  399 2183 2202    0
 2178 2209 2183    0
 2201 2202 2209    0
 2183 2209 2202    0
 2191 2208 2207    0
 2201 2209 2208    0
 2178 2207 2209    0
 2208 2209 2207    0
 1806 1811 2212    0
 1808 2211 1811    0
 2210 2212 2211    0
 1811 2211 2212    0
 1817 2214 1818    0
 2213 2215 2214    0
 1808 1818 2215    0
 2214 2215 1818    0
 2216 2217 2219    0
 2210 2218 2217    0
 2213 2219 2218    0
 2217 2218 2219    0
 1808 2215 2211    0
 2213 2218 2215    0
 2210 2211 2218    0
 2215 2218 2211    0
 1780 2221 1837    0
 2220 2222 2221    0
 1835 1837 2222    0
 2221 2222 1837    0
 2223 2225 2227    0
 2224 2226 2225    0
 2220 2227 2226    0
 2225 2226 2227    0
 1817 1843 2229    0
 1835 2228 1843    0
 2224 2229 2228    0
 1843 2228 2229    0
 2220 2226 2222    0
 2224 2228 2226    0
 1835 2222 2228    0
 2226 2228 2222    0
 2184 2232 2234    0
 2230 2233 2232    0
 2231 2234 2233    0
 2232 2233 2234    0
 2216 2236 2238    0
 2235 2237 2236    0
 2230 2238 2237    0
 2236 2237 2238    0
 2223 2239 2241    0
 2231 2240 2239    0
 2235 2241 2240    0
 2239 2240 2241    0
 2230 2237 2233    0
 2235 2240 2237    0
 2231 2233 2240    0
 2237 2240 2233    0
 1817 2229 2214    0
 2224 2242 2229    0
 2213 2214 2242    0
 2229 2242 2214    0
 2223 2241 2225    0
 2235 2243 2241    0
 2224 2225 2243    0
 2241 2243 2225    0
 2216 2219 2236    0
 2213 2244 2219    0
 2235 2236 2244    0
 2219 2244 2236    0
 2224 2243 2242    0
 2235 2244 2243    0
 2213 2242 2244    0
 2243 2244 2242    0
  335 2200 2153    0
 2198 2245 2200    0
 2152 2153 2245    0
 2200 2245 2153    0
 2190 2247 2204    0
 2246 2248 2247    0
 2198 2204 2248    0
 2247 2248 2204    0
 2155 2159 2250    0
 2152 2249 2159    0
 2246 2250 2249    0
 2159 2249 2250    0
 2198 2248 2245    0
 2246 2249 2248    0
 2152 2245 2249    0
 2248 2249 2245    0
 2184 2234 2187    0
 2231 2251 2234    0
 2185 2187 2251    0
 2234 2251 2187    0
 2223 2253 2239    0
 2252 2254 2253    0
 2231 2239 2254    0
 2253 2254 2239    0
 2190 2194 2256    0
 2185 2255 2194    0
 2252 2256 2255    0
 2194 2255 2256    0
 2231 2254 2251    0
 2252 2255 2254    0
 2185 2251 2255    0
 2254 2255 2251    0
 1780 2164 2221    0
 2162 2257 2164    0
 2220 2221 2257    0
 2164 2257 2221    0
 2155 2259 2168    0
 2258 2260 2259    0
 2162 2168 2260    0
 2259 2260 2168    0
 2223 2227 2262    0
 2220 2261 2227    0
 2258 2262 2261    0
 2227 2261 2262    0
 2162 2260 2257    0
 2258 2261 2260    0
 2220 2257 2261    0
 2260 2261 2257    0
 2190 2256 2247    0
 2252 2263 2256    0
 2246 2247 2263    0
 2256 2263 2247    0
 2223 2262 2253    0
 2258 2264 2262    0
 2252 2253 2264    0
 2262 2264 2253    0
 2155 2250 2259    0
 2246 2265 2250    0
 2258 2259 2265    0
 2250 2265 2259    0
 2252 2264 2263    0
 2258 2265 2264    0
 2246 2263 2265    0
 2264 2265 2263    0
  154 2267  157    0
 2266 2268 2267    0
  155  157 2268    0
 2267 2268  157    0
 2269 2271 2273    0
 2270 2272 2271    0
 2266 2273 2272    0
 2271 2272 2273    0
  160  164 2275    0
  155 2274  164    0
 2270 2275 2274    0
  164 2274 2275    0
 2266 2272 2268    0
 2270 2274 2272    0
  155 2268 2274    0
 2272 2274 2268    0
 2276 2279 2281    0
 2277 2280 2279    0
 2278 2281 2280    0
 2279 2280 2281    0
 2282 2284 2286    0
 2283 2285 2284    0
 2277 2286 2285    0
 2284 2285 2286    0
 2269 2287 2289    0
 2278 2288 2287    0
 2283 2289 2288    0
 2287 2288 2289    0
 2277 2285 2280    0
 2283 2288 2285    0
 2278 2280 2288    0
 2285 2288 2280    0
  169  174 2292    0
  171 2291  174    0
 2290 2292 2291    0
  174 2291 2292    0
  160 2294  180    0
 2293 2295 2294    0
  171  180 2295    0
 2294 2295  180    0
 2282 2296 2298    0
 2290 2297 2296    0
 2293 2298 2297    0
 2296 2297 2298    0
  171 2295 2291    0
 2293 2297 2295    0
 2290 2291 2297    0
 2295 2297 2291    0
 2269 2289 2271    0
 2283 2299 2289    0
 2270 2271 2299    0
 2289 2299 2271    0
 2282 2298 2284    0
 2293 2300 2298    0
 2283 2284 2300    0
 2298 2300 2284    0
  160 2275 2294    0
 2270 2301 2275    0
 2293 2294 2301    0
 2275 2301 2294    0
 2283 2300 2299    0
 2293 2301 2300    0
 2270 2299 2301    0
 2300 2301 2299    0
 2302 2305 2307    0
 2303 2306 2305    0
 2304 2307 2306    0
 2305 2306 2307    0
 2308 2310 2312    0
 2309 2311 2310    0
 2303 2312 2311    0
 2310 2311 2312    0
 2313 2314 2316    0
 2304 2315 2314    0
 2309 2316 2315    0
 2314 2315 2316    0
 2303 2311 2306    0
 2309 2315 2311    0
 2304 2306 2315    0
 2311 2315 2306    0
 2317 2320 2322    0
 2318 2321 2320    0
 2319 2322 2321    0
 2320 2321 2322    0
 2323 2325 2327    0
 2324 2326 2325    0
 2318 2327 2326    0
 2325 2326 2327    0
 2308 2328 2330    0
 2319 2329 2328    0
 2324 2330 2329    0
 2328 2329 2330    0
 2318 2326 2321    0
 2324 2329 2326    0
 2319 2321 2329    0
 2326 2329 2321    0
 2276 2333 2335    0
 2331 2334 2333    0
 2332 2335 2334    0
 2333 2334 2335    0
 2313 2337 2339    0
 2336 2338 2337    0
 2331 2339 2338    0
 2337 2338 2339    0
 2323 2340 2342    0
 2332 2341 2340    0
 2336 2342 2341    0
 2340 2341 2342    0
 2331 2338 2334    0
 2336 2341 2338    0
 2332 2334 2341    0
 2338 2341 2334    0
 2308 2330 2310    0
 2324 2343 2330    0
 2309 2310 2343    0
 2330 2343 2310    0
 2323 2342 2325    0
 2336 2344 2342    0
 2324 2325 2344    0
 2342 2344 2325    0
 2313 2316 2337    0
 2309 2345 2316    0
 2336 2337 2345    0
 2316 2345 2337    0
 2324 2344 2343    0
 2336 2345 2344    0
 2309 2343 2345    0
 2344 2345 2343    0
  199  204 2348    0
  201 2347  204    0
 2346 2348 2347    0
  204 2347 2348    0
  210 2350  211    0
 2349 2351 2350    0
  201  211 2351    0
 2350 2351  211    0
 2352 2353 2355    0
 2346 2354 2353    0
 2349 2355 2354    0
 2353 2354 2355    0
  201 2351 2347    0
 2349 2354 2351    0
 2346 2347 2354    0
 2351 2354 2347    0
  169 2357  230    0
 2356 2358 2357    0
  228  230 2358    0
 2357 2358  230    0
 2359 2361 2363    0
 2360 2362 2361    0
 2356 2363 2362    0
 2361 2362 2363    0
  210  236 2365    0
  228 2364  236    0
 2360 2365 2364    0
  236 2364 2365    0
 2356 2362 2358    0
 2360 2364 2362    0
  228 2358 2364    0
 2362 2364 2358    0
 2317 2368 2370    0
 2366 2369 2368    0
 2367 2370 2369    0
 2368 2369 2370    0
 2352 2372 2374    0
 2371 2373 2372    0
 2366 2374 2373    0
 2372 2373 2374    0
 2359 2375 2377    0
 2367 2376 2375    0
 2371 2377 2376    0
 2375 2376 2377    0
 2366 2373 2369    0
 2371 2376 2373    0
 2367 2369 2376    0
 2373 2376 2369    0
  210 2365 2350    0
 2360 2378 2365    0
 2349 2350 2378    0
 2365 2378 2350    0
 2359 2377 2361    0
 2371 2379 2377    0
 2360 2361 2379    0
 2377 2379 2361    0
 2352 2355 2372    0
 2349 2380 2355    0
 2371 2372 2380    0
 2355 2380 2372    0
 2360 2379 2378    0
 2371 2380 2379    0
 2349 2378 2380    0
 2379 2380 2378    0
 2276 2335 2279    0
 2332 2381 2335    0
 2277 2279 2381    0
 2335 2381 2279    0
 2323 2383 2340    0
 2382 2384 2383    0
 2332 2340 2384    0
 2383 2384 2340    0
 2282 2286 2386    0
 2277 2385 2286    0
 2382 2386 2385    0
 2286 2385 2386    0
 2332 2384 2381    0
 2382 2385 2384    0
 2277 2381 2385    0
 2384 2385 2381    0
 2317 2370 2320    0
 2367 2387 2370    0
 2318 2320 2387    0
 2370 2387 2320    0
 2359 2389 2375    0
 2388 2390 2389    0
 2367 2375 2390    0
 2389 2390 2375    0
 2323 2327 2392    0
 2318 2391 2327    0
 2388 2392 2391    0
 2327 2391 2392    0
 2367 2390 2387    0
 2388 2391 2390    0
 2318 2387 2391    0
 2390 2391 2387    0
  169 2292 2357    0
 2290 2393 2292    0
 2356 2357 2393    0
 2292 2393 2357    0
 2282 2395 2296    0
 2394 2396 2395    0
 2290 2296 2396    0
 2395 2396 2296    0
 2359 2363 2398    0
 2356 2397 2363    0
 2394 2398 2397    0
 2363 2397 2398    0
 2290 2396 2393    0
 2394 2397 2396    0
 2356 2393 2397    0
 2396 2397 2393    0
 2323 2392 2383    0
 2388 2399 2392    0
 2382 2383 2399    0
 2392 2399 2383    0
 2359 2398 2389    0
 2394 2400 2398    0
 2388 2389 2400    0
 2398 2400 2389    0
 2282 2386 2395    0
 2382 2401 2386    0
 2394 2395 2401    0
 2386 2401 2395    0
 2388 2400 2399    0
 2394 2401 2400    0
 2382 2399 2401    0
 2400 2401 2399    0
 1242 1908 2404    0
 1906 2403 1908    0
 2402 2404 2403    0
 1908 2403 2404    0
 1912 2406 1913    0
 2405 2407 2406    0
 1906 1913 2407    0
 2406 2407 1913    0
 2408 2409 2411    0
 2402 2410 2409    0
 2405 2411 2410    0
 2409 2410 2411    0
 1906 2407 2403    0
 2405 2410 2407    0
 2402 2403 2410    0
 2407 2410 2403    0
 1926 2413 1929    0
 2412 2414 2413    0
 1927 1929 2414    0
 2413 2414 1929    0
 2415 2417 2419    0
 2416 2418 2417    0
 2412 2419 2418    0
 2417 2418 2419    0
 1912 1935 2421    0
 1927 2420 1935    0
 2416 2421 2420    0
 1935 2420 2421    0
 2412 2418 2414    0
 2416 2420 2418    0
 1927 2414 2420    0
 2418 2420 2414    0
 2422 2425 2427    0
 2423 2426 2425    0
 2424 2427 2426    0
 2425 2426 2427    0
 2408 2429 2431    0
 2428 2430 2429    0
 2423 2431 2430    0
 2429 2430 2431    0
 2415 2432 2434    0
 2424 2433 2432    0
 2428 2434 2433    0
 2432 2433 2434    0
 2423 2430 2426    0
 2428 2433 2430    0
 2424 2426 2433    0
 2430 2433 2426    0
 1912 2421 2406    0
 2416 2435 2421    0
 2405 2406 2435    0
 2421 2435 2406    0
 2415 2434 2417    0
 2428 2436 2434    0
 2416 2417 2436    0
 2434 2436 2417    0
 2408 2411 2429    0
 2405 2437 2411    0
 2428 2429 2437    0
 2411 2437 2429    0
 2416 2436 2435    0
 2428 2437 2436    0
 2405 2435 2437    0
 2436 2437 2435    0
 1806 2439 1980    0
 2438 2440 2439    0
 1978 1980 2440    0
 2439 2440 1980    0
 2441 2443 2445    0
 2442 2444 2443    0
 2438 2445 2444    0
 2443 2444 2445    0
 1983 1987 2447    0
 1978 2446 1987    0
 2442 2447 2446    0
 1987 2446 2447    0
 2438 2444 2440    0
 2442 2446 2444    0
 1978 2440 2446    0
 2444 2446 2440    0
 2448 2451 2453    0
 2449 2452 2451    0
 2450 2453 2452    0
 2451 2452 2453    0
 2454 2456 2458    0
 2455 2457 2456    0
 2449 2458 2457    0
 2456 2457 2458    0
 2441 2459 2461    0
 2450 2460 2459    0
 2455 2461 2460    0
 2459 2460 2461    0
 2449 2457 2452    0
 2455 2460 2457    0
 2450 2452 2460    0
 2457 2460 2452    0
 1926 1996 2464    0
 1993 2463 1996    0
 2462 2464 2463    0
 1996 2463 2464    0
 1983 2466 2002    0
 2465 2467 2466    0
 1993 2002 2467    0
 2466 2467 2002    0
 2454 2468 2470    0
 2462 2469 2468    0
 2465 2470 2469    0
 2468 2469 2470    0
 1993 2467 2463    0
 2465 2469 2467    0
 2462 2463 2469    0
 2467 2469 2463    0
 2441 2461 2443    0
 2455 2471 2461    0
 2442 2443 2471    0
 2461 2471 2443    0
 2454 2470 2456    0
 2465 2472 2470    0
 2455 2456 2472    0
 2470 2472 2456    0
 1983 2447 2466    0
 2442 2473 2447    0
 2465 2466 2473    0
 2447 2473 2466    0
 2455 2472 2471    0
 2465 2473 2472    0
 2442 2471 2473    0
 2472 2473 2471    0
 2302 2476 2478    0
 2474 2477 2476    0
 2475 2478 2477    0
 2476 2477 2478    0
 2479 2481 2483    0
 2480 2482 2481    0
 2474 2483 2482    0
 2481 2482 2483    0
 2484 2485 2487    0
 2475 2486 2485    0
 2480 2487 2486    0
 2485 2486 2487    0
 2474 2482 2477    0
 2480 2486 2482    0
 2475 2477 2486    0
 2482 2486 2477    0
 2422 2490 2492    0
 2488 2491 2490    0
 2489 2492 2491    0
 2490 2491 2492    0
 2493 2495 2497    0
 2494 2496 2495    0
 2488 2497 2496    0
 2495 2496 2497    0
 2479 2498 2500    0
 2489 2499 2498    0
 2494 2500 2499    0
 2498 2499 2500    0
 2488 2496 2491    0
 2494 2499 2496    0
 2489 2491 2499    0
 2496 2499 2491    0
 2448 2503 2505    0
 2501 2504 2503    0
 2502 2505 2504    0
 2503 2504 2505    0
 2484 2507 2509    0
 2506 2508 2507    0
 2501 2509 2508    0
 2507 2508 2509    0
 2493 2510 2512    0
 2502 2511 2510    0
 2506 2512 2511    0
 2510 2511 2512    0
 2501 2508 2504    0
 2506 2511 2508    0
 2502 2504 2511    0
 2508 2511 2504    0
 2479 2500 2481    0
 2494 2513 2500    0
 2480 2481 2513    0
 2500 2513 2481    0
 2493 2512 2495    0
 2506 2514 2512    0
 2494 2495 2514    0
 2512 2514 2495    0
 2484 2487 2507    0
 2480 2515 2487    0
 2506 2507 2515    0
 2487 2515 2507    0
 2494 2514 2513    0
 2506 2515 2514    0
 2480 2513 2515    0
 2514 2515 2513    0
 1926 2464 2413    0
 2462 2516 2464    0
 2412 2413 2516    0
 2464 2516 2413    0
 2454 2518 2468    0
 2517 2519 2518    0
 2462 2468 2519    0
 2518 2519 2468    0
 2415 2419 2521    0
 2412 2520 2419    0
 2517 2521 2520    0
 2419 2520 2521    0
 2462 2519 2516    0
 2517 2520 2519    0
 2412 2516 2520    0
 2519 2520 2516    0
 2448 2505 2451    0
 2502 2522 2505    0
 2449 2451 2522    0
 2505 2522 2451    0
 2493 2524 2510    0
 2523 2525 2524    0
 2502 2510 2525    0
 2524 2525 2510    0
 2454 2458 2527    0
 2449 2526 2458    0
 2523 2527 2526    0
 2458 2526 2527    0
 2502 2525 2522    0
 2523 2526 2525    0
 2449 2522 2526    0
 2525 2526 2522    0
 2422 2427 2490    0
 2424 2528 2427    0
 2488 2490 2528    0
 2427 2528 2490    0
 2415 2530 2432    0
 2529 2531 2530    0
 2424 2432 2531    0
 2530 2531 2432    0
 2493 2497 2533    0
 2488 2532 2497    0
 2529 2533 2532    0
 2497 2532 2533    0
 2424 2531 2528    0
 2529 2532 2531    0
 2488 2528 2532    0
 2531 2532 2528    0
 2454 2527 2518    0
 2523 2534 2527    0
 2517 2518 2534    0
 2527 2534 2518    0
 2493 2533 2524    0
 2529 2535 2533    0
 2523 2524 2535    0
 2533 2535 2524    0
 2415 2521 2530    0
 2517 2536 2521    0
 2529 2530 2536    0
 2521 2536 2530    0
 2523 2535 2534    0
 2529 2536 2535    0
 2517 2534 2536    0
 2535 2536 2534    0
  199 2348 2175    0
 2346 2537 2348    0
 2174 2175 2537    0
 2348 2537 2175    0
 2352 2539 2353    0
 2538 2540 2539    0
 2346 2353 2540    0
 2539 2540 2353    0
 2177 2181 2542    0
 2174 2541 2181    0
 2538 2542 2541    0
 2181 2541 2542    0
 2346 2540 2537    0
 2538 2541 2540    0
 2174 2537 2541    0
 2540 2541 2537    0
 2317 2544 2368    0
 2543 2545 2544    0
 2366 2368 2545    0
 2544 2545 2368    0
 2546 2548 2550    0
 2547 2549 2548    0
 2543 2550 2549    0
 2548 2549 2550    0
 2352 2374 2552    0
 2366 2551 2374    0
 2547 2552 2551    0
 2374 2551 2552    0
 2543 2549 2545    0
 2547 2551 2549    0
 2366 2545 2551    0
 2549 2551 2545    0
 2184 2189 2555    0
 2186 2554 2189    0
 2553 2555 2554    0
 2189 2554 2555    0
 2177 2557 2195    0
 2556 2558 2557    0
 2186 2195 2558    0
 2557 2558 2195    0
 2546 2559 2561    0
 2553 2560 2559    0
 2556 2561 2560    0
 2559 2560 2561    0
 2186 2558 2554    0
 2556 2560 2558    0
 2553 2554 2560    0
 2558 2560 2554    0
 2352 2552 2539    0
 2547 2562 2552    0
 2538 2539 2562    0
 2552 2562 2539    0
 2546 2561 2548    0
 2556 2563 2561    0
 2547 2548 2563    0
 2561 2563 2548    0
 2177 2542 2557    0
 2538 2564 2542    0
 2556 2557 2564    0
 2542 2564 2557    0
 2547 2563 2562    0
 2556 2564 2563    0
 2538 2562 2564    0
 2563 2564 2562    0
 2302 2478 2305    0
 2475 2565 2478    0
 2303 2305 2565    0
 2478 2565 2305    0
 2484 2567 2485    0
 2566 2568 2567    0
 2475 2485 2568    0
 2567 2568 2485    0
 2308 2312 2570    0
 2303 2569 2312    0
 2566 2570 2569    0
 2312 2569 2570    0
 2475 2568 2565    0
 2566 2569 2568    0
 2303 2565 2569    0
 2568 2569 2565    0
 2448 2572 2503    0
 2571 2573 2572    0
 2501 2503 2573    0
 2572 2573 2503    0
 2574 2576 2578    0
 2575 2577 2576    0
 2571 2578 2577    0
 2576 2577 2578    0
 2484 2509 2580    0
 2501 2579 2509    0
 2575 2580 2579    0
 2509 2579 2580    0
 2571 2577 2573    0
 2575 2579 2577    0
 2501 2573 2579    0
 2577 2579 2573    0
 2317 2322 2583    0
 2319 2582 2322    0
 2581 2583 2582    0
 2322 2582 2583    0
 2308 2585 2328    0
 2584 2586 2585    0
 2319 2328 2586    0
 2585 2586 2328    0
 2574 2587 2589    0
 2581 2588 2587    0
 2584 2589 2588    0
 2587 2588 2589    0
 2319 2586 2582    0
 2584 2588 2586    0
 2581 2582 2588    0
 2586 2588 2582    0
 2484 2580 2567    0
 2575 2590 2580    0
 2566 2567 2590    0
 2580 2590 2567    0
 2574 2589 2576    0
 2584 2591 2589    0
 2575 2576 2591    0
 2589 2591 2576    0
 2308 2570 2585    0
 2566 2592 2570    0
 2584 2585 2592    0
 2570 2592 2585    0
 2575 2591 2590    0
 2584 2592 2591    0
 2566 2590 2592    0
 2591 2592 2590    0
 1806 2212 2439    0
 2210 2593 2212    0
 2438 2439 2593    0
 2212 2593 2439    0
 2216 2595 2217    0
 2594 2596 2595    0
 2210 2217 2596    0
 2595 2596 2217    0
 2441 2445 2598    0
 2438 2597 2445    0
 2594 2598 2597    0
 2445 2597 2598    0
 2210 2596 2593    0
 2594 2597 2596    0
 2438 2593 2597    0
 2596 2597 2593    0
 2184 2600 2232    0
 2599 2601 2600    0
 2230 2232 2601    0
 2600 2601 2232    0
 2602 2604 2606    0
 2603 2605 2604    0
 2599 2606 2605    0
 2604 2605 2606    0
 2216 2238 2608    0
 2230 2607 2238    0
 2603 2608 2607    0
 2238 2607 2608    0
 2599 2605 2601    0
 2603 2607 2605    0
 2230 2601 2607    0
 2605 2607 2601    0
 2448 2453 2611    0
 2450 2610 2453    0
 2609 2611 2610    0
 2453 2610 2611    0
 2441 2613 2459    0
 2612 2614 2613    0
 2450 2459 2614    0
 2613 2614 2459    0
 2602 2615 2617    0
 2609 2616 2615    0
 2612 2617 2616    0
 2615 2616 2617    0
 2450 2614 2610    0
 2612 2616 2614    0
 2609 2610 2616    0
 2614 2616 2610    0
 2216 2608 2595    0
 2603 2618 2608    0
 2594 2595 2618    0
 2608 2618 2595    0
 2602 2617 2604    0
 2612 2619 2617    0
 2603 2604 2619    0
 2617 2619 2604    0
 2441 2598 2613    0
 2594 2620 2598    0
 2612 2613 2620    0
 2598 2620 2613    0
 2603 2619 2618    0
 2612 2620 2619    0
 2594 2618 2620    0
 2619 2620 2618    0
 2317 2583 2544    0
 2581 2621 2583    0
 2543 2544 2621    0
 2583 2621 2544    0
 2574 2623 2587    0
 2622 2624 2623    0
 2581 2587 2624    0
 2623 2624 2587    0
 2546 2550 2626    0
 2543 2625 2550    0
 2622 2626 2625    0
 2550 2625 2626    0
 2581 2624 2621    0
 2622 2625 2624    0
 2543 2621 2625    0
 2624 2625 2621    0
 2448 2611 2572    0
 2609 2627 2611    0
 2571 2572 2627    0
 2611 2627 2572    0
 2602 2629 2615    0
 2628 2630 2629    0
 2609 2615 2630    0
 2629 2630 2615    0
 2574 2578 2632    0
 2571 2631 2578    0
 2628 2632 2631    0
 2578 2631 2632    0
 2609 2630 2627    0
 2628 2631 2630    0
 2571 2627 2631    0
 2630 2631 2627    0
 2184 2555 2600    0
 2553 2633 2555    0
 2599 2600 2633    0
 2555 2633 2600    0
 2546 2635 2559    0
 2634 2636 2635    0
 2553 2559 2636    0
 2635 2636 2559    0
 2602 2606 2638    0
 2599 2637 2606    0
 2634 2638 2637    0
 2606 2637 2638    0
 2553 2636 2633    0
 2634 2637 2636    0
 2599 2633 2637    0
 2636 2637 2633    0
 2574 2632 2623    0
 2628 2639 2632    0
 2622 2623 2639    0
 2632 2639 2623    0
 2602 2638 2629    0
 2634 2640 2638    0
 2628 2629 2640    0
 2638 2640 2629    0
 2546 2626 2635    0
 2622 2641 2626    0
 2634 2635 2641    0
 2626 2641 2635    0
 2628 2640 2639    0
 2634 2641 2640    0
 2622 2639 2641    0
 2640 2641 2639    0
  154 2643 2267    0
 2642 2644 2643    0
 2266 2267 2644    0
 2643 2644 2267    0
 2645 2647 2649    0
 2646 2648 2647    0
 2642 2649 2648    0
 2647 2648 2649    0
 2269 2273 2651    0
 2266 2650 2273    0
 2646 2651 2650    0
 2273 2650 2651    0
 2642 2648 2644    0
 2646 2650 2648    0
 2266 2644 2650    0
 2648 2650 2644    0
 2652 2655 2657    0
 2653 2656 2655    0
 2654 2657 2656    0
 2655 2656 2657    0
 2658 2660 2662    0
 2659 2661 2660    0
 2653 2662 2661    0
 2660 2661 2662    0
 2645 2663 2665    0
 2654 2664 2663    0
 2659 2665 2664    0
 2663 2664 2665    0
 2653 2661 2656    0
 2659 2664 2661    0
 2654 2656 2664    0
 2661 2664 2656    0
 2276 2281 2668    0
 2278 2667 2281    0
 2666 2668 2667    0
 2281 2667 2668    0
 2269 2670 2287    0
 2669 2671 2670    0
 2278 2287 2671    0
 2670 2671 2287    0
 2658 2672 2674    0
 2666 2673 2672    0
 2669 2674 2673    0
 2672 2673 2674    0
 2278 2671 2667    0
 2669 2673 2671    0
 2666 2667 2673    0
 2671 2673 2667    0
 2645 2665 2647    0
 2659 2675 2665    0
 2646 2647 2675    0
 2665 2675 2647    0
 2658 2674 2660    0
 2669 2676 2674    0
 2659 2660 2676    0
 2674 2676 2660    0
 2269 2651 2670    0
 2646 2677 2651    0
 2669 2670 2677    0
 2651 2677 2670    0
 2659 2676 2675    0
 2669 2677 2676    0
 2646 2675 2677    0
 2676 2677 2675    0
 2678 2681 2683    0
 2679 2682 2681    0
 2680 2683 2682    0
 2681 2682 2683    0
 2684 2686 2688    0
 2685 2687 2686    0
 2679 2688 2687    0
 2686 2687 2688    0
 2689 2690 2692    0
 2680 2691 2690    0
 2685 2692 2691    0
 2690 2691 2692    0
 2679 2687 2682    0
 2685 2691 2687    0
 2680 2682 2691    0
 2687 2691 2682    0
 2693 2696 2698    0
 2694 2697 2696    0
 2695 2698 2697    0
 2696 2697 2698    0
 2699 2701 2703    0
 2700 2702 2701    0
 2694 2703 2702    0
 2701 2702 2703    0
 2684 2704 2706    0
 2695 2705 2704    0
 2700 2706 2705    0
 2704 2705 2706    0
 2694 2702 2697    0
 2700 2705 2702    0
 2695 2697 2705    0
 2702 2705 2697    0
 2652 2709 2711    0
 2707 2710 2709    0
 2708 2711 2710    0
 2709 2710 2711    0
 2689 2713 2715    0
 2712 2714 2713    0
 2707 2715 2714    0
 2713 2714 2715    0
 2699 2716 2718    0
 2708 2717 2716    0
 2712 2718 2717    0
 2716 2717 2718    0
 2707 2714 2710    0
 2712 2717 2714    0
 2708 2710 2717    0
 2714 2717 2710    0
 2684 2706 2686    0
 2700 2719 2706    0
 2685 2686 2719    0
 2706 2719 2686    0
 2699 2718 2701    0
 2712 2720 2718    0
 2700 2701 2720    0
 2718 2720 2701    0
 2689 2692 2713    0
 2685 2721 2692    0
 2712 2713 2721    0
 2692 2721 2713    0
 2700 2720 2719    0
 2712 2721 2720    0
 2685 2719 2721    0
 2720 2721 2719    0
 2302 2307 2724    0
 2304 2723 2307    0
 2722 2724 2723    0
 2307 2723 2724    0
 2313 2726 2314    0
 2725 2727 2726    0
 2304 2314 2727    0
 2726 2727 2314    0
 2728 2729 2731    0
 2722 2730 2729    0
 2725 2731 2730    0
 2729 2730 2731    0
 2304 2727 2723    0
 2725 2730 2727    0
 2722 2723 2730    0
 2727 2730 2723    0
 2276 2733 2333    0
 2732 2734 2733    0
 2331 2333 2734    0
 2733 2734 2333    0
 2735 2737 2739    0
 2736 2738 2737    0
 2732 2739 2738    0
 2737 2738 2739    0
 2313 2339 2741    0
 2331 2740 2339    0
 2736 2741 2740    0
 2339 2740 2741    0
 2732 2738 2734    0
 2736 2740 2738    0
 2331 2734 2740    0
 2738 2740 2734    0
 2693 2744 2746    0
 2742 2745 2744    0
 2743 2746 2745    0
 2744 2745 2746    0
 2728 2748 2750    0
 2747 2749 2748    0
 2742 2750 2749    0
 2748 2749 2750    0
 2735 2751 2753    0
 2743 2752 2751    0
 2747 2753 2752    0
 2751 2752 2753    0
 2742 2749 2745    0
 2747 2752 2749    0
 2743 2745 2752    0
 2749 2752 2745    0
 2313 2741 2726    0
 2736 2754 2741    0
 2725 2726 2754    0
 2741 2754 2726    0
 2735 2753 2737    0
 2747 2755 2753    0
 2736 2737 2755    0
 2753 2755 2737    0
 2728 2731 2748    0
 2725 2756 2731    0
 2747 2748 2756    0
 2731 2756 2748    0
 2736 2755 2754    0
 2747 2756 2755    0
 2725 2754 2756    0
 2755 2756 2754    0
 2652 2711 2655    0
 2708 2757 2711    0
 2653 2655 2757    0
 2711 2757 2655    0
 2699 2759 2716    0
 2758 2760 2759    0
 2708 2716 2760    0
 2759 2760 2716    0
 2658 2662 2762    0
 2653 2761 2662    0
 2758 2762 2761    0
 2662 2761 2762    0
 2708 2760 2757    0
 2758 2761 2760    0
 2653 2757 2761    0
 2760 2761 2757    0
 2693 2746 2696    0
 2743 2763 2746    0
 2694 2696 2763    0
 2746 2763 2696    0
 2735 2765 2751    0
 2764 2766 2765    0
 2743 2751 2766    0
 2765 2766 2751    0
 2699 2703 2768    0
 2694 2767 2703    0
 2764 2768 2767    0
 2703 2767 2768    0
 2743 2766 2763    0
 2764 2767 2766    0
 2694 2763 2767    0
 2766 2767 2763    0
 2276 2668 2733    0
 2666 2769 2668    0
 2732 2733 2769    0
 2668 2769 2733    0
 2658 2771 2672    0
 2770 2772 2771    0
 2666 2672 2772    0
 2771 2772 2672    0
 2735 2739 2774    0
 2732 2773 2739    0
 2770 2774 2773    0
 2739 2773 2774    0
 2666 2772 2769    0
 2770 2773 2772    0
 2732 2769 2773    0
 2772 2773 2769    0
 2699 2768 2759    0
 2764 2775 2768    0
 2758 2759 2775    0
 2768 2775 2759    0
 2735 2774 2765    0
 2770 2776 2774    0
 2764 2765 2776    0
 2774 2776 2765    0
 2658 2762 2771    0
 2758 2777 2762    0
 2770 2771 2777    0
 2762 2777 2771    0
 2764 2776 2775    0
 2770 2777 2776    0
 2758 2775 2777    0
 2776 2777 2775    0
 2778 2781 2783    0
 2779 2782 2781    0
 2780 2783 2782    0
 2781 2782 2783    0
 2784 2786 2788    0
 2785 2787 2786    0
 2779 2788 2787    0
 2786 2787 2788    0
 2789 2790 2792    0
 2780 2791 2790    0
 2785 2792 2791    0
 2790 2791 2792    0
 2779 2787 2782    0
 2785 2791 2787    0
 2780 2782 2791    0
 2787 2791 2782    0
 2793 2796 2798    0
 2794 2797 2796    0
 2795 2798 2797    0
 2796 2797 2798    0
 2799 2801 2803    0
 2800 2802 2801    0
 2794 2803 2802    0
 2801 2802 2803    0
 2784 2804 2806    0
 2795 2805 2804    0
 2800 2806 2805    0
 2804 2805 2806    0
 2794 2802 2797    0
 2800 2805 2802    0
 2795 2797 2805    0
 2802 2805 2797    0
 2807 2810 2812    0
 2808 2811 2810    0
 2809 2812 2811    0
 2810 2811 2812    0
 2789 2814 2816    0
 2813 2815 2814    0
 2808 2816 2815    0
 2814 2815 2816    0
 2799 2817 2819    0
 2809 2818 2817    0
 2813 2819 2818    0
 2817 2818 2819    0
 2808 2815 2811    0
 2813 2818 2815    0
 2809 2811 2818    0
 2815 2818 2811    0
 2784 2806 2786    0
 2800 2820 2806    0
 2785 2786 2820    0
 2806 2820 2786    0
 2799 2819 2801    0
 2813 2821 2819    0
 2800 2801 2821    0
 2819 2821 2801    0
 2789 2792 2814    0
 2785 2822 2792    0
 2813 2814 2822    0
 2792 2822 2814    0
 2800 2821 2820    0
 2813 2822 2821    0
 2785 2820 2822    0
 2821 2822 2820    0
 2823 2826 2828    0
 2824 2827 2826    0
 2825 2828 2827    0
 2826 2827 2828    0
 2829 2831 2833    0
 2830 2832 2831    0
 2824 2833 2832    0
 2831 2832 2833    0
 2834 2835 2837    0
 2825 2836 2835    0
 2830 2837 2836    0
 2835 2836 2837    0
 2824 2832 2827    0
 2830 2836 2832    0
 2825 2827 2836    0
 2832 2836 2827    0
 2838 2841 2843    0
 2839 2842 2841    0
 2840 2843 2842    0
 2841 2842 2843    0
 2844 2846 2848    0
 2845 2847 2846    0
 2839 2848 2847    0
 2846 2847 2848    0
 2829 2849 2851    0
 2840 2850 2849    0
 2845 2851 2850    0
 2849 2850 2851    0
 2839 2847 2842    0
 2845 2850 2847    0
 2840 2842 2850    0
 2847 2850 2842    0
 2793 2854 2856    0
 2852 2855 2854    0
 2853 2856 2855    0
 2854 2855 2856    0
 2834 2858 2860    0
 2857 2859 2858    0
 2852 2860 2859    0
 2858 2859 2860    0
 2844 2861 2863    0
 2853 2862 2861    0
 2857 2863 2862    0
 2861 2862 2863    0
 2852 2859 2855    0
 2857 2862 2859    0
 2853 2855 2862    0
 2859 2862 2855    0
 2829 2851 2831    0
 2845 2864 2851    0
 2830 2831 2864    0
 2851 2864 2831    0
 2844 2863 2846    0
 2857 2865 2863    0
 2845 2846 2865    0
 2863 2865 2846    0
 2834 2837 2858    0
 2830 2866 2837    0
 2857 2858 2866    0
 2837 2866 2858    0
 2845 2865 2864    0
 2857 2866 2865    0
 2830 2864 2866    0
 2865 2866 2864    0
 2678 2869 2871    0
 2867 2870 2869    0
 2868 2871 2870    0
 2869 2870 2871    0
 2872 2874 2876    0
 2873 2875 2874    0
 2867 2876 2875    0
 2874 2875 2876    0
 2877 2878 2880    0
 2868 2879 2878    0
 2873 2880 2879    0
 2878 2879 2880    0
 2867 2875 2870    0
 2873 2879 2875    0
 2868 2870 2879    0
 2875 2879 2870    0
 2807 2883 2885    0
 2881 2884 2883    0
 2882 2885 2884    0
 2883 2884 2885    0
 2886 2888 2890    0
 2887 2889 2888    0
 2881 2890 2889    0
 2888 2889 2890    0
 2872 2891 2893    0
 2882 2892 2891    0
 2887 2893 2892    0
 2891 2892 2893    0
 2881 2889 2884    0
 2887 2892 2889    0
 2882 2884 2892    0
 2889 2892 2884    0
 2838 2896 2898    0
 2894 2897 2896    0
 2895 2898 2897    0
 2896 2897 2898    0
 2877 2900 2902    0
 2899 2901 2900    0
 2894 2902 2901    0
 2900 2901 2902    0
 2886 2903 2905    0
 2895 2904 2903    0
 2899 2905 2904    0
 2903 2904 2905    0
 2894 2901 2897    0
 2899 2904 2901    0
 2895 2897 2904    0
 2901 2904 2897    0
 2872 2893 2874    0
 2887 2906 2893    0
 2873 2874 2906    0
 2893 2906 2874    0
 2886 2905 2888    0
 2899 2907 2905    0
 2887 2888 2907    0
 2905 2907 2888    0
 2877 2880 2900    0
 2873 2908 2880    0
 2899 2900 2908    0
 2880 2908 2900    0
 2887 2907 2906    0
 2899 2908 2907    0
 2873 2906 2908    0
 2907 2908 2906    0
 2793 2856 2796    0
 2853 2909 2856    0
 2794 2796 2909    0
 2856 2909 2796    0
 2844 2911 2861    0
 2910 2912 2911    0
 2853 2861 2912    0
 2911 2912 2861    0
 2799 2803 2914    0
 2794 2913 2803    0
 2910 2914 2913    0
 2803 2913 2914    0
 2853 2912 2909    0
 2910 2913 2912    0
 2794 2909 2913    0
 2912 2913 2909    0
 2838 2898 2841    0
 2895 2915 2898    0
 2839 2841 2915    0
 2898 2915 2841    0
 2886 2917 2903    0
 2916 2918 2917    0
 2895 2903 2918    0
 2917 2918 2903    0
 2844 2848 2920    0
 2839 2919 2848    0
 2916 2920 2919    0
 2848 2919 2920    0
 2895 2918 2915    0
 2916 2919 2918    0
 2839 2915 2919    0
 2918 2919 2915    0
 2807 2812 2883    0
 2809 2921 2812    0
 2881 2883 2921    0
 2812 2921 2883    0
 2799 2923 2817    0
 2922 2924 2923    0
 2809 2817 2924    0
 2923 2924 2817    0
 2886 2890 2926    0
 2881 2925 2890    0
 2922 2926 2925    0
 2890 2925 2926    0
 2809 2924 2921    0
 2922 2925 2924    0
 2881 2921 2925    0
 2924 2925 2921    0
 2844 2920 2911    0
 2916 2927 2920    0
 2910 2911 2927    0
 2920 2927 2911    0
 2886 2926 2917    0
 2922 2928 2926    0
 2916 2917 2928    0
 2926 2928 2917    0
 2799 2914 2923    0
 2910 2929 2914    0
 2922 2923 2929    0
 2914 2929 2923    0
 2916 2928 2927    0
 2922 2929 2928    0
 2910 2927 2929    0
 2928 2929 2927    0
 1242 2404 2932    0
 2402 2931 2404    0
 2930 2932 2931    0
 2404 2931 2932    0
 2408 2934 2409    0
 2933 2935 2934    0
 2402 2409 2935    0
 2934 2935 2409    0
 2936 2937 2939    0
 2930 2938 2937    0
 2933 2939 2938    0
 2937 2938 2939    0
 2402 2935 2931    0
 2933 2938 2935    0
 2930 2931 2938    0
 2935 2938 2931    0
 2422 2941 2425    0
 2940 2942 2941    0
 2423 2425 2942    0
 2941 2942 2425    0
 2943 2945 2947    0
 2944 2946 2945    0
 2940 2947 2946    0
 2945 2946 2947    0
 2408 2431 2949    0
 2423 2948 2431    0
 2944 2949 2948    0
 2431 2948 2949    0
 2940 2946 2942    0
 2944 2948 2946    0
 2423 2942 2948    0
 2946 2948 2942    0
 2950 2953 2955    0
 2951 2954 2953    0
 2952 2955 2954    0
 2953 2954 2955    0
 2936 2957 2959    0
 2956 2958 2957    0
 2951 2959 2958    0
 2957 2958 2959    0
 2943 2960 2962    0
 2952 2961 2960    0
 2956 2962 2961    0
 2960 2961 2962    0
 2951 2958 2954    0
 2956 2961 2958    0
 2952 2954 2961    0
 2958 2961 2954    0
 2408 2949 2934    0
 2944 2963 2949    0
 2933 2934 2963    0
 2949 2963 2934    0
 2943 2962 2945    0
 2956 2964 2962    0
 2944 2945 2964    0
 2962 2964 2945    0
 2936 2939 2957    0
 2933 2965 2939    0
 2956 2957 2965    0
 2939 2965 2957    0
 2944 2964 2963    0
 2956 2965 2964    0
 2933 2963 2965    0
 2964 2965 2963    0
 2302 2967 2476    0
 2966 2968 2967    0
 2474 2476 2968    0
 2967 2968 2476    0
 2969 2971 2973    0
 2970 2972 2971    0
 2966 2973 2972    0
 2971 2972 2973    0
 2479 2483 2975    0
 2474 2974 2483    0
 2970 2975 2974    0
 2483 2974 2975    0
 2966 2972 2968    0
 2970 2974 2972    0
 2474 2968 2974    0
 2972 2974 2968    0
 2976 2979 2981    0
 2977 2980 2979    0
 2978 2981 2980    0
 2979 2980 2981    0
 2982 2984 2986    0
 2983 2985 2984    0
 2977 2986 2985    0
 2984 2985 2986    0
 2969 2987 2989    0
 2978 2988 2987    0
 2983 2989 2988    0
 2987 2988 2989    0
 2977 2985 2980    0
 2983 2988 2985    0
 2978 2980 2988    0
 2985 2988 2980    0
 2422 2492 2992    0
 2489 2991 2492    0
 2990 2992 2991    0
 2492 2991 2992    0
 2479 2994 2498    0
 2993 2995 2994    0
 2489 2498 2995    0
 2994 2995 2498    0
 2982 2996 2998    0
 2990 2997 2996    0
 2993 2998 2997    0
 2996 2997 2998    0
 2489 2995 2991    0
 2993 2997 2995    0
 2990 2991 2997    0
 2995 2997 2991    0
 2969 2989 2971    0
 2983 2999 2989    0
 2970 2971 2999    0
 2989 2999 2971    0
 2982 2998 2984    0
 2993 3000 2998    0
 2983 2984 3000    0
 2998 3000 2984    0
 2479 2975 2994    0
 2970 3001 2975    0
 2993 2994 3001    0
 2975 3001 2994    0
 2983 3000 2999    0
 2993 3001 3000    0
 2970 2999 3001    0
 3000 3001 2999    0
 2823 3004 3006    0
 3002 3005 3004    0
 3003 3006 3005    0
 3004 3005 3006    0
 3007 3009 3011    0
 3008 3010 3009    0
 3002 3011 3010    0
 3009 3010 3011    0
 3012 3013 3015    0
 3003 3014 3013    0
 3008 3015 3014    0
 3013 3014 3015    0
 3002 3010 3005    0
 3008 3014 3010    0
 3003 3005 3014    0
 3010 3014 3005    0
 2950 3018 3020    0
 3016 3019 3018    0
 3017 3020 3019    0
 3018 3019 3020    0
 3021 3023 3025    0
 3022 3024 3023    0
 3016 3025 3024    0
 3023 3024 3025    0
 3007 3026 3028    0
 3017 3027 3026    0
 3022 3028 3027    0
 3026 3027 3028    0
 3016 3024 3019    0
 3022 3027 3024    0
 3017 3019 3027    0
 3024 3027 3019    0
 2976 3031 3033    0
 3029 3032 3031    0
 3030 3033 3032    0
 3031 3032 3033    0
 3012 3035 3037    0
 3034 3036 3035    0
 3029 3037 3036    0
 3035 3036 3037    0
 3021 3038 3040    0
 3030 3039 3038    0
 3034 3040 3039    0
 3038 3039 3040    0
 3029 3036 3032    0
 3034 3039 3036    0
 3030 3032 3039    0
 3036 3039 3032    0
 3007 3028 3009    0
 3022 3041 3028    0
 3008 3009 3041    0
 3028 3041 3009    0
 3021 3040 3023    0
 3034 3042 3040    0
 3022 3023 3042    0
 3040 3042 3023    0
 3012 3015 3035    0
 3008 3043 3015    0
 3034 3035 3043    0
 3015 3043 3035    0
 3022 3042 3041    0
 3034 3043 3042    0
 3008 3041 3043    0
 3042 3043 3041    0
 2422 2992 2941    0
 2990 3044 2992    0
 2940 2941 3044    0
 2992 3044 2941    0
 2982 3046 2996    0
 3045 3047 3046    0
 2990 2996 3047    0
 3046 3047 2996    0
 2943 2947 3049    0
 2940 3048 2947    0
 3045 3049 3048    0
 2947 3048 3049    0
 2990 3047 3044    0
 3045 3048 3047    0
 2940 3044 3048    0
 3047 3048 3044    0
 2976 3033 2979    0
 3030 3050 3033    0
 2977 2979 3050    0
 3033 3050 2979    0
 3021 3052 3038    0
 3051 3053 3052    0
 3030 3038 3053    0
 3052 3053 3038    0
 2982 2986 3055    0
 2977 3054 2986    0
 3051 3055 3054    0
 2986 3054 3055    0
 3030 3053 3050    0
 3051 3054 3053    0
 2977 3050 3054    0
 3053 3054 3050    0
 2950 2955 3018    0
 2952 3056 2955    0
 3016 3018 3056    0
 2955 3056 3018    0
 2943 3058 2960    0
 3057 3059 3058    0
 2952 2960 3059    0
 3058 3059 2960    0
 3021 3025 3061    0
 3016 3060 3025    0
 3057 3061 3060    0
 3025 3060 3061    0
 2952 3059 3056    0
 3057 3060 3059    0
 3016 3056 3060    0
 3059 3060 3056    0
 2982 3055 3046    0
 3051 3062 3055    0
 3045 3046 3062    0
 3055 3062 3046    0
 3021 3061 3052    0
 3057 3063 3061    0
 3051 3052 3063    0
 3061 3063 3052    0
 2943 3049 3058    0
 3045 3064 3049    0
 3057 3058 3064    0
 3049 3064 3058    0
 3051 3063 3062    0
 3057 3064 3063    0
 3045 3062 3064    0
 3063 3064 3062    0
 2678 2871 2681    0
 2868 3065 2871    0
 2679 2681 3065    0
 2871 3065 2681    0
 2877 3067 2878    0
 3066 3068 3067    0
 2868 2878 3068    0
 3067 3068 2878    0
 2684 2688 3070    0
 2679 3069 2688    0
 3066 3070 3069    0
 2688 3069 3070    0
 2868 3068 3065    0
 3066 3069 3068    0
 2679 3065 3069    0
 3068 3069 3065    0
 2838 3072 2896    0
 3071 3073 3072    0
 2894 2896 3073    0
 3072 3073 2896    0
 3074 3076 3078    0
 3075 3077 3076    0
 3071 3078 3077    0
 3076 3077 3078    0
 2877 2902 3080    0
 2894 3079 2902    0
 3075 3080 3079    0
 2902 3079 3080    0
 3071 3077 3073    0
 3075 3079 3077    0
 2894 3073 3079    0
 3077 3079 3073    0
 2693 2698 3083    0
 2695 3082 2698    0
 3081 3083 3082    0
 2698 3082 3083    0
 2684 3085 2704    0
 3084 3086 3085    0
 2695 2704 3086    0
 3085 3086 2704    0
 3074 3087 3089    0
 3081 3088 3087    0
 3084 3089 3088    0
 3087 3088 3089    0
 2695 3086 3082    0
 3084 3088 3086    0
 3081 3082 3088    0
 3086 3088 3082    0
 2877 3080 3067    0
 3075 3090 3080    0
 3066 3067 3090    0
 3080 3090 3067    0
 3074 3089 3076    0
 3084 3091 3089    0
 3075 3076 3091    0
 3089 3091 3076    0
 2684 3070 3085    0
 3066 3092 3070    0
 3084 3085 3092    0
 3070 3092 3085    0
 3075 3091 3090    0
 3084 3092 3091    0
 3066 3090 3092    0
 3091 3092 3090    0
 2823 3006 2826    0
 3003 3093 3006    0
 2824 2826 3093    0
 3006 3093 2826    0
 3012 3095 3013    0
 3094 3096 3095    0
 3003 3013 3096    0
 3095 3096 3013    0
 2829 2833 3098    0
 2824 3097 2833    0
 3094 3098 3097    0
 2833 3097 3098    0
 3003 3096 3093    0
 3094 3097 3096    0
 2824 3093 3097    0
 3096 3097 3093    0
 2976 3100 3031    0
 3099 3101 3100    0
 3029 3031 3101    0
 3100 3101 3031    0
 3102 3104 3106    0
 3103 3105 3104    0
 3099 3106 3105    0
 3104 3105 3106    0
 3012 3037 3108    0
 3029 3107 3037    0
 3103 3108 3107    0
 3037 3107 3108    0
 3099 3105 3101    0
 3103 3107 3105    0
 3029 3101 3107    0
 3105 3107 3101    0
 2838 2843 3111    0
 2840 3110 2843    0
 3109 3111 3110    0
 2843 3110 3111    0
 2829 3113 2849    0
 3112 3114 3113    0
 2840 2849 3114    0
 3113 3114 2849    0
 3102 3115 3117    0
 3109 3116 3115    0
 3112 3117 3116    0
 3115 3116 3117    0
 2840 3114 3110    0
 3112 3116 3114    0
 3109 3110 3116    0
 3114 3116 3110    0
 3012 3108 3095    0
 3103 3118 3108    0
 3094 3095 3118    0
 3108 3118 3095    0
 3102 3117 3104    0
 3112 3119 3117    0
 3103 3104 3119    0
 3117 3119 3104    0
 2829 3098 3113    0
 3094 3120 3098    0
 3112 3113 3120    0
 3098 3120 3113    0
 3103 3119 3118    0
 3112 3120 3119    0
 3094 3118 3120    0
 3119 3120 3118    0
 2302 2724 2967    0
 2722 3121 2724    0
 2966 2967 3121    0
 2724 3121 2967    0
 2728 3123 2729    0
 3122 3124 3123    0
 2722 2729 3124    0
 3123 3124 2729    0
 2969 2973 3126    0
 2966 3125 2973    0
 3122 3126 3125    0
 2973 3125 3126    0
 2722 3124 3121    0
 3122 3125 3124    0
 2966 3121 3125    0
 3124 3125 3121    0
 2693 3128 2744    0
 3127 3129 3128    0
 2742 2744 3129    0
 3128 3129 2744    0
 3130 3132 3134    0
 3131 3133 3132    0
 3127 3134 3133    0
 3132 3133 3134    0
 2728 2750 3136    0
 2742 3135 2750    0
 3131 3136 3135    0
 2750 3135 3136    0
 3127 3133 3129    0
 3131 3135 3133    0
 2742 3129 3135    0
 3133 3135 3129    0
 2976 2981 3139    0
 2978 3138 2981    0
 3137 3139 3138    0
 2981 3138 3139    0
 2969 3141 2987    0
 3140 3142 3141    0
 2978 2987 3142    0
 3141 3142 2987    0
 3130 3143 3145    0
 3137 3144 3143    0
 3140 3145 3144    0
 3143 3144 3145    0
 2978 3142 3138    0
 3140 3144 3142    0
 3137 3138 3144    0
 3142 3144 3138    0
 2728 3136 3123    0
 3131 3146 3136    0
 3122 3123 3146    0
 3136 3146 3123    0
 3130 3145 3132    0
 3140 3147 3145    0
 3131 3132 3147    0
 3145 3147 3132    0
 2969 3126 3141    0
 3122 3148 3126    0
 3140 3141 3148    0
 3126 3148 3141    0
 3131 3147 3146    0
 3140 3148 3147    0
 3122 3146 3148    0
 3147 3148 3146    0
 2838 3111 3072    0
 3109 3149 3111    0
 3071 3072 3149    0
 3111 3149 3072    0
 3102 3151 3115    0
 3150 3152 3151    0
 3109 3115 3152    0
 3151 3152 3115    0
 3074 3078 3154    0
 3071 3153 3078    0
 3150 3154 3153    0
 3078 3153 3154    0
 3109 3152 3149    0
 3150 3153 3152    0
 3071 3149 3153    0
 3152 3153 3149    0
 2976 3139 3100    0
 3137 3155 3139    0
 3099 3100 3155    0
 3139 3155 3100    0
 3130 3157 3143    0
 3156 3158 3157    0
 3137 3143 3158    0
 3157 3158 3143    0
 3102 3106 3160    0
 3099 3159 3106    0
 3156 3160 3159    0
 3106 3159 3160    0
 3137 3158 3155    0
 3156 3159 3158    0
 3099 3155 3159    0
 3158 3159 3155    0
 2693 3083 3128    0
 3081 3161 3083    0
 3127 3128 3161    0
 3083 3161 3128    0
 3074 3163 3087    0
 3162 3164 3163    0
 3081 3087 3164    0
 3163 3164 3087    0
 3130 3134 3166    0
 3127 3165 3134    0
 3162 3166 3165    0
 3134 3165 3166    0
 3081 3164 3161    0
 3162 3165 3164    0
 3127 3161 3165    0
 3164 3165 3161    0
 3102 3160 3151    0
 3156 3167 3160    0
 3150 3151 3167    0
 3160 3167 3151    0
 3130 3166 3157    0
 3162 3168 3166    0
 3156 3157 3168    0
 3166 3168 3157    0
 3074 3154 3163    0
 3150 3169 3154    0
 3162 3163 3169    0
 3154 3169 3163    0
 3156 3168 3167    0
 3162 3169 3168    0
 3150 3167 3169    0
 3168 3169 3167    0
  154  852 2643    0
  850 3170  852    0
 2642 2643 3170    0
  852 3170 2643    0
  856 3172  857    0
 3171 3173 3172    0
  850  857 3173    0
 3172 3173  857    0
 2645 2649 3175    0
 2642 3174 2649    0
 3171 3175 3174    0
 2649 3174 3175    0
  850 3173 3170    0
 3171 3174 3173    0
 2642 3170 3174    0
 3173 3174 3170    0
  870 3177  873    0
 3176 3178 3177    0
  871  873 3178    0
 3177 3178  873    0
 3179 3181 3183    0
 3180 3182 3181    0
 3176 3183 3182    0
 3181 3182 3183    0
  856  879 3185    0
  871 3184  879    0
 3180 3185 3184    0
  879 3184 3185    0
 3176 3182 3178    0
 3180 3184 3182    0
  871 3178 3184    0
 3182 3184 3178    0
 2652 2657 3188    0
 2654 3187 2657    0
 3186 3188 3187    0
 2657 3187 3188    0
 2645 3190 2663    0
 3189 3191 3190    0
 2654 2663 3191    0
 3190 3191 2663    0
 3179 3192 3194    0
 3186 3193 3192    0
 3189 3194 3193    0
 3192 3193 3194    0
 2654 3191 3187    0
 3189 3193 3191    0
 3186 3187 3193    0
 3191 3193 3187    0
  856 3185 3172    0
 3180 3195 3185    0
 3171 3172 3195    0
 3185 3195 3172    0
 3179 3194 3181    0
 3189 3196 3194    0
 3180 3181 3196    0
 3194 3196 3181    0
 2645 3175 3190    0
 3171 3197 3175    0
 3189 3190 3197    0
 3175 3197 3190    0
 3180 3196 3195    0
 3189 3197 3196    0
 3171 3195 3197    0
 3196 3197 3195    0
  743 3199  924    0
 3198 3200 3199    0
  922  924 3200    0
 3199 3200  924    0
 3201 3203 3205    0
 3202 3204 3203    0
 3198 3205 3204    0
 3203 3204 3205    0
  927  931 3207    0
  922 3206  931    0
 3202 3207 3206    0
  931 3206 3207    0
 3198 3204 3200    0
 3202 3206 3204    0
  922 3200 3206    0
 3204 3206 3200    0
 3208 3211 3213    0
 3209 3212 3211    0
 3210 3213 3212    0
 3211 3212 3213    0
 3214 3216 3218    0
 3215 3217 3216    0
 3209 3218 3217    0
 3216 3217 3218    0
 3201 3219 3221    0
 3210 3220 3219    0
 3215 3221 3220    0
 3219 3220 3221    0
 3209 3217 3212    0
 3215 3220 3217    0
 3210 3212 3220    0
 3217 3220 3212    0
  870  940 3224    0
  937 3223  940    0
 3222 3224 3223    0
  940 3223 3224    0
  927 3226  946    0
 3225 3227 3226    0
  937  946 3227    0
 3226 3227  946    0
 3214 3228 3230    0
 3222 3229 3228    0
 3225 3230 3229    0
 3228 3229 3230    0
  937 3227 3223    0
 3225 3229 3227    0
 3222 3223 3229    0
 3227 3229 3223    0
 3201 3221 3203    0
 3215 3231 3221    0
 3202 3203 3231    0
 3221 3231 3203    0
 3214 3230 3216    0
 3225 3232 3230    0
 3215 3216 3232    0
 3230 3232 3216    0
  927 3207 3226    0
 3202 3233 3207    0
 3225 3226 3233    0
 3207 3233 3226    0
 3215 3232 3231    0
 3225 3233 3232    0
 3202 3231 3233    0
 3232 3233 3231    0
 2678 2683 3236    0
 2680 3235 2683    0
 3234 3236 3235    0
 2683 3235 3236    0
 2689 3238 2690    0
 3237 3239 3238    0
 2680 2690 3239    0
 3238 3239 2690    0
 3240 3241 3243    0
 3234 3242 3241    0
 3237 3243 3242    0
 3241 3242 3243    0
 2680 3239 3235    0
 3237 3242 3239    0
 3234 3235 3242    0
 3239 3242 3235    0
 2652 3245 2709    0
 3244 3246 3245    0
 2707 2709 3246    0
 3245 3246 2709    0
 3247 3249 3251    0
 3248 3250 3249    0
 3244 3251 3250    0
 3249 3250 3251    0
 2689 2715 3253    0
 2707 3252 2715    0
 3248 3253 3252    0
 2715 3252 3253    0
 3244 3250 3246    0
 3248 3252 3250    0
 2707 3246 3252    0
 3250 3252 3246    0
 3208 3256 3258    0
 3254 3257 3256    0
 3255 3258 3257    0
 3256 3257 3258    0
 3240 3260 3262    0
 3259 3261 3260    0
 3254 3262 3261    0
 3260 3261 3262    0
 3247 3263 3265    0
 3255 3264 3263    0
 3259 3265 3264    0
 3263 3264 3265    0
 3254 3261 3257    0
 3259 3264 3261    0
 3255 3257 3264    0
 3261 3264 3257    0
 2689 3253 3238    0
 3248 3266 3253    0
 3237 3238 3266    0
 3253 3266 3238    0
 3247 3265 3249    0
 3259 3267 3265    0
 3248 3249 3267    0
 3265 3267 3249    0
 3240 3243 3260    0
 3237 3268 3243    0
 3259 3260 3268    0
 3243 3268 3260    0
 3248 3267 3266    0
 3259 3268 3267    0
 3237 3266 3268    0
 3267 3268 3266    0
  870 3224 3177    0
 3222 3269 3224    0
 3176 3177 3269    0
 3224 3269 3177    0
 3214 3271 3228    0
 3270 3272 3271    0
 3222 3228 3272    0
 3271 3272 3228    0
 3179 3183 3274    0
 3176 3273 3183    0
 3270 3274 3273    0
 3183 3273 3274    0
 3222 3272 3269    0
 3270 3273 3272    0
 3176 3269 3273    0
 3272 3273 3269    0
 3208 3258 3211    0
 3255 3275 3258    0
 3209 3211 3275    0
 3258 3275 3211    0
 3247 3277 3263    0
 3276 3278 3277    0
 3255 3263 3278    0
 3277 3278 3263    0
 3214 3218 3280    0
 3209 3279 3218    0
 3276 3280 3279    0
 3218 3279 3280    0
 3255 3278 3275    0
 3276 3279 3278    0
 3209 3275 3279    0
 3278 3279 3275    0
 2652 3188 3245    0
 3186 3281 3188    0
 3244 3245 3281    0
 3188 3281 3245    0
 3179 3283 3192    0
 3282 3284 3283    0
 3186 3192 3284    0
 3283 3284 3192    0
 3247 3251 3286    0
 3244 3285 3251    0
 3282 3286 3285    0
 3251 3285 3286    0
 3186 3284 3281    0
 3282 3285 3284    0
 3244 3281 3285    0
 3284 3285 3281    0
 3214 3280 3271    0
 3276 3287 3280    0
 3270 3271 3287    0
 3280 3287 3271    0
 3247 3286 3277    0
 3282 3288 3286    0
 3276 3277 3288    0
 3286 3288 3277    0
 3179 3274 3283    0
 3270 3289 3274    0
 3282 3283 3289    0
 3274 3289 3283    0
 3276 3288 3287    0
 3282 3289 3288    0
 3270 3287 3289    0
 3288 3289 3287    0
  698 3291  701    0
 3290 3292 3291    0
  699  701 3292    0
 3291 3292  701    0
 3293 3295 3297    0
 3294 3296 3295    0
 3290 3297 3296    0
 3295 3296 3297    0
  704  708 3299    0
  699 3298  708    0
 3294 3299 3298    0
  708 3298 3299    0
 3290 3296 3292    0
 3294 3298 3296    0
  699 3292 3298    0
 3296 3298 3292    0
 3300 3303 3305    0
 3301 3304 3303    0
 3302 3305 3304    0
 3303 3304 3305    0
 3306 3308 3310    0
 3307 3309 3308    0
 3301 3310 3309    0
 3308 3309 3310    0
 3293 3311 3313    0
 3302 3312 3311    0
 3307 3313 3312    0
 3311 3312 3313    0
 3301 3309 3304    0
 3307 3312 3309    0
 3302 3304 3312    0
 3309 3312 3304    0
  713  718 3316    0
  715 3315  718    0
 3314 3316 3315    0
  718 3315 3316    0
  704 3318  724    0
 3317 3319 3318    0
  715  724 3319    0
 3318 3319  724    0
 3306 3320 3322    0
 3314 3321 3320    0
 3317 3322 3321    0
 3320 3321 3322    0
  715 3319 3315    0
 3317 3321 3319    0
 3314 3315 3321    0
 3319 3321 3315    0
 3293 3313 3295    0
 3307 3323 3313    0
 3294 3295 3323    0
 3313 3323 3295    0
 3306 3322 3308    0
 3317 3324 3322    0
 3307 3308 3324    0
 3322 3324 3308    0
  704 3299 3318    0
 3294 3325 3299    0
 3317 3318 3325    0
 3299 3325 3318    0
 3307 3324 3323    0
 3317 3325 3324    0
 3294 3323 3325    0
 3324 3325 3323    0
 3326 3329 3331    0
 3327 3330 3329    0
 3328 3331 3330    0
 3329 3330 3331    0
 3332 3334 3336    0
 3333 3335 3334    0
 3327 3336 3335    0
 3334 3335 3336    0
 3337 3338 3340    0
 3328 3339 3338    0
 3333 3340 3339    0
 3338 3339 3340    0
 3327 3335 3330    0
 3333 3339 3335    0
 3328 3330 3339    0
 3335 3339 3330    0
 3341 3344 3346    0
 3342 3345 3344    0
 3343 3346 3345    0
 3344 3345 3346    0
 3347 3349 3351    0
 3348 3350 3349    0
 3342 3351 3350    0
 3349 3350 3351    0
 3332 3352 3354    0
 3343 3353 3352    0
 3348 3354 3353    0
 3352 3353 3354    0
 3342 3350 3345    0
 3348 3353 3350    0
 3343 3345 3353    0
 3350 3353 3345    0
 3300 3357 3359    0
 3355 3358 3357    0
 3356 3359 3358    0
 3357 3358 3359    0
 3337 3361 3363    0
 3360 3362 3361    0
 3355 3363 3362    0
 3361 3362 3363    0
 3347 3364 3366    0
 3356 3365 3364    0
 3360 3366 3365    0
 3364 3365 3366    0
 3355 3362 3358    0
 3360 3365 3362    0
 3356 3358 3365    0
 3362 3365 3358    0
 3332 3354 3334    0
 3348 3367 3354    0
 3333 3334 3367    0
 3354 3367 3334    0
 3347 3366 3349    0
 3360 3368 3366    0
 3348 3349 3368    0
 3366 3368 3349    0
 3337 3340 3361    0
 3333 3369 3340    0
 3360 3361 3369    0
 3340 3369 3361    0
 3348 3368 3367    0
 3360 3369 3368    0
 3333 3367 3369    0
 3368 3369 3367    0
  743  748 3372    0
  745 3371  748    0
 3370 3372 3371    0
  748 3371 3372    0
  754 3374  755    0
 3373 3375 3374    0
  745  755 3375    0
 3374 3375  755    0
 3376 3377 3379    0
 3370 3378 3377    0
 3373 3379 3378    0
 3377 3378 3379    0
  745 3375 3371    0
 3373 3378 3375    0
 3370 3371 3378    0
 3375 3378 3371    0
  713 3381  774    0
 3380 3382 3381    0
  772  774 3382    0
 3381 3382  774    0
 3383 3385 3387    0
 3384 3386 3385    0
 3380 3387 3386    0
 3385 3386 3387    0
  754  780 3389    0
  772 3388  780    0
 3384 3389 3388    0
  780 3388 3389    0
 3380 3386 3382    0
 3384 3388 3386    0
  772 3382 3388    0
 3386 3388 3382    0
 3341 3392 3394    0
 3390 3393 3392    0
 3391 3394 3393    0
 3392 3393 3394    0
 3376 3396 3398    0
 3395 3397 3396    0
 3390 3398 3397    0
 3396 3397 3398    0
 3383 3399 3401    0
 3391 3400 3399    0
 3395 3401 3400    0
 3399 3400 3401    0
 3390 3397 3393    0
 3395 3400 3397    0
 3391 3393 3400    0
 3397 3400 3393    0
  754 3389 3374    0
 3384 3402 3389    0
 3373 3374 3402    0
 3389 3402 3374    0
 3383 3401 3385    0
 3395 3403 3401    0
 3384 3385 3403    0
 3401 3403 3385    0
 3376 3379 3396    0
 3373 3404 3379    0
 3395 3396 3404    0
 3379 3404 3396    0
 3384 3403 3402    0
 3395 3404 3403    0
 3373 3402 3404    0
 3403 3404 3402    0
 3300 3359 3303    0
 3356 3405 3359    0
 3301 3303 3405    0
 3359 3405 3303    0
 3347 3407 3364    0
 3406 3408 3407    0
 3356 3364 3408    0
 3407 3408 3364    0
 3306 3310 3410    0
 3301 3409 3310    0
 3406 3410 3409    0
 3310 3409 3410    0
 3356 3408 3405    0
 3406 3409 3408    0
 3301 3405 3409    0
 3408 3409 3405    0
 3341 3394 3344    0
 3391 3411 3394    0
 3342 3344 3411    0
 3394 3411 3344    0
 3383 3413 3399    0
 3412 3414 3413    0
 3391 3399 3414    0
 3413 3414 3399    0
 3347 3351 3416    0
 3342 3415 3351    0
 3412 3416 3415    0
 3351 3415 3416    0
 3391 3414 3411    0
 3412 3415 3414    0
 3342 3411 3415    0
 3414 3415 3411    0
  713 3316 3381    0
 3314 3417 3316    0
 3380 3381 3417    0
 3316 3417 3381    0
 3306 3419 3320    0
 3418 3420 3419    0
 3314 3320 3420    0
 3419 3420 3320    0
 3383 3387 3422    0
 3380 3421 3387    0
 3418 3422 3421    0
 3387 3421 3422    0
 3314 3420 3417    0
 3418 3421 3420    0
 3380 3417 3421    0
 3420 3421 3417    0
 3347 3416 3407    0
 3412 3423 3416    0
 3406 3407 3423    0
 3416 3423 3407    0
 3383 3422 3413    0
 3418 3424 3422    0
 3412 3413 3424    0
 3422 3424 3413    0
 3306 3410 3419    0
 3406 3425 3410    0
 3418 3419 3425    0
 3410 3425 3419    0
 3412 3424 3423    0
 3418 3425 3424    0
 3406 3423 3425    0
 3424 3425 3423    0
 2778 2783 3428    0
 2780 3427 2783    0
 3426 3428 3427    0
 2783 3427 3428    0
 2789 3430 2790    0
 3429 3431 3430    0
 2780 2790 3431    0
 3430 3431 2790    0
 3432 3433 3435    0
 3426 3434 3433    0
 3429 3435 3434    0
 3433 3434 3435    0
 2780 3431 3427    0
 3429 3434 3431    0
 3426 3427 3434    0
 3431 3434 3427    0
 2807 3437 2810    0
 3436 3438 3437    0
 2808 2810 3438    0
 3437 3438 2810    0
 3439 3441 3443    0
 3440 3442 3441    0
 3436 3443 3442    0
 3441 3442 3443    0
 2789 2816 3445    0
 2808 3444 2816    0
 3440 3445 3444    0
 2816 3444 3445    0
 3436 3442 3438    0
 3440 3444 3442    0
 2808 3438 3444    0
 3442 3444 3438    0
 3446 3449 3451    0
 3447 3450 3449    0
 3448 3451 3450    0
 3449 3450 3451    0
 3432 3453 3455    0
 3452 3454 3453    0
 3447 3455 3454    0
 3453 3454 3455    0
 3439 3456 3458    0
 3448 3457 3456    0
 3452 3458 3457    0
 3456 3457 3458    0
 3447 3454 3450    0
 3452 3457 3454    0
 3448 3450 3457    0
 3454 3457 3450    0
 2789 3445 3430    0
 3440 3459 3445    0
 3429 3430 3459    0
 3445 3459 3430    0
 3439 3458 3441    0
 3452 3460 3458    0
 3440 3441 3460    0
 3458 3460 3441    0
 3432 3435 3453    0
 3429 3461 3435    0
 3452 3453 3461    0
 3435 3461 3453    0
 3440 3460 3459    0
 3452 3461 3460    0
 3429 3459 3461    0
 3460 3461 3459    0
 2678 3463 2869    0
 3462 3464 3463    0
 2867 2869 3464    0
 3463 3464 2869    0
 3465 3467 3469    0
 3466 3468 3467    0
 3462 3469 3468    0
 3467 3468 3469    0
 2872 2876 3471    0
 2867 3470 2876    0
 3466 3471 3470    0
 2876 3470 3471    0
 3462 3468 3464    0
 3466 3470 3468    0
 2867 3464 3470    0
 3468 3470 3464    0
 3472 3475 3477    0
 3473 3476 3475    0
 3474 3477 3476    0
 3475 3476 3477    0
 3478 3480 3482    0
 3479 3481 3480    0
 3473 3482 3481    0
 3480 3481 3482    0
 3465 3483 3485    0
 3474 3484 3483    0
 3479 3485 3484    0
 3483 3484 3485    0
 3473 3481 3476    0
 3479 3484 3481    0
 3474 3476 3484    0
 3481 3484 3476    0
 2807 2885 3488    0
 2882 3487 2885    0
 3486 3488 3487    0
 2885 3487 3488    0
 2872 3490 2891    0
 3489 3491 3490    0
 2882 2891 3491    0
 3490 3491 2891    0
 3478 3492 3494    0
 3486 3493 3492    0
 3489 3494 3493    0
 3492 3493 3494    0
 2882 3491 3487    0
 3489 3493 3491    0
 3486 3487 3493    0
 3491 3493 3487    0
 3465 3485 3467    0
 3479 3495 3485    0
 3466 3467 3495    0
 3485 3495 3467    0
 3478 3494 3480    0
 3489 3496 3494    0
 3479 3480 3496    0
 3494 3496 3480    0
 2872 3471 3490    0
 3466 3497 3471    0
 3489 3490 3497    0
 3471 3497 3490    0
 3479 3496 3495    0
 3489 3497 3496    0
 3466 3495 3497    0
 3496 3497 3495    0
 3326 3500 3502    0
 3498 3501 3500    0
 3499 3502 3501    0
 3500 3501 3502    0
 3503 3505 3507    0
 3504 3506 3505    0
 3498 3507 3506    0
 3505 3506 3507    0
 3508 3509 3511    0
 3499 3510 3509    0
 3504 3511 3510    0
 3509 3510 3511    0
 3498 3506 3501    0
 3504 3510 3506    0
 3499 3501 3510    0
 3506 3510 3501    0
 3446 3514 3516    0
 3512 3515 3514    0
 3513 3516 3515    0
 3514 3515 3516    0
 3517 3519 3521    0
 3518 3520 3519    0
 3512 3521 3520    0
 3519 3520 3521    0
 3503 3522 3524    0
 3513 3523 3522    0
 3518 3524 3523    0
 3522 3523 3524    0
 3512 3520 3515    0
 3518 3523 3520    0
 3513 3515 3523    0
 3520 3523 3515    0
 3472 3527 3529    0
 3525 3528 3527    0
 3526 3529 3528    0
 3527 3528 3529    0
 3508 3531 3533    0
 3530 3532 3531    0
 3525 3533 3532    0
 3531 3532 3533    0
 3517 3534 3536    0
 3526 3535 3534    0
 3530 3536 3535    0
 3534 3535 3536    0
 3525 3532 3528    0
 3530 3535 3532    0
 3526 3528 3535    0
 3532 3535 3528    0
 3503 3524 3505    0
 3518 3537 3524    0
 3504 3505 3537    0
 3524 3537 3505    0
 3517 3536 3519    0
 3530 3538 3536    0
 3518 3519 3538    0
 3536 3538 3519    0
 3508 3511 3531    0
 3504 3539 3511    0
 3530 3531 3539    0
 3511 3539 3531    0
 3518 3538 3537    0
 3530 3539 3538    0
 3504 3537 3539    0
 3538 3539 3537    0
 2807 3488 3437    0
 3486 3540 3488    0
 3436 3437 3540    0
 3488 3540 3437    0
 3478 3542 3492    0
 3541 3543 3542    0
 3486 3492 3543    0
 3542 3543 3492    0
 3439 3443 3545    0
 3436 3544 3443    0
 3541 3545 3544    0
 3443 3544 3545    0
 3486 3543 3540    0
 3541 3544 3543    0
 3436 3540 3544    0
 3543 3544 3540    0
 3472 3529 3475    0
 3526 3546 3529    0
 3473 3475 3546    0
 3529 3546 3475    0
 3517 3548 3534    0
 3547 3549 3548    0
 3526 3534 3549    0
 3548 3549 3534    0
 3478 3482 3551    0
 3473 3550 3482    0
 3547 3551 3550    0
 3482 3550 3551    0
 3526 3549 3546    0
 3547 3550 3549    0
 3473 3546 3550    0
 3549 3550 3546    0
 3446 3451 3514    0
 3448 3552 3451    0
 3512 3514 3552    0
 3451 3552 3514    0
 3439 3554 3456    0
 3553 3555 3554    0
 3448 3456 3555    0
 3554 3555 3456    0
 3517 3521 3557    0
 3512 3556 3521    0
 3553 3557 3556    0
 3521 3556 3557    0
 3448 3555 3552    0
 3553 3556 3555    0
 3512 3552 3556    0
 3555 3556 3552    0
 3478 3551 3542    0
 3547 3558 3551    0
 3541 3542 3558    0
 3551 3558 3542    0
 3517 3557 3548    0
 3553 3559 3557    0
 3547 3548 3559    0
 3557 3559 3548    0
 3439 3545 3554    0
 3541 3560 3545    0
 3553 3554 3560    0
 3545 3560 3554    0
 3547 3559 3558    0
 3553 3560 3559    0
 3541 3558 3560    0
 3559 3560 3558    0
  743 3372 3199    0
 3370 3561 3372    0
 3198 3199 3561    0
 3372 3561 3199    0
 3376 3563 3377    0
 3562 3564 3563    0
 3370 3377 3564    0
 3563 3564 3377    0
 3201 3205 3566    0
 3198 3565 3205    0
 3562 3566 3565    0
 3205 3565 3566    0
 3370 3564 3561    0
 3562 3565 3564    0
 3198 3561 3565    0
 3564 3565 3561    0
 3341 3568 3392    0
 3567 3569 3568    0
 3390 3392 3569    0
 3568 3569 3392    0
 3570 3572 3574    0
 3571 3573 3572    0
 3567 3574 3573    0
 3572 3573 3574    0
 3376 3398 3576    0
 3390 3575 3398    0
 3571 3576 3575    0
 3398 3575 3576    0
 3567 3573 3569    0
 3571 3575 3573    0
 3390 3569 3575    0
 3573 3575 3569    0
 3208 3213 3579    0
 3210 3578 3213    0
 3577 3579 3578    0
 3213 3578 3579    0
 3201 3581 3219    0
 3580 3582 3581    0
 3210 3219 3582    0
 3581 3582 3219    0
 3570 3583 3585    0
 3577 3584 3583    0
 3580 3585 3584    0
 3583 3584 3585    0
 3210 3582 3578    0
 3580 3584 3582    0
 3577 3578 3584    0
 3582 3584 3578    0
 3376 3576 3563    0
 3571 3586 3576    0
 3562 3563 3586    0
 3576 3586 3563    0
 3570 3585 3572    0
 3580 3587 3585    0
 3571 3572 3587    0
 3585 3587 3572    0
 3201 3566 3581    0
 3562 3588 3566    0
 3580 3581 3588    0
 3566 3588 3581    0
 3571 3587 3586    0
 3580 3588 3587    0
 3562 3586 3588    0
 3587 3588 3586    0
 3326 3502 3329    0
 3499 3589 3502    0
 3327 3329 3589    0
 3502 3589 3329    0
 3508 3591 3509    0
 3590 3592 3591    0
 3499 3509 3592    0
 3591 3592 3509    0
 3332 3336 3594    0
 3327 3593 3336    0
 3590 3594 3593    0
 3336 3593 3594    0
 3499 3592 3589    0
 3590 3593 3592    0
 3327 3589 3593    0
 3592 3593 3589    0
 3472 3596 3527    0
 3595 3597 3596    0
 3525 3527 3597    0
 3596 3597 3527    0
 3598 3600 3602    0
 3599 3601 3600    0
 3595 3602 3601    0
 3600 3601 3602    0
 3508 3533 3604    0
 3525 3603 3533    0
 3599 3604 3603    0
 3533 3603 3604    0
 3595 3601 3597    0
 3599 3603 3601    0
 3525 3597 3603    0
 3601 3603 3597    0
 3341 3346 3607    0
 3343 3606 3346    0
 3605 3607 3606    0
 3346 3606 3607    0
 3332 3609 3352    0
 3608 3610 3609    0
 3343 3352 3610    0
 3609 3610 3352    0
 3598 3611 3613    0
 3605 3612 3611    0
 3608 3613 3612    0
 3611 3612 3613    0
 3343 3610 3606    0
 3608 3612 3610    0
 3605 3606 3612    0
 3610 3612 3606    0
 3508 3604 3591    0
 3599 3614 3604    0
 3590 3591 3614    0
 3604 3614 3591    0
 3598 3613 3600    0
 3608 3615 3613    0
 3599 3600 3615    0
 3613 3615 3600    0
 3332 3594 3609    0
 3590 3616 3594    0
 3608 3609 3616    0
 3594 3616 3609    0
 3599 3615 3614    0
 3608 3616 3615    0
 3590 3614 3616    0
 3615 3616 3614    0
 2678 3236 3463    0
 3234 3617 3236    0
 3462 3463 3617    0
 3236 3617 3463    0
 3240 3619 3241    0
 3618 3620 3619    0
 3234 3241 3620    0
 3619 3620 3241    0
 3465 3469 3622    0
 3462 3621 3469    0
 3618 3622 3621    0
 3469 3621 3622    0
 3234 3620 3617    0
 3618 3621 3620    0
 3462 3617 3621    0
 3620 3621 3617    0
 3208 3624 3256    0
 3623 3625 3624    0
 3254 3256 3625    0
 3624 3625 3256    0
 3626 3628 3630    0
 3627 3629 3628    0
 3623 3630 3629    0
 3628 3629 3630    0
 3240 3262 3632    0
 3254 3631 3262    0
 3627 3632 3631    0
 3262 3631 3632    0
 3623 3629 3625    0
 3627 3631 3629    0
 3254 3625 3631    0
 3629 3631 3625    0
 3472 3477 3635    0
 3474 3634 3477    0
 3633 3635 3634    0
 3477 3634 3635    0
 3465 3637 3483    0
 3636 3638 3637    0
 3474 3483 3638    0
 3637 3638 3483    0
 3626 3639 3641    0
 3633 3640 3639    0
 3636 3641 3640    0
 3639 3640 3641    0
 3474 3638 3634    0
 3636 3640 3638    0
 3633 3634 3640    0
 3638 3640 3634    0
 3240 3632 3619    0
 3627 3642 3632    0
 3618 3619 3642    0
 3632 3642 3619    0
 3626 3641 3628    0
 3636 3643 3641    0
 3627 3628 3643    0
 3641 3643 3628    0
 3465 3622 3637    0
 3618 3644 3622    0
 3636 3637 3644    0
 3622 3644 3637    0
 3627 3643 3642    0
 3636 3644 3643    0
 3618 3642 3644    0
 3643 3644 3642    0
 3341 3607 3568    0
 3605 3645 3607    0
 3567 3568 3645    0
 3607 3645 3568    0
 3598 3647 3611    0
 3646 3648 3647    0
 3605 3611 3648    0
 3647 3648 3611    0
 3570 3574 3650    0
 3567 3649 3574    0
 3646 3650 3649    0
 3574 3649 3650    0
 3605 3648 3645    0
 3646 3649 3648    0
 3567 3645 3649    0
 3648 3649 3645    0
 3472 3635 3596    0
 3633 3651 3635    0
 3595 3596 3651    0
 3635 3651 3596    0
 3626 3653 3639    0
 3652 3654 3653    0
 3633 3639 3654    0
 3653 3654 3639    0
 3598 3602 3656    0
 3595 3655 3602    0
 3652 3656 3655    0
 3602 3655 3656    0
 3633 3654 3651    0
 3652 3655 3654    0
 3595 3651 3655    0
 3654 3655 3651    0
 3208 3579 3624    0
 3577 3657 3579    0
 3623 3624 3657    0
 3579 3657 3624    0
 3570 3659 3583    0
 3658 3660 3659    0
 3577 3583 3660    0
 3659 3660 3583    0
 3626 3630 3662    0
 3623 3661 3630    0
 3658 3662 3661    0
 3630 3661 3662    0
 3577 3660 3657    0
 3658 3661 3660    0
 3623 3657 3661    0
 3660 3661 3657    0
 3598 3656 3647    0
 3652 3663 3656    0
 3646 3647 3663    0
 3656 3663 3647    0
 3626 3662 3653    0
 3658 3664 3662    0
 3652 3653 3664    0
 3662 3664 3653    0
 3570 3650 3659    0
 3646 3665 3650    0
 3658 3659 3665    0
 3650 3665 3659    0
 3652 3664 3663    0
 3658 3665 3664    0
 3646 3663 3665    0
 3664 3665 3663    0
  698 3667 3291    0
 3666 3668 3667    0
 3290 3291 3668    0
 3667 3668 3291    0
 3669 3671 3673    0
 3670 3672 3671    0
 3666 3673 3672    0
 3671 3672 3673    0
 3293 3297 3675    0
 3290 3674 3297    0
 3670 3675 3674    0
 3297 3674 3675    0
 3666 3672 3668    0
 3670 3674 3672    0
 3290 3668 3674    0
 3672 3674 3668    0
 3676 3679 3681    0
 3677 3680 3679    0
 3678 3681 3680    0
 3679 3680 3681    0
 3682 3684 3686    0
 3683 3685 3684    0
 3677 3686 3685    0
 3684 3685 3686    0
 3669 3687 3689    0
 3678 3688 3687    0
 3683 3689 3688    0
 3687 3688 3689    0
 3677 3685 3680    0
 3683 3688 3685    0
 3678 3680 3688    0
 3685 3688 3680    0
 3300 3305 3692    0
 3302 3691 3305    0
 3690 3692 3691    0
 3305 3691 3692    0
 3293 3694 3311    0
 3693 3695 3694    0
 3302 3311 3695    0
 3694 3695 3311    0
 3682 3696 3698    0
 3690 3697 3696    0
 3693 3698 3697    0
 3696 3697 3698    0
 3302 3695 3691    0
 3693 3697 3695    0
 3690 3691 3697    0
 3695 3697 3691    0
 3669 3689 3671    0
 3683 3699 3689    0
 3670 3671 3699    0
 3689 3699 3671    0
 3682 3698 3684    0
 3693 3700 3698    0
 3683 3684 3700    0
 3698 3700 3684    0
 3293 3675 3694    0
 3670 3701 3675    0
 3693 3694 3701    0
 3675 3701 3694    0
 3683 3700 3699    0
 3693 3701 3700    0
 3670 3699 3701    0
 3700 3701 3699    0
 3702 3705 3707    0
 3703 3706 3705    0
 3704 3707 3706    0
 3705 3706 3707    0
 3708 3710 3712    0
 3709 3711 3710    0
 3703 3712 3711    0
 3710 3711 3712    0
 3713 3714 3716    0
 3704 3715 3714    0
 3709 3716 3715    0
 3714 3715 3716    0
 3703 3711 3706    0
 3709 3715 3711    0
 3704 3706 3715    0
 3711 3715 3706    0
 3717 3720 3722    0
 3718 3721 3720    0
 3719 3722 3721    0
 3720 3721 3722    0
 3723 3725 3727    0
 3724 3726 3725    0
 3718 3727 3726    0
 3725 3726 3727    0
 3708 3728 3730    0
 3719 3729 3728    0
 3724 3730 3729    0
 3728 3729 3730    0
 3718 3726 3721    0
 3724 3729 3726    0
 3719 3721 3729    0
 3726 3729 3721    0
 3676 3733 3735    0
 3731 3734 3733    0
 3732 3735 3734    0
 3733 3734 3735    0
 3713 3737 3739    0
 3736 3738 3737    0
 3731 3739 3738    0
 3737 3738 3739    0
 3723 3740 3742    0
 3732 3741 3740    0
 3736 3742 3741    0
 3740 3741 3742    0
 3731 3738 3734    0
 3736 3741 3738    0
 3732 3734 3741    0
 3738 3741 3734    0
 3708 3730 3710    0
 3724 3743 3730    0
 3709 3710 3743    0
 3730 3743 3710    0
 3723 3742 3725    0
 3736 3744 3742    0
 3724 3725 3744    0
 3742 3744 3725    0
 3713 3716 3737    0
 3709 3745 3716    0
 3736 3737 3745    0
 3716 3745 3737    0
 3724 3744 3743    0
 3736 3745 3744    0
 3709 3743 3745    0
 3744 3745 3743    0
 3326 3331 3748    0
 3328 3747 3331    0
 3746 3748 3747    0
 3331 3747 3748    0
 3337 3750 3338    0
 3749 3751 3750    0
 3328 3338 3751    0
 3750 3751 3338    0
 3752 3753 3755    0
 3746 3754 3753    0
 3749 3755 3754    0
 3753 3754 3755    0
 3328 3751 3747    0
 3749 3754 3751    0
 3746 3747 3754    0
 3751 3754 3747    0
 3300 3757 3357    0
 3756 3758 3757    0
 3355 3357 3758    0
 3757 3758 3357    0
 3759 3761 3763    0
 3760 3762 3761    0
 3756 3763 3762    0
 3761 3762 3763    0
 3337 3363 3765    0
 3355 3764 3363    0
 3760 3765 3764    0
 3363 3764 3765    0
 3756 3762 3758    0
 3760 3764 3762    0
 3355 3758 3764    0
 3762 3764 3758    0
 3717 3768 3770    0
 3766 3769 3768    0
 3767 3770 3769    0
 3768 3769 3770    0
 3752 3772 3774    0
 3771 3773 3772    0
 3766 3774 3773    0
 3772 3773 3774    0
 3759 3775 3777    0
 3767 3776 3775    0
 3771 3777 3776    0
 3775 3776 3777    0
 3766 3773 3769    0
 3771 3776 3773    0
 3767 3769 3776    0
 3773 3776 3769    0
 3337 3765 3750    0
 3760 3778 3765    0
 3749 3750 3778    0
 3765 3778 3750    0
 3759 3777 3761    0
 3771 3779 3777    0
 3760 3761 3779    0
 3777 3779 3761    0
 3752 3755 3772    0
 3749 3780 3755    0
 3771 3772 3780    0
 3755 3780 3772    0
 3760 3779 3778    0
 3771 3780 3779    0
 3749 3778 3780    0
 3779 3780 3778    0
 3676 3735 3679    0
 3732 3781 3735    0
 3677 3679 3781    0
 3735 3781 3679    0
 3723 3783 3740    0
 3782 3784 3783    0
 3732 3740 3784    0
 3783 3784 3740    0
 3682 3686 3786    0
 3677 3785 3686    0
 3782 3786 3785    0
 3686 3785 3786    0
 3732 3784 3781    0
 3782 3785 3784    0
 3677 3781 3785    0
 3784 3785 3781    0
 3717 3770 3720    0
 3767 3787 3770    0
 3718 3720 3787    0
 3770 3787 3720    0
 3759 3789 3775    0
 3788 3790 3789    0
 3767 3775 3790    0
 3789 3790 3775    0
 3723 3727 3792    0
 3718 3791 3727    0
 3788 3792 3791    0
 3727 3791 3792    0
 3767 3790 3787    0
 3788 3791 3790    0
 3718 3787 3791    0
 3790 3791 3787    0
 3300 3692 3757    0
 3690 3793 3692    0
 3756 3757 3793    0
 3692 3793 3757    0
 3682 3795 3696    0
 3794 3796 3795    0
 3690 3696 3796    0
 3795 3796 3696    0
 3759 3763 3798    0
 3756 3797 3763    0
 3794 3798 3797    0
 3763 3797 3798    0
 3690 3796 3793    0
 3794 3797 3796    0
 3756 3793 3797    0
 3796 3797 3793    0
 3723 3792 3783    0
 3788 3799 3792    0
 3782 3783 3799    0
 3792 3799 3783    0
 3759 3798 3789    0
 3794 3800 3798    0
 3788 3789 3800    0
 3798 3800 3789    0
 3682 3786 3795    0
 3782 3801 3786    0
 3794 3795 3801    0
 3786 3801 3795    0
 3788 3800 3799    0
 3794 3801 3800    0
 3782 3799 3801    0
 3800 3801 3799    0
 3802 3805 3807    0
 3803 3806 3805    0
 3804 3807 3806    0
 3805 3806 3807    0
 3808 3810 3812    0
 3809 3811 3810    0
 3803 3812 3811    0
 3810 3811 3812    0
 3813 3814 3816    0
 3804 3815 3814    0
 3809 3816 3815    0
 3814 3815 3816    0
 3803 3811 3806    0
 3809 3815 3811    0
 3804 3806 3815    0
 3811 3815 3806    0
 3817 3820 3822    0
 3818 3821 3820    0
 3819 3822 3821    0
 3820 3821 3822    0
 3823 3825 3827    0
 3824 3826 3825    0
 3818 3827 3826    0
 3825 3826 3827    0
 3808 3828 3830    0
 3819 3829 3828    0
 3824 3830 3829    0
 3828 3829 3830    0
 3818 3826 3821    0
 3824 3829 3826    0
 3819 3821 3829    0
 3826 3829 3821    0
 3831 3834 3836    0
 3832 3835 3834    0
 3833 3836 3835    0
 3834 3835 3836    0
 3813 3838 3840    0
 3837 3839 3838    0
 3832 3840 3839    0
 3838 3839 3840    0
 3823 3841 3843    0
 3833 3842 3841    0
 3837 3843 3842    0
 3841 3842 3843    0
 3832 3839 3835    0
 3837 3842 3839    0
 3833 3835 3842    0
 3839 3842 3835    0
 3808 3830 3810    0
 3824 3844 3830    0
 3809 3810 3844    0
 3830 3844 3810    0
 3823 3843 3825    0
 3837 3845 3843    0
 3824 3825 3845    0
 3843 3845 3825    0
 3813 3816 3838    0
 3809 3846 3816    0
 3837 3838 3846    0
 3816 3846 3838    0
 3824 3845 3844    0
 3837 3846 3845    0
 3809 3844 3846    0
 3845 3846 3844    0
 3847 3850 3852    0
 3848 3851 3850    0
 3849 3852 3851    0
 3850 3851 3852    0
 3853 3855 3857    0
 3854 3856 3855    0
 3848 3857 3856    0
 3855 3856 3857    0
 3858 3859 3861    0
 3849 3860 3859    0
 3854 3861 3860    0
 3859 3860 3861    0
 3848 3856 3851    0
 3854 3860 3856    0
 3849 3851 3860    0
 3856 3860 3851    0
 3862 3865 3867    0
 3863 3866 3865    0
 3864 3867 3866    0
 3865 3866 3867    0
 3868 3870 3872    0
 3869 3871 3870    0
 3863 3872 3871    0
 3870 3871 3872    0
 3853 3873 3875    0
 3864 3874 3873    0
 3869 3875 3874    0
 3873 3874 3875    0
 3863 3871 3866    0
 3869 3874 3871    0
 3864 3866 3874    0
 3871 3874 3866    0
 3817 3878 3880    0
 3876 3879 3878    0
 3877 3880 3879    0
 3878 3879 3880    0
 3858 3882 3884    0
 3881 3883 3882    0
 3876 3884 3883    0
 3882 3883 3884    0
 3868 3885 3887    0
 3877 3886 3885    0
 3881 3887 3886    0
 3885 3886 3887    0
 3876 3883 3879    0
 3881 3886 3883    0
 3877 3879 3886    0
 3883 3886 3879    0
 3853 3875 3855    0
 3869 3888 3875    0
 3854 3855 3888    0
 3875 3888 3855    0
 3868 3887 3870    0
 3881 3889 3887    0
 3869 3870 3889    0
 3887 3889 3870    0
 3858 3861 3882    0
 3854 3890 3861    0
 3881 3882 3890    0
 3861 3890 3882    0
 3869 3889 3888    0
 3881 3890 3889    0
 3854 3888 3890    0
 3889 3890 3888    0
 3702 3893 3895    0
 3891 3894 3893    0
 3892 3895 3894    0
 3893 3894 3895    0
 3896 3898 3900    0
 3897 3899 3898    0
 3891 3900 3899    0
 3898 3899 3900    0
 3901 3902 3904    0
 3892 3903 3902    0
 3897 3904 3903    0
 3902 3903 3904    0
 3891 3899 3894    0
 3897 3903 3899    0
 3892 3894 3903    0
 3899 3903 3894    0
 3831 3907 3909    0
 3905 3908 3907    0
 3906 3909 3908    0
 3907 3908 3909    0
 3910 3912 3914    0
 3911 3913 3912    0
 3905 3914 3913    0
 3912 3913 3914    0
 3896 3915 3917    0
 3906 3916 3915    0
 3911 3917 3916    0
 3915 3916 3917    0
 3905 3913 3908    0
 3911 3916 3913    0
 3906 3908 3916    0
 3913 3916 3908    0
 3862 3920 3922    0
 3918 3921 3920    0
 3919 3922 3921    0
 3920 3921 3922    0
 3901 3924 3926    0
 3923 3925 3924    0
 3918 3926 3925    0
 3924 3925 3926    0
 3910 3927 3929    0
 3919 3928 3927    0
 3923 3929 3928    0
 3927 3928 3929    0
 3918 3925 3921    0
 3923 3928 3925    0
 3919 3921 3928    0
 3925 3928 3921    0
 3896 3917 3898    0
 3911 3930 3917    0
 3897 3898 3930    0
 3917 3930 3898    0
 3910 3929 3912    0
 3923 3931 3929    0
 3911 3912 3931    0
 3929 3931 3912    0
 3901 3904 3924    0
 3897 3932 3904    0
 3923 3924 3932    0
 3904 3932 3924    0
 3911 3931 3930    0
 3923 3932 3931    0
 3897 3930 3932    0
 3931 3932 3930    0
 3817 3880 3820    0
 3877 3933 3880    0
 3818 3820 3933    0
 3880 3933 3820    0
 3868 3935 3885    0
 3934 3936 3935    0
 3877 3885 3936    0
 3935 3936 3885    0
 3823 3827 3938    0
 3818 3937 3827    0
 3934 3938 3937    0
 3827 3937 3938    0
 3877 3936 3933    0
 3934 3937 3936    0
 3818 3933 3937    0
 3936 3937 3933    0
 3862 3922 3865    0
 3919 3939 3922    0
 3863 3865 3939    0
 3922 3939 3865    0
 3910 3941 3927    0
 3940 3942 3941    0
 3919 3927 3942    0
 3941 3942 3927    0
 3868 3872 3944    0
 3863 3943 3872    0
 3940 3944 3943    0
 3872 3943 3944    0
 3919 3942 3939    0
 3940 3943 3942    0
 3863 3939 3943    0
 3942 3943 3939    0
 3831 3836 3907    0
 3833 3945 3836    0
 3905 3907 3945    0
 3836 3945 3907    0
 3823 3947 3841    0
 3946 3948 3947    0
 3833 3841 3948    0
 3947 3948 3841    0
 3910 3914 3950    0
 3905 3949 3914    0
 3946 3950 3949    0
 3914 3949 3950    0
 3833 3948 3945    0
 3946 3949 3948    0
 3905 3945 3949    0
 3948 3949 3945    0
 3868 3944 3935    0
 3940 3951 3944    0
 3934 3935 3951    0
 3944 3951 3935    0
 3910 3950 3941    0
 3946 3952 3950    0
 3940 3941 3952    0
 3950 3952 3941    0
 3823 3938 3947    0
 3934 3953 3938    0
 3946 3947 3953    0
 3938 3953 3947    0
 3940 3952 3951    0
 3946 3953 3952    0
 3934 3951 3953    0
 3952 3953 3951    0
 2778 3428 3956    0
 3426 3955 3428    0
 3954 3956 3955    0
 3428 3955 3956    0
 3432 3958 3433    0
 3957 3959 3958    0
 3426 3433 3959    0
 3958 3959 3433    0
 3960 3961 3963    0
 3954 3962 3961    0
 3957 3963 3962    0
 3961 3962 3963    0
 3426 3959 3955    0
 3957 3962 3959    0
 3954 3955 3962    0
 3959 3962 3955    0
 3446 3965 3449    0
 3964 3966 3965    0
 3447 3449 3966    0
 3965 3966 3449    0
 3967 3969 3971    0
 3968 3970 3969    0
 3964 3971 3970    0
 3969 3970 3971    0
 3432 3455 3973    0
 3447 3972 3455    0
 3968 3973 3972    0
 3455 3972 3973    0
 3964 3970 3966    0
 3968 3972 3970    0
 3447 3966 3972    0
 3970 3972 3966    0
 3974 3977 3979    0
 3975 3978 3977    0
 3976 3979 3978    0
 3977 3978 3979    0
 3960 3981 3983    0
 3980 3982 3981    0
 3975 3983 3982    0
 3981 3982 3983    0
 3967 3984 3986    0
 3976 3985 3984    0
 3980 3986 3985    0
 3984 3985 3986    0
 3975 3982 3978    0
 3980 3985 3982    0
 3976 3978 3985    0
 3982 3985 3978    0
 3432 3973 3958    0
 3968 3987 3973    0
 3957 3958 3987    0
 3973 3987 3958    0
 3967 3986 3969    0
 3980 3988 3986    0
 3968 3969 3988    0
 3986 3988 3969    0
 3960 3963 3981    0
 3957 3989 3963    0
 3980 3981 3989    0
 3963 3989 3981    0
 3968 3988 3987    0
 3980 3989 3988    0
 3957 3987 3989    0
 3988 3989 3987    0
 3326 3991 3500    0
 3990 3992 3991    0
 3498 3500 3992    0
 3991 3992 3500    0
 3993 3995 3997    0
 3994 3996 3995    0
 3990 3997 3996    0
 3995 3996 3997    0
 3503 3507 3999    0
 3498 3998 3507    0
 3994 3999 3998    0
 3507 3998 3999    0
 3990 3996 3992    0
 3994 3998 3996    0
 3498 3992 3998    0
 3996 3998 3992    0
 4000 4003 4005    0
 4001 4004 4003    0
 4002 4005 4004    0
 4003 4004 4005    0
 4006 4008 4010    0
 4007 4009 4008    0
 4001 4010 4009    0
 4008 4009 4010    0
 3993 4011 4013    0
 4002 4012 4011    0
 4007 4013 4012    0
 4011 4012 4013    0
 4001 4009 4004    0
 4007 4012 4009    0
 4002 4004 4012    0
 4009 4012 4004    0
 3446 3516 4016    0
 3513 4015 3516    0
 4014 4016 4015    0
 3516 4015 4016    0
 3503 4018 3522    0
 4017 4019 4018    0
 3513 3522 4019    0
 4018 4019 3522    0
 4006 4020 4022    0
 4014 4021 4020    0
 4017 4022 4021    0
 4020 4021 4022    0
 3513 4019 4015    0
 4017 4021 4019    0
 4014 4015 4021    0
 4019 4021 4015    0
 3993 4013 3995    0
 4007 4023 4013    0
 3994 3995 4023    0
 4013 4023 3995    0
 4006 4022 4008    0
 4017 4024 4022    0
 4007 4008 4024    0
 4022 4024 4008    0
 3503 3999 4018    0
 3994 4025 3999    0
 4017 4018 4025    0
 3999 4025 4018    0
 4007 4024 4023    0
 4017 4025 4024    0
 3994 4023 4025    0
 4024 4025 4023    0
 3847 4028 4030    0
 4026 4029 4028    0
 4027 4030 4029    0
 4028 4029 4030    0
 4031 4033 4035    0
 4032 4034 4033    0
 4026 4035 4034    0
 4033 4034 4035    0
 4036 4037 4039    0
 4027 4038 4037    0
 4032 4039 4038    0
 4037 4038 4039    0
 4026 4034 4029    0
 4032 4038 4034    0
 4027 4029 4038    0
 4034 4038 4029    0
 3974 4042 4044    0
 4040 4043 4042    0
 4041 4044 4043    0
 4042 4043 4044    0
 4045 4047 4049    0
 4046 4048 4047    0
 4040 4049 4048    0
 4047 4048 4049    0
 4031 4050 4052    0
 4041 4051 4050    0
 4046 4052 4051    0
 4050 4051 4052    0
 4040 4048 4043    0
 4046 4051 4048    0
 4041 4043 4051    0
 4048 4051 4043    0
 4000 4055 4057    0
 4053 4056 4055    0
 4054 4057 4056    0
 4055 4056 4057    0
 4036 4059 4061    0
 4058 4060 4059    0
 4053 4061 4060    0
 4059 4060 4061    0
 4045 4062 4064    0
 4054 4063 4062    0
 4058 4064 4063    0
 4062 4063 4064    0
 4053 4060 4056    0
 4058 4063 4060    0
 4054 4056 4063    0
 4060 4063 4056    0
 4031 4052 4033    0
 4046 4065 4052    0
 4032 4033 4065    0
 4052 4065 4033    0
 4045 4064 4047    0
 4058 4066 4064    0
 4046 4047 4066    0
 4064 4066 4047    0
 4036 4039 4059    0
 4032 4067 4039    0
 4058 4059 4067    0
 4039 4067 4059    0
 4046 4066 4065    0
 4058 4067 4066    0
 4032 4065 4067    0
 4066 4067 4065    0
 3446 4016 3965    0
 4014 4068 4016    0
 3964 3965 4068    0
 4016 4068 3965    0
 4006 4070 4020    0
 4069 4071 4070    0
 4014 4020 4071    0
 4070 4071 4020    0
 3967 3971 4073    0
 3964 4072 3971    0
 4069 4073 4072    0
 3971 4072 4073    0
 4014 4071 4068    0
 4069 4072 4071    0
 3964 4068 4072    0
 4071 4072 4068    0
 4000 4057 4003    0
 4054 4074 4057    0
 4001 4003 4074    0
 4057 4074 4003    0
 4045 4076 4062    0
 4075 4077 4076    0
 4054 4062 4077    0
 4076 4077 4062    0
 4006 4010 4079    0
 4001 4078 4010    0
 4075 4079 4078    0
 4010 4078 4079    0
 4054 4077 4074    0
 4075 4078 4077    0
 4001 4074 4078    0
 4077 4078 4074    0
 3974 3979 4042    0
 3976 4080 3979    0
 4040 4042 4080    0
 3979 4080 4042    0
 3967 4082 3984    0
 4081 4083 4082    0
 3976 3984 4083    0
 4082 4083 3984    0
 4045 4049 4085    0
 4040 4084 4049    0
 4081 4085 4084    0
 4049 4084 4085    0
 3976 4083 4080    0
 4081 4084 4083    0
 4040 4080 4084    0
 4083 4084 4080    0
 4006 4079 4070    0
 4075 4086 4079    0
 4069 4070 4086    0
 4079 4086 4070    0
 4045 4085 4076    0
 4081 4087 4085    0
 4075 4076 4087    0
 4085 4087 4076    0
 3967 4073 4082    0
 4069 4088 4073    0
 4081 4082 4088    0
 4073 4088 4082    0
 4075 4087 4086    0
 4081 4088 4087    0
 4069 4086 4088    0
 4087 4088 4086    0
 3702 3895 3705    0
 3892 4089 3895    0
 3703 3705 4089    0
 3895 4089 3705    0
 3901 4091 3902    0
 4090 4092 4091    0
 3892 3902 4092    0
 4091 4092 3902    0
 3708 3712 4094    0
 3703 4093 3712    0
 4090 4094 4093    0
 3712 4093 4094    0
 3892 4092 4089    0
 4090 4093 4092    0
 3703 4089 4093    0
 4092 4093 4089    0
 3862 4096 3920    0
 4095 4097 4096    0
 3918 3920 4097    0
 4096 4097 3920    0
 4098 4100 4102    0
 4099 4101 4100    0
 4095 4102 4101    0
 4100 4101 4102    0
 3901 3926 4104    0
 3918 4103 3926    0
 4099 4104 4103    0
 3926 4103 4104    0
 4095 4101 4097    0
 4099 4103 4101    0
 3918 4097 4103    0
 4101 4103 4097    0
 3717 3722 4107    0
 3719 4106 3722    0
 4105 4107 4106    0
 3722 4106 4107    0
 3708 4109 3728    0
 4108 4110 4109    0
 3719 3728 4110    0
 4109 4110 3728    0
 4098 4111 4113    0
 4105 4112 4111    0
 4108 4113 4112    0
 4111 4112 4113    0
 3719 4110 4106    0
 4108 4112 4110    0
 4105 4106 4112    0
 4110 4112 4106    0
 3901 4104 4091    0
 4099 4114 4104    0
 4090 4091 4114    0
 4104 4114 4091    0
 4098 4113 4100    0
 4108 4115 4113    0
 4099 4100 4115    0
 4113 4115 4100    0
 3708 4094 4109    0
 4090 4116 4094    0
 4108 4109 4116    0
 4094 4116 4109    0
 4099 4115 4114    0
 4108 4116 4115    0
 4090 4114 4116    0
 4115 4116 4114    0
 3847 4030 3850    0
 4027 4117 4030    0
 3848 3850 4117    0
 4030 4117 3850    0
 4036 4119 4037    0
 4118 4120 4119    0
 4027 4037 4120    0
 4119 4120 4037    0
 3853 3857 4122    0
 3848 4121 3857    0
 4118 4122 4121    0
 3857 4121 4122    0
 4027 4120 4117    0
 4118 4121 4120    0
 3848 4117 4121    0
 4120 4121 4117    0
 4000 4124 4055    0
 4123 4125 4124    0
 4053 4055 4125    0
 4124 4125 4055    0
 4126 4128 4130    0
 4127 4129 4128    0
 4123 4130 4129    0
 4128 4129 4130    0
 4036 4061 4132    0
 4053 4131 4061    0
 4127 4132 4131    0
 4061 4131 4132    0
 4123 4129 4125    0
 4127 4131 4129    0
 4053 4125 4131    0
 4129 4131 4125    0
 3862 3867 4135    0
 3864 4134 3867    0
 4133 4135 4134    0
 3867 4134 4135    0
 3853 4137 3873    0
 4136 4138 4137    0
 3864 3873 4138    0
 4137 4138 3873    0
 4126 4139 4141    0
 4133 4140 4139    0
 4136 4141 4140    0
 4139 4140 4141    0
 3864 4138 4134    0
 4136 4140 4138    0
 4133 4134 4140    0
 4138 4140 4134    0
 4036 4132 4119    0
 4127 4142 4132    0
 4118 4119 4142    0
 4132 4142 4119    0
 4126 4141 4128    0
 4136 4143 4141    0
 4127 4128 4143    0
 4141 4143 4128    0
 3853 4122 4137    0
 4118 4144 4122    0
 4136 4137 4144    0
 4122 4144 4137    0
 4127 4143 4142    0
 4136 4144 4143    0
 4118 4142 4144    0
 4143 4144 4142    0
 3326 3748 3991    0
 3746 4145 3748    0
 3990 3991 4145    0
 3748 4145 3991    0
 3752 4147 3753    0
 4146 4148 4147    0
 3746 3753 4148    0
 4147 4148 3753    0
 3993 3997 4150    0
 3990 4149 3997    0
 4146 4150 4149    0
 3997 4149 4150    0
 3746 4148 4145    0
 4146 4149 4148    0
 3990 4145 4149    0
 4148 4149 4145    0
 3717 4152 3768    0
 4151 4153 4152    0
 3766 3768 4153    0
 4152 4153 3768    0
 4154 4156 4158    0
 4155 4157 4156    0
 4151 4158 4157    0
 4156 4157 4158    0
 3752 3774 4160    0
 3766 4159 3774    0
 4155 4160 4159    0
 3774 4159 4160    0
 4151 4157 4153    0
 4155 4159 4157    0
 3766 4153 4159    0
 4157 4159 4153    0
 4000 4005 4163    0
 4002 4162 4005    0
 4161 4163 4162    0
 4005 4162 4163    0
 3993 4165 4011    0
 4164 4166 4165    0
 4002 4011 4166    0
 4165 4166 4011    0
 4154 4167 4169    0
 4161 4168 4167    0
 4164 4169 4168    0
 4167 4168 4169    0
 4002 4166 4162    0
 4164 4168 4166    0
 4161 4162 4168    0
 4166 4168 4162    0
 3752 4160 4147    0
 4155 4170 4160    0
 4146 4147 4170    0
 4160 4170 4147    0
 4154 4169 4156    0
 4164 4171 4169    0
 4155 4156 4171    0
 4169 4171 4156    0
 3993 4150 4165    0
 4146 4172 4150    0
 4164 4165 4172    0
 4150 4172 4165    0
 4155 4171 4170    0
 4164 4172 4171    0
 4146 4170 4172    0
 4171 4172 4170    0
 3862 4135 4096    0
 4133 4173 4135    0
 4095 4096 4173    0
 4135 4173 4096    0
 4126 4175 4139    0
 4174 4176 4175    0
 4133 4139 4176    0
 4175 4176 4139    0
 4098 4102 4178    0
 4095 4177 4102    0
 4174 4178 4177    0
 4102 4177 4178    0
 4133 4176 4173    0
 4174 4177 4176    0
 4095 4173 4177    0
 4176 4177 4173    0
 4000 4163 4124    0
 4161 4179 4163    0
 4123 4124 4179    0
 4163 4179 4124    0
 4154 4181 4167    0
 4180 4182 4181    0
 4161 4167 4182    0
 4181 4182 4167    0
 4126 4130 4184    0
 4123 4183 4130    0
 4180 4184 4183    0
 4130 4183 4184    0
 4161 4182 4179    0
 4180 4183 4182    0
 4123 4179 4183    0
 4182 4183 4179    0
 3717 4107 4152    0
 4105 4185 4107    0
 4151 4152 4185    0
 4107 4185 4152    0
 4098 4187 4111    0
 4186 4188 4187    0
 4105 4111 4188    0
 4187 4188 4111    0
 4154 4158 4190    0
 4151 4189 4158    0
 4186 4190 4189    0
 4158 4189 4190    0
 4105 4188 4185    0
 4186 4189 4188    0
 4151 4185 4189    0
 4188 4189 4185    0
 4126 4184 4175    0
 4180 4191 4184    0
 4174 4175 4191    0
 4184 4191 4175    0
 4154 4190 4181    0
 4186 4192 4190    0
 4180 4181 4192    0
 4190 4192 4181    0
 4098 4178 4187    0
 4174 4193 4178    0
 4186 4187 4193    0
 4178 4193 4187    0
 4180 4192 4191    0
 4186 4193 4192    0
 4174 4191 4193    0
 4192 4193 4191    0
  698 4195 3667    0
 4194 4196 4195    0
 3666 3667 4196    0
 4195 4196 3667    0
 4197 4199 4201    0
 4198 4200 4199    0
 4194 4201 4200    0
 4199 4200 4201    0
 3669 3673 4203    0
 3666 4202 3673    0
 4198 4203 4202    0
 3673 4202 4203    0
 4194 4200 4196    0
 4198 4202 4200    0
 3666 4196 4202    0
 4200 4202 4196    0
 4204 4207 4209    0
 4205 4208 4207    0
 4206 4209 4208    0
 4207 4208 4209    0
 4210 4212 4214    0
 4211 4213 4212    0
 4205 4214 4213    0
 4212 4213 4214    0
 4197 4215 4217    0
 4206 4216 4215    0
 4211 4217 4216    0
 4215 4216 4217    0
 4205 4213 4208    0
 4211 4216 4213    0
 4206 4208 4216    0
 4213 4216 4208    0
 3676 3681 4220    0
 3678 4219 3681    0
 4218 4220 4219    0
 3681 4219 4220    0
 3669 4222 3687    0
 4221 4223 4222    0
 3678 3687 4223    0
 4222 4223 3687    0
 4210 4224 4226    0
 4218 4225 4224    0
 4221 4226 4225    0
 4224 4225 4226    0
 3678 4223 4219    0
 4221 4225 4223    0
 4218 4219 4225    0
 4223 4225 4219    0
 4197 4217 4199    0
 4211 4227 4217    0
 4198 4199 4227    0
 4217 4227 4199    0
 4210 4226 4212    0
 4221 4228 4226    0
 4211 4212 4228    0
 4226 4228 4212    0
 3669 4203 4222    0
 4198 4229 4203    0
 4221 4222 4229    0
 4203 4229 4222    0
 4211 4228 4227    0
 4221 4229 4228    0
 4198 4227 4229    0
 4228 4229 4227    0
 4230 4233 4235    0
 4231 4234 4233    0
 4232 4235 4234    0
 4233 4234 4235    0
 4236 4238 4240    0
 4237 4239 4238    0
 4231 4240 4239    0
 4238 4239 4240    0
 4241 4242 4244    0
 4232 4243 4242    0
 4237 4244 4243    0
 4242 4243 4244    0
 4231 4239 4234    0
 4237 4243 4239    0
 4232 4234 4243    0
 4239 4243 4234    0
 4245 4248 4250    0
 4246 4249 4248    0
 4247 4250 4249    0
 4248 4249 4250    0
 4251 4253 4255    0
 4252 4254 4253    0
 4246 4255 4254    0
 4253 4254 4255    0
 4236 4256 4258    0
 4247 4257 4256    0
 4252 4258 4257    0
 4256 4257 4258    0
 4246 4254 4249    0
 4252 4257 4254    0
 4247 4249 4257    0
 4254 4257 4249    0
 4204 4261 4263    0
 4259 4262 4261    0
 4260 4263 4262    0
 4261 4262 4263    0
 4241 4265 4267    0
 4264 4266 4265    0
 4259 4267 4266    0
 4265 4266 4267    0
 4251 4268 4270    0
 4260 4269 4268    0
 4264 4270 4269    0
 4268 4269 4270    0
 4259 4266 4262    0
 4264 4269 4266    0
 4260 4262 4269    0
 4266 4269 4262    0
 4236 4258 4238    0
 4252 4271 4258    0
 4237 4238 4271    0
 4258 4271 4238    0
 4251 4270 4253    0
 4264 4272 4270    0
 4252 4253 4272    0
 4270 4272 4253    0
 4241 4244 4265    0
 4237 4273 4244    0
 4264 4265 4273    0
 4244 4273 4265    0
 4252 4272 4271    0
 4264 4273 4272    0
 4237 4271 4273    0
 4272 4273 4271    0
 3702 3707 4276    0
 3704 4275 3707    0
 4274 4276 4275    0
 3707 4275 4276    0
 3713 4278 3714    0
 4277 4279 4278    0
 3704 3714 4279    0
 4278 4279 3714    0
 4280 4281 4283    0
 4274 4282 4281    0
 4277 4283 4282    0
 4281 4282 4283    0
 3704 4279 4275    0
 4277 4282 4279    0
 4274 4275 4282    0
 4279 4282 4275    0
 3676 4285 3733    0
 4284 4286 4285    0
 3731 3733 4286    0
 4285 4286 3733    0
 4287 4289 4291    0
 4288 4290 4289    0
 4284 4291 4290    0
 4289 4290 4291    0
 3713 3739 4293    0
 3731 4292 3739    0
 4288 4293 4292    0
 3739 4292 4293    0
 4284 4290 4286    0
 4288 4292 4290    0
 3731 4286 4292    0
 4290 4292 4286    0
 4245 4296 4298    0
 4294 4297 4296    0
 4295 4298 4297    0
 4296 4297 4298    0
 4280 4300 4302    0
 4299 4301 4300    0
 4294 4302 4301    0
 4300 4301 4302    0
 4287 4303 4305    0
 4295 4304 4303    0
 4299 4305 4304    0
 4303 4304 4305    0
 4294 4301 4297    0
 4299 4304 4301    0
 4295 4297 4304    0
 4301 4304 4297    0
 3713 4293 4278    0
 4288 4306 4293    0
 4277 4278 4306    0
 4293 4306 4278    0
 4287 4305 4289    0
 4299 4307 4305    0
 4288 4289 4307    0
 4305 4307 4289    0
 4280 4283 4300    0
 4277 4308 4283    0
 4299 4300 4308    0
 4283 4308 4300    0
 4288 4307 4306    0
 4299 4308 4307    0
 4277 4306 4308    0
 4307 4308 4306    0
 4204 4263 4207    0
 4260 4309 4263    0
 4205 4207 4309    0
 4263 4309 4207    0
 4251 4311 4268    0
 4310 4312 4311    0
 4260 4268 4312    0
 4311 4312 4268    0
 4210 4214 4314    0
 4205 4313 4214    0
 4310 4314 4313    0
 4214 4313 4314    0
 4260 4312 4309    0
 4310 4313 4312    0
 4205 4309 4313    0
 4312 4313 4309    0
 4245 4298 4248    0
 4295 4315 4298    0
 4246 4248 4315    0
 4298 4315 4248    0
 4287 4317 4303    0
 4316 4318 4317    0
 4295 4303 4318    0
 4317 4318 4303    0
 4251 4255 4320    0
 4246 4319 4255    0
 4316 4320 4319    0
 4255 4319 4320    0
 4295 4318 4315    0
 4316 4319 4318    0
 4246 4315 4319    0
 4318 4319 4315    0
 3676 4220 4285    0
 4218 4321 4220    0
 4284 4285 4321    0
 4220 4321 4285    0
 4210 4323 4224    0
 4322 4324 4323    0
 4218 4224 4324    0
 4323 4324 4224    0
 4287 4291 4326    0
 4284 4325 4291    0
 4322 4326 4325    0
 4291 4325 4326    0
 4218 4324 4321    0
 4322 4325 4324    0
 4284 4321 4325    0
 4324 4325 4321    0
 4251 4320 4311    0
 4316 4327 4320    0
 4310 4311 4327    0
 4320 4327 4311    0
 4287 4326 4317    0
 4322 4328 4326    0
 4316 4317 4328    0
 4326 4328 4317    0
 4210 4314 4323    0
 4310 4329 4314    0
 4322 4323 4329    0
 4314 4329 4323    0
 4316 4328 4327    0
 4322 4329 4328    0
 4310 4327 4329    0
 4328 4329 4327    0
 1394 4332 4334    0
 4330 4333 4332    0
 4331 4334 4333    0
 4332 4333 4334    0
 4335 4337 4339    0
 4336 4338 4337    0
 4330 4339 4338    0
 4337 4338 4339    0
 4340 4341 4343    0
 4331 4342 4341    0
 4336 4343 4342    0
 4341 4342 4343    0
 4330 4338 4333    0
 4336 4342 4338    0
 4331 4333 4342    0
 4338 4342 4333    0
 4344 4347 4349    0
 4345 4348 4347    0
 4346 4349 4348    0
 4347 4348 4349    0
 4350 4352 4354    0
 4351 4353 4352    0
 4345 4354 4353    0
 4352 4353 4354    0
 4335 4355 4357    0
 4346 4356 4355    0
 4351 4357 4356    0
 4355 4356 4357    0
 4345 4353 4348    0
 4351 4356 4353    0
 4346 4348 4356    0
 4353 4356 4348    0
 4358 4361 4363    0
 4359 4362 4361    0
 4360 4363 4362    0
 4361 4362 4363    0
 4340 4365 4367    0
 4364 4366 4365    0
 4359 4367 4366    0
 4365 4366 4367    0
 4350 4368 4370    0
 4360 4369 4368    0
 4364 4370 4369    0
 4368 4369 4370    0
 4359 4366 4362    0
 4364 4369 4366    0
 4360 4362 4369    0
 4366 4369 4362    0
 4335 4357 4337    0
 4351 4371 4357    0
 4336 4337 4371    0
 4357 4371 4337    0
 4350 4370 4352    0
 4364 4372 4370    0
 4351 4352 4372    0
 4370 4372 4352    0
 4340 4343 4365    0
 4336 4373 4343    0
 4364 4365 4373    0
 4343 4373 4365    0
 4351 4372 4371    0
 4364 4373 4372    0
 4336 4371 4373    0
 4372 4373 4371    0
 4374 4377 4379    0
 4375 4378 4377    0
 4376 4379 4378    0
 4377 4378 4379    0
 4380 4382 4384    0
 4381 4383 4382    0
 4375 4384 4383    0
 4382 4383 4384    0
 4385 4386 4388    0
 4376 4387 4386    0
 4381 4388 4387    0
 4386 4387 4388    0
 4375 4383 4378    0
 4381 4387 4383    0
 4376 4378 4387    0
 4383 4387 4378    0
 4389 4392 4394    0
 4390 4393 4392    0
 4391 4394 4393    0
 4392 4393 4394    0
 4395 4397 4399    0
 4396 4398 4397    0
 4390 4399 4398    0
 4397 4398 4399    0
 4380 4400 4402    0
 4391 4401 4400    0
 4396 4402 4401    0
 4400 4401 4402    0
 4390 4398 4393    0
 4396 4401 4398    0
 4391 4393 4401    0
 4398 4401 4393    0
 4344 4405 4407    0
 4403 4406 4405    0
 4404 4407 4406    0
 4405 4406 4407    0
 4385 4409 4411    0
 4408 4410 4409    0
 4403 4411 4410    0
 4409 4410 4411    0
 4395 4412 4414    0
 4404 4413 4412    0
 4408 4414 4413    0
 4412 4413 4414    0
 4403 4410 4406    0
 4408 4413 4410    0
 4404 4406 4413    0
 4410 4413 4406    0
 4380 4402 4382    0
 4396 4415 4402    0
 4381 4382 4415    0
 4402 4415 4382    0
 4395 4414 4397    0
 4408 4416 4414    0
 4396 4397 4416    0
 4414 4416 4397    0
 4385 4388 4409    0
 4381 4417 4388    0
 4408 4409 4417    0
 4388 4417 4409    0
 4396 4416 4415    0
 4408 4417 4416    0
 4381 4415 4417    0
 4416 4417 4415    0
 4230 4420 4422    0
 4418 4421 4420    0
 4419 4422 4421    0
 4420 4421 4422    0
 4423 4425 4427    0
 4424 4426 4425    0
 4418 4427 4426    0
 4425 4426 4427    0
 4428 4429 4431    0
 4419 4430 4429    0
 4424 4431 4430    0
 4429 4430 4431    0
 4418 4426 4421    0
 4424 4430 4426    0
 4419 4421 4430    0
 4426 4430 4421    0
 4358 4434 4436    0
 4432 4435 4434    0
 4433 4436 4435    0
 4434 4435 4436    0
 4437 4439 4441    0
 4438 4440 4439    0
 4432 4441 4440    0
 4439 4440 4441    0
 4423 4442 4444    0
 4433 4443 4442    0
 4438 4444 4443    0
 4442 4443 4444    0
 4432 4440 4435    0
 4438 4443 4440    0
 4433 4435 4443    0
 4440 4443 4435    0
 4389 4447 4449    0
 4445 4448 4447    0
 4446 4449 4448    0
 4447 4448 4449    0
 4428 4451 4453    0
 4450 4452 4451    0
 4445 4453 4452    0
 4451 4452 4453    0
 4437 4454 4456    0
 4446 4455 4454    0
 4450 4456 4455    0
 4454 4455 4456    0
 4445 4452 4448    0
 4450 4455 4452    0
 4446 4448 4455    0
 4452 4455 4448    0
 4423 4444 4425    0
 4438 4457 4444    0
 4424 4425 4457    0
 4444 4457 4425    0
 4437 4456 4439    0
 4450 4458 4456    0
 4438 4439 4458    0
 4456 4458 4439    0
 4428 4431 4451    0
 4424 4459 4431    0
 4450 4451 4459    0
 4431 4459 4451    0
 4438 4458 4457    0
 4450 4459 4458    0
 4424 4457 4459    0
 4458 4459 4457    0
 4344 4407 4347    0
 4404 4460 4407    0
 4345 4347 4460    0
 4407 4460 4347    0
 4395 4462 4412    0
 4461 4463 4462    0
 4404 4412 4463    0
 4462 4463 4412    0
 4350 4354 4465    0
 4345 4464 4354    0
 4461 4465 4464    0
 4354 4464 4465    0
 4404 4463 4460    0
 4461 4464 4463    0
 4345 4460 4464    0
 4463 4464 4460    0
 4389 4449 4392    0
 4446 4466 4449    0
 4390 4392 4466    0
 4449 4466 4392    0
 4437 4468 4454    0
 4467 4469 4468    0
 4446 4454 4469    0
 4468 4469 4454    0
 4395 4399 4471    0
 4390 4470 4399    0
 4467 4471 4470    0
 4399 4470 4471    0
 4446 4469 4466    0
 4467 4470 4469    0
 4390 4466 4470    0
 4469 4470 4466    0
 4358 4363 4434    0
 4360 4472 4363    0
 4432 4434 4472    0
 4363 4472 4434    0
 4350 4474 4368    0
 4473 4475 4474    0
 4360 4368 4475    0
 4474 4475 4368    0
 4437 4441 4477    0
 4432 4476 4441    0
 4473 4477 4476    0
 4441 4476 4477    0
 4360 4475 4472    0
 4473 4476 4475    0
 4432 4472 4476    0
 4475 4476 4472    0
 4395 4471 4462    0
 4467 4478 4471    0
 4461 4462 4478    0
 4471 4478 4462    0
 4437 4477 4468    0
 4473 4479 4477    0
 4467 4468 4479    0
 4477 4479 4468    0
 4350 4465 4474    0
 4461 4480 4465    0
 4473 4474 4480    0
 4465 4480 4474    0
 4467 4479 4478    0
 4473 4480 4479    0
 4461 4478 4480    0
 4479 4480 4478    0
 3802 3807 4483    0
 3804 4482 3807    0
 4481 4483 4482    0
 3807 4482 4483    0
 3813 4485 3814    0
 4484 4486 4485    0
 3804 3814 4486    0
 4485 4486 3814    0
 4487 4488 4490    0
 4481 4489 4488    0
 4484 4490 4489    0
 4488 4489 4490    0
 3804 4486 4482    0
 4484 4489 4486    0
 4481 4482 4489    0
 4486 4489 4482    0
 3831 4492 3834    0
 4491 4493 4492    0
 3832 3834 4493    0
 4492 4493 3834    0
 4494 4496 4498    0
 4495 4497 4496    0
 4491 4498 4497    0
 4496 4497 4498    0
 3813 3840 4500    0
 3832 4499 3840    0
 4495 4500 4499    0
 3840 4499 4500    0
 4491 4497 4493    0
 4495 4499 4497    0
 3832 4493 4499    0
 4497 4499 4493    0
 4501 4504 4506    0
 4502 4505 4504    0
 4503 4506 4505    0
 4504 4505 4506    0
 4487 4508 4510    0
 4507 4509 4508    0
 4502 4510 4509    0
 4508 4509 4510    0
 4494 4511 4513    0
 4503 4512 4511    0
 4507 4513 4512    0
 4511 4512 4513    0
 4502 4509 4505    0
 4507 4512 4509    0
 4503 4505 4512    0
 4509 4512 4505    0
 3813 4500 4485    0
 4495 4514 4500    0
 4484 4485 4514    0
 4500 4514 4485    0
 4494 4513 4496    0
 4507 4515 4513    0
 4495 4496 4515    0
 4513 4515 4496    0
 4487 4490 4508    0
 4484 4516 4490    0
 4507 4508 4516    0
 4490 4516 4508    0
 4495 4515 4514    0
 4507 4516 4515    0
 4484 4514 4516    0
 4515 4516 4514    0
 3702 4518 3893    0
 4517 4519 4518    0
 3891 3893 4519    0
 4518 4519 3893    0
 4520 4522 4524    0
 4521 4523 4522    0
 4517 4524 4523    0
 4522 4523 4524    0
 3896 3900 4526    0
 3891 4525 3900    0
 4521 4526 4525    0
 3900 4525 4526    0
 4517 4523 4519    0
 4521 4525 4523    0
 3891 4519 4525    0
 4523 4525 4519    0
 4527 4530 4532    0
 4528 4531 4530    0
 4529 4532 4531    0
 4530 4531 4532    0
 4533 4535 4537    0
 4534 4536 4535    0
 4528 4537 4536    0
 4535 4536 4537    0
 4520 4538 4540    0
 4529 4539 4538    0
 4534 4540 4539    0
 4538 4539 4540    0
 4528 4536 4531    0
 4534 4539 4536    0
 4529 4531 4539    0
 4536 4539 4531    0
 3831 3909 4543    0
 3906 4542 3909    0
 4541 4543 4542    0
 3909 4542 4543    0
 3896 4545 3915    0
 4544 4546 4545    0
 3906 3915 4546    0
 4545 4546 3915    0
 4533 4547 4549    0
 4541 4548 4547    0
 4544 4549 4548    0
 4547 4548 4549    0
 3906 4546 4542    0
 4544 4548 4546    0
 4541 4542 4548    0
 4546 4548 4542    0
 4520 4540 4522    0
 4534 4550 4540    0
 4521 4522 4550    0
 4540 4550 4522    0
 4533 4549 4535    0
 4544 4551 4549    0
 4534 4535 4551    0
 4549 4551 4535    0
 3896 4526 4545    0
 4521 4552 4526    0
 4544 4545 4552    0
 4526 4552 4545    0
 4534 4551 4550    0
 4544 4552 4551    0
 4521 4550 4552    0
 4551 4552 4550    0
 4374 4555 4557    0
 4553 4556 4555    0
 4554 4557 4556    0
 4555 4556 4557    0
 4558 4560 4562    0
 4559 4561 4560    0
 4553 4562 4561    0
 4560 4561 4562    0
 4563 4564 4566    0
 4554 4565 4564    0
 4559 4566 4565    0
 4564 4565 4566    0
 4553 4561 4556    0
 4559 4565 4561    0
 4554 4556 4565    0
 4561 4565 4556    0
 4501 4569 4571    0
 4567 4570 4569    0
 4568 4571 4570    0
 4569 4570 4571    0
 4572 4574 4576    0
 4573 4575 4574    0
 4567 4576 4575    0
 4574 4575 4576    0
 4558 4577 4579    0
 4568 4578 4577    0
 4573 4579 4578    0
 4577 4578 4579    0
 4567 4575 4570    0
 4573 4578 4575    0
 4568 4570 4578    0
 4575 4578 4570    0
 4527 4582 4584    0
 4580 4583 4582    0
 4581 4584 4583    0
 4582 4583 4584    0
 4563 4586 4588    0
 4585 4587 4586    0
 4580 4588 4587    0
 4586 4587 4588    0
 4572 4589 4591    0
 4581 4590 4589    0
 4585 4591 4590    0
 4589 4590 4591    0
 4580 4587 4583    0
 4585 4590 4587    0
 4581 4583 4590    0
 4587 4590 4583    0
 4558 4579 4560    0
 4573 4592 4579    0
 4559 4560 4592    0
 4579 4592 4560    0
 4572 4591 4574    0
 4585 4593 4591    0
 4573 4574 4593    0
 4591 4593 4574    0
 4563 4566 4586    0
 4559 4594 4566    0
 4585 4586 4594    0
 4566 4594 4586    0
 4573 4593 4592    0
 4585 4594 4593    0
 4559 4592 4594    0
 4593 4594 4592    0
 3831 4543 4492    0
 4541 4595 4543    0
 4491 4492 4595    0
 4543 4595 4492    0
 4533 4597 4547    0
 4596 4598 4597    0
 4541 4547 4598    0
 4597 4598 4547    0
 4494 4498 4600    0
 4491 4599 4498    0
 4596 4600 4599    0
 4498 4599 4600    0
 4541 4598 4595    0
 4596 4599 4598    0
 4491 4595 4599    0
 4598 4599 4595    0
 4527 4584 4530    0
 4581 4601 4584    0
 4528 4530 4601    0
 4584 4601 4530    0
 4572 4603 4589    0
 4602 4604 4603    0
 4581 4589 4604    0
 4603 4604 4589    0
 4533 4537 4606    0
 4528 4605 4537    0
 4602 4606 4605    0
 4537 4605 4606    0
 4581 4604 4601    0
 4602 4605 4604    0
 4528 4601 4605    0
 4604 4605 4601    0
 4501 4506 4569    0
 4503 4607 4506    0
 4567 4569 4607    0
 4506 4607 4569    0
 4494 4609 4511    0
 4608 4610 4609    0
 4503 4511 4610    0
 4609 4610 4511    0
 4572 4576 4612    0
 4567 4611 4576    0
 4608 4612 4611    0
 4576 4611 4612    0
 4503 4610 4607    0
 4608 4611 4610    0
 4567 4607 4611    0
 4610 4611 4607    0
 4533 4606 4597    0
 4602 4613 4606    0
 4596 4597 4613    0
 4606 4613 4597    0
 4572 4612 4603    0
 4608 4614 4612    0
 4602 4603 4614    0
 4612 4614 4603    0
 4494 4600 4609    0
 4596 4615 4600    0
 4608 4609 4615    0
 4600 4615 4609    0
 4602 4614 4613    0
 4608 4615 4614    0
 4596 4613 4615    0
 4614 4615 4613    0
 4230 4422 4233    0
 4419 4616 4422    0
 4231 4233 4616    0
 4422 4616 4233    0
 4428 4618 4429    0
 4617 4619 4618    0
 4419 4429 4619    0
 4618 4619 4429    0
 4236 4240 4621    0
 4231 4620 4240    0
 4617 4621 4620    0
 4240 4620 4621    0
 4419 4619 4616    0
 4617 4620 4619    0
 4231 4616 4620    0
 4619 4620 4616    0
 4389 4623 4447    0
 4622 4624 4623    0
 4445 4447 4624    0
 4623 4624 4447    0
 4625 4627 4629    0
 4626 4628 4627    0
 4622 4629 4628    0
 4627 4628 4629    0
 4428 4453 4631    0
 4445 4630 4453    0
 4626 4631 4630    0
 4453 4630 4631    0
 4622 4628 4624    0
 4626 4630 4628    0
 4445 4624 4630    0
 4628 4630 4624    0
 4245 4250 4634    0
 4247 4633 4250    0
 4632 4634 4633    0
 4250 4633 4634    0
 4236 4636 4256    0
 4635 4637 4636    0
 4247 4256 4637    0
 4636 4637 4256    0
 4625 4638 4640    0
 4632 4639 4638    0
 4635 4640 4639    0
 4638 4639 4640    0
 4247 4637 4633    0
 4635 4639 4637    0
 4632 4633 4639    0
 4637 4639 4633    0
 4428 4631 4618    0
 4626 4641 4631    0
 4617 4618 4641    0
 4631 4641 4618    0
 4625 4640 4627    0
 4635 4642 4640    0
 4626 4627 4642    0
 4640 4642 4627    0
 4236 4621 4636    0
 4617 4643 4621    0
 4635 4636 4643    0
 4621 4643 4636    0
 4626 4642 4641    0
 4635 4643 4642    0
 4617 4641 4643    0
 4642 4643 4641    0
 4374 4557 4377    0
 4554 4644 4557    0
 4375 4377 4644    0
 4557 4644 4377    0
 4563 4646 4564    0
 4645 4647 4646    0
 4554 4564 4647    0
 4646 4647 4564    0
 4380 4384 4649    0
 4375 4648 4384    0
 4645 4649 4648    0
 4384 4648 4649    0
 4554 4647 4644    0
 4645 4648 4647    0
 4375 4644 4648    0
 4647 4648 4644    0
 4527 4651 4582    0
 4650 4652 4651    0
 4580 4582 4652    0
 4651 4652 4582    0
 4653 4655 4657    0
 4654 4656 4655    0
 4650 4657 4656    0
 4655 4656 4657    0
 4563 4588 4659    0
 4580 4658 4588    0
 4654 4659 4658    0
 4588 4658 4659    0
 4650 4656 4652    0
 4654 4658 4656    0
 4580 4652 4658    0
 4656 4658 4652    0
 4389 4394 4662    0
 4391 4661 4394    0
 4660 4662 4661    0
 4394 4661 4662    0
 4380 4664 4400    0
 4663 4665 4664    0
 4391 4400 4665    0
 4664 4665 4400    0
 4653 4666 4668    0
 4660 4667 4666    0
 4663 4668 4667    0
 4666 4667 4668    0
 4391 4665 4661    0
 4663 4667 4665    0
 4660 4661 4667    0
 4665 4667 4661    0
 4563 4659 4646    0
 4654 4669 4659    0
 4645 4646 4669    0
 4659 4669 4646    0
 4653 4668 4655    0
 4663 4670 4668    0
 4654 4655 4670    0
 4668 4670 4655    0
 4380 4649 4664    0
 4645 4671 4649    0
 4663 4664 4671    0
 4649 4671 4664    0
 4654 4670 4669    0
 4663 4671 4670    0
 4645 4669 4671    0
 4670 4671 4669    0
 3702 4276 4518    0
 4274 4672 4276    0
 4517 4518 4672    0
 4276 4672 4518    0
 4280 4674 4281    0
 4673 4675 4674    0
 4274 4281 4675    0
 4674 4675 4281    0
 4520 4524 4677    0
 4517 4676 4524    0
 4673 4677 4676    0
 4524 4676 4677    0
 4274 4675 4672    0
 4673 4676 4675    0
 4517 4672 4676    0
 4675 4676 4672    0
 4245 4679 4296    0
 4678 4680 4679    0
 4294 4296 4680    0
 4679 4680 4296    0
 4681 4683 4685    0
 4682 4684 4683    0
 4678 4685 4684    0
 4683 4684 4685    0
 4280 4302 4687    0
 4294 4686 4302    0
 4682 4687 4686    0
 4302 4686 4687    0
 4678 4684 4680    0
 4682 4686 4684    0
 4294 4680 4686    0
 4684 4686 4680    0
 4527 4532 4690    0
 4529 4689 4532    0
 4688 4690 4689    0
 4532 4689 4690    0
 4520 4692 4538    0
 4691 4693 4692    0
 4529 4538 4693    0
 4692 4693 4538    0
 4681 4694 4696    0
 4688 4695 4694    0
 4691 4696 4695    0
 4694 4695 4696    0
 4529 4693 4689    0
 4691 4695 4693    0
 4688 4689 4695    0
 4693 4695 4689    0
 4280 4687 4674    0
 4682 4697 4687    0
 4673 4674 4697    0
 4687 4697 4674    0
 4681 4696 4683    0
 4691 4698 4696    0
 4682 4683 4698    0
 4696 4698 4683    0
 4520 4677 4692    0
 4673 4699 4677    0
 4691 4692 4699    0
 4677 4699 4692    0
 4682 4698 4697    0
 4691 4699 4698    0
 4673 4697 4699    0
 4698 4699 4697    0
 4389 4662 4623    0
 4660 4700 4662    0
 4622 4623 4700    0
 4662 4700 4623    0
 4653 4702 4666    0
 4701 4703 4702    0
 4660 4666 4703    0
 4702 4703 4666    0
 4625 4629 4705    0
 4622 4704 4629    0
 4701 4705 4704    0
 4629 4704 4705    0
 4660 4703 4700    0
 4701 4704 4703    0
 4622 4700 4704    0
 4703 4704 4700    0
 4527 4690 4651    0
 4688 4706 4690    0
 4650 4651 4706    0
 4690 4706 4651    0
 4681 4708 4694    0
 4707 4709 4708    0
 4688 4694 4709    0
 4708 4709 4694    0
 4653 4657 4711    0
 4650 4710 4657    0
 4707 4711 4710    0
 4657 4710 4711    0
 4688 4709 4706    0
 4707 4710 4709    0
 4650 4706 4710    0
 4709 4710 4706    0
 4245 4634 4679    0
 4632 4712 4634    0
 4678 4679 4712    0
 4634 4712 4679    0
 4625 4714 4638    0
 4713 4715 4714    0
 4632 4638 4715    0
 4714 4715 4638    0
 4681 4685 4717    0
 4678 4716 4685    0
 4713 4717 4716    0
 4685 4716 4717    0
 4632 4715 4712    0
 4713 4716 4715    0
 4678 4712 4716    0
 4715 4716 4712    0
 4653 4711 4702    0
 4707 4718 4711    0
 4701 4702 4718    0
 4711 4718 4702    0
 4681 4717 4708    0
 4713 4719 4717    0
 4707 4708 4719    0
 4717 4719 4708    0
 4625 4705 4714    0
 4701 4720 4705    0
 4713 4714 4720    0
 4705 4720 4714    0
 4707 4719 4718    0
 4713 4720 4719    0
 4701 4718 4720    0
 4719 4720 4718    0
  698  703 4195    0
  700 4721  703    0
 4194 4195 4721    0
  703 4721 4195    0
  709 4723  710    0
 4722 4724 4723    0
  700  710 4724    0
 4723 4724  710    0
 4197 4201 4726    0
 4194 4725 4201    0
 4722 4726 4725    0
 4201 4725 4726    0
  700 4724 4721    0
 4722 4725 4724    0
 4194 4721 4725    0
 4724 4725 4721    0
  727 4728  730    0
 4727 4729 4728    0
  728  730 4729    0
 4728 4729  730    0
 4730 4732 4734    0
 4731 4733 4732    0
 4727 4734 4733    0
 4732 4733 4734    0
  709  736 4736    0
  728 4735  736    0
 4731 4736 4735    0
  736 4735 4736    0
 4727 4733 4729    0
 4731 4735 4733    0
  728 4729 4735    0
 4733 4735 4729    0
 4204 4209 4739    0
 4206 4738 4209    0
 4737 4739 4738    0
 4209 4738 4739    0
 4197 4741 4215    0
 4740 4742 4741    0
 4206 4215 4742    0
 4741 4742 4215    0
 4730 4743 4745    0
 4737 4744 4743    0
 4740 4745 4744    0
 4743 4744 4745    0
 4206 4742 4738    0
 4740 4744 4742    0
 4737 4738 4744    0
 4742 4744 4738    0
  709 4736 4723    0
 4731 4746 4736    0
 4722 4723 4746    0
 4736 4746 4723    0
 4730 4745 4732    0
 4740 4747 4745    0
 4731 4732 4747    0
 4745 4747 4732    0
 4197 4726 4741    0
 4722 4748 4726    0
 4740 4741 4748    0
 4726 4748 4741    0
 4731 4747 4746    0
 4740 4748 4747    0
 4722 4746 4748    0
 4747 4748 4746    0
  598 4750  789    0
 4749 4751 4750    0
  787  789 4751    0
 4750 4751  789    0
 4752 4754 4756    0
 4753 4755 4754    0
 4749 4756 4755    0
 4754 4755 4756    0
  792  796 4758    0
  787 4757  796    0
 4753 4758 4757    0
  796 4757 4758    0
 4749 4755 4751    0
 4753 4757 4755    0
  787 4751 4757    0
 4755 4757 4751    0
 4759 4762 4764    0
 4760 4763 4762    0
 4761 4764 4763    0
 4762 4763 4764    0
 4765 4767 4769    0
 4766 4768 4767    0
 4760 4769 4768    0
 4767 4768 4769    0
 4752 4770 4772    0
 4761 4771 4770    0
 4766 4772 4771    0
 4770 4771 4772    0
 4760 4768 4763    0
 4766 4771 4768    0
 4761 4763 4771    0
 4768 4771 4763    0
  727  805 4775    0
  802 4774  805    0
 4773 4775 4774    0
  805 4774 4775    0
  792 4777  811    0
 4776 4778 4777    0
  802  811 4778    0
 4777 4778  811    0
 4765 4779 4781    0
 4773 4780 4779    0
 4776 4781 4780    0
 4779 4780 4781    0
  802 4778 4774    0
 4776 4780 4778    0
 4773 4774 4780    0
 4778 4780 4774    0
 4752 4772 4754    0
 4766 4782 4772    0
 4753 4754 4782    0
 4772 4782 4754    0
 4765 4781 4767    0
 4776 4783 4781    0
 4766 4767 4783    0
 4781 4783 4767    0
  792 4758 4777    0
 4753 4784 4758    0
 4776 4777 4784    0
 4758 4784 4777    0
 4766 4783 4782    0
 4776 4784 4783    0
 4753 4782 4784    0
 4783 4784 4782    0
 4230 4235 4787    0
 4232 4786 4235    0
 4785 4787 4786    0
 4235 4786 4787    0
 4241 4789 4242    0
 4788 4790 4789    0
 4232 4242 4790    0
 4789 4790 4242    0
 4791 4792 4794    0
 4785 4793 4792    0
 4788 4794 4793    0
 4792 4793 4794    0
 4232 4790 4786    0
 4788 4793 4790    0
 4785 4786 4793    0
 4790 4793 4786    0
 4204 4796 4261    0
 4795 4797 4796    0
 4259 4261 4797    0
 4796 4797 4261    0
 4798 4800 4802    0
 4799 4801 4800    0
 4795 4802 4801    0
 4800 4801 4802    0
 4241 4267 4804    0
 4259 4803 4267    0
 4799 4804 4803    0
 4267 4803 4804    0
 4795 4801 4797    0
 4799 4803 4801    0
 4259 4797 4803    0
 4801 4803 4797    0
 4759 4807 4809    0
 4805 4808 4807    0
 4806 4809 4808    0
 4807 4808 4809    0
 4791 4811 4813    0
 4810 4812 4811    0
 4805 4813 4812    0
 4811 4812 4813    0
 4798 4814 4816    0
 4806 4815 4814    0
 4810 4816 4815    0
 4814 4815 4816    0
 4805 4812 4808    0
 4810 4815 4812    0
 4806 4808 4815    0
 4812 4815 4808    0
 4241 4804 4789    0
 4799 4817 4804    0
 4788 4789 4817    0
 4804 4817 4789    0
 4798 4816 4800    0
 4810 4818 4816    0
 4799 4800 4818    0
 4816 4818 4800    0
 4791 4794 4811    0
 4788 4819 4794    0
 4810 4811 4819    0
 4794 4819 4811    0
 4799 4818 4817    0
 4810 4819 4818    0
 4788 4817 4819    0
 4818 4819 4817    0
  727 4775 4728    0
 4773 4820 4775    0
 4727 4728 4820    0
 4775 4820 4728    0
 4765 4822 4779    0
 4821 4823 4822    0
 4773 4779 4823    0
 4822 4823 4779    0
 4730 4734 4825    0
 4727 4824 4734    0
 4821 4825 4824    0
 4734 4824 4825    0
 4773 4823 4820    0
 4821 4824 4823    0
 4727 4820 4824    0
 4823 4824 4820    0
 4759 4809 4762    0
 4806 4826 4809    0
 4760 4762 4826    0
 4809 4826 4762    0
 4798 4828 4814    0
 4827 4829 4828    0
 4806 4814 4829    0
 4828 4829 4814    0
 4765 4769 4831    0
 4760 4830 4769    0
 4827 4831 4830    0
 4769 4830 4831    0
 4806 4829 4826    0
 4827 4830 4829    0
 4760 4826 4830    0
 4829 4830 4826    0
 4204 4739 4796    0
 4737 4832 4739    0
 4795 4796 4832    0
 4739 4832 4796    0
 4730 4834 4743    0
 4833 4835 4834    0
 4737 4743 4835    0
 4834 4835 4743    0
 4798 4802 4837    0
 4795 4836 4802    0
 4833 4837 4836    0
 4802 4836 4837    0
 4737 4835 4832    0
 4833 4836 4835    0
 4795 4832 4836    0
 4835 4836 4832    0
 4765 4831 4822    0
 4827 4838 4831    0
 4821 4822 4838    0
 4831 4838 4822    0
 4798 4837 4828    0
 4833 4839 4837    0
 4827 4828 4839    0
 4837 4839 4828    0
 4730 4825 4834    0
 4821 4840 4825    0
 4833 4834 4840    0
 4825 4840 4834    0
 4827 4839 4838    0
 4833 4840 4839    0
 4821 4838 4840    0
 4839 4840 4838    0
    1 1094  563    0
 1091 4841 1094    0
  562  563 4841    0
 1094 4841  563    0
 1100 4843 1101    0
 4842 4844 4843    0
 1091 1101 4844    0
 4843 4844 1101    0
  565  569 4846    0
  562 4845  569    0
 4842 4846 4845    0
  569 4845 4846    0
 1091 4844 4841    0
 4842 4845 4844    0
  562 4841 4845    0
 4844 4845 4841    0
 1118 4848 1121    0
 4847 4849 4848    0
 1119 1121 4849    0
 4848 4849 1121    0
 4850 4852 4854    0
 4851 4853 4852    0
 4847 4854 4853    0
 4852 4853 4854    0
 1100 1127 4856    0
 1119 4855 1127    0
 4851 4856 4855    0
 1127 4855 4856    0
 4847 4853 4849    0
 4851 4855 4853    0
 1119 4849 4855    0
 4853 4855 4849    0
  572  577 4859    0
  574 4858  577    0
 4857 4859 4858    0
  577 4858 4859    0
  565 4861  583    0
 4860 4862 4861    0
  574  583 4862    0
 4861 4862  583    0
 4850 4863 4865    0
 4857 4864 4863    0
 4860 4865 4864    0
 4863 4864 4865    0
  574 4862 4858    0
 4860 4864 4862    0
 4857 4858 4864    0
 4862 4864 4858    0
 1100 4856 4843    0
 4851 4866 4856    0
 4842 4843 4866    0
 4856 4866 4843    0
 4850 4865 4852    0
 4860 4867 4865    0
 4851 4852 4867    0
 4865 4867 4852    0
  565 4846 4861    0
 4842 4868 4846    0
 4860 4861 4868    0
 4846 4868 4861    0
 4851 4867 4866    0
 4860 4868 4867    0
 4842 4866 4868    0
 4867 4868 4866    0
 1178 4870 1181    0
 4869 4871 4870    0
 1179 1181 4871    0
 4870 4871 1181    0
 4872 4874 4876    0
 4873 4875 4874    0
 4869 4876 4875    0
 4874 4875 4876    0
 1184 1188 4878    0
 1179 4877 1188    0
 4873 4878 4877    0
 1188 4877 4878    0
 4869 4875 4871    0
 4873 4877 4875    0
 1179 4871 4877    0
 4875 4877 4871    0
 4879 4882 4884    0
 4880 4883 4882    0
 4881 4884 4883    0
 4882 4883 4884    0
 4885 4887 4889    0
 4886 4888 4887    0
 4880 4889 4888    0
 4887 4888 4889    0
 4872 4890 4892    0
 4881 4891 4890    0
 4886 4892 4891    0
 4890 4891 4892    0
 4880 4888 4883    0
 4886 4891 4888    0
 4881 4883 4891    0
 4888 4891 4883    0
 1118 1197 4895    0
 1194 4894 1197    0
 4893 4895 4894    0
 1197 4894 4895    0
 1184 4897 1203    0
 4896 4898 4897    0
 1194 1203 4898    0
 4897 4898 1203    0
 4885 4899 4901    0
 4893 4900 4899    0
 4896 4901 4900    0
 4899 4900 4901    0
 1194 4898 4894    0
 4896 4900 4898    0
 4893 4894 4900    0
 4898 4900 4894    0
 4872 4892 4874    0
 4886 4902 4892    0
 4873 4874 4902    0
 4892 4902 4874    0
 4885 4901 4887    0
 4896 4903 4901    0
 4886 4887 4903    0
 4901 4903 4887    0
 1184 4878 4897    0
 4873 4904 4878    0
 4896 4897 4904    0
 4878 4904 4897    0
 4886 4903 4902    0
 4896 4904 4903    0
 4873 4902 4904    0
 4903 4904 4902    0
  598  603 4907    0
  600 4906  603    0
 4905 4907 4906    0
  603 4906 4907    0
  609 4909  610    0
 4908 4910 4909    0
  600  610 4910    0
 4909 4910  610    0
 4911 4912 4914    0
 4905 4913 4912    0
 4908 4914 4913    0
 4912 4913 4914    0
  600 4910 4906    0
 4908 4913 4910    0
 4905 4906 4913    0
 4910 4913 4906    0
  572 4916  629    0
 4915 4917 4916    0
  627  629 4917    0
 4916 4917  629    0
 4918 4920 4922    0
 4919 4921 4920    0
 4915 4922 4921    0
 4920 4921 4922    0
  609  635 4924    0
  627 4923  635    0
 4919 4924 4923    0
  635 4923 4924    0
 4915 4921 4917    0
 4919 4923 4921    0
  627 4917 4923    0
 4921 4923 4917    0
 4879 4927 4929    0
 4925 4928 4927    0
 4926 4929 4928    0
 4927 4928 4929    0
 4911 4931 4933    0
 4930 4932 4931    0
 4925 4933 4932    0
 4931 4932 4933    0
 4918 4934 4936    0
 4926 4935 4934    0
 4930 4936 4935    0
 4934 4935 4936    0
 4925 4932 4928    0
 4930 4935 4932    0
 4926 4928 4935    0
 4932 4935 4928    0
  609 4924 4909    0
 4919 4937 4924    0
 4908 4909 4937    0
 4924 4937 4909    0
 4918 4936 4920    0
 4930 4938 4936    0
 4919 4920 4938    0
 4936 4938 4920    0
 4911 4914 4931    0
 4908 4939 4914    0
 4930 4931 4939    0
 4914 4939 4931    0
 4919 4938 4937    0
 4930 4939 4938    0
 4908 4937 4939    0
 4938 4939 4937    0
 1118 4895 4848    0
 4893 4940 4895    0
 4847 4848 4940    0
 4895 4940 4848    0
 4885 4942 4899    0
 4941 4943 4942    0
 4893 4899 4943    0
 4942 4943 4899    0
 4850 4854 4945    0
 4847 4944 4854    0
 4941 4945 4944    0
 4854 4944 4945    0
 4893 4943 4940    0
 4941 4944 4943    0
 4847 4940 4944    0
 4943 4944 4940    0
 4879 4929 4882    0
 4926 4946 4929    0
 4880 4882 4946    0
 4929 4946 4882    0
 4918 4948 4934    0
 4947 4949 4948    0
 4926 4934 4949    0
 4948 4949 4934    0
 4885 4889 4951    0
 4880 4950 4889    0
 4947 4951 4950    0
 4889 4950 4951    0
 4926 4949 4946    0
 4947 4950 4949    0
 4880 4946 4950    0
 4949 4950 4946    0
  572 4859 4916    0
 4857 4952 4859    0
 4915 4916 4952    0
 4859 4952 4916    0
 4850 4954 4863    0
 4953 4955 4954    0
 4857 4863 4955    0
 4954 4955 4863    0
 4918 4922 4957    0
 4915 4956 4922    0
 4953 4957 4956    0
 4922 4956 4957    0
 4857 4955 4952    0
 4953 4956 4955    0
 4915 4952 4956    0
 4955 4956 4952    0
 4885 4951 4942    0
 4947 4958 4951    0
 4941 4942 4958    0
 4951 4958 4942    0
 4918 4957 4948    0
 4953 4959 4957    0
 4947 4948 4959    0
 4957 4959 4948    0
 4850 4945 4954    0
 4941 4960 4945    0
 4953 4954 4960    0
 4945 4960 4954    0
 4947 4959 4958    0
 4953 4960 4959    0
 4941 4958 4960    0
 4959 4960 4958    0
 1394 4334 1397    0
 4331 4961 4334    0
 1395 1397 4961    0
 4334 4961 1397    0
 4340 4963 4341    0
 4962 4964 4963    0
 4331 4341 4964    0
 4963 4964 4341    0
 1400 1404 4966    0
 1395 4965 1404    0
 4962 4966 4965    0
 1404 4965 4966    0
 4331 4964 4961    0
 4962 4965 4964    0
 1395 4961 4965    0
 4964 4965 4961    0
 4358 4968 4361    0
 4967 4969 4968    0
 4359 4361 4969    0
 4968 4969 4361    0
 4970 4972 4974    0
 4971 4973 4972    0
 4967 4974 4973    0
 4972 4973 4974    0
 4340 4367 4976    0
 4359 4975 4367    0
 4971 4976 4975    0
 4367 4975 4976    0
 4967 4973 4969    0
 4971 4975 4973    0
 4359 4969 4975    0
 4973 4975 4969    0
 1409 1414 4979    0
 1411 4978 1414    0
 4977 4979 4978    0
 1414 4978 4979    0
 1400 4981 1420    0
 4980 4982 4981    0
 1411 1420 4982    0
 4981 4982 1420    0
 4970 4983 4985    0
 4977 4984 4983    0
 4980 4985 4984    0
 4983 4984 4985    0
 1411 4982 4978    0
 4980 4984 4982    0
 4977 4978 4984    0
 4982 4984 4978    0
 4340 4976 4963    0
 4971 4986 4976    0
 4962 4963 4986    0
 4976 4986 4963    0
 4970 4985 4972    0
 4980 4987 4985    0
 4971 4972 4987    0
 4985 4987 4972    0
 1400 4966 4981    0
 4962 4988 4966    0
 4980 4981 4988    0
 4966 4988 4981    0
 4971 4987 4986    0
 4980 4988 4987    0
 4962 4986 4988    0
 4987 4988 4986    0
 4230 4990 4420    0
 4989 4991 4990    0
 4418 4420 4991    0
 4990 4991 4420    0
 4992 4994 4996    0
 4993 4995 4994    0
 4989 4996 4995    0
 4994 4995 4996    0
 4423 4427 4998    0
 4418 4997 4427    0
 4993 4998 4997    0
 4427 4997 4998    0
 4989 4995 4991    0
 4993 4997 4995    0
 4418 4991 4997    0
 4995 4997 4991    0
 4999 5002 5004    0
 5000 5003 5002    0
 5001 5004 5003    0
 5002 5003 5004    0
 5005 5007 5009    0
 5006 5008 5007    0
 5000 5009 5008    0
 5007 5008 5009    0
 4992 5010 5012    0
 5001 5011 5010    0
 5006 5012 5011    0
 5010 5011 5012    0
 5000 5008 5003    0
 5006 5011 5008    0
 5001 5003 5011    0
 5008 5011 5003    0
 4358 4436 5015    0
 4433 5014 4436    0
 5013 5015 5014    0
 4436 5014 5015    0
 4423 5017 4442    0
 5016 5018 5017    0
 4433 4442 5018    0
 5017 5018 4442    0
 5005 5019 5021    0
 5013 5020 5019    0
 5016 5021 5020    0
 5019 5020 5021    0
 4433 5018 5014    0
 5016 5020 5018    0
 5013 5014 5020    0
 5018 5020 5014    0
 4992 5012 4994    0
 5006 5022 5012    0
 4993 4994 5022    0
 5012 5022 4994    0
 5005 5021 5007    0
 5016 5023 5021    0
 5006 5007 5023    0
 5021 5023 5007    0
 4423 4998 5017    0
 4993 5024 4998    0
 5016 5017 5024    0
 4998 5024 5017    0
 5006 5023 5022    0
 5016 5024 5023    0
 4993 5022 5024    0
 5023 5024 5022    0
 1178 1443 5027    0
 1440 5026 1443    0
 5025 5027 5026    0
 1443 5026 5027    0
 1449 5029 1450    0
 5028 5030 5029    0
 1440 1450 5030    0
 5029 5030 1450    0
 5031 5032 5034    0
 5025 5033 5032    0
 5028 5034 5033    0
 5032 5033 5034    0
 1440 5030 5026    0
 5028 5033 5030    0
 5025 5026 5033    0
 5030 5033 5026    0
 1409 5036 1469    0
 5035 5037 5036    0
 1467 1469 5037    0
 5036 5037 1469    0
 5038 5040 5042    0
 5039 5041 5040    0
 5035 5042 5041    0
 5040 5041 5042    0
 1449 1475 5044    0
 1467 5043 1475    0
 5039 5044 5043    0
 1475 5043 5044    0
 5035 5041 5037    0
 5039 5043 5041    0
 1467 5037 5043    0
 5041 5043 5037    0
 4999 5047 5049    0
 5045 5048 5047    0
 5046 5049 5048    0
 5047 5048 5049    0
 5031 5051 5053    0
 5050 5052 5051    0
 5045 5053 5052    0
 5051 5052 5053    0
 5038 5054 5056    0
 5046 5055 5054    0
 5050 5056 5055    0
 5054 5055 5056    0
 5045 5052 5048    0
 5050 5055 5052    0
 5046 5048 5055    0
 5052 5055 5048    0
 1449 5044 5029    0
 5039 5057 5044    0
 5028 5029 5057    0
 5044 5057 5029    0
 5038 5056 5040    0
 5050 5058 5056    0
 5039 5040 5058    0
 5056 5058 5040    0
 5031 5034 5051    0
 5028 5059 5034    0
 5050 5051 5059    0
 5034 5059 5051    0
 5039 5058 5057    0
 5050 5059 5058    0
 5028 5057 5059    0
 5058 5059 5057    0
 4358 5015 4968    0
 5013 5060 5015    0
 4967 4968 5060    0
 5015 5060 4968    0
 5005 5062 5019    0
 5061 5063 5062    0
 5013 5019 5063    0
 5062 5063 5019    0
 4970 4974 5065    0
 4967 5064 4974    0
 5061 5065 5064    0
 4974 5064 5065    0
 5013 5063 5060    0
 5061 5064 5063    0
 4967 5060 5064    0
 5063 5064 5060    0
 4999 5049 5002    0
 5046 5066 5049    0
 5000 5002 5066    0
 5049 5066 5002    0
 5038 5068 5054    0
 5067 5069 5068    0
 5046 5054 5069    0
 5068 5069 5054    0
 5005 5009 5071    0
 5000 5070 5009    0
 5067 5071 5070    0
 5009 5070 5071    0
 5046 5069 5066    0
 5067 5070 5069    0
 5000 5066 5070    0
 5069 5070 5066    0
 1409 4979 5036    0
 4977 5072 4979    0
 5035 5036 5072    0
 4979 5072 5036    0
 4970 5074 4983    0
 5073 5075 5074    0
 4977 4983 5075    0
 5074 5075 4983    0
 5038 5042 5077    0
 5035 5076 5042    0
 5073 5077 5076    0
 5042 5076 5077    0
 4977 5075 5072    0
 5073 5076 5075    0
 5035 5072 5076    0
 5075 5076 5072    0
 5005 5071 5062    0
 5067 5078 5071    0
 5061 5062 5078    0
 5071 5078 5062    0
 5038 5077 5068    0
 5073 5079 5077    0
 5067 5068 5079    0
 5077 5079 5068    0
 4970 5065 5074    0
 5061 5080 5065    0
 5073 5074 5080    0
 5065 5080 5074    0
 5067 5079 5078    0
 5073 5080 5079    0
 5061 5078 5080    0
 5079 5080 5078    0
  598 4907 4750    0
 4905 5081 4907    0
 4749 4750 5081    0
 4907 5081 4750    0
 4911 5083 4912    0
 5082 5084 5083    0
 4905 4912 5084    0
 5083 5084 4912    0
 4752 4756 5086    0
 4749 5085 4756    0
 5082 5086 5085    0
 4756 5085 5086    0
 4905 5084 5081    0
 5082 5085 5084    0
 4749 5081 5085    0
 5084 5085 5081    0
 4879 5088 4927    0
 5087 5089 5088    0
 4925 4927 5089    0
 5088 5089 4927    0
 5090 5092 5094    0
 5091 5093 5092    0
 5087 5094 5093    0
 5092 5093 5094    0
 4911 4933 5096    0
 4925 5095 4933    0
 5091 5096 5095    0
 4933 5095 5096    0
 5087 5093 5089    0
 5091 5095 5093    0
 4925 5089 5095    0
 5093 5095 5089    0
 4759 4764 5099    0
 4761 5098 4764    0
 5097 5099 5098    0
 4764 5098 5099    0
 4752 5101 4770    0
 5100 5102 5101    0
 4761 4770 5102    0
 5101 5102 4770    0
 5090 5103 5105    0
 5097 5104 5103    0
 5100 5105 5104    0
 5103 5104 5105    0
 4761 5102 5098    0
 5100 5104 5102    0
 5097 5098 5104    0
 5102 5104 5098    0
 4911 5096 5083    0
 5091 5106 5096    0
 5082 5083 5106    0
 5096 5106 5083    0
 5090 5105 5092    0
 5100 5107 5105    0
 5091 5092 5107    0
 5105 5107 5092    0
 4752 5086 5101    0
 5082 5108 5086    0
 5100 5101 5108    0
 5086 5108 5101    0
 5091 5107 5106    0
 5100 5108 5107    0
 5082 5106 5108    0
 5107 5108 5106    0
 1178 5027 4870    0
 5025 5109 5027    0
 4869 4870 5109    0
 5027 5109 4870    0
 5031 5111 5032    0
 5110 5112 5111    0
 5025 5032 5112    0
 5111 5112 5032    0
 4872 4876 5114    0
 4869 5113 4876    0
 5110 5114 5113    0
 4876 5113 5114    0
 5025 5112 5109    0
 5110 5113 5112    0
 4869 5109 5113    0
 5112 5113 5109    0
 4999 5116 5047    0
 5115 5117 5116    0
 5045 5047 5117    0
 5116 5117 5047    0
 5118 5120 5122    0
 5119 5121 5120    0
 5115 5122 5121    0
 5120 5121 5122    0
 5031 5053 5124    0
 5045 5123 5053    0
 5119 5124 5123    0
 5053 5123 5124    0
 5115 5121 5117    0
 5119 5123 5121    0
 5045 5117 5123    0
 5121 5123 5117    0
 4879 4884 5127    0
 4881 5126 4884    0
 5125 5127 5126    0
 4884 5126 5127    0
 4872 5129 4890    0
 5128 5130 5129    0
 4881 4890 5130    0
 5129 5130 4890    0
 5118 5131 5133    0
 5125 5132 5131    0
 5128 5133 5132    0
 5131 5132 5133    0
 4881 5130 5126    0
 5128 5132 5130    0
 5125 5126 5132    0
 5130 5132 5126    0
 5031 5124 5111    0
 5119 5134 5124    0
 5110 5111 5134    0
 5124 5134 5111    0
 5118 5133 5120    0
 5128 5135 5133    0
 5119 5120 5135    0
 5133 5135 5120    0
 4872 5114 5129    0
 5110 5136 5114    0
 5128 5129 5136    0
 5114 5136 5129    0
 5119 5135 5134    0
 5128 5136 5135    0
 5110 5134 5136    0
 5135 5136 5134    0
 4230 4787 4990    0
 4785 5137 4787    0
 4989 4990 5137    0
 4787 5137 4990    0
 4791 5139 4792    0
 5138 5140 5139    0
 4785 4792 5140    0
 5139 5140 4792    0
 4992 4996 5142    0
 4989 5141 4996    0
 5138 5142 5141    0
 4996 5141 5142    0
 4785 5140 5137    0
 5138 5141 5140    0
 4989 5137 5141    0
 5140 5141 5137    0
 4759 5144 4807    0
 5143 5145 5144    0
 4805 4807 5145    0
 5144 5145 4807    0
 5146 5148 5150    0
 5147 5149 5148    0
 5143 5150 5149    0
 5148 5149 5150    0
 4791 4813 5152    0
 4805 5151 4813    0
 5147 5152 5151    0
 4813 5151 5152    0
 5143 5149 5145    0
 5147 5151 5149    0
 4805 5145 5151    0
 5149 5151 5145    0
 4999 5004 5155    0
 5001 5154 5004    0
 5153 5155 5154    0
 5004 5154 5155    0
 4992 5157 5010    0
 5156 5158 5157    0
 5001 5010 5158    0
 5157 5158 5010    0
 5146 5159 5161    0
 5153 5160 5159    0
 5156 5161 5160    0
 5159 5160 5161    0
 5001 5158 5154    0
 5156 5160 5158    0
 5153 5154 5160    0
 5158 5160 5154    0
 4791 5152 5139    0
 5147 5162 5152    0
 5138 5139 5162    0
 5152 5162 5139    0
 5146 5161 5148    0
 5156 5163 5161    0
 5147 5148 5163    0
 5161 5163 5148    0
 4992 5142 5157    0
 5138 5164 5142    0
 5156 5157 5164    0
 5142 5164 5157    0
 5147 5163 5162    0
 5156 5164 5163    0
 5138 5162 5164    0
 5163 5164 5162    0
 4879 5127 5088    0
 5125 5165 5127    0
 5087 5088 5165    0
 5127 5165 5088    0
 5118 5167 5131    0
 5166 5168 5167    0
 5125 5131 5168    0
 5167 5168 5131    0
 5090 5094 5170    0
 5087 5169 5094    0
 5166 5170 5169    0
 5094 5169 5170    0
 5125 5168 5165    0
 5166 5169 5168    0
 5087 5165 5169    0
 5168 5169 5165    0
 4999 5155 5116    0
 5153 5171 5155    0
 5115 5116 5171    0
 5155 5171 5116    0
 5146 5173 5159    0
 5172 5174 5173    0
 5153 5159 5174    0
 5173 5174 5159    0
 5118 5122 5176    0
 5115 5175 5122    0
 5172 5176 5175    0
 5122 5175 5176    0
 5153 5174 5171    0
 5172 5175 5174    0
 5115 5171 5175    0
 5174 5175 5171    0
 4759 5099 5144    0
 5097 5177 5099    0
 5143 5144 5177    0
 5099 5177 5144    0
 5090 5179 5103    0
 5178 5180 5179    0
 5097 5103 5180    0
 5179 5180 5103    0
 5146 5150 5182    0
 5143 5181 5150    0
 5178 5182 5181    0
 5150 5181 5182    0
 5097 5180 5177    0
 5178 5181 5180    0
 5143 5177 5181    0
 5180 5181 5177    0
 5118 5176 5167    0
 5172 5183 5176    0
 5166 5167 5183    0
 5176 5183 5167    0
 5146 5182 5173    0
 5178 5184 5182    0
 5172 5173 5184    0
 5182 5184 5173    0
 5090 5170 5179    0
 5166 5185 5170    0
 5178 5179 5185    0
 5170 5185 5179    0
 5172 5184 5183    0
 5178 5185 5184    0
 5166 5183 5185    0
 5184 5185 5183    0
 1394 5187 4332    0
 5186 5188 5187    0
 4330 4332 5188    0
 5187 5188 4332    0
 5189 5191 5193    0
 5190 5192 5191    0
 5186 5193 5192    0
 5191 5192 5193    0
 4335 4339 5195    0
 4330 5194 4339    0
 5190 5195 5194    0
 4339 5194 5195    0
 5186 5192 5188    0
 5190 5194 5192    0
 4330 5188 5194    0
 5192 5194 5188    0
 5196 5199 5201    0
 5197 5200 5199    0
 5198 5201 5200    0
 5199 5200 5201    0
 5202 5204 5206    0
 5203 5205 5204    0
 5197 5206 5205    0
 5204 5205 5206    0
 5189 5207 5209    0
 5198 5208 5207    0
 5203 5209 5208    0
 5207 5208 5209    0
 5197 5205 5200    0
 5203 5208 5205    0
 5198 5200 5208    0
 5205 5208 5200    0
 4344 4349 5212    0
 4346 5211 4349    0
 5210 5212 5211    0
 4349 5211 5212    0
 4335 5214 4355    0
 5213 5215 5214    0
 4346 4355 5215    0
 5214 5215 4355    0
 5202 5216 5218    0
 5210 5217 5216    0
 5213 5218 5217    0
 5216 5217 5218    0
 4346 5215 5211    0
 5213 5217 5215    0
 5210 5211 5217    0
 5215 5217 5211    0
 5189 5209 5191    0
 5203 5219 5209    0
 5190 5191 5219    0
 5209 5219 5191    0
 5202 5218 5204    0
 5213 5220 5218    0
 5203 5204 5220    0
 5218 5220 5204    0
 4335 5195 5214    0
 5190 5221 5195    0
 5213 5214 5221    0
 5195 5221 5214    0
 5203 5220 5219    0
 5213 5221 5220    0
 5190 5219 5221    0
 5220 5221 5219    0
 5222 5225 5227    0
 5223 5226 5225    0
 5224 5227 5226    0
 5225 5226 5227    0
 5228 5230 5232    0
 5229 5231 5230    0
 5223 5232 5231    0
 5230 5231 5232    0
 5233 5234 5236    0
 5224 5235 5234    0
 5229 5236 5235    0
 5234 5235 5236    0
 5223 5231 5226    0
 5229 5235 5231    0
 5224 5226 5235    0
 5231 5235 5226    0
 5237 5240 5242    0
 5238 5241 5240    0
 5239 5242 5241    0
 5240 5241 5242    0
 5243 5245 5247    0
 5244 5246 5245    0
 5238 5247 5246    0
 5245 5246 5247    0
 5228 5248 5250    0
 5239 5249 5248    0
 5244 5250 5249    0
 5248 5249 5250    0
 5238 5246 5241    0
 5244 5249 5246    0
 5239 5241 5249    0
 5246 5249 5241    0
 5196 5253 5255    0
 5251 5254 5253    0
 5252 5255 5254    0
 5253 5254 5255    0
 5233 5257 5259    0
 5256 5258 5257    0
 5251 5259 5258    0
 5257 5258 5259    0
 5243 5260 5262    0
 5252 5261 5260    0
 5256 5262 5261    0
 5260 5261 5262    0
 5251 5258 5254    0
 5256 5261 5258    0
 5252 5254 5261    0
 5258 5261 5254    0
 5228 5250 5230    0
 5244 5263 5250    0
 5229 5230 5263    0
 5250 5263 5230    0
 5243 5262 5245    0
 5256 5264 5262    0
 5244 5245 5264    0
 5262 5264 5245    0
 5233 5236 5257    0
 5229 5265 5236    0
 5256 5257 5265    0
 5236 5265 5257    0
 5244 5264 5263    0
 5256 5265 5264    0
 5229 5263 5265    0
 5264 5265 5263    0
 4374 4379 5268    0
 4376 5267 4379    0
 5266 5268 5267    0
 4379 5267 5268    0
 4385 5270 4386    0
 5269 5271 5270    0
 4376 4386 5271    0
 5270 5271 4386    0
 5272 5273 5275    0
 5266 5274 5273    0
 5269 5275 5274    0
 5273 5274 5275    0
 4376 5271 5267    0
 5269 5274 5271    0
 5266 5267 5274    0
 5271 5274 5267    0
 4344 5277 4405    0
 5276 5278 5277    0
 4403 4405 5278    0
 5277 5278 4405    0
 5279 5281 5283    0
 5280 5282 5281    0
 5276 5283 5282    0
 5281 5282 5283    0
 4385 4411 5285    0
 4403 5284 4411    0
 5280 5285 5284    0
 4411 5284 5285    0
 5276 5282 5278    0
 5280 5284 5282    0
 4403 5278 5284    0
 5282 5284 5278    0
 5237 5288 5290    0
 5286 5289 5288    0
 5287 5290 5289    0
 5288 5289 5290    0
 5272 5292 5294    0
 5291 5293 5292    0
 5286 5294 5293    0
 5292 5293 5294    0
 5279 5295 5297    0
 5287 5296 5295    0
 5291 5297 5296    0
 5295 5296 5297    0
 5286 5293 5289    0
 5291 5296 5293    0
 5287 5289 5296    0
 5293 5296 5289    0
 4385 5285 5270    0
 5280 5298 5285    0
 5269 5270 5298    0
 5285 5298 5270    0
 5279 5297 5281    0
 5291 5299 5297    0
 5280 5281 5299    0
 5297 5299 5281    0
 5272 5275 5292    0
 5269 5300 5275    0
 5291 5292 5300    0
 5275 5300 5292    0
 5280 5299 5298    0
 5291 5300 5299    0
 5269 5298 5300    0
 5299 5300 5298    0
 5196 5255 5199    0
 5252 5301 5255    0
 5197 5199 5301    0
 5255 5301 5199    0
 5243 5303 5260    0
 5302 5304 5303    0
 5252 5260 5304    0
 5303 5304 5260    0
 5202 5206 5306    0
 5197 5305 5206    0
 5302 5306 5305    0
 5206 5305 5306    0
 5252 5304 5301    0
 5302 5305 5304    0
 5197 5301 5305    0
 5304 5305 5301    0
 5237 5290 5240    0
 5287 5307 5290    0
 5238 5240 5307    0
 5290 5307 5240    0
 5279 5309 5295    0
 5308 5310 5309    0
 5287 5295 5310    0
 5309 5310 5295    0
 5243 5247 5312    0
 5238 5311 5247    0
 5308 5312 5311    0
 5247 5311 5312    0
 5287 5310 5307    0
 5308 5311 5310    0
 5238 5307 5311    0
 5310 5311 5307    0
 4344 5212 5277    0
 5210 5313 5212    0
 5276 5277 5313    0
 5212 5313 5277    0
 5202 5315 5216    0
 5314 5316 5315    0
 5210 5216 5316    0
 5315 5316 5216    0
 5279 5283 5318    0
 5276 5317 5283    0
 5314 5318 5317    0
 5283 5317 5318    0
 5210 5316 5313    0
 5314 5317 5316    0
 5276 5313 5317    0
 5316 5317 5313    0
 5243 5312 5303    0
 5308 5319 5312    0
 5302 5303 5319    0
 5312 5319 5303    0
 5279 5318 5309    0
 5314 5320 5318    0
 5308 5309 5320    0
 5318 5320 5309    0
 5202 5306 5315    0
 5302 5321 5306    0
 5314 5315 5321    0
 5306 5321 5315    0
 5308 5320 5319    0
 5314 5321 5320    0
 5302 5319 5321    0
 5320 5321 5319    0
 2778 3956 5324    0
 3954 5323 3956    0
 5322 5324 5323    0
 3956 5323 5324    0
 3960 5326 3961    0
 5325 5327 5326    0
 3954 3961 5327    0
 5326 5327 3961    0
 5328 5329 5331    0
 5322 5330 5329    0
 5325 5331 5330    0
 5329 5330 5331    0
 3954 5327 5323    0
 5325 5330 5327    0
 5322 5323 5330    0
 5327 5330 5323    0
 3974 5333 3977    0
 5332 5334 5333    0
 3975 3977 5334    0
 5333 5334 3977    0
 5335 5337 5339    0
 5336 5338 5337    0
 5332 5339 5338    0
 5337 5338 5339    0
 3960 3983 5341    0
 3975 5340 3983    0
 5336 5341 5340    0
 3983 5340 5341    0
 5332 5338 5334    0
 5336 5340 5338    0
 3975 5334 5340    0
 5338 5340 5334    0
 5342 5345 5347    0
 5343 5346 5345    0
 5344 5347 5346    0
 5345 5346 5347    0
 5328 5349 5351    0
 5348 5350 5349    0
 5343 5351 5350    0
 5349 5350 5351    0
 5335 5352 5354    0
 5344 5353 5352    0
 5348 5354 5353    0
 5352 5353 5354    0
 5343 5350 5346    0
 5348 5353 5350    0
 5344 5346 5353    0
 5350 5353 5346    0
 3960 5341 5326    0
 5336 5355 5341    0
 5325 5326 5355    0
 5341 5355 5326    0
 5335 5354 5337    0
 5348 5356 5354    0
 5336 5337 5356    0
 5354 5356 5337    0
 5328 5331 5349    0
 5325 5357 5331    0
 5348 5349 5357    0
 5331 5357 5349    0
 5336 5356 5355    0
 5348 5357 5356    0
 5325 5355 5357    0
 5356 5357 5355    0
 3847 5359 4028    0
 5358 5360 5359    0
 4026 4028 5360    0
 5359 5360 4028    0
 5361 5363 5365    0
 5362 5364 5363    0
 5358 5365 5364    0
 5363 5364 5365    0
 4031 4035 5367    0
 4026 5366 4035    0
 5362 5367 5366    0
 4035 5366 5367    0
 5358 5364 5360    0
 5362 5366 5364    0
 4026 5360 5366    0
 5364 5366 5360    0
 5368 5371 5373    0
 5369 5372 5371    0
 5370 5373 5372    0
 5371 5372 5373    0
 5374 5376 5378    0
 5375 5377 5376    0
 5369 5378 5377    0
 5376 5377 5378    0
 5361 5379 5381    0
 5370 5380 5379    0
 5375 5381 5380    0
 5379 5380 5381    0
 5369 5377 5372    0
 5375 5380 5377    0
 5370 5372 5380    0
 5377 5380 5372    0
 3974 4044 5384    0
 4041 5383 4044    0
 5382 5384 5383    0
 4044 5383 5384    0
 4031 5386 4050    0
 5385 5387 5386    0
 4041 4050 5387    0
 5386 5387 4050    0
 5374 5388 5390    0
 5382 5389 5388    0
 5385 5390 5389    0
 5388 5389 5390    0
 4041 5387 5383    0
 5385 5389 5387    0
 5382 5383 5389    0
 5387 5389 5383    0
 5361 5381 5363    0
 5375 5391 5381    0
 5362 5363 5391    0
 5381 5391 5363    0
 5374 5390 5376    0
 5385 5392 5390    0
 5375 5376 5392    0
 5390 5392 5376    0
 4031 5367 5386    0
 5362 5393 5367    0
 5385 5386 5393    0
 5367 5393 5386    0
 5375 5392 5391    0
 5385 5393 5392    0
 5362 5391 5393    0
 5392 5393 5391    0
 5222 5396 5398    0
 5394 5397 5396    0
 5395 5398 5397    0
 5396 5397 5398    0
 5399 5401 5403    0
 5400 5402 5401    0
 5394 5403 5402    0
 5401 5402 5403    0
 5404 5405 5407    0
 5395 5406 5405    0
 5400 5407 5406    0
 5405 5406 5407    0
 5394 5402 5397    0
 5400 5406 5402    0
 5395 5397 5406    0
 5402 5406 5397    0
 5342 5410 5412    0
 5408 5411 5410    0
 5409 5412 5411    0
 5410 5411 5412    0
 5413 5415 5417    0
 5414 5416 5415    0
 5408 5417 5416    0
 5415 5416 5417    0
 5399 5418 5420    0
 5409 5419 5418    0
 5414 5420 5419    0
 5418 5419 5420    0
 5408 5416 5411    0
 5414 5419 5416    0
 5409 5411 5419    0
 5416 5419 5411    0
 5368 5423 5425    0
 5421 5424 5423    0
 5422 5425 5424    0
 5423 5424 5425    0
 5404 5427 5429    0
 5426 5428 5427    0
 5421 5429 5428    0
 5427 5428 5429    0
 5413 5430 5432    0
 5422 5431 5430    0
 5426 5432 5431    0
 5430 5431 5432    0
 5421 5428 5424    0
 5426 5431 5428    0
 5422 5424 5431    0
 5428 5431 5424    0
 5399 5420 5401    0
 5414 5433 5420    0
 5400 5401 5433    0
 5420 5433 5401    0
 5413 5432 5415    0
 5426 5434 5432    0
 5414 5415 5434    0
 5432 5434 5415    0
 5404 5407 5427    0
 5400 5435 5407    0
 5426 5427 5435    0
 5407 5435 5427    0
 5414 5434 5433    0
 5426 5435 5434    0
 5400 5433 5435    0
 5434 5435 5433    0
 3974 5384 5333    0
 5382 5436 5384    0
 5332 5333 5436    0
 5384 5436 5333    0
 5374 5438 5388    0
 5437 5439 5438    0
 5382 5388 5439    0
 5438 5439 5388    0
 5335 5339 5441    0
 5332 5440 5339    0
 5437 5441 5440    0
 5339 5440 5441    0
 5382 5439 5436    0
 5437 5440 5439    0
 5332 5436 5440    0
 5439 5440 5436    0
 5368 5425 5371    0
 5422 5442 5425    0
 5369 5371 5442    0
 5425 5442 5371    0
 5413 5444 5430    0
 5443 5445 5444    0
 5422 5430 5445    0
 5444 5445 5430    0
 5374 5378 5447    0
 5369 5446 5378    0
 5443 5447 5446    0
 5378 5446 5447    0
 5422 5445 5442    0
 5443 5446 5445    0
 5369 5442 5446    0
 5445 5446 5442    0
 5342 5347 5410    0
 5344 5448 5347    0
 5408 5410 5448    0
 5347 5448 5410    0
 5335 5450 5352    0
 5449 5451 5450    0
 5344 5352 5451    0
 5450 5451 5352    0
 5413 5417 5453    0
 5408 5452 5417    0
 5449 5453 5452    0
 5417 5452 5453    0
 5344 5451 5448    0
 5449 5452 5451    0
 5408 5448 5452    0
 5451 5452 5448    0
 5374 5447 5438    0
 5443 5454 5447    0
 5437 5438 5454    0
 5447 5454 5438    0
 5413 5453 5444    0
 5449 5455 5453    0
 5443 5444 5455    0
 5453 5455 5444    0
 5335 5441 5450    0
 5437 5456 5441    0
 5449 5450 5456    0
 5441 5456 5450    0
 5443 5455 5454    0
 5449 5456 5455    0
 5437 5454 5456    0
 5455 5456 5454    0
 3802 4483 3805    0
 4481 5457 4483    0
 3803 3805 5457    0
 4483 5457 3805    0
 4487 5459 4488    0
 5458 5460 5459    0
 4481 4488 5460    0
 5459 5460 4488    0
 3808 3812 5462    0
 3803 5461 3812    0
 5458 5462 5461    0
 3812 5461 5462    0
 4481 5460 5457    0
 5458 5461 5460    0
 3803 5457 5461    0
 5460 5461 5457    0
 4501 5464 4504    0
 5463 5465 5464    0
 4502 4504 5465    0
 5464 5465 4504    0
 5466 5468 5470    0
 5467 5469 5468    0
 5463 5470 5469    0
 5468 5469 5470    0
 4487 4510 5472    0
 4502 5471 4510    0
 5467 5472 5471    0
 4510 5471 5472    0
 5463 5469 5465    0
 5467 5471 5469    0
 4502 5465 5471    0
 5469 5471 5465    0
 3817 3822 5475    0
 3819 5474 3822    0
 5473 5475 5474    0
 3822 5474 5475    0
 3808 5477 3828    0
 5476 5478 5477    0
 3819 3828 5478    0
 5477 5478 3828    0
 5466 5479 5481    0
 5473 5480 5479    0
 5476 5481 5480    0
 5479 5480 5481    0
 3819 5478 5474    0
 5476 5480 5478    0
 5473 5474 5480    0
 5478 5480 5474    0
 4487 5472 5459    0
 5467 5482 5472    0
 5458 5459 5482    0
 5472 5482 5459    0
 5466 5481 5468    0
 5476 5483 5481    0
 5467 5468 5483    0
 5481 5483 5468    0
 3808 5462 5477    0
 5458 5484 5462    0
 5476 5477 5484    0
 5462 5484 5477    0
 5467 5483 5482    0
 5476 5484 5483    0
 5458 5482 5484    0
 5483 5484 5482    0
 4374 5486 4555    0
 5485 5487 5486    0
 4553 4555 5487    0
 5486 5487 4555    0
 5488 5490 5492    0
 5489 5491 5490    0
 5485 5492 5491    0
 5490 5491 5492    0
 4558 4562 5494    0
 4553 5493 4562    0
 5489 5494 5493    0
 4562 5493 5494    0
 5485 5491 5487    0
 5489 5493 5491    0
 4553 5487 5493    0
 5491 5493 5487    0
 5495 5498 5500    0
 5496 5499 5498    0
 5497 5500 5499    0
 5498 5499 5500    0
 5501 5503 5505    0
 5502 5504 5503    0
 5496 5505 5504    0
 5503 5504 5505    0
 5488 5506 5508    0
 5497 5507 5506    0
 5502 5508 5507    0
 5506 5507 5508    0
 5496 5504 5499    0
 5502 5507 5504    0
 5497 5499 5507    0
 5504 5507 5499    0
 4501 4571 5511    0
 4568 5510 4571    0
 5509 5511 5510    0
 4571 5510 5511    0
 4558 5513 4577    0
 5512 5514 5513    0
 4568 4577 5514    0
 5513 5514 4577    0
 5501 5515 5517    0
 5509 5516 5515    0
 5512 5517 5516    0
 5515 5516 5517    0
 4568 5514 5510    0
 5512 5516 5514    0
 5509 5510 5516    0
 5514 5516 5510    0
 5488 5508 5490    0
 5502 5518 5508    0
 5489 5490 5518    0
 5508 5518 5490    0
 5501 5517 5503    0
 5512 5519 5517    0
 5502 5503 5519    0
 5517 5519 5503    0
 4558 5494 5513    0
 5489 5520 5494    0
 5512 5513 5520    0
 5494 5520 5513    0
 5502 5519 5518    0
 5512 5520 5519    0
 5489 5518 5520    0
 5519 5520 5518    0
 3847 3852 5523    0
 3849 5522 3852    0
 5521 5523 5522    0
 3852 5522 5523    0
 3858 5525 3859    0
 5524 5526 5525    0
 3849 3859 5526    0
 5525 5526 3859    0
 5527 5528 5530    0
 5521 5529 5528    0
 5524 5530 5529    0
 5528 5529 5530    0
 3849 5526 5522    0
 5524 5529 5526    0
 5521 5522 5529    0
 5526 5529 5522    0
 3817 5532 3878    0
 5531 5533 5532    0
 3876 3878 5533    0
 5532 5533 3878    0
 5534 5536 5538    0
 5535 5537 5536    0
 5531 5538 5537    0
 5536 5537 5538    0
 3858 3884 5540    0
 3876 5539 3884    0
 5535 5540 5539    0
 3884 5539 5540    0
 5531 5537 5533    0
 5535 5539 5537    0
 3876 5533 5539    0
 5537 5539 5533    0
 5495 5543 5545    0
 5541 5544 5543    0
 5542 5545 5544    0
 5543 5544 5545    0
 5527 5547 5549    0
 5546 5548 5547    0
 5541 5549 5548    0
 5547 5548 5549    0
 5534 5550 5552    0
 5542 5551 5550    0
 5546 5552 5551    0
 5550 5551 5552    0
 5541 5548 5544    0
 5546 5551 5548    0
 5542 5544 5551    0
 5548 5551 5544    0
 3858 5540 5525    0
 5535 5553 5540    0
 5524 5525 5553    0
 5540 5553 5525    0
 5534 5552 5536    0
 5546 5554 5552    0
 5535 5536 5554    0
 5552 5554 5536    0
 5527 5530 5547    0
 5524 5555 5530    0
 5546 5547 5555    0
 5530 5555 5547    0
 5535 5554 5553    0
 5546 5555 5554    0
 5524 5553 5555    0
 5554 5555 5553    0
 4501 5511 5464    0
 5509 5556 5511    0
 5463 5464 5556    0
 5511 5556 5464    0
 5501 5558 5515    0
 5557 5559 5558    0
 5509 5515 5559    0
 5558 5559 5515    0
 5466 5470 5561    0
 5463 5560 5470    0
 5557 5561 5560    0
 5470 5560 5561    0
 5509 5559 5556    0
 5557 5560 5559    0
 5463 5556 5560    0
 5559 5560 5556    0
 5495 5545 5498    0
 5542 5562 5545    0
 5496 5498 5562    0
 5545 5562 5498    0
 5534 5564 5550    0
 5563 5565 5564    0
 5542 5550 5565    0
 5564 5565 5550    0
 5501 5505 5567    0
 5496 5566 5505    0
 5563 5567 5566    0
 5505 5566 5567    0
 5542 5565 5562    0
 5563 5566 5565    0
 5496 5562 5566    0
 5565 5566 5562    0
 3817 5475 5532    0
 5473 5568 5475    0
 5531 5532 5568    0
 5475 5568 5532    0
 5466 5570 5479    0
 5569 5571 5570    0
 5473 5479 5571    0
 5570 5571 5479    0
 5534 5538 5573    0
 5531 5572 5538    0
 5569 5573 5572    0
 5538 5572 5573    0
 5473 5571 5568    0
 5569 5572 5571    0
 5531 5568 5572    0
 5571 5572 5568    0
 5501 5567 5558    0
 5563 5574 5567    0
 5557 5558 5574    0
 5567 5574 5558    0
 5534 5573 5564    0
 5569 5575 5573    0
 5563 5564 5575    0
 5573 5575 5564    0
 5466 5561 5570    0
 5557 5576 5561    0
 5569 5570 5576    0
 5561 5576 5570    0
 5563 5575 5574    0
 5569 5576 5575    0
 5557 5574 5576    0
 5575 5576 5574    0
 5222 5398 5225    0
 5395 5577 5398    0
 5223 5225 5577    0
 5398 5577 5225    0
 5404 5579 5405    0
 5578 5580 5579    0
 5395 5405 5580    0
 5579 5580 5405    0
 5228 5232 5582    0
 5223 5581 5232    0
 5578 5582 5581    0
 5232 5581 5582    0
 5395 5580 5577    0
 5578 5581 5580    0
 5223 5577 5581    0
 5580 5581 5577    0
 5368 5584 5423    0
 5583 5585 5584    0
 5421 5423 5585    0
 5584 5585 5423    0
 5586 5588 5590    0
 5587 5589 5588    0
 5583 5590 5589    0
 5588 5589 5590    0
 5404 5429 5592    0
 5421 5591 5429    0
 5587 5592 5591    0
 5429 5591 5592    0
 5583 5589 5585    0
 5587 5591 5589    0
 5421 5585 5591    0
 5589 5591 5585    0
 5237 5242 5595    0
 5239 5594 5242    0
 5593 5595 5594    0
 5242 5594 5595    0
 5228 5597 5248    0
 5596 5598 5597    0
 5239 5248 5598    0
 5597 5598 5248    0
 5586 5599 5601    0
 5593 5600 5599    0
 5596 5601 5600    0
 5599 5600 5601    0
 5239 5598 5594    0
 5596 5600 5598    0
 5593 5594 5600    0
 5598 5600 5594    0
 5404 5592 5579    0
 5587 5602 5592    0
 5578 5579 5602    0
 5592 5602 5579    0
 5586 5601 5588    0
 5596 5603 5601    0
 5587 5588 5603    0
 5601 5603 5588    0
 5228 5582 5597    0
 5578 5604 5582    0
 5596 5597 5604    0
 5582 5604 5597    0
 5587 5603 5602    0
 5596 5604 5603    0
 5578 5602 5604    0
 5603 5604 5602    0
 3847 5523 5359    0
 5521 5605 5523    0
 5358 5359 5605    0
 5523 5605 5359    0
 5527 5607 5528    0
 5606 5608 5607    0
 5521 5528 5608    0
 5607 5608 5528    0
 5361 5365 5610    0
 5358 5609 5365    0
 5606 5610 5609    0
 5365 5609 5610    0
 5521 5608 5605    0
 5606 5609 5608    0
 5358 5605 5609    0
 5608 5609 5605    0
 5495 5612 5543    0
 5611 5613 5612    0
 5541 5543 5613    0
 5612 5613 5543    0
 5614 5616 5618    0
 5615 5617 5616    0
 5611 5618 5617    0
 5616 5617 5618    0
 5527 5549 5620    0
 5541 5619 5549    0
 5615 5620 5619    0
 5549 5619 5620    0
 5611 5617 5613    0
 5615 5619 5617    0
 5541 5613 5619    0
 5617 5619 5613    0
 5368 5373 5623    0
 5370 5622 5373    0
 5621 5623 5622    0
 5373 5622 5623    0
 5361 5625 5379    0
 5624 5626 5625    0
 5370 5379 5626    0
 5625 5626 5379    0
 5614 5627 5629    0
 5621 5628 5627    0
 5624 5629 5628    0
 5627 5628 5629    0
 5370 5626 5622    0
 5624 5628 5626    0
 5621 5622 5628    0
 5626 5628 5622    0
 5527 5620 5607    0
 5615 5630 5620    0
 5606 5607 5630    0
 5620 5630 5607    0
 5614 5629 5616    0
 5624 5631 5629    0
 5615 5616 5631    0
 5629 5631 5616    0
 5361 5610 5625    0
 5606 5632 5610    0
 5624 5625 5632    0
 5610 5632 5625    0
 5615 5631 5630    0
 5624 5632 5631    0
 5606 5630 5632    0
 5631 5632 5630    0
 4374 5268 5486    0
 5266 5633 5268    0
 5485 5486 5633    0
 5268 5633 5486    0
 5272 5635 5273    0
 5634 5636 5635    0
 5266 5273 5636    0
 5635 5636 5273    0
 5488 5492 5638    0
 5485 5637 5492    0
 5634 5638 5637    0
 5492 5637 5638    0
 5266 5636 5633    0
 5634 5637 5636    0
 5485 5633 5637    0
 5636 5637 5633    0
 5237 5640 5288    0
 5639 5641 5640    0
 5286 5288 5641    0
 5640 5641 5288    0
 5642 5644 5646    0
 5643 5645 5644    0
 5639 5646 5645    0
 5644 5645 5646    0
 5272 5294 5648    0
 5286 5647 5294    0
 5643 5648 5647    0
 5294 5647 5648    0
 5639 5645 5641    0
 5643 5647 5645    0
 5286 5641 5647    0
 5645 5647 5641    0
 5495 5500 5651    0
 5497 5650 5500    0
 5649 5651 5650    0
 5500 5650 5651    0
 5488 5653 5506    0
 5652 5654 5653    0
 5497 5506 5654    0
 5653 5654 5506    0
 5642 5655 5657    0
 5649 5656 5655    0
 5652 5657 5656    0
 5655 5656 5657    0
 5497 5654 5650    0
 5652 5656 5654    0
 5649 5650 5656    0
 5654 5656 5650    0
 5272 5648 5635    0
 5643 5658 5648    0
 5634 5635 5658    0
 5648 5658 5635    0
 5642 5657 5644    0
 5652 5659 5657    0
 5643 5644 5659    0
 5657 5659 5644    0
 5488 5638 5653    0
 5634 5660 5638    0
 5652 5653 5660    0
 5638 5660 5653    0
 5643 5659 5658    0
 5652 5660 5659    0
 5634 5658 5660    0
 5659 5660 5658    0
 5368 5623 5584    0
 5621 5661 5623    0
 5583 5584 5661    0
 5623 5661 5584    0
 5614 5663 5627    0
 5662 5664 5663    0
 5621 5627 5664    0
 5663 5664 5627    0
 5586 5590 5666    0
 5583 5665 5590    0
 5662 5666 5665    0
 5590 5665 5666    0
 5621 5664 5661    0
 5662 5665 5664    0
 5583 5661 5665    0
 5664 5665 5661    0
 5495 5651 5612    0
 5649 5667 5651    0
 5611 5612 5667    0
 5651 5667 5612    0
 5642 5669 5655    0
 5668 5670 5669    0
 5649 5655 5670    0
 5669 5670 5655    0
 5614 5618 5672    0
 5611 5671 5618    0
 5668 5672 5671    0
 5618 5671 5672    0
 5649 5670 5667    0
 5668 5671 5670    0
 5611 5667 5671    0
 5670 5671 5667    0
 5237 5595 5640    0
 5593 5673 5595    0
 5639 5640 5673    0
 5595 5673 5640    0
 5586 5675 5599    0
 5674 5676 5675    0
 5593 5599 5676    0
 5675 5676 5599    0
 5642 5646 5678    0
 5639 5677 5646    0
 5674 5678 5677    0
 5646 5677 5678    0
 5593 5676 5673    0
 5674 5677 5676    0
 5639 5673 5677    0
 5676 5677 5673    0
 5614 5672 5663    0
 5668 5679 5672    0
 5662 5663 5679    0
 5672 5679 5663    0
 5642 5678 5669    0
 5674 5680 5678    0
 5668 5669 5680    0
 5678 5680 5669    0
 5586 5666 5675    0
 5662 5681 5666    0
 5674 5675 5681    0
 5666 5681 5675    0
 5668 5680 5679    0
 5674 5681 5680    0
 5662 5679 5681    0
 5680 5681 5679    0
 1394 1399 5187    0
 1396 5682 1399    0
 5186 5187 5682    0
 1399 5682 5187    0
 1405 5684 1406    0
 5683 5685 5684    0
 1396 1406 5685    0
 5684 5685 1406    0
 5189 5193 5687    0
 5186 5686 5193    0
 5683 5687 5686    0
 5193 5686 5687    0
 1396 5685 5682    0
 5683 5686 5685    0
 5186 5682 5686    0
 5685 5686 5682    0
 1423 5689 1426    0
 5688 5690 5689    0
 1424 1426 5690    0
 5689 5690 1426    0
 5691 5693 5695    0
 5692 5694 5693    0
 5688 5695 5694    0
 5693 5694 5695    0
 1405 1432 5697    0
 1424 5696 1432    0
 5692 5697 5696    0
 1432 5696 5697    0
 5688 5694 5690    0
 5692 5696 5694    0
 1424 5690 5696    0
 5694 5696 5690    0
 5196 5201 5700    0
 5198 5699 5201    0
 5698 5700 5699    0
 5201 5699 5700    0
 5189 5702 5207    0
 5701 5703 5702    0
 5198 5207 5703    0
 5702 5703 5207    0
 5691 5704 5706    0
 5698 5705 5704    0
 5701 5706 5705    0
 5704 5705 5706    0
 5198 5703 5699    0
 5701 5705 5703    0
 5698 5699 5705    0
 5703 5705 5699    0
 1405 5697 5684    0
 5692 5707 5697    0
 5683 5684 5707    0
 5697 5707 5684    0
 5691 5706 5693    0
 5701 5708 5706    0
 5692 5693 5708    0
 5706 5708 5693    0
 5189 5687 5702    0
 5683 5709 5687    0
 5701 5702 5709    0
 5687 5709 5702    0
 5692 5708 5707    0
 5701 5709 5708    0
 5683 5707 5709    0
 5708 5709 5707    0
 1287 5711 1484    0
 5710 5712 5711    0
 1482 1484 5712    0
 5711 5712 1484    0
 5713 5715 5717    0
 5714 5716 5715    0
 5710 5717 5716    0
 5715 5716 5717    0
 1487 1491 5719    0
 1482 5718 1491    0
 5714 5719 5718    0
 1491 5718 5719    0
 5710 5716 5712    0
 5714 5718 5716    0
 1482 5712 5718    0
 5716 5718 5712    0
 5720 5723 5725    0
 5721 5724 5723    0
 5722 5725 5724    0
 5723 5724 5725    0
 5726 5728 5730    0
 5727 5729 5728    0
 5721 5730 5729    0
 5728 5729 5730    0
 5713 5731 5733    0
 5722 5732 5731    0
 5727 5733 5732    0
 5731 5732 5733    0
 5721 5729 5724    0
 5727 5732 5729    0
 5722 5724 5732    0
 5729 5732 5724    0
 1423 1500 5736    0
 1497 5735 1500    0
 5734 5736 5735    0
 1500 5735 5736    0
 1487 5738 1506    0
 5737 5739 5738    0
 1497 1506 5739    0
 5738 5739 1506    0
 5726 5740 5742    0
 5734 5741 5740    0
 5737 5742 5741    0
 5740 5741 5742    0
 1497 5739 5735    0
 5737 5741 5739    0
 5734 5735 5741    0
 5739 5741 5735    0
 5713 5733 5715    0
 5727 5743 5733    0
 5714 5715 5743    0
 5733 5743 5715    0
 5726 5742 5728    0
 5737 5744 5742    0
 5727 5728 5744    0
 5742 5744 5728    0
 1487 5719 5738    0
 5714 5745 5719    0
 5737 5738 5745    0
 5719 5745 5738    0
 5727 5744 5743    0
 5737 5745 5744    0
 5714 5743 5745    0
 5744 5745 5743    0
 5222 5227 5748    0
 5224 5747 5227    0
 5746 5748 5747    0
 5227 5747 5748    0
 5233 5750 5234    0
 5749 5751 5750    0
 5224 5234 5751    0
 5750 5751 5234    0
 5752 5753 5755    0
 5746 5754 5753    0
 5749 5755 5754    0
 5753 5754 5755    0
 5224 5751 5747    0
 5749 5754 5751    0
 5746 5747 5754    0
 5751 5754 5747    0
 5196 5757 5253    0
 5756 5758 5757    0
 5251 5253 5758    0
 5757 5758 5253    0
 5759 5761 5763    0
 5760 5762 5761    0
 5756 5763 5762    0
 5761 5762 5763    0
 5233 5259 5765    0
 5251 5764 5259    0
 5760 5765 5764    0
 5259 5764 5765    0
 5756 5762 5758    0
 5760 5764 5762    0
 5251 5758 5764    0
 5762 5764 5758    0
 5720 5768 5770    0
 5766 5769 5768    0
 5767 5770 5769    0
 5768 5769 5770    0
 5752 5772 5774    0
 5771 5773 5772    0
 5766 5774 5773    0
 5772 5773 5774    0
 5759 5775 5777    0
 5767 5776 5775    0
 5771 5777 5776    0
 5775 5776 5777    0
 5766 5773 5769    0
 5771 5776 5773    0
 5767 5769 5776    0
 5773 5776 5769    0
 5233 5765 5750    0
 5760 5778 5765    0
 5749 5750 5778    0
 5765 5778 5750    0
 5759 5777 5761    0
 5771 5779 5777    0
 5760 5761 5779    0
 5777 5779 5761    0
 5752 5755 5772    0
 5749 5780 5755    0
 5771 5772 5780    0
 5755 5780 5772    0
 5760 5779 5778    0
 5771 5780 5779    0
 5749 5778 5780    0
 5779 5780 5778    0
 1423 5736 5689    0
 5734 5781 5736    0
 5688 5689 5781    0
 5736 5781 5689    0
 5726 5783 5740    0
 5782 5784 5783    0
 5734 5740 5784    0
 5783 5784 5740    0
 5691 5695 5786    0
 5688 5785 5695    0
 5782 5786 5785    0
 5695 5785 5786    0
 5734 5784 5781    0
 5782 5785 5784    0
 5688 5781 5785    0
 5784 5785 5781    0
 5720 5770 5723    0
 5767 5787 5770    0
 5721 5723 5787    0
 5770 5787 5723    0
 5759 5789 5775    0
 5788 5790 5789    0
 5767 5775 5790    0
 5789 5790 5775    0
 5726 5730 5792    0
 5721 5791 5730    0
 5788 5792 5791    0
 5730 5791 5792    0
 5767 5790 5787    0
 5788 5791 5790    0
 5721 5787 5791    0
 5790 5791 5787    0
 5196 5700 5757    0
 5698 5793 5700    0
 5756 5757 5793    0
 5700 5793 5757    0
 5691 5795 5704    0
 5794 5796 5795    0
 5698 5704 5796    0
 5795 5796 5704    0
 5759 5763 5798    0
 5756 5797 5763    0
 5794 5798 5797    0
 5763 5797 5798    0
 5698 5796 5793    0
 5794 5797 5796    0
 5756 5793 5797    0
 5796 5797 5793    0
 5726 5792 5783    0
 5788 5799 5792    0
 5782 5783 5799    0
 5792 5799 5783    0
 5759 5798 5789    0
 5794 5800 5798    0
 5788 5789 5800    0
 5798 5800 5789    0
 5691 5786 5795    0
 5782 5801 5786    0
 5794 5795 5801    0
 5786 5801 5795    0
 5788 5800 5799    0
 5794 5801 5800    0
 5782 5799 5801    0
 5800 5801 5799    0
 1242 2932 1245    0
 2930 5802 2932    0
 1243 1245 5802    0
 2932 5802 1245    0
 2936 5804 2937    0
 5803 5805 5804    0
 2930 2937 5805    0
 5804 5805 2937    0
 1248 1252 5807    0
 1243 5806 1252    0
 5803 5807 5806    0
 1252 5806 5807    0
 2930 5805 5802    0
 5803 5806 5805    0
 1243 5802 5806    0
 5805 5806 5802    0
 2950 5809 2953    0
 5808 5810 5809    0
 2951 2953 5810    0
 5809 5810 2953    0
 5811 5813 5815    0
 5812 5814 5813    0
 5808 5815 5814    0
 5813 5814 5815    0
 2936 2959 5817    0
 2951 5816 2959    0
 5812 5817 5816    0
 2959 5816 5817    0
 5808 5814 5810    0
 5812 5816 5814    0
 2951 5810 5816    0
 5814 5816 5810    0
 1257 1262 5820    0
 1259 5819 1262    0
 5818 5820 5819    0
 1262 5819 5820    0
 1248 5822 1268    0
 5821 5823 5822    0
 1259 1268 5823    0
 5822 5823 1268    0
 5811 5824 5826    0
 5818 5825 5824    0
 5821 5826 5825    0
 5824 5825 5826    0
 1259 5823 5819    0
 5821 5825 5823    0
 5818 5819 5825    0
 5823 5825 5819    0
 2936 5817 5804    0
 5812 5827 5817    0
 5803 5804 5827    0
 5817 5827 5804    0
 5811 5826 5813    0
 5821 5828 5826    0
 5812 5813 5828    0
 5826 5828 5813    0
 1248 5807 5822    0
 5803 5829 5807    0
 5821 5822 5829    0
 5807 5829 5822    0
 5812 5828 5827    0
 5821 5829 5828    0
 5803 5827 5829    0
 5828 5829 5827    0
 2823 5831 3004    0
 5830 5832 5831    0
 3002 3004 5832    0
 5831 5832 3004    0
 5833 5835 5837    0
 5834 5836 5835    0
 5830 5837 5836    0
 5835 5836 5837    0
 3007 3011 5839    0
 3002 5838 3011    0
 5834 5839 5838    0
 3011 5838 5839    0
 5830 5836 5832    0
 5834 5838 5836    0
 3002 5832 5838    0
 5836 5838 5832    0
 5840 5843 5845    0
 5841 5844 5843    0
 5842 5845 5844    0
 5843 5844 5845    0
 5846 5848 5850    0
 5847 5849 5848    0
 5841 5850 5849    0
 5848 5849 5850    0
 5833 5851 5853    0
 5842 5852 5851    0
 5847 5853 5852    0
 5851 5852 5853    0
 5841 5849 5844    0
 5847 5852 5849    0
 5842 5844 5852    0
 5849 5852 5844    0
 2950 3020 5856    0
 3017 5855 3020    0
 5854 5856 5855    0
 3020 5855 5856    0
 3007 5858 3026    0
 5857 5859 5858    0
 3017 3026 5859    0
 5858 5859 3026    0
 5846 5860 5862    0
 5854 5861 5860    0
 5857 5862 5861    0
 5860 5861 5862    0
 3017 5859 5855    0
 5857 5861 5859    0
 5854 5855 5861    0
 5859 5861 5855    0
 5833 5853 5835    0
 5847 5863 5853    0
 5834 5835 5863    0
 5853 5863 5835    0
 5846 5862 5848    0
 5857 5864 5862    0
 5847 5848 5864    0
 5862 5864 5848    0
 3007 5839 5858    0
 5834 5865 5839    0
 5857 5858 5865    0
 5839 5865 5858    0
 5847 5864 5863    0
 5857 5865 5864    0
 5834 5863 5865    0
 5864 5865 5863    0
 1287 1292 5868    0
 1289 5867 1292    0
 5866 5868 5867    0
 1292 5867 5868    0
 1298 5870 1299    0
 5869 5871 5870    0
 1289 1299 5871    0
 5870 5871 1299    0
 5872 5873 5875    0
 5866 5874 5873    0
 5869 5875 5874    0
 5873 5874 5875    0
 1289 5871 5867    0
 5869 5874 5871    0
 5866 5867 5874    0
 5871 5874 5867    0
 1257 5877 1318    0
 5876 5878 5877    0
 1316 1318 5878    0
 5877 5878 1318    0
 5879 5881 5883    0
 5880 5882 5881    0
 5876 5883 5882    0
 5881 5882 5883    0
 1298 1324 5885    0
 1316 5884 1324    0
 5880 5885 5884    0
 1324 5884 5885    0
 5876 5882 5878    0
 5880 5884 5882    0
 1316 5878 5884    0
 5882 5884 5878    0
 5840 5888 5890    0
 5886 5889 5888    0
 5887 5890 5889    0
 5888 5889 5890    0
 5872 5892 5894    0
 5891 5893 5892    0
 5886 5894 5893    0
 5892 5893 5894    0
 5879 5895 5897    0
 5887 5896 5895    0
 5891 5897 5896    0
 5895 5896 5897    0
 5886 5893 5889    0
 5891 5896 5893    0
 5887 5889 5896    0
 5893 5896 5889    0
 1298 5885 5870    0
 5880 5898 5885    0
 5869 5870 5898    0
 5885 5898 5870    0
 5879 5897 5881    0
 5891 5899 5897    0
 5880 5881 5899    0
 5897 5899 5881    0
 5872 5875 5892    0
 5869 5900 5875    0
 5891 5892 5900    0
 5875 5900 5892    0
 5880 5899 5898    0
 5891 5900 5899    0
 5869 5898 5900    0
 5899 5900 5898    0
 2950 5856 5809    0
 5854 5901 5856    0
 5808 5809 5901    0
 5856 5901 5809    0
 5846 5903 5860    0
 5902 5904 5903    0
 5854 5860 5904    0
 5903 5904 5860    0
 5811 5815 5906    0
 5808 5905 5815    0
 5902 5906 5905    0
 5815 5905 5906    0
 5854 5904 5901    0
 5902 5905 5904    0
 5808 5901 5905    0
 5904 5905 5901    0
 5840 5890 5843    0
 5887 5907 5890    0
 5841 5843 5907    0
 5890 5907 5843    0
 5879 5909 5895    0
 5908 5910 5909    0
 5887 5895 5910    0
 5909 5910 5895    0
 5846 5850 5912    0
 5841 5911 5850    0
 5908 5912 5911    0
 5850 5911 5912    0
 5887 5910 5907    0
 5908 5911 5910    0
 5841 5907 5911    0
 5910 5911 5907    0
 1257 5820 5877    0
 5818 5913 5820    0
 5876 5877 5913    0
 5820 5913 5877    0
 5811 5915 5824    0
 5914 5916 5915    0
 5818 5824 5916    0
 5915 5916 5824    0
 5879 5883 5918    0
 5876 5917 5883    0
 5914 5918 5917    0
 5883 5917 5918    0
 5818 5916 5913    0
 5914 5917 5916    0
 5876 5913 5917    0
 5916 5917 5913    0
 5846 5912 5903    0
 5908 5919 5912    0
 5902 5903 5919    0
 5912 5919 5903    0
 5879 5918 5909    0
 5914 5920 5918    0
 5908 5909 5920    0
 5918 5920 5909    0
 5811 5906 5915    0
 5902 5921 5906    0
 5914 5915 5921    0
 5906 5921 5915    0
 5908 5920 5919    0
 5914 5921 5920    0
 5902 5919 5921    0
 5920 5921 5919    0
 2778 5324 2781    0
 5322 5922 5324    0
 2779 2781 5922    0
 5324 5922 2781    0
 5328 5924 5329    0
 5923 5925 5924    0
 5322 5329 5925    0
 5924 5925 5329    0
 2784 2788 5927    0
 2779 5926 2788    0
 5923 5927 5926    0
 2788 5926 5927    0
 5322 5925 5922    0
 5923 5926 5925    0
 2779 5922 5926    0
 5925 5926 5922    0
 5342 5929 5345    0
 5928 5930 5929    0
 5343 5345 5930    0
 5929 5930 5345    0
 5931 5933 5935    0
 5932 5934 5933    0
 5928 5935 5934    0
 5933 5934 5935    0
 5328 5351 5937    0
 5343 5936 5351    0
 5932 5937 5936    0
 5351 5936 5937    0
 5928 5934 5930    0
 5932 5936 5934    0
 5343 5930 5936    0
 5934 5936 5930    0
 2793 2798 5940    0
 2795 5939 2798    0
 5938 5940 5939    0
 2798 5939 5940    0
 2784 5942 2804    0
 5941 5943 5942    0
 2795 2804 5943    0
 5942 5943 2804    0
 5931 5944 5946    0
 5938 5945 5944    0
 5941 5946 5945    0
 5944 5945 5946    0
 2795 5943 5939    0
 5941 5945 5943    0
 5938 5939 5945    0
 5943 5945 5939    0
 5328 5937 5924    0
 5932 5947 5937    0
 5923 5924 5947    0
 5937 5947 5924    0
 5931 5946 5933    0
 5941 5948 5946    0
 5932 5933 5948    0
 5946 5948 5933    0
 2784 5927 5942    0
 5923 5949 5927    0
 5941 5942 5949    0
 5927 5949 5942    0
 5932 5948 5947    0
 5941 5949 5948    0
 5923 5947 5949    0
 5948 5949 5947    0
 5222 5951 5396    0
 5950 5952 5951    0
 5394 5396 5952    0
 5951 5952 5396    0
 5953 5955 5957    0
 5954 5956 5955    0
 5950 5957 5956    0
 5955 5956 5957    0
 5399 5403 5959    0
 5394 5958 5403    0
 5954 5959 5958    0
 5403 5958 5959    0
 5950 5956 5952    0
 5954 5958 5956    0
 5394 5952 5958    0
 5956 5958 5952    0
 5960 5963 5965    0
 5961 5964 5963    0
 5962 5965 5964    0
 5963 5964 5965    0
 5966 5968 5970    0
 5967 5969 5968    0
 5961 5970 5969    0
 5968 5969 5970    0
 5953 5971 5973    0
 5962 5972 5971    0
 5967 5973 5972    0
 5971 5972 5973    0
 5961 5969 5964    0
 5967 5972 5969    0
 5962 5964 5972    0
 5969 5972 5964    0
 5342 5412 5976    0
 5409 5975 5412    0
 5974 5976 5975    0
 5412 5975 5976    0
 5399 5978 5418    0
 5977 5979 5978    0
 5409 5418 5979    0
 5978 5979 5418    0
 5966 5980 5982    0
 5974 5981 5980    0
 5977 5982 5981    0
 5980 5981 5982    0
 5409 5979 5975    0
 5977 5981 5979    0
 5974 5975 5981    0
 5979 5981 5975    0
 5953 5973 5955    0
 5967 5983 5973    0
 5954 5955 5983    0
 5973 5983 5955    0
 5966 5982 5968    0
 5977 5984 5982    0
 5967 5968 5984    0
 5982 5984 5968    0
 5399 5959 5978    0
 5954 5985 5959    0
 5977 5978 5985    0
 5959 5985 5978    0
 5967 5984 5983    0
 5977 5985 5984    0
 5954 5983 5985    0
 5984 5985 5983    0
 2823 2828 5988    0
 2825 5987 2828    0
 5986 5988 5987    0
 2828 5987 5988    0
 2834 5990 2835    0
 5989 5991 5990    0
 2825 2835 5991    0
 5990 5991 2835    0
 5992 5993 5995    0
 5986 5994 5993    0
 5989 5995 5994    0
 5993 5994 5995    0
 2825 5991 5987    0
 5989 5994 5991    0
 5986 5987 5994    0
 5991 5994 5987    0
 2793 5997 2854    0
 5996 5998 5997    0
 2852 2854 5998    0
 5997 5998 2854    0
 5999 6001 6003    0
 6000 6002 6001    0
 5996 6003 6002    0
 6001 6002 6003    0
 2834 2860 6005    0
 2852 6004 2860    0
 6000 6005 6004    0
 2860 6004 6005    0
 5996 6002 5998    0
 6000 6004 6002    0
 2852 5998 6004    0
 6002 6004 5998    0
 5960 6008 6010    0
 6006 6009 6008    0
 6007 6010 6009    0
 6008 6009 6010    0
 5992 6012 6014    0
 6011 6013 6012    0
 6006 6014 6013    0
 6012 6013 6014    0
 5999 6015 6017    0
 6007 6016 6015    0
 6011 6017 6016    0
 6015 6016 6017    0
 6006 6013 6009    0
 6011 6016 6013    0
 6007 6009 6016    0
 6013 6016 6009    0
 2834 6005 5990    0
 6000 6018 6005    0
 5989 5990 6018    0
 6005 6018 5990    0
 5999 6017 6001    0
 6011 6019 6017    0
 6000 6001 6019    0
 6017 6019 6001    0
 5992 5995 6012    0
 5989 6020 5995    0
 6011 6012 6020    0
 5995 6020 6012    0
 6000 6019 6018    0
 6011 6020 6019    0
 5989 6018 6020    0
 6019 6020 6018    0
 5342 5976 5929    0
 5974 6021 5976    0
 5928 5929 6021    0
 5976 6021 5929    0
 5966 6023 5980    0
 6022 6024 6023    0
 5974 5980 6024    0
 6023 6024 5980    0
 5931 5935 6026    0
 5928 6025 5935    0
 6022 6026 6025    0
 5935 6025 6026    0
 5974 6024 6021    0
 6022 6025 6024    0
 5928 6021 6025    0
 6024 6025 6021    0
 5960 6010 5963    0
 6007 6027 6010    0
 5961 5963 6027    0
 6010 6027 5963    0
 5999 6029 6015    0
 6028 6030 6029    0
 6007 6015 6030    0
 6029 6030 6015    0
 5966 5970 6032    0
 5961 6031 5970    0
 6028 6032 6031    0
 5970 6031 6032    0
 6007 6030 6027    0
 6028 6031 6030    0
 5961 6027 6031    0
 6030 6031 6027    0
 2793 5940 5997    0
 5938 6033 5940    0
 5996 5997 6033    0
 5940 6033 5997    0
 5931 6035 5944    0
 6034 6036 6035    0
 5938 5944 6036    0
 6035 6036 5944    0
 5999 6003 6038    0
 5996 6037 6003    0
 6034 6038 6037    0
 6003 6037 6038    0
 5938 6036 6033    0
 6034 6037 6036    0
 5996 6033 6037    0
 6036 6037 6033    0
 5966 6032 6023    0
 6028 6039 6032    0
 6022 6023 6039    0
 6032 6039 6023    0
 5999 6038 6029    0
 6034 6040 6038    0
 6028 6029 6040    0
 6038 6040 6029    0
 5931 6026 6035    0
 6022 6041 6026    0
 6034 6035 6041    0
 6026 6041 6035    0
 6028 6040 6039    0
 6034 6041 6040    0
 6022 6039 6041    0
 6040 6041 6039    0
 1287 5868 5711    0
 5866 6042 5868    0
 5710 5711 6042    0
 5868 6042 5711    0
 5872 6044 5873    0
 6043 6045 6044    0
 5866 5873 6045    0
 6044 6045 5873    0
 5713 5717 6047    0
 5710 6046 5717    0
 6043 6047 6046    0
 5717 6046 6047    0
 5866 6045 6042    0
 6043 6046 6045    0
 5710 6042 6046    0
 6045 6046 6042    0
 5840 6049 5888    0
 6048 6050 6049    0
 5886 5888 6050    0
 6049 6050 5888    0
 6051 6053 6055    0
 6052 6054 6053    0
 6048 6055 6054    0
 6053 6054 6055    0
 5872 5894 6057    0
 5886 6056 5894    0
 6052 6057 6056    0
 5894 6056 6057    0
 6048 6054 6050    0
 6052 6056 6054    0
 5886 6050 6056    0
 6054 6056 6050    0
 5720 5725 6060    0
 5722 6059 5725    0
 6058 6060 6059    0
 5725 6059 6060    0
 5713 6062 5731    0
 6061 6063 6062    0
 5722 5731 6063    0
 6062 6063 5731    0
 6051 6064 6066    0
 6058 6065 6064    0
 6061 6066 6065    0
 6064 6065 6066    0
 5722 6063 6059    0
 6061 6065 6063    0
 6058 6059 6065    0
 6063 6065 6059    0
 5872 6057 6044    0
 6052 6067 6057    0
 6043 6044 6067    0
 6057 6067 6044    0
 6051 6066 6053    0
 6061 6068 6066    0
 6052 6053 6068    0
 6066 6068 6053    0
 5713 6047 6062    0
 6043 6069 6047    0
 6061 6062 6069    0
 6047 6069 6062    0
 6052 6068 6067    0
 6061 6069 6068    0
 6043 6067 6069    0
 6068 6069 6067    0
 2823 5988 5831    0
 5986 6070 5988    0
 5830 5831 6070    0
 5988 6070 5831    0
 5992 6072 5993    0
 6071 6073 6072    0
 5986 5993 6073    0
 6072 6073 5993    0
 5833 5837 6075    0
 5830 6074 5837    0
 6071 6075 6074    0
 5837 6074 6075    0
 5986 6073 6070    0
 6071 6074 6073    0
 5830 6070 6074    0
 6073 6074 6070    0
 5960 6077 6008    0
 6076 6078 6077    0
 6006 6008 6078    0
 6077 6078 6008    0
 6079 6081 6083    0
 6080 6082 6081    0
 6076 6083 6082    0
 6081 6082 6083    0
 5992 6014 6085    0
 6006 6084 6014    0
 6080 6085 6084    0
 6014 6084 6085    0
 6076 6082 6078    0
 6080 6084 6082    0
 6006 6078 6084    0
 6082 6084 6078    0
 5840 5845 6088    0
 5842 6087 5845    0
 6086 6088 6087    0
 5845 6087 6088    0
 5833 6090 5851    0
 6089 6091 6090    0
 5842 5851 6091    0
 6090 6091 5851    0
 6079 6092 6094    0
 6086 6093 6092    0
 6089 6094 6093    0
 6092 6093 6094    0
 5842 6091 6087    0
 6089 6093 6091    0
 6086 6087 6093    0
 6091 6093 6087    0
 5992 6085 6072    0
 6080 6095 6085    0
 6071 6072 6095    0
 6085 6095 6072    0
 6079 6094 6081    0
 6089 6096 6094    0
 6080 6081 6096    0
 6094 6096 6081    0
 5833 6075 6090    0
 6071 6097 6075    0
 6089 6090 6097    0
 6075 6097 6090    0
 6080 6096 6095    0
 6089 6097 6096    0
 6071 6095 6097    0
 6096 6097 6095    0
 5222 5748 5951    0
 5746 6098 5748    0
 5950 5951 6098    0
 5748 6098 5951    0
 5752 6100 5753    0
 6099 6101 6100    0
 5746 5753 6101    0
 6100 6101 5753    0
 5953 5957 6103    0
 5950 6102 5957    0
 6099 6103 6102    0
 5957 6102 6103    0
 5746 6101 6098    0
 6099 6102 6101    0
 5950 6098 6102    0
 6101 6102 6098    0
 5720 6105 5768    0
 6104 6106 6105    0
 5766 5768 6106    0
 6105 6106 5768    0
 6107 6109 6111    0
 6108 6110 6109    0
 6104 6111 6110    0
 6109 6110 6111    0
 5752 5774 6113    0
 5766 6112 5774    0
 6108 6113 6112    0
 5774 6112 6113    0
 6104 6110 6106    0
 6108 6112 6110    0
 5766 6106 6112    0
 6110 6112 6106    0
 5960 5965 6116    0
 5962 6115 5965    0
 6114 6116 6115    0
 5965 6115 6116    0
 5953 6118 5971    0
 6117 6119 6118    0
 5962 5971 6119    0
 6118 6119 5971    0
 6107 6120 6122    0
 6114 6121 6120    0
 6117 6122 6121    0
 6120 6121 6122    0
 5962 6119 6115    0
 6117 6121 6119    0
 6114 6115 6121    0
 6119 6121 6115    0
 5752 6113 6100    0
 6108 6123 6113    0
 6099 6100 6123    0
 6113 6123 6100    0
 6107 6122 6109    0
 6117 6124 6122    0
 6108 6109 6124    0
 6122 6124 6109    0
 5953 6103 6118    0
 6099 6125 6103    0
 6117 6118 6125    0
 6103 6125 6118    0
 6108 6124 6123    0
 6117 6125 6124    0
 6099 6123 6125    0
 6124 6125 6123    0
 5840 6088 6049    0
 6086 6126 6088    0
 6048 6049 6126    0
 6088 6126 6049    0
 6079 6128 6092    0
 6127 6129 6128    0
 6086 6092 6129    0
 6128 6129 6092    0
 6051 6055 6131    0
 6048 6130 6055    0
 6127 6131 6130    0
 6055 6130 6131    0
 6086 6129 6126    0
 6127 6130 6129    0
 6048 6126 6130    0
 6129 6130 6126    0
 5960 6116 6077    0
 6114 6132 6116    0
 6076 6077 6132    0
 6116 6132 6077    0
 6107 6134 6120    0
 6133 6135 6134    0
 6114 6120 6135    0
 6134 6135 6120    0
 6079 6083 6137    0
 6076 6136 6083    0
 6133 6137 6136    0
 6083 6136 6137    0
 6114 6135 6132    0
 6133 6136 6135    0
 6076 6132 6136    0
 6135 6136 6132    0
 5720 6060 6105    0
 6058 6138 6060    0
 6104 6105 6138    0
 6060 6138 6105    0
 6051 6140 6064    0
 6139 6141 6140    0
 6058 6064 6141    0
 6140 6141 6064    0
 6107 6111 6143    0
 6104 6142 6111    0
 6139 6143 6142    0
 6111 6142 6143    0
 6058 6141 6138    0
 6139 6142 6141    0
 6104 6138 6142    0
 6141 6142 6138    0
 6079 6137 6128    0
 6133 6144 6137    0
 6127 6128 6144    0
 6137 6144 6128    0
 6107 6143 6134    0
 6139 6145 6143    0
 6133 6134 6145    0
 6143 6145 6134    0
 6051 6131 6140    0
 6127 6146 6131    0
 6139 6140 6146    0
 6131 6146 6140    0
 6133 6145 6144    0
 6139 6146 6145    0
 6127 6144 6146    0
 6145 6146 6144    0
End