MeshVersion
 1
Dimension
 3
Vertices
 2562
     0.85065080835204     0.52573111211913                    0     0
    0.783843042419972    0.615642020873679   0.0810862934433043     0
    0.864929335863276    0.484441642060666    0.131200378813013     0
    0.819207405918665    0.572055577341368   0.0406404050256133     0
    0.827109791494193    0.551859056507969    0.106494011871877     0
    0.859847810944278    0.506298020693364   0.0657575566480038     0
    0.702046444776163    0.693780477560449    0.160622035640025     0
    0.792649229259282    0.571251659135708     0.21302286564913     0
    0.749785606185563    0.634579268498273    0.187431845610995     0
    0.790170103914269    0.594895337780011    0.147413513517997     0
     0.74472698181937    0.656281825524826    0.121144079657298     0
    0.862668480416187    0.433888564552694    0.259891913007754     0
    0.865871061476667    0.460266587103494    0.196015238421331     0
    0.830812209218007    0.529135030024209    0.172531715970059     0
     0.83035859000505    0.504209442103349    0.237228688186432     0
                  0.5     0.80901699437495     0.30901699437495     0
    0.601500955007544    0.707106781186548    0.371748034460185     0
    0.606825149271813    0.758652300163257    0.237086325350578     0
    0.552453507294724    0.760405965600031     0.34143504471223     0
    0.605741479945669    0.734794251350019    0.305212495904402     0
    0.554740147179038    0.785714975624047    0.273706679107183     0
    0.688190960235586    0.587785252292474     0.42532540417602     0
    0.702309846743373    0.647411893882224    0.296004592577769     0
    0.697036981561042    0.619185610019896    0.361591795648851     0
    0.653497215079619    0.678913060654244    0.334691568397336     0
    0.646839949313379    0.649448048330184    0.399769073956928     0
    0.656005712553905    0.727958497701465    0.199331208597321     0
    0.656619613803171    0.705236152793139    0.267381097990316     0
    0.703982525981985    0.672319410093836    0.228900008569462     0
     0.80901699437495     0.30901699437495                  0.5     0
     0.84391147462239     0.37503856747821    0.383613732685047     0
    0.757935420047776    0.453990499739548    0.468429850866954     0
    0.828446826286222    0.342848265880766     0.44286670974328     0
    0.803015928553963    0.415597488389907     0.42713481025622     0
    0.785898871150631    0.382683432365091    0.485712214091263     0
    0.783451698363313    0.516121620051061    0.346153014788992     0
    0.825175098744512    0.476225708180024    0.303801137720746     0
    0.816232536305202    0.446977019141151    0.366027309140272     0
    0.855336921151225    0.405433827172407    0.322524670529058     0
    0.725299045041224     0.52249856471595    0.448259461843317     0
     0.77257542880342    0.486240463529511    0.408285951798268     0
    0.737712162076988     0.55337178544656    0.386730439706242     0
    0.749435075214837    0.610925895014903    0.255179581545961     0
    0.745338478922828    0.583691442484128    0.322141043345617     0
    0.790112141663011     0.54510901893912     0.28031939117357     0
    0.383613732685047     0.84391147462239     0.37503856747821     0
    0.468429850866954    0.757935420047776    0.453990499739548     0
     0.44286670974328    0.828446826286222    0.342848265880766     0
     0.42713481025622    0.803015928553963    0.415597488389907     0
    0.485712214091263    0.785898871150631    0.382683432365091     0
    0.259891913007754    0.862668480416187    0.433888564552694     0
    0.346153014788992    0.783451698363313    0.516121620051061     0
    0.303801137720746    0.825175098744512    0.476225708180024     0
    0.366027309140272    0.816232536305202    0.446977019141151     0
    0.322524670529058    0.855336921151225    0.405433827172407     0
     0.42532540417602    0.688190960235586    0.587785252292474     0
    0.448259461843317    0.725299045041224     0.52249856471595     0
    0.408285951798268     0.77257542880342    0.486240463529511     0
    0.386730439706242    0.737712162076988     0.55337178544656     0
                    0     0.85065080835204     0.52573111211913     0
   0.0810862934433043    0.783843042419972    0.615642020873679     0
    0.131200378813013    0.864929335863276    0.484441642060666     0
   0.0406404050256133    0.819207405918665    0.572055577341368     0
    0.106494011871877    0.827109791494193    0.551859056507969     0
   0.0657575566480038    0.859847810944278    0.506298020693364     0
    0.160622035640025    0.702046444776163    0.693780477560449     0
     0.21302286564913    0.792649229259282    0.571251659135708     0
    0.187431845610995    0.749785606185563    0.634579268498273     0
    0.147413513517997    0.790170103914269    0.594895337780011     0
    0.121144079657298     0.74472698181937    0.656281825524826     0
    0.196015238421331    0.865871061476667    0.460266587103494     0
    0.172531715970059    0.830812209218007    0.529135030024209     0
    0.237228688186432     0.83035859000505    0.504209442103349     0
     0.30901699437495                  0.5     0.80901699437495     0
    0.371748034460185    0.601500955007544    0.707106781186548     0
    0.237086325350578    0.606825149271813    0.758652300163257     0
     0.34143504471223    0.552453507294724    0.760405965600031     0
    0.305212495904402    0.605741479945669    0.734794251350019     0
    0.273706679107183    0.554740147179038    0.785714975624047     0
    0.296004592577769    0.702309846743373    0.647411893882224     0
    0.361591795648851    0.697036981561042    0.619185610019896     0
    0.334691568397336    0.653497215079619    0.678913060654244     0
    0.399769073956928    0.646839949313379    0.649448048330184     0
    0.199331208597321    0.656005712553905    0.727958497701465     0
    0.267381097990316    0.656619613803171    0.705236152793139     0
    0.228900008569462    0.703982525981985    0.672319410093836     0
     0.28031939117357    0.790112141663011     0.54510901893912     0
    0.255179581545961    0.749435075214837    0.610925895014903     0
    0.322141043345617    0.745338478922828    0.583691442484128     0
    0.707106781186548    0.371748034460185    0.601500955007544     0
    0.758652300163257    0.237086325350578    0.606825149271813     0
    0.760405965600031     0.34143504471223    0.552453507294724     0
    0.734794251350019    0.305212495904402    0.605741479945669     0
    0.785714975624047    0.273706679107183    0.554740147179038     0
    0.587785252292474     0.42532540417602    0.688190960235586     0
    0.647411893882224    0.296004592577769    0.702309846743373     0
    0.619185610019896    0.361591795648851    0.697036981561042     0
    0.678913060654244    0.334691568397336    0.653497215079619     0
    0.649448048330184    0.399769073956928    0.646839949313379     0
    0.693780477560449    0.160622035640025    0.702046444776163     0
    0.727958497701465    0.199331208597321    0.656005712553905     0
    0.705236152793139    0.267381097990316    0.656619613803171     0
    0.672319410093836    0.228900008569462    0.703982525981985     0
     0.37503856747821    0.383613732685047     0.84391147462239     0
    0.453990499739548    0.468429850866954    0.757935420047776     0
    0.342848265880766     0.44286670974328    0.828446826286222     0
    0.415597488389907     0.42713481025622    0.803015928553963     0
    0.382683432365091    0.485712214091263    0.785898871150631     0
    0.433888564552694    0.259891913007754    0.862668480416187     0
    0.516121620051061    0.346153014788992    0.783451698363313     0
    0.476225708180024    0.303801137720746    0.825175098744512     0
    0.446977019141151    0.366027309140272    0.816232536305202     0
    0.405433827172407    0.322524670529058    0.855336921151225     0
     0.52249856471595    0.448259461843317    0.725299045041224     0
    0.486240463529511    0.408285951798268     0.77257542880342     0
     0.55337178544656    0.386730439706242    0.737712162076988     0
     0.52573111211913                    0     0.85065080835204     0
    0.615642020873679   0.0810862934433043    0.783843042419972     0
    0.484441642060666    0.131200378813013    0.864929335863276     0
    0.572055577341368   0.0406404050256133    0.819207405918665     0
    0.551859056507969    0.106494011871877    0.827109791494193     0
    0.506298020693364   0.0657575566480038    0.859847810944278     0
    0.571251659135708     0.21302286564913    0.792649229259282     0
    0.634579268498273    0.187431845610995    0.749785606185563     0
    0.594895337780011    0.147413513517997    0.790170103914269     0
    0.656281825524826    0.121144079657298     0.74472698181937     0
    0.460266587103494    0.196015238421331    0.865871061476667     0
    0.529135030024209    0.172531715970059    0.830812209218007     0
    0.504209442103349    0.237228688186432     0.83035859000505     0
    0.583691442484128    0.322141043345617    0.745338478922828     0
     0.54510901893912     0.28031939117357    0.790112141663011     0
    0.610925895014903    0.255179581545961    0.749435075214837     0
    0.536783838510581    0.735011060566469    0.414272677784572     0
    0.564254211765771    0.646577791797732    0.513375441230448     0
    0.496441341614641    0.669612004259087    0.552418100796837     0
    0.517970331271932    0.704471193019813    0.485208279120715     0
    0.584715705184938    0.678976728776866    0.443957369450657     0
    0.628312822405293    0.619241580743837    0.470917043521434     0
    0.414272677784572    0.536783838510581    0.735011060566469     0
    0.513375441230448    0.564254211765771    0.646577791797732     0
    0.552418100796837    0.496441341614641    0.669612004259087     0
    0.485208279120715    0.517970331271932    0.704471193019813     0
    0.443957369450657    0.584715705184938    0.678976728776866     0
    0.470917043521434    0.628312822405293    0.619241580743837     0
    0.735011060566469    0.414272677784572    0.536783838510581     0
    0.646577791797732    0.513375441230448    0.564254211765771     0
    0.669612004259087    0.552418100796837    0.496441341614641     0
    0.704471193019813    0.485208279120715    0.517970331271932     0
    0.678976728776866    0.443957369450657    0.584715705184938     0
    0.619241580743837    0.470917043521434    0.628312822405293     0
    0.540649979978604    0.607477992707349     0.58195196324558     0
     0.58195196324558    0.540649979978604    0.607477992707349     0
    0.607477992707349     0.58195196324558    0.540649979978604     0
    0.864929335863276    0.484441642060666   -0.131200378813013     0
    0.783843042419972    0.615642020873679  -0.0810862934433043     0
    0.859847810944278    0.506298020693364  -0.0657575566480038     0
    0.827109791494193    0.551859056507969   -0.106494011871877     0
    0.819207405918665    0.572055577341368  -0.0406404050256133     0
    0.862668480416187    0.433888564552694   -0.259891913007754     0
    0.792649229259282    0.571251659135708    -0.21302286564913     0
     0.83035859000505    0.504209442103349   -0.237228688186432     0
    0.830812209218007    0.529135030024209   -0.172531715970059     0
    0.865871061476667    0.460266587103494   -0.196015238421331     0
    0.702046444776163    0.693780477560449   -0.160622035640025     0
     0.74472698181937    0.656281825524826   -0.121144079657298     0
    0.790170103914269    0.594895337780011   -0.147413513517997     0
    0.749785606185563    0.634579268498273   -0.187431845610995     0
     0.80901699437495     0.30901699437495                 -0.5     0
    0.757935420047776    0.453990499739548   -0.468429850866954     0
     0.84391147462239     0.37503856747821   -0.383613732685047     0
    0.785898871150631    0.382683432365091   -0.485712214091263     0
    0.803015928553963    0.415597488389907    -0.42713481025622     0
    0.828446826286222    0.342848265880766    -0.44286670974328     0
    0.688190960235586    0.587785252292474    -0.42532540417602     0
    0.783451698363313    0.516121620051061   -0.346153014788992     0
    0.737712162076988     0.55337178544656   -0.386730439706242     0
     0.77257542880342    0.486240463529511   -0.408285951798268     0
    0.725299045041224     0.52249856471595   -0.448259461843317     0
    0.855336921151225    0.405433827172407   -0.322524670529058     0
    0.816232536305202    0.446977019141151   -0.366027309140272     0
    0.825175098744512    0.476225708180024   -0.303801137720746     0
                  0.5     0.80901699437495    -0.30901699437495     0
    0.606825149271813    0.758652300163257   -0.237086325350578     0
    0.601500955007544    0.707106781186548   -0.371748034460185     0
    0.554740147179038    0.785714975624047   -0.273706679107183     0
    0.605741479945669    0.734794251350019   -0.305212495904402     0
    0.552453507294724    0.760405965600031    -0.34143504471223     0
    0.702309846743373    0.647411893882224   -0.296004592577769     0
    0.703982525981985    0.672319410093836   -0.228900008569462     0
    0.656619613803171    0.705236152793139   -0.267381097990316     0
    0.656005712553905    0.727958497701465   -0.199331208597321     0
    0.646839949313379    0.649448048330184   -0.399769073956928     0
    0.653497215079619    0.678913060654244   -0.334691568397336     0
    0.697036981561042    0.619185610019896   -0.361591795648851     0
    0.790112141663011     0.54510901893912    -0.28031939117357     0
    0.745338478922828    0.583691442484128   -0.322141043345617     0
    0.749435075214837    0.610925895014903   -0.255179581545961     0
    0.758652300163257    0.237086325350578   -0.606825149271813     0
    0.707106781186548    0.371748034460185   -0.601500955007544     0
    0.785714975624047    0.273706679107183   -0.554740147179038     0
    0.734794251350019    0.305212495904402   -0.605741479945669     0
    0.760405965600031     0.34143504471223   -0.552453507294724     0
    0.693780477560449    0.160622035640025   -0.702046444776163     0
    0.647411893882224    0.296004592577769   -0.702309846743373     0
    0.672319410093836    0.228900008569462   -0.703982525981985     0
    0.705236152793139    0.267381097990316   -0.656619613803171     0
    0.727958497701465    0.199331208597321   -0.656005712553905     0
    0.587785252292474     0.42532540417602   -0.688190960235586     0
    0.649448048330184    0.399769073956928   -0.646839949313379     0
    0.678913060654244    0.334691568397336   -0.653497215079619     0
    0.619185610019896    0.361591795648851   -0.697036981561042     0
     0.52573111211913                    0    -0.85065080835204     0
    0.484441642060666    0.131200378813013   -0.864929335863276     0
    0.615642020873679   0.0810862934433043   -0.783843042419972     0
    0.506298020693364   0.0657575566480038   -0.859847810944278     0
    0.551859056507969    0.106494011871877   -0.827109791494193     0
    0.572055577341368   0.0406404050256133   -0.819207405918665     0
    0.433888564552694    0.259891913007754   -0.862668480416187     0
    0.571251659135708     0.21302286564913   -0.792649229259282     0
    0.504209442103349    0.237228688186432    -0.83035859000505     0
    0.529135030024209    0.172531715970059   -0.830812209218007     0
    0.460266587103494    0.196015238421331   -0.865871061476667     0
    0.656281825524826    0.121144079657298    -0.74472698181937     0
    0.594895337780011    0.147413513517997   -0.790170103914269     0
    0.634579268498273    0.187431845610995   -0.749785606185563     0
     0.30901699437495                  0.5    -0.80901699437495     0
    0.453990499739548    0.468429850866954   -0.757935420047776     0
     0.37503856747821    0.383613732685047    -0.84391147462239     0
    0.382683432365091    0.485712214091263   -0.785898871150631     0
    0.415597488389907     0.42713481025622   -0.803015928553963     0
    0.342848265880766     0.44286670974328   -0.828446826286222     0
    0.516121620051061    0.346153014788992   -0.783451698363313     0
     0.55337178544656    0.386730439706242   -0.737712162076988     0
    0.486240463529511    0.408285951798268    -0.77257542880342     0
     0.52249856471595    0.448259461843317   -0.725299045041224     0
    0.405433827172407    0.322524670529058   -0.855336921151225     0
    0.446977019141151    0.366027309140272   -0.816232536305202     0
    0.476225708180024    0.303801137720746   -0.825175098744512     0
    0.610925895014903    0.255179581545961   -0.749435075214837     0
     0.54510901893912     0.28031939117357   -0.790112141663011     0
    0.583691442484128    0.322141043345617   -0.745338478922828     0
    0.468429850866954    0.757935420047776   -0.453990499739548     0
    0.383613732685047     0.84391147462239    -0.37503856747821     0
    0.485712214091263    0.785898871150631   -0.382683432365091     0
     0.42713481025622    0.803015928553963   -0.415597488389907     0
     0.44286670974328    0.828446826286222   -0.342848265880766     0
     0.42532540417602    0.688190960235586   -0.587785252292474     0
    0.346153014788992    0.783451698363313   -0.516121620051061     0
    0.386730439706242    0.737712162076988    -0.55337178544656     0
    0.408285951798268     0.77257542880342   -0.486240463529511     0
    0.448259461843317    0.725299045041224    -0.52249856471595     0
    0.259891913007754    0.862668480416187   -0.433888564552694     0
    0.322524670529058    0.855336921151225   -0.405433827172407     0
    0.366027309140272    0.816232536305202   -0.446977019141151     0
    0.303801137720746    0.825175098744512   -0.476225708180024     0
    0.237086325350578    0.606825149271813   -0.758652300163257     0
    0.371748034460185    0.601500955007544   -0.707106781186548     0
    0.273706679107183    0.554740147179038   -0.785714975624047     0
    0.305212495904402    0.605741479945669   -0.734794251350019     0
     0.34143504471223    0.552453507294724   -0.760405965600031     0
    0.160622035640025    0.702046444776163   -0.693780477560449     0
    0.296004592577769    0.702309846743373   -0.647411893882224     0
    0.228900008569462    0.703982525981985   -0.672319410093836     0
    0.267381097990316    0.656619613803171   -0.705236152793139     0
    0.199331208597321    0.656005712553905   -0.727958497701465     0
    0.399769073956928    0.646839949313379   -0.649448048330184     0
    0.334691568397336    0.653497215079619   -0.678913060654244     0
    0.361591795648851    0.697036981561042   -0.619185610019896     0
                    0     0.85065080835204    -0.52573111211913     0
    0.131200378813013    0.864929335863276   -0.484441642060666     0
   0.0810862934433043    0.783843042419972   -0.615642020873679     0
   0.0657575566480038    0.859847810944278   -0.506298020693364     0
    0.106494011871877    0.827109791494193   -0.551859056507969     0
   0.0406404050256133    0.819207405918665   -0.572055577341368     0
     0.21302286564913    0.792649229259282   -0.571251659135708     0
    0.237228688186432     0.83035859000505   -0.504209442103349     0
    0.172531715970059    0.830812209218007   -0.529135030024209     0
    0.196015238421331    0.865871061476667   -0.460266587103494     0
    0.121144079657298     0.74472698181937   -0.656281825524826     0
    0.147413513517997    0.790170103914269   -0.594895337780011     0
    0.187431845610995    0.749785606185563   -0.634579268498273     0
    0.322141043345617    0.745338478922828   -0.583691442484128     0
    0.255179581545961    0.749435075214837   -0.610925895014903     0
     0.28031939117357    0.790112141663011    -0.54510901893912     0
    0.735011060566469    0.414272677784572   -0.536783838510581     0
    0.646577791797732    0.513375441230448   -0.564254211765771     0
    0.619241580743837    0.470917043521434   -0.628312822405293     0
    0.678976728776866    0.443957369450657   -0.584715705184938     0
    0.704471193019813    0.485208279120715   -0.517970331271932     0
    0.669612004259087    0.552418100796837   -0.496441341614641     0
    0.414272677784572    0.536783838510581   -0.735011060566469     0
    0.513375441230448    0.564254211765771   -0.646577791797732     0
    0.470917043521434    0.628312822405293   -0.619241580743837     0
    0.443957369450657    0.584715705184938   -0.678976728776866     0
    0.485208279120715    0.517970331271932   -0.704471193019813     0
    0.552418100796837    0.496441341614641   -0.669612004259087     0
    0.536783838510581    0.735011060566469   -0.414272677784572     0
    0.564254211765771    0.646577791797732   -0.513375441230448     0
    0.628312822405293    0.619241580743837   -0.470917043521434     0
    0.584715705184938    0.678976728776866   -0.443957369450657     0
    0.517970331271932    0.704471193019813   -0.485208279120715     0
    0.496441341614641    0.669612004259087   -0.552418100796837     0
     0.58195196324558    0.540649979978604   -0.607477992707349     0
    0.540649979978604    0.607477992707349    -0.58195196324558     0
    0.607477992707349     0.58195196324558   -0.540649979978604     0
     0.85065080835204    -0.52573111211913                    0     0
    0.864929335863276   -0.484441642060666    0.131200378813013     0
    0.783843042419972   -0.615642020873679   0.0810862934433043     0
    0.859847810944278   -0.506298020693364   0.0657575566480038     0
    0.827109791494193   -0.551859056507969    0.106494011871877     0
    0.819207405918665   -0.572055577341368   0.0406404050256133     0
    0.862668480416187   -0.433888564552694    0.259891913007754     0
    0.792649229259282   -0.571251659135708     0.21302286564913     0
     0.83035859000505   -0.504209442103349    0.237228688186432     0
    0.830812209218007   -0.529135030024209    0.172531715970059     0
    0.865871061476667   -0.460266587103494    0.196015238421331     0
    0.702046444776163   -0.693780477560449    0.160622035640025     0
     0.74472698181937   -0.656281825524826    0.121144079657298     0
    0.790170103914269   -0.594895337780011    0.147413513517997     0
    0.749785606185563   -0.634579268498273    0.187431845610995     0
     0.80901699437495    -0.30901699437495                  0.5     0
    0.757935420047776   -0.453990499739548    0.468429850866954     0
     0.84391147462239    -0.37503856747821    0.383613732685047     0
    0.785898871150631   -0.382683432365091    0.485712214091263     0
    0.803015928553963   -0.415597488389907     0.42713481025622     0
    0.828446826286222   -0.342848265880766     0.44286670974328     0
    0.688190960235586   -0.587785252292474     0.42532540417602     0
    0.783451698363313   -0.516121620051061    0.346153014788992     0
    0.737712162076988    -0.55337178544656    0.386730439706242     0
     0.77257542880342   -0.486240463529511    0.408285951798268     0
    0.725299045041224    -0.52249856471595    0.448259461843317     0
    0.855336921151225   -0.405433827172407    0.322524670529058     0
    0.816232536305202   -0.446977019141151    0.366027309140272     0
    0.825175098744512   -0.476225708180024    0.303801137720746     0
                  0.5    -0.80901699437495     0.30901699437495     0
    0.606825149271813   -0.758652300163257    0.237086325350578     0
    0.601500955007544   -0.707106781186548    0.371748034460185     0
    0.554740147179038   -0.785714975624047    0.273706679107183     0
    0.605741479945669   -0.734794251350019    0.305212495904402     0
    0.552453507294724   -0.760405965600031     0.34143504471223     0
    0.702309846743373   -0.647411893882224    0.296004592577769     0
    0.703982525981985   -0.672319410093836    0.228900008569462     0
    0.656619613803171   -0.705236152793139    0.267381097990316     0
    0.656005712553905   -0.727958497701465    0.199331208597321     0
    0.646839949313379   -0.649448048330184    0.399769073956928     0
    0.653497215079619   -0.678913060654244    0.334691568397336     0
    0.697036981561042   -0.619185610019896    0.361591795648851     0
    0.790112141663011    -0.54510901893912     0.28031939117357     0
    0.745338478922828   -0.583691442484128    0.322141043345617     0
    0.749435075214837   -0.610925895014903    0.255179581545961     0
    0.758652300163257   -0.237086325350578    0.606825149271813     0
    0.707106781186548   -0.371748034460185    0.601500955007544     0
    0.785714975624047   -0.273706679107183    0.554740147179038     0
    0.734794251350019   -0.305212495904402    0.605741479945669     0
    0.760405965600031    -0.34143504471223    0.552453507294724     0
    0.693780477560449   -0.160622035640025    0.702046444776163     0
    0.647411893882224   -0.296004592577769    0.702309846743373     0
    0.672319410093836   -0.228900008569462    0.703982525981985     0
    0.705236152793139   -0.267381097990316    0.656619613803171     0
    0.727958497701465   -0.199331208597321    0.656005712553905     0
    0.587785252292474    -0.42532540417602    0.688190960235586     0
    0.649448048330184   -0.399769073956928    0.646839949313379     0
    0.678913060654244   -0.334691568397336    0.653497215079619     0
    0.619185610019896   -0.361591795648851    0.697036981561042     0
    0.484441642060666   -0.131200378813013    0.864929335863276     0
    0.615642020873679  -0.0810862934433043    0.783843042419972     0
    0.506298020693364  -0.0657575566480038    0.859847810944278     0
    0.551859056507969   -0.106494011871877    0.827109791494193     0
    0.572055577341368  -0.0406404050256133    0.819207405918665     0
    0.433888564552694   -0.259891913007754    0.862668480416187     0
    0.571251659135708    -0.21302286564913    0.792649229259282     0
    0.504209442103349   -0.237228688186432     0.83035859000505     0
    0.529135030024209   -0.172531715970059    0.830812209218007     0
    0.460266587103494   -0.196015238421331    0.865871061476667     0
    0.656281825524826   -0.121144079657298     0.74472698181937     0
    0.594895337780011   -0.147413513517997    0.790170103914269     0
    0.634579268498273   -0.187431845610995    0.749785606185563     0
     0.30901699437495                 -0.5     0.80901699437495     0
    0.453990499739548   -0.468429850866954    0.757935420047776     0
     0.37503856747821   -0.383613732685047     0.84391147462239     0
    0.382683432365091   -0.485712214091263    0.785898871150631     0
    0.415597488389907    -0.42713481025622    0.803015928553963     0
    0.342848265880766    -0.44286670974328    0.828446826286222     0
    0.516121620051061   -0.346153014788992    0.783451698363313     0
     0.55337178544656   -0.386730439706242    0.737712162076988     0
    0.486240463529511   -0.408285951798268     0.77257542880342     0
     0.52249856471595   -0.448259461843317    0.725299045041224     0
    0.405433827172407   -0.322524670529058    0.855336921151225     0
    0.446977019141151   -0.366027309140272    0.816232536305202     0
    0.476225708180024   -0.303801137720746    0.825175098744512     0
    0.610925895014903   -0.255179581545961    0.749435075214837     0
     0.54510901893912    -0.28031939117357    0.790112141663011     0
    0.583691442484128   -0.322141043345617    0.745338478922828     0
    0.468429850866954   -0.757935420047776    0.453990499739548     0
    0.383613732685047    -0.84391147462239     0.37503856747821     0
    0.485712214091263   -0.785898871150631    0.382683432365091     0
     0.42713481025622   -0.803015928553963    0.415597488389907     0
     0.44286670974328   -0.828446826286222    0.342848265880766     0
     0.42532540417602   -0.688190960235586    0.587785252292474     0
    0.346153014788992   -0.783451698363313    0.516121620051061     0
    0.386730439706242   -0.737712162076988     0.55337178544656     0
    0.408285951798268    -0.77257542880342    0.486240463529511     0
    0.448259461843317   -0.725299045041224     0.52249856471595     0
    0.259891913007754   -0.862668480416187    0.433888564552694     0
    0.322524670529058   -0.855336921151225    0.405433827172407     0
    0.366027309140272   -0.816232536305202    0.446977019141151     0
    0.303801137720746   -0.825175098744512    0.476225708180024     0
    0.237086325350578   -0.606825149271813    0.758652300163257     0
    0.371748034460185   -0.601500955007544    0.707106781186548     0
    0.273706679107183   -0.554740147179038    0.785714975624047     0
    0.305212495904402   -0.605741479945669    0.734794251350019     0
     0.34143504471223   -0.552453507294724    0.760405965600031     0
    0.160622035640025   -0.702046444776163    0.693780477560449     0
    0.296004592577769   -0.702309846743373    0.647411893882224     0
    0.228900008569462   -0.703982525981985    0.672319410093836     0
    0.267381097990316   -0.656619613803171    0.705236152793139     0
    0.199331208597321   -0.656005712553905    0.727958497701465     0
    0.399769073956928   -0.646839949313379    0.649448048330184     0
    0.334691568397336   -0.653497215079619    0.678913060654244     0
    0.361591795648851   -0.697036981561042    0.619185610019896     0
                    0    -0.85065080835204     0.52573111211913     0
    0.131200378813013   -0.864929335863276    0.484441642060666     0
   0.0810862934433043   -0.783843042419972    0.615642020873679     0
   0.0657575566480038   -0.859847810944278    0.506298020693364     0
    0.106494011871877   -0.827109791494193    0.551859056507969     0
   0.0406404050256133   -0.819207405918665    0.572055577341368     0
     0.21302286564913   -0.792649229259282    0.571251659135708     0
    0.237228688186432    -0.83035859000505    0.504209442103349     0
    0.172531715970059   -0.830812209218007    0.529135030024209     0
    0.196015238421331   -0.865871061476667    0.460266587103494     0
    0.121144079657298    -0.74472698181937    0.656281825524826     0
    0.147413513517997   -0.790170103914269    0.594895337780011     0
    0.187431845610995   -0.749785606185563    0.634579268498273     0
    0.322141043345617   -0.745338478922828    0.583691442484128     0
    0.255179581545961   -0.749435075214837    0.610925895014903     0
     0.28031939117357   -0.790112141663011     0.54510901893912     0
    0.735011060566469   -0.414272677784572    0.536783838510581     0
    0.646577791797732   -0.513375441230448    0.564254211765771     0
    0.619241580743837   -0.470917043521434    0.628312822405293     0
    0.678976728776866   -0.443957369450657    0.584715705184938     0
    0.704471193019813   -0.485208279120715    0.517970331271932     0
    0.669612004259087   -0.552418100796837    0.496441341614641     0
    0.414272677784572   -0.536783838510581    0.735011060566469     0
    0.513375441230448   -0.564254211765771    0.646577791797732     0
    0.470917043521434   -0.628312822405293    0.619241580743837     0
    0.443957369450657   -0.584715705184938    0.678976728776866     0
    0.485208279120715   -0.517970331271932    0.704471193019813     0
    0.552418100796837   -0.496441341614641    0.669612004259087     0
    0.536783838510581   -0.735011060566469    0.414272677784572     0
    0.564254211765771   -0.646577791797732    0.513375441230448     0
    0.628312822405293   -0.619241580743837    0.470917043521434     0
    0.584715705184938   -0.678976728776866    0.443957369450657     0
    0.517970331271932   -0.704471193019813    0.485208279120715     0
    0.496441341614641   -0.669612004259087    0.552418100796837     0
     0.58195196324558   -0.540649979978604    0.607477992707349     0
    0.540649979978604   -0.607477992707349     0.58195196324558     0
    0.607477992707349    -0.58195196324558    0.540649979978604     0
    0.783843042419972   -0.615642020873679  -0.0810862934433043     0
    0.864929335863276   -0.484441642060666   -0.131200378813013     0
    0.819207405918665   -0.572055577341368  -0.0406404050256133     0
    0.827109791494193   -0.551859056507969   -0.106494011871877     0
    0.859847810944278   -0.506298020693364  -0.0657575566480038     0
    0.702046444776163   -0.693780477560449   -0.160622035640025     0
    0.792649229259282   -0.571251659135708    -0.21302286564913     0
    0.749785606185563   -0.634579268498273   -0.187431845610995     0
    0.790170103914269   -0.594895337780011   -0.147413513517997     0
     0.74472698181937   -0.656281825524826   -0.121144079657298     0
    0.862668480416187   -0.433888564552694   -0.259891913007754     0
    0.865871061476667   -0.460266587103494   -0.196015238421331     0
    0.830812209218007   -0.529135030024209   -0.172531715970059     0
     0.83035859000505   -0.504209442103349   -0.237228688186432     0
                  0.5    -0.80901699437495    -0.30901699437495     0
    0.601500955007544   -0.707106781186548   -0.371748034460185     0
    0.606825149271813   -0.758652300163257   -0.237086325350578     0
    0.552453507294724   -0.760405965600031    -0.34143504471223     0
    0.605741479945669   -0.734794251350019   -0.305212495904402     0
    0.554740147179038   -0.785714975624047   -0.273706679107183     0
    0.688190960235586   -0.587785252292474    -0.42532540417602     0
    0.702309846743373   -0.647411893882224   -0.296004592577769     0
    0.697036981561042   -0.619185610019896   -0.361591795648851     0
    0.653497215079619   -0.678913060654244   -0.334691568397336     0
    0.646839949313379   -0.649448048330184   -0.399769073956928     0
    0.656005712553905   -0.727958497701465   -0.199331208597321     0
    0.656619613803171   -0.705236152793139   -0.267381097990316     0
    0.703982525981985   -0.672319410093836   -0.228900008569462     0
     0.80901699437495    -0.30901699437495                 -0.5     0
     0.84391147462239    -0.37503856747821   -0.383613732685047     0
    0.757935420047776   -0.453990499739548   -0.468429850866954     0
    0.828446826286222   -0.342848265880766    -0.44286670974328     0
    0.803015928553963   -0.415597488389907    -0.42713481025622     0
    0.785898871150631   -0.382683432365091   -0.485712214091263     0
    0.783451698363313   -0.516121620051061   -0.346153014788992     0
    0.825175098744512   -0.476225708180024   -0.303801137720746     0
    0.816232536305202   -0.446977019141151   -0.366027309140272     0
    0.855336921151225   -0.405433827172407   -0.322524670529058     0
    0.725299045041224    -0.52249856471595   -0.448259461843317     0
     0.77257542880342   -0.486240463529511   -0.408285951798268     0
    0.737712162076988    -0.55337178544656   -0.386730439706242     0
    0.749435075214837   -0.610925895014903   -0.255179581545961     0
    0.745338478922828   -0.583691442484128   -0.322141043345617     0
    0.790112141663011    -0.54510901893912    -0.28031939117357     0
    0.383613732685047    -0.84391147462239    -0.37503856747821     0
    0.468429850866954   -0.757935420047776   -0.453990499739548     0
     0.44286670974328   -0.828446826286222   -0.342848265880766     0
     0.42713481025622   -0.803015928553963   -0.415597488389907     0
    0.485712214091263   -0.785898871150631   -0.382683432365091     0
    0.259891913007754   -0.862668480416187   -0.433888564552694     0
    0.346153014788992   -0.783451698363313   -0.516121620051061     0
    0.303801137720746   -0.825175098744512   -0.476225708180024     0
    0.366027309140272   -0.816232536305202   -0.446977019141151     0
    0.322524670529058   -0.855336921151225   -0.405433827172407     0
     0.42532540417602   -0.688190960235586   -0.587785252292474     0
    0.448259461843317   -0.725299045041224    -0.52249856471595     0
    0.408285951798268    -0.77257542880342   -0.486240463529511     0
    0.386730439706242   -0.737712162076988    -0.55337178544656     0
                    0    -0.85065080835204    -0.52573111211913     0
   0.0810862934433043   -0.783843042419972   -0.615642020873679     0
    0.131200378813013   -0.864929335863276   -0.484441642060666     0
   0.0406404050256133   -0.819207405918665   -0.572055577341368     0
    0.106494011871877   -0.827109791494193   -0.551859056507969     0
   0.0657575566480038   -0.859847810944278   -0.506298020693364     0
    0.160622035640025   -0.702046444776163   -0.693780477560449     0
     0.21302286564913   -0.792649229259282   -0.571251659135708     0
    0.187431845610995   -0.749785606185563   -0.634579268498273     0
    0.147413513517997   -0.790170103914269   -0.594895337780011     0
    0.121144079657298    -0.74472698181937   -0.656281825524826     0
    0.196015238421331   -0.865871061476667   -0.460266587103494     0
    0.172531715970059   -0.830812209218007   -0.529135030024209     0
    0.237228688186432    -0.83035859000505   -0.504209442103349     0
     0.30901699437495                 -0.5    -0.80901699437495     0
    0.371748034460185   -0.601500955007544   -0.707106781186548     0
    0.237086325350578   -0.606825149271813   -0.758652300163257     0
     0.34143504471223   -0.552453507294724   -0.760405965600031     0
    0.305212495904402   -0.605741479945669   -0.734794251350019     0
    0.273706679107183   -0.554740147179038   -0.785714975624047     0
    0.296004592577769   -0.702309846743373   -0.647411893882224     0
    0.361591795648851   -0.697036981561042   -0.619185610019896     0
    0.334691568397336   -0.653497215079619   -0.678913060654244     0
    0.399769073956928   -0.646839949313379   -0.649448048330184     0
    0.199331208597321   -0.656005712553905   -0.727958497701465     0
    0.267381097990316   -0.656619613803171   -0.705236152793139     0
    0.228900008569462   -0.703982525981985   -0.672319410093836     0
     0.28031939117357   -0.790112141663011    -0.54510901893912     0
    0.255179581545961   -0.749435075214837   -0.610925895014903     0
    0.322141043345617   -0.745338478922828   -0.583691442484128     0
    0.707106781186548   -0.371748034460185   -0.601500955007544     0
    0.758652300163257   -0.237086325350578   -0.606825149271813     0
    0.760405965600031    -0.34143504471223   -0.552453507294724     0
    0.734794251350019   -0.305212495904402   -0.605741479945669     0
    0.785714975624047   -0.273706679107183   -0.554740147179038     0
    0.587785252292474    -0.42532540417602   -0.688190960235586     0
    0.647411893882224   -0.296004592577769   -0.702309846743373     0
    0.619185610019896   -0.361591795648851   -0.697036981561042     0
    0.678913060654244   -0.334691568397336   -0.653497215079619     0
    0.649448048330184   -0.399769073956928   -0.646839949313379     0
    0.693780477560449   -0.160622035640025   -0.702046444776163     0
    0.727958497701465   -0.199331208597321   -0.656005712553905     0
    0.705236152793139   -0.267381097990316   -0.656619613803171     0
    0.672319410093836   -0.228900008569462   -0.703982525981985     0
     0.37503856747821   -0.383613732685047    -0.84391147462239     0
    0.453990499739548   -0.468429850866954   -0.757935420047776     0
    0.342848265880766    -0.44286670974328   -0.828446826286222     0
    0.415597488389907    -0.42713481025622   -0.803015928553963     0
    0.382683432365091   -0.485712214091263   -0.785898871150631     0
    0.433888564552694   -0.259891913007754   -0.862668480416187     0
    0.516121620051061   -0.346153014788992   -0.783451698363313     0
    0.476225708180024   -0.303801137720746   -0.825175098744512     0
    0.446977019141151   -0.366027309140272   -0.816232536305202     0
    0.405433827172407   -0.322524670529058   -0.855336921151225     0
     0.52249856471595   -0.448259461843317   -0.725299045041224     0
    0.486240463529511   -0.408285951798268    -0.77257542880342     0
     0.55337178544656   -0.386730439706242   -0.737712162076988     0
    0.615642020873679  -0.0810862934433043   -0.783843042419972     0
    0.484441642060666   -0.131200378813013   -0.864929335863276     0
    0.572055577341368  -0.0406404050256133   -0.819207405918665     0
    0.551859056507969   -0.106494011871877   -0.827109791494193     0
    0.506298020693364  -0.0657575566480038   -0.859847810944278     0
    0.571251659135708    -0.21302286564913   -0.792649229259282     0
    0.634579268498273   -0.187431845610995   -0.749785606185563     0
    0.594895337780011   -0.147413513517997   -0.790170103914269     0
    0.656281825524826   -0.121144079657298    -0.74472698181937     0
    0.460266587103494   -0.196015238421331   -0.865871061476667     0
    0.529135030024209   -0.172531715970059   -0.830812209218007     0
    0.504209442103349   -0.237228688186432    -0.83035859000505     0
    0.583691442484128   -0.322141043345617   -0.745338478922828     0
     0.54510901893912    -0.28031939117357   -0.790112141663011     0
    0.610925895014903   -0.255179581545961   -0.749435075214837     0
    0.536783838510581   -0.735011060566469   -0.414272677784572     0
    0.564254211765771   -0.646577791797732   -0.513375441230448     0
    0.496441341614641   -0.669612004259087   -0.552418100796837     0
    0.517970331271932   -0.704471193019813   -0.485208279120715     0
    0.584715705184938   -0.678976728776866   -0.443957369450657     0
    0.628312822405293   -0.619241580743837   -0.470917043521434     0
    0.414272677784572   -0.536783838510581   -0.735011060566469     0
    0.513375441230448   -0.564254211765771   -0.646577791797732     0
    0.552418100796837   -0.496441341614641   -0.669612004259087     0
    0.485208279120715   -0.517970331271932   -0.704471193019813     0
    0.443957369450657   -0.584715705184938   -0.678976728776866     0
    0.470917043521434   -0.628312822405293   -0.619241580743837     0
    0.735011060566469   -0.414272677784572   -0.536783838510581     0
    0.646577791797732   -0.513375441230448   -0.564254211765771     0
    0.669612004259087   -0.552418100796837   -0.496441341614641     0
    0.704471193019813   -0.485208279120715   -0.517970331271932     0
    0.678976728776866   -0.443957369450657   -0.584715705184938     0
    0.619241580743837   -0.470917043521434   -0.628312822405293     0
    0.540649979978604   -0.607477992707349    -0.58195196324558     0
     0.58195196324558   -0.540649979978604   -0.607477992707349     0
    0.607477992707349    -0.58195196324558   -0.540649979978604     0
    -0.85065080835204     0.52573111211913                    0     0
   -0.864929335863276    0.484441642060666    0.131200378813013     0
   -0.783843042419972    0.615642020873679   0.0810862934433043     0
   -0.859847810944278    0.506298020693364   0.0657575566480038     0
   -0.827109791494193    0.551859056507969    0.106494011871877     0
   -0.819207405918665    0.572055577341368   0.0406404050256133     0
   -0.862668480416187    0.433888564552694    0.259891913007754     0
   -0.792649229259282    0.571251659135708     0.21302286564913     0
    -0.83035859000505    0.504209442103349    0.237228688186432     0
   -0.830812209218007    0.529135030024209    0.172531715970059     0
   -0.865871061476667    0.460266587103494    0.196015238421331     0
   -0.702046444776163    0.693780477560449    0.160622035640025     0
    -0.74472698181937    0.656281825524826    0.121144079657298     0
   -0.790170103914269    0.594895337780011    0.147413513517997     0
   -0.749785606185563    0.634579268498273    0.187431845610995     0
    -0.80901699437495     0.30901699437495                  0.5     0
   -0.757935420047776    0.453990499739548    0.468429850866954     0
    -0.84391147462239     0.37503856747821    0.383613732685047     0
   -0.785898871150631    0.382683432365091    0.485712214091263     0
   -0.803015928553963    0.415597488389907     0.42713481025622     0
   -0.828446826286222    0.342848265880766     0.44286670974328     0
   -0.688190960235586    0.587785252292474     0.42532540417602     0
   -0.783451698363313    0.516121620051061    0.346153014788992     0
   -0.737712162076988     0.55337178544656    0.386730439706242     0
    -0.77257542880342    0.486240463529511    0.408285951798268     0
   -0.725299045041224     0.52249856471595    0.448259461843317     0
   -0.855336921151225    0.405433827172407    0.322524670529058     0
   -0.816232536305202    0.446977019141151    0.366027309140272     0
   -0.825175098744512    0.476225708180024    0.303801137720746     0
                 -0.5     0.80901699437495     0.30901699437495     0
   -0.606825149271813    0.758652300163257    0.237086325350578     0
   -0.601500955007544    0.707106781186548    0.371748034460185     0
   -0.554740147179038    0.785714975624047    0.273706679107183     0
   -0.605741479945669    0.734794251350019    0.305212495904402     0
   -0.552453507294724    0.760405965600031     0.34143504471223     0
   -0.702309846743373    0.647411893882224    0.296004592577769     0
   -0.703982525981985    0.672319410093836    0.228900008569462     0
   -0.656619613803171    0.705236152793139    0.267381097990316     0
   -0.656005712553905    0.727958497701465    0.199331208597321     0
   -0.646839949313379    0.649448048330184    0.399769073956928     0
   -0.653497215079619    0.678913060654244    0.334691568397336     0
   -0.697036981561042    0.619185610019896    0.361591795648851     0
   -0.790112141663011     0.54510901893912     0.28031939117357     0
   -0.745338478922828    0.583691442484128    0.322141043345617     0
   -0.749435075214837    0.610925895014903    0.255179581545961     0
   -0.758652300163257    0.237086325350578    0.606825149271813     0
   -0.707106781186548    0.371748034460185    0.601500955007544     0
   -0.785714975624047    0.273706679107183    0.554740147179038     0
   -0.734794251350019    0.305212495904402    0.605741479945669     0
   -0.760405965600031     0.34143504471223    0.552453507294724     0
   -0.693780477560449    0.160622035640025    0.702046444776163     0
   -0.647411893882224    0.296004592577769    0.702309846743373     0
   -0.672319410093836    0.228900008569462    0.703982525981985     0
   -0.705236152793139    0.267381097990316    0.656619613803171     0
   -0.727958497701465    0.199331208597321    0.656005712553905     0
   -0.587785252292474     0.42532540417602    0.688190960235586     0
   -0.649448048330184    0.399769073956928    0.646839949313379     0
   -0.678913060654244    0.334691568397336    0.653497215079619     0
   -0.619185610019896    0.361591795648851    0.697036981561042     0
    -0.52573111211913                    0     0.85065080835204     0
   -0.484441642060666    0.131200378813013    0.864929335863276     0
   -0.615642020873679   0.0810862934433043    0.783843042419972     0
   -0.506298020693364   0.0657575566480038    0.859847810944278     0
   -0.551859056507969    0.106494011871877    0.827109791494193     0
   -0.572055577341368   0.0406404050256133    0.819207405918665     0
   -0.433888564552694    0.259891913007754    0.862668480416187     0
   -0.571251659135708     0.21302286564913    0.792649229259282     0
   -0.504209442103349    0.237228688186432     0.83035859000505     0
   -0.529135030024209    0.172531715970059    0.830812209218007     0
   -0.460266587103494    0.196015238421331    0.865871061476667     0
   -0.656281825524826    0.121144079657298     0.74472698181937     0
   -0.594895337780011    0.147413513517997    0.790170103914269     0
   -0.634579268498273    0.187431845610995    0.749785606185563     0
    -0.30901699437495                  0.5     0.80901699437495     0
   -0.453990499739548    0.468429850866954    0.757935420047776     0
    -0.37503856747821    0.383613732685047     0.84391147462239     0
   -0.382683432365091    0.485712214091263    0.785898871150631     0
   -0.415597488389907     0.42713481025622    0.803015928553963     0
   -0.342848265880766     0.44286670974328    0.828446826286222     0
   -0.516121620051061    0.346153014788992    0.783451698363313     0
    -0.55337178544656    0.386730439706242    0.737712162076988     0
   -0.486240463529511    0.408285951798268     0.77257542880342     0
    -0.52249856471595    0.448259461843317    0.725299045041224     0
   -0.405433827172407    0.322524670529058    0.855336921151225     0
   -0.446977019141151    0.366027309140272    0.816232536305202     0
   -0.476225708180024    0.303801137720746    0.825175098744512     0
   -0.610925895014903    0.255179581545961    0.749435075214837     0
    -0.54510901893912     0.28031939117357    0.790112141663011     0
   -0.583691442484128    0.322141043345617    0.745338478922828     0
   -0.468429850866954    0.757935420047776    0.453990499739548     0
   -0.383613732685047     0.84391147462239     0.37503856747821     0
   -0.485712214091263    0.785898871150631    0.382683432365091     0
    -0.42713481025622    0.803015928553963    0.415597488389907     0
    -0.44286670974328    0.828446826286222    0.342848265880766     0
    -0.42532540417602    0.688190960235586    0.587785252292474     0
   -0.346153014788992    0.783451698363313    0.516121620051061     0
   -0.386730439706242    0.737712162076988     0.55337178544656     0
   -0.408285951798268     0.77257542880342    0.486240463529511     0
   -0.448259461843317    0.725299045041224     0.52249856471595     0
   -0.259891913007754    0.862668480416187    0.433888564552694     0
   -0.322524670529058    0.855336921151225    0.405433827172407     0
   -0.366027309140272    0.816232536305202    0.446977019141151     0
   -0.303801137720746    0.825175098744512    0.476225708180024     0
   -0.237086325350578    0.606825149271813    0.758652300163257     0
   -0.371748034460185    0.601500955007544    0.707106781186548     0
   -0.273706679107183    0.554740147179038    0.785714975624047     0
   -0.305212495904402    0.605741479945669    0.734794251350019     0
    -0.34143504471223    0.552453507294724    0.760405965600031     0
   -0.160622035640025    0.702046444776163    0.693780477560449     0
   -0.296004592577769    0.702309846743373    0.647411893882224     0
   -0.228900008569462    0.703982525981985    0.672319410093836     0
   -0.267381097990316    0.656619613803171    0.705236152793139     0
   -0.199331208597321    0.656005712553905    0.727958497701465     0
   -0.399769073956928    0.646839949313379    0.649448048330184     0
   -0.334691568397336    0.653497215079619    0.678913060654244     0
   -0.361591795648851    0.697036981561042    0.619185610019896     0
   -0.131200378813013    0.864929335863276    0.484441642060666     0
  -0.0810862934433043    0.783843042419972    0.615642020873679     0
  -0.0657575566480038    0.859847810944278    0.506298020693364     0
   -0.106494011871877    0.827109791494193    0.551859056507969     0
  -0.0406404050256133    0.819207405918665    0.572055577341368     0
    -0.21302286564913    0.792649229259282    0.571251659135708     0
   -0.237228688186432     0.83035859000505    0.504209442103349     0
   -0.172531715970059    0.830812209218007    0.529135030024209     0
   -0.196015238421331    0.865871061476667    0.460266587103494     0
   -0.121144079657298     0.74472698181937    0.656281825524826     0
   -0.147413513517997    0.790170103914269    0.594895337780011     0
   -0.187431845610995    0.749785606185563    0.634579268498273     0
   -0.322141043345617    0.745338478922828    0.583691442484128     0
   -0.255179581545961    0.749435075214837    0.610925895014903     0
    -0.28031939117357    0.790112141663011     0.54510901893912     0
   -0.735011060566469    0.414272677784572    0.536783838510581     0
   -0.646577791797732    0.513375441230448    0.564254211765771     0
   -0.619241580743837    0.470917043521434    0.628312822405293     0
   -0.678976728776866    0.443957369450657    0.584715705184938     0
   -0.704471193019813    0.485208279120715    0.517970331271932     0
   -0.669612004259087    0.552418100796837    0.496441341614641     0
   -0.414272677784572    0.536783838510581    0.735011060566469     0
   -0.513375441230448    0.564254211765771    0.646577791797732     0
   -0.470917043521434    0.628312822405293    0.619241580743837     0
   -0.443957369450657    0.584715705184938    0.678976728776866     0
   -0.485208279120715    0.517970331271932    0.704471193019813     0
   -0.552418100796837    0.496441341614641    0.669612004259087     0
   -0.536783838510581    0.735011060566469    0.414272677784572     0
   -0.564254211765771    0.646577791797732    0.513375441230448     0
   -0.628312822405293    0.619241580743837    0.470917043521434     0
   -0.584715705184938    0.678976728776866    0.443957369450657     0
   -0.517970331271932    0.704471193019813    0.485208279120715     0
   -0.496441341614641    0.669612004259087    0.552418100796837     0
    -0.58195196324558    0.540649979978604    0.607477992707349     0
   -0.540649979978604    0.607477992707349     0.58195196324558     0
   -0.607477992707349     0.58195196324558    0.540649979978604     0
   -0.783843042419972    0.615642020873679  -0.0810862934433043     0
   -0.864929335863276    0.484441642060666   -0.131200378813013     0
   -0.819207405918665    0.572055577341368  -0.0406404050256133     0
   -0.827109791494193    0.551859056507969   -0.106494011871877     0
   -0.859847810944278    0.506298020693364  -0.0657575566480038     0
   -0.702046444776163    0.693780477560449   -0.160622035640025     0
   -0.792649229259282    0.571251659135708    -0.21302286564913     0
   -0.749785606185563    0.634579268498273   -0.187431845610995     0
   -0.790170103914269    0.594895337780011   -0.147413513517997     0
    -0.74472698181937    0.656281825524826   -0.121144079657298     0
   -0.862668480416187    0.433888564552694   -0.259891913007754     0
   -0.865871061476667    0.460266587103494   -0.196015238421331     0
   -0.830812209218007    0.529135030024209   -0.172531715970059     0
    -0.83035859000505    0.504209442103349   -0.237228688186432     0
                 -0.5     0.80901699437495    -0.30901699437495     0
   -0.601500955007544    0.707106781186548   -0.371748034460185     0
   -0.606825149271813    0.758652300163257   -0.237086325350578     0
   -0.552453507294724    0.760405965600031    -0.34143504471223     0
   -0.605741479945669    0.734794251350019   -0.305212495904402     0
   -0.554740147179038    0.785714975624047   -0.273706679107183     0
   -0.688190960235586    0.587785252292474    -0.42532540417602     0
   -0.702309846743373    0.647411893882224   -0.296004592577769     0
   -0.697036981561042    0.619185610019896   -0.361591795648851     0
   -0.653497215079619    0.678913060654244   -0.334691568397336     0
   -0.646839949313379    0.649448048330184   -0.399769073956928     0
   -0.656005712553905    0.727958497701465   -0.199331208597321     0
   -0.656619613803171    0.705236152793139   -0.267381097990316     0
   -0.703982525981985    0.672319410093836   -0.228900008569462     0
    -0.80901699437495     0.30901699437495                 -0.5     0
    -0.84391147462239     0.37503856747821   -0.383613732685047     0
   -0.757935420047776    0.453990499739548   -0.468429850866954     0
   -0.828446826286222    0.342848265880766    -0.44286670974328     0
   -0.803015928553963    0.415597488389907    -0.42713481025622     0
   -0.785898871150631    0.382683432365091   -0.485712214091263     0
   -0.783451698363313    0.516121620051061   -0.346153014788992     0
   -0.825175098744512    0.476225708180024   -0.303801137720746     0
   -0.816232536305202    0.446977019141151   -0.366027309140272     0
   -0.855336921151225    0.405433827172407   -0.322524670529058     0
   -0.725299045041224     0.52249856471595   -0.448259461843317     0
    -0.77257542880342    0.486240463529511   -0.408285951798268     0
   -0.737712162076988     0.55337178544656   -0.386730439706242     0
   -0.749435075214837    0.610925895014903   -0.255179581545961     0
   -0.745338478922828    0.583691442484128   -0.322141043345617     0
   -0.790112141663011     0.54510901893912    -0.28031939117357     0
   -0.383613732685047     0.84391147462239    -0.37503856747821     0
   -0.468429850866954    0.757935420047776   -0.453990499739548     0
    -0.44286670974328    0.828446826286222   -0.342848265880766     0
    -0.42713481025622    0.803015928553963   -0.415597488389907     0
   -0.485712214091263    0.785898871150631   -0.382683432365091     0
   -0.259891913007754    0.862668480416187   -0.433888564552694     0
   -0.346153014788992    0.783451698363313   -0.516121620051061     0
   -0.303801137720746    0.825175098744512   -0.476225708180024     0
   -0.366027309140272    0.816232536305202   -0.446977019141151     0
   -0.322524670529058    0.855336921151225   -0.405433827172407     0
    -0.42532540417602    0.688190960235586   -0.587785252292474     0
   -0.448259461843317    0.725299045041224    -0.52249856471595     0
   -0.408285951798268     0.77257542880342   -0.486240463529511     0
   -0.386730439706242    0.737712162076988    -0.55337178544656     0
  -0.0810862934433043    0.783843042419972   -0.615642020873679     0
   -0.131200378813013    0.864929335863276   -0.484441642060666     0
  -0.0406404050256133    0.819207405918665   -0.572055577341368     0
   -0.106494011871877    0.827109791494193   -0.551859056507969     0
  -0.0657575566480038    0.859847810944278   -0.506298020693364     0
   -0.160622035640025    0.702046444776163   -0.693780477560449     0
    -0.21302286564913    0.792649229259282   -0.571251659135708     0
   -0.187431845610995    0.749785606185563   -0.634579268498273     0
   -0.147413513517997    0.790170103914269   -0.594895337780011     0
   -0.121144079657298     0.74472698181937   -0.656281825524826     0
   -0.196015238421331    0.865871061476667   -0.460266587103494     0
   -0.172531715970059    0.830812209218007   -0.529135030024209     0
   -0.237228688186432     0.83035859000505   -0.504209442103349     0
    -0.30901699437495                  0.5    -0.80901699437495     0
   -0.371748034460185    0.601500955007544   -0.707106781186548     0
   -0.237086325350578    0.606825149271813   -0.758652300163257     0
    -0.34143504471223    0.552453507294724   -0.760405965600031     0
   -0.305212495904402    0.605741479945669   -0.734794251350019     0
   -0.273706679107183    0.554740147179038   -0.785714975624047     0
   -0.296004592577769    0.702309846743373   -0.647411893882224     0
   -0.361591795648851    0.697036981561042   -0.619185610019896     0
   -0.334691568397336    0.653497215079619   -0.678913060654244     0
   -0.399769073956928    0.646839949313379   -0.649448048330184     0
   -0.199331208597321    0.656005712553905   -0.727958497701465     0
   -0.267381097990316    0.656619613803171   -0.705236152793139     0
   -0.228900008569462    0.703982525981985   -0.672319410093836     0
    -0.28031939117357    0.790112141663011    -0.54510901893912     0
   -0.255179581545961    0.749435075214837   -0.610925895014903     0
   -0.322141043345617    0.745338478922828   -0.583691442484128     0
   -0.707106781186548    0.371748034460185   -0.601500955007544     0
   -0.758652300163257    0.237086325350578   -0.606825149271813     0
   -0.760405965600031     0.34143504471223   -0.552453507294724     0
   -0.734794251350019    0.305212495904402   -0.605741479945669     0
   -0.785714975624047    0.273706679107183   -0.554740147179038     0
   -0.587785252292474     0.42532540417602   -0.688190960235586     0
   -0.647411893882224    0.296004592577769   -0.702309846743373     0
   -0.619185610019896    0.361591795648851   -0.697036981561042     0
   -0.678913060654244    0.334691568397336   -0.653497215079619     0
   -0.649448048330184    0.399769073956928   -0.646839949313379     0
   -0.693780477560449    0.160622035640025   -0.702046444776163     0
   -0.727958497701465    0.199331208597321   -0.656005712553905     0
   -0.705236152793139    0.267381097990316   -0.656619613803171     0
   -0.672319410093836    0.228900008569462   -0.703982525981985     0
    -0.37503856747821    0.383613732685047    -0.84391147462239     0
   -0.453990499739548    0.468429850866954   -0.757935420047776     0
   -0.342848265880766     0.44286670974328   -0.828446826286222     0
   -0.415597488389907     0.42713481025622   -0.803015928553963     0
   -0.382683432365091    0.485712214091263   -0.785898871150631     0
   -0.433888564552694    0.259891913007754   -0.862668480416187     0
   -0.516121620051061    0.346153014788992   -0.783451698363313     0
   -0.476225708180024    0.303801137720746   -0.825175098744512     0
   -0.446977019141151    0.366027309140272   -0.816232536305202     0
   -0.405433827172407    0.322524670529058   -0.855336921151225     0
    -0.52249856471595    0.448259461843317   -0.725299045041224     0
   -0.486240463529511    0.408285951798268    -0.77257542880342     0
    -0.55337178544656    0.386730439706242   -0.737712162076988     0
    -0.52573111211913                    0    -0.85065080835204     0
   -0.615642020873679   0.0810862934433043   -0.783843042419972     0
   -0.484441642060666    0.131200378813013   -0.864929335863276     0
   -0.572055577341368   0.0406404050256133   -0.819207405918665     0
   -0.551859056507969    0.106494011871877   -0.827109791494193     0
   -0.506298020693364   0.0657575566480038   -0.859847810944278     0
   -0.571251659135708     0.21302286564913   -0.792649229259282     0
   -0.634579268498273    0.187431845610995   -0.749785606185563     0
   -0.594895337780011    0.147413513517997   -0.790170103914269     0
   -0.656281825524826    0.121144079657298    -0.74472698181937     0
   -0.460266587103494    0.196015238421331   -0.865871061476667     0
   -0.529135030024209    0.172531715970059   -0.830812209218007     0
   -0.504209442103349    0.237228688186432    -0.83035859000505     0
   -0.583691442484128    0.322141043345617   -0.745338478922828     0
    -0.54510901893912     0.28031939117357   -0.790112141663011     0
   -0.610925895014903    0.255179581545961   -0.749435075214837     0
   -0.536783838510581    0.735011060566469   -0.414272677784572     0
   -0.564254211765771    0.646577791797732   -0.513375441230448     0
   -0.496441341614641    0.669612004259087   -0.552418100796837     0
   -0.517970331271932    0.704471193019813   -0.485208279120715     0
   -0.584715705184938    0.678976728776866   -0.443957369450657     0
   -0.628312822405293    0.619241580743837   -0.470917043521434     0
   -0.414272677784572    0.536783838510581   -0.735011060566469     0
   -0.513375441230448    0.564254211765771   -0.646577791797732     0
   -0.552418100796837    0.496441341614641   -0.669612004259087     0
   -0.485208279120715    0.517970331271932   -0.704471193019813     0
   -0.443957369450657    0.584715705184938   -0.678976728776866     0
   -0.470917043521434    0.628312822405293   -0.619241580743837     0
   -0.735011060566469    0.414272677784572   -0.536783838510581     0
   -0.646577791797732    0.513375441230448   -0.564254211765771     0
   -0.669612004259087    0.552418100796837   -0.496441341614641     0
   -0.704471193019813    0.485208279120715   -0.517970331271932     0
   -0.678976728776866    0.443957369450657   -0.584715705184938     0
   -0.619241580743837    0.470917043521434   -0.628312822405293     0
   -0.540649979978604    0.607477992707349    -0.58195196324558     0
    -0.58195196324558    0.540649979978604   -0.607477992707349     0
   -0.607477992707349     0.58195196324558   -0.540649979978604     0
    -0.85065080835204    -0.52573111211913                    0     0
   -0.783843042419972   -0.615642020873679   0.0810862934433043     0
   -0.864929335863276   -0.484441642060666    0.131200378813013     0
   -0.819207405918665   -0.572055577341368   0.0406404050256133     0
   -0.827109791494193   -0.551859056507969    0.106494011871877     0
   -0.859847810944278   -0.506298020693364   0.0657575566480038     0
   -0.702046444776163   -0.693780477560449    0.160622035640025     0
   -0.792649229259282   -0.571251659135708     0.21302286564913     0
   -0.749785606185563   -0.634579268498273    0.187431845610995     0
   -0.790170103914269   -0.594895337780011    0.147413513517997     0
    -0.74472698181937   -0.656281825524826    0.121144079657298     0
   -0.862668480416187   -0.433888564552694    0.259891913007754     0
   -0.865871061476667   -0.460266587103494    0.196015238421331     0
   -0.830812209218007   -0.529135030024209    0.172531715970059     0
    -0.83035859000505   -0.504209442103349    0.237228688186432     0
                 -0.5    -0.80901699437495     0.30901699437495     0
   -0.601500955007544   -0.707106781186548    0.371748034460185     0
   -0.606825149271813   -0.758652300163257    0.237086325350578     0
   -0.552453507294724   -0.760405965600031     0.34143504471223     0
   -0.605741479945669   -0.734794251350019    0.305212495904402     0
   -0.554740147179038   -0.785714975624047    0.273706679107183     0
   -0.688190960235586   -0.587785252292474     0.42532540417602     0
   -0.702309846743373   -0.647411893882224    0.296004592577769     0
   -0.697036981561042   -0.619185610019896    0.361591795648851     0
   -0.653497215079619   -0.678913060654244    0.334691568397336     0
   -0.646839949313379   -0.649448048330184    0.399769073956928     0
   -0.656005712553905   -0.727958497701465    0.199331208597321     0
   -0.656619613803171   -0.705236152793139    0.267381097990316     0
   -0.703982525981985   -0.672319410093836    0.228900008569462     0
    -0.80901699437495    -0.30901699437495                  0.5     0
    -0.84391147462239    -0.37503856747821    0.383613732685047     0
   -0.757935420047776   -0.453990499739548    0.468429850866954     0
   -0.828446826286222   -0.342848265880766     0.44286670974328     0
   -0.803015928553963   -0.415597488389907     0.42713481025622     0
   -0.785898871150631   -0.382683432365091    0.485712214091263     0
   -0.783451698363313   -0.516121620051061    0.346153014788992     0
   -0.825175098744512   -0.476225708180024    0.303801137720746     0
   -0.816232536305202   -0.446977019141151    0.366027309140272     0
   -0.855336921151225   -0.405433827172407    0.322524670529058     0
   -0.725299045041224    -0.52249856471595    0.448259461843317     0
    -0.77257542880342   -0.486240463529511    0.408285951798268     0
   -0.737712162076988    -0.55337178544656    0.386730439706242     0
   -0.749435075214837   -0.610925895014903    0.255179581545961     0
   -0.745338478922828   -0.583691442484128    0.322141043345617     0
   -0.790112141663011    -0.54510901893912     0.28031939117357     0
   -0.383613732685047    -0.84391147462239     0.37503856747821     0
   -0.468429850866954   -0.757935420047776    0.453990499739548     0
    -0.44286670974328   -0.828446826286222    0.342848265880766     0
    -0.42713481025622   -0.803015928553963    0.415597488389907     0
   -0.485712214091263   -0.785898871150631    0.382683432365091     0
   -0.259891913007754   -0.862668480416187    0.433888564552694     0
   -0.346153014788992   -0.783451698363313    0.516121620051061     0
   -0.303801137720746   -0.825175098744512    0.476225708180024     0
   -0.366027309140272   -0.816232536305202    0.446977019141151     0
   -0.322524670529058   -0.855336921151225    0.405433827172407     0
    -0.42532540417602   -0.688190960235586    0.587785252292474     0
   -0.448259461843317   -0.725299045041224     0.52249856471595     0
   -0.408285951798268    -0.77257542880342    0.486240463529511     0
   -0.386730439706242   -0.737712162076988     0.55337178544656     0
  -0.0810862934433043   -0.783843042419972    0.615642020873679     0
   -0.131200378813013   -0.864929335863276    0.484441642060666     0
  -0.0406404050256133   -0.819207405918665    0.572055577341368     0
   -0.106494011871877   -0.827109791494193    0.551859056507969     0
  -0.0657575566480038   -0.859847810944278    0.506298020693364     0
   -0.160622035640025   -0.702046444776163    0.693780477560449     0
    -0.21302286564913   -0.792649229259282    0.571251659135708     0
   -0.187431845610995   -0.749785606185563    0.634579268498273     0
   -0.147413513517997   -0.790170103914269    0.594895337780011     0
   -0.121144079657298    -0.74472698181937    0.656281825524826     0
   -0.196015238421331   -0.865871061476667    0.460266587103494     0
   -0.172531715970059   -0.830812209218007    0.529135030024209     0
   -0.237228688186432    -0.83035859000505    0.504209442103349     0
    -0.30901699437495                 -0.5     0.80901699437495     0
   -0.371748034460185   -0.601500955007544    0.707106781186548     0
   -0.237086325350578   -0.606825149271813    0.758652300163257     0
    -0.34143504471223   -0.552453507294724    0.760405965600031     0
   -0.305212495904402   -0.605741479945669    0.734794251350019     0
   -0.273706679107183   -0.554740147179038    0.785714975624047     0
   -0.296004592577769   -0.702309846743373    0.647411893882224     0
   -0.361591795648851   -0.697036981561042    0.619185610019896     0
   -0.334691568397336   -0.653497215079619    0.678913060654244     0
   -0.399769073956928   -0.646839949313379    0.649448048330184     0
   -0.199331208597321   -0.656005712553905    0.727958497701465     0
   -0.267381097990316   -0.656619613803171    0.705236152793139     0
   -0.228900008569462   -0.703982525981985    0.672319410093836     0
    -0.28031939117357   -0.790112141663011     0.54510901893912     0
   -0.255179581545961   -0.749435075214837    0.610925895014903     0
   -0.322141043345617   -0.745338478922828    0.583691442484128     0
   -0.707106781186548   -0.371748034460185    0.601500955007544     0
   -0.758652300163257   -0.237086325350578    0.606825149271813     0
   -0.760405965600031    -0.34143504471223    0.552453507294724     0
   -0.734794251350019   -0.305212495904402    0.605741479945669     0
   -0.785714975624047   -0.273706679107183    0.554740147179038     0
   -0.587785252292474    -0.42532540417602    0.688190960235586     0
   -0.647411893882224   -0.296004592577769    0.702309846743373     0
   -0.619185610019896   -0.361591795648851    0.697036981561042     0
   -0.678913060654244   -0.334691568397336    0.653497215079619     0
   -0.649448048330184   -0.399769073956928    0.646839949313379     0
   -0.693780477560449   -0.160622035640025    0.702046444776163     0
   -0.727958497701465   -0.199331208597321    0.656005712553905     0
   -0.705236152793139   -0.267381097990316    0.656619613803171     0
   -0.672319410093836   -0.228900008569462    0.703982525981985     0
    -0.37503856747821   -0.383613732685047     0.84391147462239     0
   -0.453990499739548   -0.468429850866954    0.757935420047776     0
   -0.342848265880766    -0.44286670974328    0.828446826286222     0
   -0.415597488389907    -0.42713481025622    0.803015928553963     0
   -0.382683432365091   -0.485712214091263    0.785898871150631     0
   -0.433888564552694   -0.259891913007754    0.862668480416187     0
   -0.516121620051061   -0.346153014788992    0.783451698363313     0
   -0.476225708180024   -0.303801137720746    0.825175098744512     0
   -0.446977019141151   -0.366027309140272    0.816232536305202     0
   -0.405433827172407   -0.322524670529058    0.855336921151225     0
    -0.52249856471595   -0.448259461843317    0.725299045041224     0
   -0.486240463529511   -0.408285951798268     0.77257542880342     0
    -0.55337178544656   -0.386730439706242    0.737712162076988     0
   -0.615642020873679  -0.0810862934433043    0.783843042419972     0
   -0.484441642060666   -0.131200378813013    0.864929335863276     0
   -0.572055577341368  -0.0406404050256133    0.819207405918665     0
   -0.551859056507969   -0.106494011871877    0.827109791494193     0
   -0.506298020693364  -0.0657575566480038    0.859847810944278     0
   -0.571251659135708    -0.21302286564913    0.792649229259282     0
   -0.634579268498273   -0.187431845610995    0.749785606185563     0
   -0.594895337780011   -0.147413513517997    0.790170103914269     0
   -0.656281825524826   -0.121144079657298     0.74472698181937     0
   -0.460266587103494   -0.196015238421331    0.865871061476667     0
   -0.529135030024209   -0.172531715970059    0.830812209218007     0
   -0.504209442103349   -0.237228688186432     0.83035859000505     0
   -0.583691442484128   -0.322141043345617    0.745338478922828     0
    -0.54510901893912    -0.28031939117357    0.790112141663011     0
   -0.610925895014903   -0.255179581545961    0.749435075214837     0
   -0.536783838510581   -0.735011060566469    0.414272677784572     0
   -0.564254211765771   -0.646577791797732    0.513375441230448     0
   -0.496441341614641   -0.669612004259087    0.552418100796837     0
   -0.517970331271932   -0.704471193019813    0.485208279120715     0
   -0.584715705184938   -0.678976728776866    0.443957369450657     0
   -0.628312822405293   -0.619241580743837    0.470917043521434     0
   -0.414272677784572   -0.536783838510581    0.735011060566469     0
   -0.513375441230448   -0.564254211765771    0.646577791797732     0
   -0.552418100796837   -0.496441341614641    0.669612004259087     0
   -0.485208279120715   -0.517970331271932    0.704471193019813     0
   -0.443957369450657   -0.584715705184938    0.678976728776866     0
   -0.470917043521434   -0.628312822405293    0.619241580743837     0
   -0.735011060566469   -0.414272677784572    0.536783838510581     0
   -0.646577791797732   -0.513375441230448    0.564254211765771     0
   -0.669612004259087   -0.552418100796837    0.496441341614641     0
   -0.704471193019813   -0.485208279120715    0.517970331271932     0
   -0.678976728776866   -0.443957369450657    0.584715705184938     0
   -0.619241580743837   -0.470917043521434    0.628312822405293     0
   -0.540649979978604   -0.607477992707349     0.58195196324558     0
    -0.58195196324558   -0.540649979978604    0.607477992707349     0
   -0.607477992707349    -0.58195196324558    0.540649979978604     0
   -0.864929335863276   -0.484441642060666   -0.131200378813013     0
   -0.783843042419972   -0.615642020873679  -0.0810862934433043     0
   -0.859847810944278   -0.506298020693364  -0.0657575566480038     0
   -0.827109791494193   -0.551859056507969   -0.106494011871877     0
   -0.819207405918665   -0.572055577341368  -0.0406404050256133     0
   -0.862668480416187   -0.433888564552694   -0.259891913007754     0
   -0.792649229259282   -0.571251659135708    -0.21302286564913     0
    -0.83035859000505   -0.504209442103349   -0.237228688186432     0
   -0.830812209218007   -0.529135030024209   -0.172531715970059     0
   -0.865871061476667   -0.460266587103494   -0.196015238421331     0
   -0.702046444776163   -0.693780477560449   -0.160622035640025     0
    -0.74472698181937   -0.656281825524826   -0.121144079657298     0
   -0.790170103914269   -0.594895337780011   -0.147413513517997     0
   -0.749785606185563   -0.634579268498273   -0.187431845610995     0
    -0.80901699437495    -0.30901699437495                 -0.5     0
   -0.757935420047776   -0.453990499739548   -0.468429850866954     0
    -0.84391147462239    -0.37503856747821   -0.383613732685047     0
   -0.785898871150631   -0.382683432365091   -0.485712214091263     0
   -0.803015928553963   -0.415597488389907    -0.42713481025622     0
   -0.828446826286222   -0.342848265880766    -0.44286670974328     0
   -0.688190960235586   -0.587785252292474    -0.42532540417602     0
   -0.783451698363313   -0.516121620051061   -0.346153014788992     0
   -0.737712162076988    -0.55337178544656   -0.386730439706242     0
    -0.77257542880342   -0.486240463529511   -0.408285951798268     0
   -0.725299045041224    -0.52249856471595   -0.448259461843317     0
   -0.855336921151225   -0.405433827172407   -0.322524670529058     0
   -0.816232536305202   -0.446977019141151   -0.366027309140272     0
   -0.825175098744512   -0.476225708180024   -0.303801137720746     0
                 -0.5    -0.80901699437495    -0.30901699437495     0
   -0.606825149271813   -0.758652300163257   -0.237086325350578     0
   -0.601500955007544   -0.707106781186548   -0.371748034460185     0
   -0.554740147179038   -0.785714975624047   -0.273706679107183     0
   -0.605741479945669   -0.734794251350019   -0.305212495904402     0
   -0.552453507294724   -0.760405965600031    -0.34143504471223     0
   -0.702309846743373   -0.647411893882224   -0.296004592577769     0
   -0.703982525981985   -0.672319410093836   -0.228900008569462     0
   -0.656619613803171   -0.705236152793139   -0.267381097990316     0
   -0.656005712553905   -0.727958497701465   -0.199331208597321     0
   -0.646839949313379   -0.649448048330184   -0.399769073956928     0
   -0.653497215079619   -0.678913060654244   -0.334691568397336     0
   -0.697036981561042   -0.619185610019896   -0.361591795648851     0
   -0.790112141663011    -0.54510901893912    -0.28031939117357     0
   -0.745338478922828   -0.583691442484128   -0.322141043345617     0
   -0.749435075214837   -0.610925895014903   -0.255179581545961     0
   -0.758652300163257   -0.237086325350578   -0.606825149271813     0
   -0.707106781186548   -0.371748034460185   -0.601500955007544     0
   -0.785714975624047   -0.273706679107183   -0.554740147179038     0
   -0.734794251350019   -0.305212495904402   -0.605741479945669     0
   -0.760405965600031    -0.34143504471223   -0.552453507294724     0
   -0.693780477560449   -0.160622035640025   -0.702046444776163     0
   -0.647411893882224   -0.296004592577769   -0.702309846743373     0
   -0.672319410093836   -0.228900008569462   -0.703982525981985     0
   -0.705236152793139   -0.267381097990316   -0.656619613803171     0
   -0.727958497701465   -0.199331208597321   -0.656005712553905     0
   -0.587785252292474    -0.42532540417602   -0.688190960235586     0
   -0.649448048330184   -0.399769073956928   -0.646839949313379     0
   -0.678913060654244   -0.334691568397336   -0.653497215079619     0
   -0.619185610019896   -0.361591795648851   -0.697036981561042     0
   -0.484441642060666   -0.131200378813013   -0.864929335863276     0
   -0.615642020873679  -0.0810862934433043   -0.783843042419972     0
   -0.506298020693364  -0.0657575566480038   -0.859847810944278     0
   -0.551859056507969   -0.106494011871877   -0.827109791494193     0
   -0.572055577341368  -0.0406404050256133   -0.819207405918665     0
   -0.433888564552694   -0.259891913007754   -0.862668480416187     0
   -0.571251659135708    -0.21302286564913   -0.792649229259282     0
   -0.504209442103349   -0.237228688186432    -0.83035859000505     0
   -0.529135030024209   -0.172531715970059   -0.830812209218007     0
   -0.460266587103494   -0.196015238421331   -0.865871061476667     0
   -0.656281825524826   -0.121144079657298    -0.74472698181937     0
   -0.594895337780011   -0.147413513517997   -0.790170103914269     0
   -0.634579268498273   -0.187431845610995   -0.749785606185563     0
    -0.30901699437495                 -0.5    -0.80901699437495     0
   -0.453990499739548   -0.468429850866954   -0.757935420047776     0
    -0.37503856747821   -0.383613732685047    -0.84391147462239     0
   -0.382683432365091   -0.485712214091263   -0.785898871150631     0
   -0.415597488389907    -0.42713481025622   -0.803015928553963     0
   -0.342848265880766    -0.44286670974328   -0.828446826286222     0
   -0.516121620051061   -0.346153014788992   -0.783451698363313     0
    -0.55337178544656   -0.386730439706242   -0.737712162076988     0
   -0.486240463529511   -0.408285951798268    -0.77257542880342     0
    -0.52249856471595   -0.448259461843317   -0.725299045041224     0
   -0.405433827172407   -0.322524670529058   -0.855336921151225     0
   -0.446977019141151   -0.366027309140272   -0.816232536305202     0
   -0.476225708180024   -0.303801137720746   -0.825175098744512     0
   -0.610925895014903   -0.255179581545961   -0.749435075214837     0
    -0.54510901893912    -0.28031939117357   -0.790112141663011     0
   -0.583691442484128   -0.322141043345617   -0.745338478922828     0
   -0.468429850866954   -0.757935420047776   -0.453990499739548     0
   -0.383613732685047    -0.84391147462239    -0.37503856747821     0
   -0.485712214091263   -0.785898871150631   -0.382683432365091     0
    -0.42713481025622   -0.803015928553963   -0.415597488389907     0
    -0.44286670974328   -0.828446826286222   -0.342848265880766     0
    -0.42532540417602   -0.688190960235586   -0.587785252292474     0
   -0.346153014788992   -0.783451698363313   -0.516121620051061     0
   -0.386730439706242   -0.737712162076988    -0.55337178544656     0
   -0.408285951798268    -0.77257542880342   -0.486240463529511     0
   -0.448259461843317   -0.725299045041224    -0.52249856471595     0
   -0.259891913007754   -0.862668480416187   -0.433888564552694     0
   -0.322524670529058   -0.855336921151225   -0.405433827172407     0
   -0.366027309140272   -0.816232536305202   -0.446977019141151     0
   -0.303801137720746   -0.825175098744512   -0.476225708180024     0
   -0.237086325350578   -0.606825149271813   -0.758652300163257     0
   -0.371748034460185   -0.601500955007544   -0.707106781186548     0
   -0.273706679107183   -0.554740147179038   -0.785714975624047     0
   -0.305212495904402   -0.605741479945669   -0.734794251350019     0
    -0.34143504471223   -0.552453507294724   -0.760405965600031     0
   -0.160622035640025   -0.702046444776163   -0.693780477560449     0
   -0.296004592577769   -0.702309846743373   -0.647411893882224     0
   -0.228900008569462   -0.703982525981985   -0.672319410093836     0
   -0.267381097990316   -0.656619613803171   -0.705236152793139     0
   -0.199331208597321   -0.656005712553905   -0.727958497701465     0
   -0.399769073956928   -0.646839949313379   -0.649448048330184     0
   -0.334691568397336   -0.653497215079619   -0.678913060654244     0
   -0.361591795648851   -0.697036981561042   -0.619185610019896     0
   -0.131200378813013   -0.864929335863276   -0.484441642060666     0
  -0.0810862934433043   -0.783843042419972   -0.615642020873679     0
  -0.0657575566480038   -0.859847810944278   -0.506298020693364     0
   -0.106494011871877   -0.827109791494193   -0.551859056507969     0
  -0.0406404050256133   -0.819207405918665   -0.572055577341368     0
    -0.21302286564913   -0.792649229259282   -0.571251659135708     0
   -0.237228688186432    -0.83035859000505   -0.504209442103349     0
   -0.172531715970059   -0.830812209218007   -0.529135030024209     0
   -0.196015238421331   -0.865871061476667   -0.460266587103494     0
   -0.121144079657298    -0.74472698181937   -0.656281825524826     0
   -0.147413513517997   -0.790170103914269   -0.594895337780011     0
   -0.187431845610995   -0.749785606185563   -0.634579268498273     0
   -0.322141043345617   -0.745338478922828   -0.583691442484128     0
   -0.255179581545961   -0.749435075214837   -0.610925895014903     0
    -0.28031939117357   -0.790112141663011    -0.54510901893912     0
   -0.735011060566469   -0.414272677784572   -0.536783838510581     0
   -0.646577791797732   -0.513375441230448   -0.564254211765771     0
   -0.619241580743837   -0.470917043521434   -0.628312822405293     0
   -0.678976728776866   -0.443957369450657   -0.584715705184938     0
   -0.704471193019813   -0.485208279120715   -0.517970331271932     0
   -0.669612004259087   -0.552418100796837   -0.496441341614641     0
   -0.414272677784572   -0.536783838510581   -0.735011060566469     0
   -0.513375441230448   -0.564254211765771   -0.646577791797732     0
   -0.470917043521434   -0.628312822405293   -0.619241580743837     0
   -0.443957369450657   -0.584715705184938   -0.678976728776866     0
   -0.485208279120715   -0.517970331271932   -0.704471193019813     0
   -0.552418100796837   -0.496441341614641   -0.669612004259087     0
   -0.536783838510581   -0.735011060566469   -0.414272677784572     0
   -0.564254211765771   -0.646577791797732   -0.513375441230448     0
   -0.628312822405293   -0.619241580743837   -0.470917043521434     0
   -0.584715705184938   -0.678976728776866   -0.443957369450657     0
   -0.517970331271932   -0.704471193019813   -0.485208279120715     0
   -0.496441341614641   -0.669612004259087   -0.552418100796837     0
    -0.58195196324558   -0.540649979978604   -0.607477992707349     0
   -0.540649979978604   -0.607477992707349    -0.58195196324558     0
   -0.607477992707349    -0.58195196324558   -0.540649979978604     0
    0.786432698557471    0.617675975443124                    0     0
    0.711281734962217    0.702907030487773                    0     0
    0.708969152980335    0.700621677084553  -0.0805729838194869     0
    0.749387055003112    0.660883697083112  -0.0406421053037388     0
    0.749387055003112    0.660883697083112   0.0406421053037388     0
    0.708969152980335    0.700621677084553   0.0805729838194869     0
    0.519258489728182    0.840177885327139   -0.156434465040232     0
    0.511205119641863    0.827147258803493   -0.233445363855907     0
     0.56451281455785    0.801503633258308   -0.197274448608294     0
    0.525731112119132    0.850650808352041                    0     0
    0.620239582613446    0.780204370710127  -0.0811418516199404     0
    0.574457742134841    0.817522985726601  -0.0406751805159456     0
    0.571140242022715    0.812169442270875   -0.119078213723801     0
    0.524110458554358    0.848028535800246  -0.0784590957278455     0
    0.615455833672209    0.771840548150463   -0.159612922502031     0
    0.662841946344834    0.738886266263619   -0.121192572762527     0
    0.519258489728182    0.840177885327139    0.156434465040232     0
     0.56451281455785    0.801503633258308    0.197274448608294     0
    0.511205119641863    0.827147258803493    0.233445363855907     0
    0.620239582613446    0.780204370710127   0.0811418516199404     0
    0.662841946344834    0.738886266263619    0.121192572762527     0
    0.615455833672209    0.771840548150463    0.159612922502031     0
    0.524110458554358    0.848028535800246   0.0784590957278455     0
    0.571140242022715    0.812169442270875    0.119078213723801     0
    0.574457742134841    0.817522985726601   0.0406751805159456     0
     0.66750240511982    0.743495740017673  -0.0406770664481742     0
    0.622291549536155    0.782785556443073                    0     0
     0.66750240511982    0.743495740017673   0.0406770664481742     0
    0.386187385587591    0.891006524188368   -0.238676930319595     0
      0.3859061448684    0.869725310462252     -0.3076594410938     0
    0.444463826438401    0.852640164354092   -0.274693751508769     0
    0.264082750659065    0.916244175191216   -0.301258879093232     0
    0.262660558083595    0.891741954914295   -0.368518272373089     0
     0.32486352900931    0.882836931662525   -0.339208843652866     0
    0.262865556059566    0.951056516295153   -0.162459848116454     0
    0.325529971084296    0.923879532511287   -0.201188586486867     0
    0.325928978741363    0.905831810420051   -0.270627108855976     0
    0.264151200280041    0.936049537783692   -0.232455170313655     0
                    0    0.915043421232985   -0.403355348617362     0
                    0    0.884964962566669   -0.465657615667751     0
   0.0658169189351543    0.892926710429347   -0.445365044636093     0
                    0    0.961938357783918    -0.27326652891267     0
    0.131655371352065    0.924304600611347   -0.358228793486578     0
   0.0660424085862794    0.946197841166767   -0.316777596492354     0
   0.0659883593031009    0.921918770973171   -0.381721516506213     0
                    0    0.940742220240702   -0.339122507446196     0
    0.131748667058902    0.896800568521108   -0.422363621809951     0
    0.196412234981203    0.896400998591329   -0.397350580311841     0
                    0                    1                    0     0
    0.133071104140591    0.987688340595138  -0.0822424652793629     0
                    0    0.990438881956862   -0.137952242127633     0
   0.0667412932034613    0.996917333733128  -0.0412483876528618     0
   0.0667093819082884    0.991647624814071   -0.110384992485506     0
                    0     0.99760685692232  -0.0691415867735834     0
    0.132792476827902    0.966392597402439   -0.220117027473292     0
    0.198337375706704    0.961188181841084   -0.191779989797709     0
    0.133256381616631    0.979426193820984   -0.151548895132175     0
    0.198580487470062    0.972369920397677   -0.122729490759022     0
                    0    0.978530383082964   -0.206102618575086     0
   0.0666043953573236    0.981483142812483   -0.179595921150836     0
    0.066566856169783    0.966643084065581   -0.247325699610563     0
    0.198386721078552     0.92268198666578   -0.330606503841333     0
    0.132569845002769     0.94782179629339   -0.289929437393159     0
    0.199094113958944    0.944432592881773    -0.26155039913851     0
    0.386187385587591    0.891006524188368    0.238676930319595     0
    0.444463826438401    0.852640164354092    0.274693751508769     0
      0.3859061448684    0.869725310462252      0.3076594410938     0
    0.262865556059566    0.951056516295153    0.162459848116454     0
    0.264082750659065    0.916244175191216    0.301258879093232     0
    0.264151200280041    0.936049537783692    0.232455170313655     0
    0.325928978741363    0.905831810420051    0.270627108855976     0
    0.325529971084296    0.923879532511287    0.201188586486867     0
     0.32486352900931    0.882836931662525    0.339208843652866     0
    0.262660558083595    0.891741954914295    0.368518272373089     0
                    0    0.990438881956862    0.137952242127633     0
    0.133071104140591    0.987688340595138   0.0822424652793629     0
                    0     0.99760685692232   0.0691415867735834     0
   0.0667093819082884    0.991647624814071    0.110384992485506     0
   0.0667412932034613    0.996917333733128   0.0412483876528618     0
                    0    0.961938357783918     0.27326652891267     0
    0.132792476827902    0.966392597402439    0.220117027473292     0
    0.066566856169783    0.966643084065581    0.247325699610563     0
   0.0666043953573236    0.981483142812483    0.179595921150836     0
                    0    0.978530383082964    0.206102618575086     0
    0.198580487470062    0.972369920397677    0.122729490759022     0
    0.133256381616631    0.979426193820984    0.151548895132175     0
    0.198337375706704    0.961188181841084    0.191779989797709     0
                    0    0.915043421232985    0.403355348617362     0
   0.0658169189351543    0.892926710429347    0.445365044636093     0
                    0    0.884964962566669    0.465657615667751     0
    0.131655371352065    0.924304600611347    0.358228793486578     0
    0.196412234981203    0.896400998591329    0.397350580311841     0
    0.131748667058902    0.896800568521108    0.422363621809951     0
                    0    0.940742220240702    0.339122507446196     0
   0.0659883593031009    0.921918770973171    0.381721516506213     0
   0.0660424085862794    0.946197841166767    0.316777596492354     0
    0.199094113958944    0.944432592881773     0.26155039913851     0
    0.132569845002769     0.94782179629339    0.289929437393159     0
    0.198386721078552     0.92268198666578    0.330606503841333     0
    0.454261817537185    0.868534495321757   -0.198227222055888     0
     0.39960705170185    0.912982492932299  -0.0823235800319607     0
    0.332341920631652     0.93513044494374   -0.122800239129196     0
    0.394136231711373    0.904838975075036   -0.161006397504934     0
    0.460881605624379    0.879344510832089   -0.119755487834875     0
    0.464213401422305     0.88476002142849  -0.0412991818537932     0
    0.133523434755287    0.991045656047768                    0     0
    0.266404701134567    0.963861263467623                    0     0
    0.265518440684652    0.960654743036947   0.0815010572754031     0
    0.200367782055223    0.978851936896313   0.0412509096700589     0
    0.200367782055223    0.978851936896313  -0.0412509096700589     0
    0.265518440684652    0.960654743036947  -0.0815010572754031     0
    0.454261817537185    0.868534495321757    0.198227222055888     0
     0.39960705170185    0.912982492932299   0.0823235800319607     0
    0.464213401422305     0.88476002142849   0.0412991818537932     0
    0.460881605624379    0.879344510832089    0.119755487834875     0
    0.394136231711373    0.904838975075036    0.161006397504934     0
    0.332341920631652     0.93513044494374    0.122800239129196     0
    0.334140063643727    0.941618056351077  -0.0413019832669756     0
    0.334140063643727    0.941618056351077   0.0413019832669756     0
    0.400968076372472    0.916092026889307                    0     0
   -0.786432698557471    0.617675975443124                    0     0
   -0.711281734962217    0.702907030487773                    0     0
   -0.708969152980335    0.700621677084553   0.0805729838194869     0
   -0.749387055003112    0.660883697083112   0.0406421053037388     0
   -0.749387055003112    0.660883697083112  -0.0406421053037388     0
   -0.708969152980335    0.700621677084553  -0.0805729838194869     0
   -0.519258489728182    0.840177885327139    0.156434465040232     0
   -0.511205119641863    0.827147258803493    0.233445363855907     0
    -0.56451281455785    0.801503633258308    0.197274448608294     0
   -0.525731112119132    0.850650808352041                    0     0
   -0.620239582613446    0.780204370710127   0.0811418516199404     0
   -0.574457742134841    0.817522985726601   0.0406751805159456     0
   -0.571140242022715    0.812169442270875    0.119078213723801     0
   -0.524110458554358    0.848028535800246   0.0784590957278455     0
   -0.615455833672209    0.771840548150463    0.159612922502031     0
   -0.662841946344834    0.738886266263619    0.121192572762527     0
   -0.519258489728182    0.840177885327139   -0.156434465040232     0
    -0.56451281455785    0.801503633258308   -0.197274448608294     0
   -0.511205119641863    0.827147258803493   -0.233445363855907     0
   -0.620239582613446    0.780204370710127  -0.0811418516199404     0
   -0.662841946344834    0.738886266263619   -0.121192572762527     0
   -0.615455833672209    0.771840548150463   -0.159612922502031     0
   -0.524110458554358    0.848028535800246  -0.0784590957278455     0
   -0.571140242022715    0.812169442270875   -0.119078213723801     0
   -0.574457742134841    0.817522985726601  -0.0406751805159456     0
    -0.66750240511982    0.743495740017673   0.0406770664481742     0
   -0.622291549536155    0.782785556443073                    0     0
    -0.66750240511982    0.743495740017673  -0.0406770664481742     0
   -0.386187385587591    0.891006524188368    0.238676930319595     0
     -0.3859061448684    0.869725310462252      0.3076594410938     0
   -0.444463826438401    0.852640164354092    0.274693751508769     0
   -0.264082750659065    0.916244175191216    0.301258879093232     0
   -0.262660558083595    0.891741954914295    0.368518272373089     0
    -0.32486352900931    0.882836931662525    0.339208843652866     0
   -0.262865556059566    0.951056516295153    0.162459848116454     0
   -0.325529971084296    0.923879532511287    0.201188586486867     0
   -0.325928978741363    0.905831810420051    0.270627108855976     0
   -0.264151200280041    0.936049537783692    0.232455170313655     0
  -0.0658169189351543    0.892926710429347    0.445365044636093     0
   -0.131655371352065    0.924304600611347    0.358228793486578     0
  -0.0660424085862794    0.946197841166767    0.316777596492354     0
  -0.0659883593031009    0.921918770973171    0.381721516506213     0
   -0.131748667058902    0.896800568521108    0.422363621809951     0
   -0.196412234981203    0.896400998591329    0.397350580311841     0
   -0.133071104140591    0.987688340595138   0.0822424652793629     0
  -0.0667412932034613    0.996917333733128   0.0412483876528618     0
  -0.0667093819082884    0.991647624814071    0.110384992485506     0
   -0.132792476827902    0.966392597402439    0.220117027473292     0
   -0.198337375706704    0.961188181841084    0.191779989797709     0
   -0.133256381616631    0.979426193820984    0.151548895132175     0
   -0.198580487470062    0.972369920397677    0.122729490759022     0
  -0.0666043953573236    0.981483142812483    0.179595921150836     0
   -0.066566856169783    0.966643084065581    0.247325699610563     0
   -0.198386721078552     0.92268198666578    0.330606503841333     0
   -0.132569845002769     0.94782179629339    0.289929437393159     0
   -0.199094113958944    0.944432592881773     0.26155039913851     0
   -0.386187385587591    0.891006524188368   -0.238676930319595     0
   -0.444463826438401    0.852640164354092   -0.274693751508769     0
     -0.3859061448684    0.869725310462252     -0.3076594410938     0
   -0.262865556059566    0.951056516295153   -0.162459848116454     0
   -0.264082750659065    0.916244175191216   -0.301258879093232     0
   -0.264151200280041    0.936049537783692   -0.232455170313655     0
   -0.325928978741363    0.905831810420051   -0.270627108855976     0
   -0.325529971084296    0.923879532511287   -0.201188586486867     0
    -0.32486352900931    0.882836931662525   -0.339208843652866     0
   -0.262660558083595    0.891741954914295   -0.368518272373089     0
   -0.133071104140591    0.987688340595138  -0.0822424652793629     0
  -0.0667093819082884    0.991647624814071   -0.110384992485506     0
  -0.0667412932034613    0.996917333733128  -0.0412483876528618     0
   -0.132792476827902    0.966392597402439   -0.220117027473292     0
   -0.066566856169783    0.966643084065581   -0.247325699610563     0
  -0.0666043953573236    0.981483142812483   -0.179595921150836     0
   -0.198580487470062    0.972369920397677   -0.122729490759022     0
   -0.133256381616631    0.979426193820984   -0.151548895132175     0
   -0.198337375706704    0.961188181841084   -0.191779989797709     0
  -0.0658169189351543    0.892926710429347   -0.445365044636093     0
   -0.131655371352065    0.924304600611347   -0.358228793486578     0
   -0.196412234981203    0.896400998591329   -0.397350580311841     0
   -0.131748667058902    0.896800568521108   -0.422363621809951     0
  -0.0659883593031009    0.921918770973171   -0.381721516506213     0
  -0.0660424085862794    0.946197841166767   -0.316777596492354     0
   -0.199094113958944    0.944432592881773    -0.26155039913851     0
   -0.132569845002769     0.94782179629339   -0.289929437393159     0
   -0.198386721078552     0.92268198666578   -0.330606503841333     0
   -0.454261817537185    0.868534495321757    0.198227222055888     0
    -0.39960705170185    0.912982492932299   0.0823235800319607     0
   -0.332341920631652     0.93513044494374    0.122800239129196     0
   -0.394136231711373    0.904838975075036    0.161006397504934     0
   -0.460881605624379    0.879344510832089    0.119755487834875     0
   -0.464213401422305     0.88476002142849   0.0412991818537932     0
   -0.133523434755287    0.991045656047768                    0     0
   -0.266404701134567    0.963861263467623                    0     0
   -0.265518440684652    0.960654743036947  -0.0815010572754031     0
   -0.200367782055223    0.978851936896313  -0.0412509096700589     0
   -0.200367782055223    0.978851936896313   0.0412509096700589     0
   -0.265518440684652    0.960654743036947   0.0815010572754031     0
   -0.454261817537185    0.868534495321757   -0.198227222055888     0
    -0.39960705170185    0.912982492932299  -0.0823235800319607     0
   -0.464213401422305     0.88476002142849  -0.0412991818537932     0
   -0.460881605624379    0.879344510832089   -0.119755487834875     0
   -0.394136231711373    0.904838975075036   -0.161006397504934     0
   -0.332341920631652     0.93513044494374   -0.122800239129196     0
   -0.334140063643727    0.941618056351077   0.0413019832669756     0
   -0.334140063643727    0.941618056351077  -0.0413019832669756     0
   -0.400968076372472    0.916092026889307                    0     0
    0.786432698557471   -0.617675975443124                    0     0
    0.711281734962217   -0.702907030487773                    0     0
    0.708969152980335   -0.700621677084553   0.0805729838194869     0
    0.749387055003112   -0.660883697083112   0.0406421053037388     0
    0.749387055003112   -0.660883697083112  -0.0406421053037388     0
    0.708969152980335   -0.700621677084553  -0.0805729838194869     0
    0.519258489728182   -0.840177885327139    0.156434465040232     0
    0.511205119641863   -0.827147258803493    0.233445363855907     0
     0.56451281455785   -0.801503633258308    0.197274448608294     0
    0.525731112119132   -0.850650808352041                    0     0
    0.620239582613446   -0.780204370710127   0.0811418516199404     0
    0.574457742134841   -0.817522985726601   0.0406751805159456     0
    0.571140242022715   -0.812169442270875    0.119078213723801     0
    0.524110458554358   -0.848028535800246   0.0784590957278455     0
    0.615455833672209   -0.771840548150463    0.159612922502031     0
    0.662841946344834   -0.738886266263619    0.121192572762527     0
    0.519258489728182   -0.840177885327139   -0.156434465040232     0
     0.56451281455785   -0.801503633258308   -0.197274448608294     0
    0.511205119641863   -0.827147258803493   -0.233445363855907     0
    0.620239582613446   -0.780204370710127  -0.0811418516199404     0
    0.662841946344834   -0.738886266263619   -0.121192572762527     0
    0.615455833672209   -0.771840548150463   -0.159612922502031     0
    0.524110458554358   -0.848028535800246  -0.0784590957278455     0
    0.571140242022715   -0.812169442270875   -0.119078213723801     0
    0.574457742134841   -0.817522985726601  -0.0406751805159456     0
     0.66750240511982   -0.743495740017673   0.0406770664481742     0
    0.622291549536155   -0.782785556443073                    0     0
     0.66750240511982   -0.743495740017673  -0.0406770664481742     0
    0.386187385587591   -0.891006524188368    0.238676930319595     0
      0.3859061448684   -0.869725310462252      0.3076594410938     0
    0.444463826438401   -0.852640164354092    0.274693751508769     0
    0.264082750659065   -0.916244175191216    0.301258879093232     0
    0.262660558083595   -0.891741954914295    0.368518272373089     0
     0.32486352900931   -0.882836931662525    0.339208843652866     0
    0.262865556059566   -0.951056516295153    0.162459848116454     0
    0.325529971084296   -0.923879532511287    0.201188586486867     0
    0.325928978741363   -0.905831810420051    0.270627108855976     0
    0.264151200280041   -0.936049537783692    0.232455170313655     0
                    0   -0.915043421232985    0.403355348617362     0
                    0   -0.884964962566669    0.465657615667751     0
   0.0658169189351543   -0.892926710429347    0.445365044636093     0
                    0   -0.961938357783918     0.27326652891267     0
    0.131655371352065   -0.924304600611347    0.358228793486578     0
   0.0660424085862794   -0.946197841166767    0.316777596492354     0
   0.0659883593031009   -0.921918770973171    0.381721516506213     0
                    0   -0.940742220240702    0.339122507446196     0
    0.131748667058902   -0.896800568521108    0.422363621809951     0
    0.196412234981203   -0.896400998591329    0.397350580311841     0
                    0                   -1                    0     0
    0.133071104140591   -0.987688340595138   0.0822424652793629     0
                    0   -0.990438881956862    0.137952242127633     0
   0.0667412932034613   -0.996917333733128   0.0412483876528618     0
   0.0667093819082884   -0.991647624814071    0.110384992485506     0
                    0    -0.99760685692232   0.0691415867735834     0
    0.132792476827902   -0.966392597402439    0.220117027473292     0
    0.198337375706704   -0.961188181841084    0.191779989797709     0
    0.133256381616631   -0.979426193820984    0.151548895132175     0
    0.198580487470062   -0.972369920397677    0.122729490759022     0
                    0   -0.978530383082964    0.206102618575086     0
   0.0666043953573236   -0.981483142812483    0.179595921150836     0
    0.066566856169783   -0.966643084065581    0.247325699610563     0
    0.198386721078552    -0.92268198666578    0.330606503841333     0
    0.132569845002769    -0.94782179629339    0.289929437393159     0
    0.199094113958944   -0.944432592881773     0.26155039913851     0
    0.386187385587591   -0.891006524188368   -0.238676930319595     0
    0.444463826438401   -0.852640164354092   -0.274693751508769     0
      0.3859061448684   -0.869725310462252     -0.3076594410938     0
    0.262865556059566   -0.951056516295153   -0.162459848116454     0
    0.264082750659065   -0.916244175191216   -0.301258879093232     0
    0.264151200280041   -0.936049537783692   -0.232455170313655     0
    0.325928978741363   -0.905831810420051   -0.270627108855976     0
    0.325529971084296   -0.923879532511287   -0.201188586486867     0
     0.32486352900931   -0.882836931662525   -0.339208843652866     0
    0.262660558083595   -0.891741954914295   -0.368518272373089     0
                    0   -0.990438881956862   -0.137952242127633     0
    0.133071104140591   -0.987688340595138  -0.0822424652793629     0
                    0    -0.99760685692232  -0.0691415867735834     0
   0.0667093819082884   -0.991647624814071   -0.110384992485506     0
   0.0667412932034613   -0.996917333733128  -0.0412483876528618     0
                    0   -0.961938357783918    -0.27326652891267     0
    0.132792476827902   -0.966392597402439   -0.220117027473292     0
    0.066566856169783   -0.966643084065581   -0.247325699610563     0
   0.0666043953573236   -0.981483142812483   -0.179595921150836     0
                    0   -0.978530383082964   -0.206102618575086     0
    0.198580487470062   -0.972369920397677   -0.122729490759022     0
    0.133256381616631   -0.979426193820984   -0.151548895132175     0
    0.198337375706704   -0.961188181841084   -0.191779989797709     0
                    0   -0.915043421232985   -0.403355348617362     0
   0.0658169189351543   -0.892926710429347   -0.445365044636093     0
                    0   -0.884964962566669   -0.465657615667751     0
    0.131655371352065   -0.924304600611347   -0.358228793486578     0
    0.196412234981203   -0.896400998591329   -0.397350580311841     0
    0.131748667058902   -0.896800568521108   -0.422363621809951     0
                    0   -0.940742220240702   -0.339122507446196     0
   0.0659883593031009   -0.921918770973171   -0.381721516506213     0
   0.0660424085862794   -0.946197841166767   -0.316777596492354     0
    0.199094113958944   -0.944432592881773    -0.26155039913851     0
    0.132569845002769    -0.94782179629339   -0.289929437393159     0
    0.198386721078552    -0.92268198666578   -0.330606503841333     0
    0.454261817537185   -0.868534495321757    0.198227222055888     0
     0.39960705170185   -0.912982492932299   0.0823235800319607     0
    0.332341920631652    -0.93513044494374    0.122800239129196     0
    0.394136231711373   -0.904838975075036    0.161006397504934     0
    0.460881605624379   -0.879344510832089    0.119755487834875     0
    0.464213401422305    -0.88476002142849   0.0412991818537932     0
    0.133523434755287   -0.991045656047768                    0     0
    0.266404701134567   -0.963861263467623                    0     0
    0.265518440684652   -0.960654743036947  -0.0815010572754031     0
    0.200367782055223   -0.978851936896313  -0.0412509096700589     0
    0.200367782055223   -0.978851936896313   0.0412509096700589     0
    0.265518440684652   -0.960654743036947   0.0815010572754031     0
    0.454261817537185   -0.868534495321757   -0.198227222055888     0
     0.39960705170185   -0.912982492932299  -0.0823235800319607     0
    0.464213401422305    -0.88476002142849  -0.0412991818537932     0
    0.460881605624379   -0.879344510832089   -0.119755487834875     0
    0.394136231711373   -0.904838975075036   -0.161006397504934     0
    0.332341920631652    -0.93513044494374   -0.122800239129196     0
    0.334140063643727   -0.941618056351077   0.0413019832669756     0
    0.334140063643727   -0.941618056351077  -0.0413019832669756     0
    0.400968076372472   -0.916092026889307                    0     0
   -0.786432698557471   -0.617675975443124                    0     0
   -0.711281734962217   -0.702907030487773                    0     0
   -0.708969152980335   -0.700621677084553  -0.0805729838194869     0
   -0.749387055003112   -0.660883697083112  -0.0406421053037388     0
   -0.749387055003112   -0.660883697083112   0.0406421053037388     0
   -0.708969152980335   -0.700621677084553   0.0805729838194869     0
   -0.519258489728182   -0.840177885327139   -0.156434465040232     0
   -0.511205119641863   -0.827147258803493   -0.233445363855907     0
    -0.56451281455785   -0.801503633258308   -0.197274448608294     0
   -0.525731112119132   -0.850650808352041                    0     0
   -0.620239582613446   -0.780204370710127  -0.0811418516199404     0
   -0.574457742134841   -0.817522985726601  -0.0406751805159456     0
   -0.571140242022715   -0.812169442270875   -0.119078213723801     0
   -0.524110458554358   -0.848028535800246  -0.0784590957278455     0
   -0.615455833672209   -0.771840548150463   -0.159612922502031     0
   -0.662841946344834   -0.738886266263619   -0.121192572762527     0
   -0.519258489728182   -0.840177885327139    0.156434465040232     0
    -0.56451281455785   -0.801503633258308    0.197274448608294     0
   -0.511205119641863   -0.827147258803493    0.233445363855907     0
   -0.620239582613446   -0.780204370710127   0.0811418516199404     0
   -0.662841946344834   -0.738886266263619    0.121192572762527     0
   -0.615455833672209   -0.771840548150463    0.159612922502031     0
   -0.524110458554358   -0.848028535800246   0.0784590957278455     0
   -0.571140242022715   -0.812169442270875    0.119078213723801     0
   -0.574457742134841   -0.817522985726601   0.0406751805159456     0
    -0.66750240511982   -0.743495740017673  -0.0406770664481742     0
   -0.622291549536155   -0.782785556443073                    0     0
    -0.66750240511982   -0.743495740017673   0.0406770664481742     0
   -0.386187385587591   -0.891006524188368   -0.238676930319595     0
     -0.3859061448684   -0.869725310462252     -0.3076594410938     0
   -0.444463826438401   -0.852640164354092   -0.274693751508769     0
   -0.264082750659065   -0.916244175191216   -0.301258879093232     0
   -0.262660558083595   -0.891741954914295   -0.368518272373089     0
    -0.32486352900931   -0.882836931662525   -0.339208843652866     0
   -0.262865556059566   -0.951056516295153   -0.162459848116454     0
   -0.325529971084296   -0.923879532511287   -0.201188586486867     0
   -0.325928978741363   -0.905831810420051   -0.270627108855976     0
   -0.264151200280041   -0.936049537783692   -0.232455170313655     0
  -0.0658169189351543   -0.892926710429347   -0.445365044636093     0
   -0.131655371352065   -0.924304600611347   -0.358228793486578     0
  -0.0660424085862794   -0.946197841166767   -0.316777596492354     0
  -0.0659883593031009   -0.921918770973171   -0.381721516506213     0
   -0.131748667058902   -0.896800568521108   -0.422363621809951     0
   -0.196412234981203   -0.896400998591329   -0.397350580311841     0
   -0.133071104140591   -0.987688340595138  -0.0822424652793629     0
  -0.0667412932034613   -0.996917333733128  -0.0412483876528618     0
  -0.0667093819082884   -0.991647624814071   -0.110384992485506     0
   -0.132792476827902   -0.966392597402439   -0.220117027473292     0
   -0.198337375706704   -0.961188181841084   -0.191779989797709     0
   -0.133256381616631   -0.979426193820984   -0.151548895132175     0
   -0.198580487470062   -0.972369920397677   -0.122729490759022     0
  -0.0666043953573236   -0.981483142812483   -0.179595921150836     0
   -0.066566856169783   -0.966643084065581   -0.247325699610563     0
   -0.198386721078552    -0.92268198666578   -0.330606503841333     0
   -0.132569845002769    -0.94782179629339   -0.289929437393159     0
   -0.199094113958944   -0.944432592881773    -0.26155039913851     0
   -0.386187385587591   -0.891006524188368    0.238676930319595     0
   -0.444463826438401   -0.852640164354092    0.274693751508769     0
     -0.3859061448684   -0.869725310462252      0.3076594410938     0
   -0.262865556059566   -0.951056516295153    0.162459848116454     0
   -0.264082750659065   -0.916244175191216    0.301258879093232     0
   -0.264151200280041   -0.936049537783692    0.232455170313655     0
   -0.325928978741363   -0.905831810420051    0.270627108855976     0
   -0.325529971084296   -0.923879532511287    0.201188586486867     0
    -0.32486352900931   -0.882836931662525    0.339208843652866     0
   -0.262660558083595   -0.891741954914295    0.368518272373089     0
   -0.133071104140591   -0.987688340595138   0.0822424652793629     0
  -0.0667093819082884   -0.991647624814071    0.110384992485506     0
  -0.0667412932034613   -0.996917333733128   0.0412483876528618     0
   -0.132792476827902   -0.966392597402439    0.220117027473292     0
   -0.066566856169783   -0.966643084065581    0.247325699610563     0
  -0.0666043953573236   -0.981483142812483    0.179595921150836     0
   -0.198580487470062   -0.972369920397677    0.122729490759022     0
   -0.133256381616631   -0.979426193820984    0.151548895132175     0
   -0.198337375706704   -0.961188181841084    0.191779989797709     0
  -0.0658169189351543   -0.892926710429347    0.445365044636093     0
   -0.131655371352065   -0.924304600611347    0.358228793486578     0
   -0.196412234981203   -0.896400998591329    0.397350580311841     0
   -0.131748667058902   -0.896800568521108    0.422363621809951     0
  -0.0659883593031009   -0.921918770973171    0.381721516506213     0
  -0.0660424085862794   -0.946197841166767    0.316777596492354     0
   -0.199094113958944   -0.944432592881773     0.26155039913851     0
   -0.132569845002769    -0.94782179629339    0.289929437393159     0
   -0.198386721078552    -0.92268198666578    0.330606503841333     0
   -0.454261817537185   -0.868534495321757   -0.198227222055888     0
    -0.39960705170185   -0.912982492932299  -0.0823235800319607     0
   -0.332341920631652    -0.93513044494374   -0.122800239129196     0
   -0.394136231711373   -0.904838975075036   -0.161006397504934     0
   -0.460881605624379   -0.879344510832089   -0.119755487834875     0
   -0.464213401422305    -0.88476002142849  -0.0412991818537932     0
   -0.133523434755287   -0.991045656047768                    0     0
   -0.266404701134567   -0.963861263467623                    0     0
   -0.265518440684652   -0.960654743036947   0.0815010572754031     0
   -0.200367782055223   -0.978851936896313   0.0412509096700589     0
   -0.200367782055223   -0.978851936896313  -0.0412509096700589     0
   -0.265518440684652   -0.960654743036947  -0.0815010572754031     0
   -0.454261817537185   -0.868534495321757    0.198227222055888     0
    -0.39960705170185   -0.912982492932299   0.0823235800319607     0
   -0.464213401422305    -0.88476002142849   0.0412991818537932     0
   -0.460881605624379   -0.879344510832089    0.119755487834875     0
   -0.394136231711373   -0.904838975075036    0.161006397504934     0
   -0.332341920631652    -0.93513044494374    0.122800239129196     0
   -0.334140063643727   -0.941618056351077  -0.0413019832669756     0
   -0.334140063643727   -0.941618056351077   0.0413019832669756     0
   -0.400968076372472   -0.916092026889307                    0     0
    0.617675975443124                    0    0.786432698557471     0
    0.702907030487773                    0    0.711281734962217     0
    0.700621677084553  -0.0805729838194869    0.708969152980335     0
    0.660883697083112  -0.0406421053037388    0.749387055003112     0
    0.660883697083112   0.0406421053037388    0.749387055003112     0
    0.700621677084553   0.0805729838194869    0.708969152980335     0
    0.840177885327139   -0.156434465040232    0.519258489728182     0
    0.827147258803493   -0.233445363855907    0.511205119641863     0
    0.801503633258308   -0.197274448608294     0.56451281455785     0
    0.850650808352041                    0    0.525731112119132     0
    0.780204370710127  -0.0811418516199404    0.620239582613446     0
    0.817522985726601  -0.0406751805159456    0.574457742134841     0
    0.812169442270875   -0.119078213723801    0.571140242022715     0
    0.848028535800246  -0.0784590957278455    0.524110458554358     0
    0.771840548150463   -0.159612922502031    0.615455833672209     0
    0.738886266263619   -0.121192572762527    0.662841946344834     0
    0.840177885327139    0.156434465040232    0.519258489728182     0
    0.801503633258308    0.197274448608294     0.56451281455785     0
    0.827147258803493    0.233445363855907    0.511205119641863     0
    0.780204370710127   0.0811418516199404    0.620239582613446     0
    0.738886266263619    0.121192572762527    0.662841946344834     0
    0.771840548150463    0.159612922502031    0.615455833672209     0
    0.848028535800246   0.0784590957278455    0.524110458554358     0
    0.812169442270875    0.119078213723801    0.571140242022715     0
    0.817522985726601   0.0406751805159456    0.574457742134841     0
    0.743495740017673  -0.0406770664481742     0.66750240511982     0
    0.782785556443073                    0    0.622291549536155     0
    0.743495740017673   0.0406770664481742     0.66750240511982     0
    0.891006524188368   -0.238676930319595    0.386187385587591     0
    0.869725310462252     -0.3076594410938      0.3859061448684     0
    0.852640164354092   -0.274693751508769    0.444463826438401     0
    0.916244175191216   -0.301258879093232    0.264082750659065     0
    0.891741954914295   -0.368518272373089    0.262660558083595     0
    0.882836931662525   -0.339208843652866     0.32486352900931     0
    0.951056516295153   -0.162459848116454    0.262865556059566     0
    0.923879532511287   -0.201188586486867    0.325529971084296     0
    0.905831810420051   -0.270627108855976    0.325928978741363     0
    0.936049537783692   -0.232455170313655    0.264151200280041     0
    0.915043421232985   -0.403355348617362                    0     0
    0.884964962566669   -0.465657615667751                    0     0
    0.892926710429347   -0.445365044636093   0.0658169189351543     0
    0.961938357783918    -0.27326652891267                    0     0
    0.924304600611347   -0.358228793486578    0.131655371352065     0
    0.946197841166767   -0.316777596492354   0.0660424085862794     0
    0.921918770973171   -0.381721516506213   0.0659883593031009     0
    0.940742220240702   -0.339122507446196                    0     0
    0.896800568521108   -0.422363621809951    0.131748667058902     0
    0.896400998591329   -0.397350580311841    0.196412234981203     0
                    1                    0                    0     0
    0.987688340595138  -0.0822424652793629    0.133071104140591     0
    0.990438881956862   -0.137952242127633                    0     0
    0.996917333733128  -0.0412483876528618   0.0667412932034613     0
    0.991647624814071   -0.110384992485506   0.0667093819082884     0
     0.99760685692232  -0.0691415867735834                    0     0
    0.966392597402439   -0.220117027473292    0.132792476827902     0
    0.961188181841084   -0.191779989797709    0.198337375706704     0
    0.979426193820984   -0.151548895132175    0.133256381616631     0
    0.972369920397677   -0.122729490759022    0.198580487470062     0
    0.978530383082964   -0.206102618575086                    0     0
    0.981483142812483   -0.179595921150836   0.0666043953573236     0
    0.966643084065581   -0.247325699610563    0.066566856169783     0
     0.92268198666578   -0.330606503841333    0.198386721078552     0
     0.94782179629339   -0.289929437393159    0.132569845002769     0
    0.944432592881773    -0.26155039913851    0.199094113958944     0
    0.891006524188368    0.238676930319595    0.386187385587591     0
    0.852640164354092    0.274693751508769    0.444463826438401     0
    0.869725310462252      0.3076594410938      0.3859061448684     0
    0.951056516295153    0.162459848116454    0.262865556059566     0
    0.916244175191216    0.301258879093232    0.264082750659065     0
    0.936049537783692    0.232455170313655    0.264151200280041     0
    0.905831810420051    0.270627108855976    0.325928978741363     0
    0.923879532511287    0.201188586486867    0.325529971084296     0
    0.882836931662525    0.339208843652866     0.32486352900931     0
    0.891741954914295    0.368518272373089    0.262660558083595     0
    0.990438881956862    0.137952242127633                    0     0
    0.987688340595138   0.0822424652793629    0.133071104140591     0
     0.99760685692232   0.0691415867735834                    0     0
    0.991647624814071    0.110384992485506   0.0667093819082884     0
    0.996917333733128   0.0412483876528618   0.0667412932034613     0
    0.961938357783918     0.27326652891267                    0     0
    0.966392597402439    0.220117027473292    0.132792476827902     0
    0.966643084065581    0.247325699610563    0.066566856169783     0
    0.981483142812483    0.179595921150836   0.0666043953573236     0
    0.978530383082964    0.206102618575086                    0     0
    0.972369920397677    0.122729490759022    0.198580487470062     0
    0.979426193820984    0.151548895132175    0.133256381616631     0
    0.961188181841084    0.191779989797709    0.198337375706704     0
    0.915043421232985    0.403355348617362                    0     0
    0.892926710429347    0.445365044636093   0.0658169189351543     0
    0.884964962566669    0.465657615667751                    0     0
    0.924304600611347    0.358228793486578    0.131655371352065     0
    0.896400998591329    0.397350580311841    0.196412234981203     0
    0.896800568521108    0.422363621809951    0.131748667058902     0
    0.940742220240702    0.339122507446196                    0     0
    0.921918770973171    0.381721516506213   0.0659883593031009     0
    0.946197841166767    0.316777596492354   0.0660424085862794     0
    0.944432592881773     0.26155039913851    0.199094113958944     0
     0.94782179629339    0.289929437393159    0.132569845002769     0
     0.92268198666578    0.330606503841333    0.198386721078552     0
    0.868534495321757   -0.198227222055888    0.454261817537185     0
    0.912982492932299  -0.0823235800319607     0.39960705170185     0
     0.93513044494374   -0.122800239129196    0.332341920631652     0
    0.904838975075036   -0.161006397504934    0.394136231711373     0
    0.879344510832089   -0.119755487834875    0.460881605624379     0
     0.88476002142849  -0.0412991818537932    0.464213401422305     0
    0.991045656047768                    0    0.133523434755287     0
    0.963861263467623                    0    0.266404701134567     0
    0.960654743036947   0.0815010572754031    0.265518440684652     0
    0.978851936896313   0.0412509096700589    0.200367782055223     0
    0.978851936896313  -0.0412509096700589    0.200367782055223     0
    0.960654743036947  -0.0815010572754031    0.265518440684652     0
    0.868534495321757    0.198227222055888    0.454261817537185     0
    0.912982492932299   0.0823235800319607     0.39960705170185     0
     0.88476002142849   0.0412991818537932    0.464213401422305     0
    0.879344510832089    0.119755487834875    0.460881605624379     0
    0.904838975075036    0.161006397504934    0.394136231711373     0
     0.93513044494374    0.122800239129196    0.332341920631652     0
    0.941618056351077  -0.0413019832669756    0.334140063643727     0
    0.941618056351077   0.0413019832669756    0.334140063643727     0
    0.916092026889307                    0    0.400968076372472     0
    0.617675975443124                    0   -0.786432698557471     0
    0.702907030487773                    0   -0.711281734962217     0
    0.700621677084553   0.0805729838194869   -0.708969152980335     0
    0.660883697083112   0.0406421053037388   -0.749387055003112     0
    0.660883697083112  -0.0406421053037388   -0.749387055003112     0
    0.700621677084553  -0.0805729838194869   -0.708969152980335     0
    0.840177885327139    0.156434465040232   -0.519258489728182     0
    0.827147258803493    0.233445363855907   -0.511205119641863     0
    0.801503633258308    0.197274448608294    -0.56451281455785     0
    0.850650808352041                    0   -0.525731112119132     0
    0.780204370710127   0.0811418516199404   -0.620239582613446     0
    0.817522985726601   0.0406751805159456   -0.574457742134841     0
    0.812169442270875    0.119078213723801   -0.571140242022715     0
    0.848028535800246   0.0784590957278455   -0.524110458554358     0
    0.771840548150463    0.159612922502031   -0.615455833672209     0
    0.738886266263619    0.121192572762527   -0.662841946344834     0
    0.840177885327139   -0.156434465040232   -0.519258489728182     0
    0.801503633258308   -0.197274448608294    -0.56451281455785     0
    0.827147258803493   -0.233445363855907   -0.511205119641863     0
    0.780204370710127  -0.0811418516199404   -0.620239582613446     0
    0.738886266263619   -0.121192572762527   -0.662841946344834     0
    0.771840548150463   -0.159612922502031   -0.615455833672209     0
    0.848028535800246  -0.0784590957278455   -0.524110458554358     0
    0.812169442270875   -0.119078213723801   -0.571140242022715     0
    0.817522985726601  -0.0406751805159456   -0.574457742134841     0
    0.743495740017673   0.0406770664481742    -0.66750240511982     0
    0.782785556443073                    0   -0.622291549536155     0
    0.743495740017673  -0.0406770664481742    -0.66750240511982     0
    0.891006524188368    0.238676930319595   -0.386187385587591     0
    0.869725310462252      0.3076594410938     -0.3859061448684     0
    0.852640164354092    0.274693751508769   -0.444463826438401     0
    0.916244175191216    0.301258879093232   -0.264082750659065     0
    0.891741954914295    0.368518272373089   -0.262660558083595     0
    0.882836931662525    0.339208843652866    -0.32486352900931     0
    0.951056516295153    0.162459848116454   -0.262865556059566     0
    0.923879532511287    0.201188586486867   -0.325529971084296     0
    0.905831810420051    0.270627108855976   -0.325928978741363     0
    0.936049537783692    0.232455170313655   -0.264151200280041     0
    0.892926710429347    0.445365044636093  -0.0658169189351543     0
    0.924304600611347    0.358228793486578   -0.131655371352065     0
    0.946197841166767    0.316777596492354  -0.0660424085862794     0
    0.921918770973171    0.381721516506213  -0.0659883593031009     0
    0.896800568521108    0.422363621809951   -0.131748667058902     0
    0.896400998591329    0.397350580311841   -0.196412234981203     0
    0.987688340595138   0.0822424652793629   -0.133071104140591     0
    0.996917333733128   0.0412483876528618  -0.0667412932034613     0
    0.991647624814071    0.110384992485506  -0.0667093819082884     0
    0.966392597402439    0.220117027473292   -0.132792476827902     0
    0.961188181841084    0.191779989797709   -0.198337375706704     0
    0.979426193820984    0.151548895132175   -0.133256381616631     0
    0.972369920397677    0.122729490759022   -0.198580487470062     0
    0.981483142812483    0.179595921150836  -0.0666043953573236     0
    0.966643084065581    0.247325699610563   -0.066566856169783     0
     0.92268198666578    0.330606503841333   -0.198386721078552     0
     0.94782179629339    0.289929437393159   -0.132569845002769     0
    0.944432592881773     0.26155039913851   -0.199094113958944     0
    0.891006524188368   -0.238676930319595   -0.386187385587591     0
    0.852640164354092   -0.274693751508769   -0.444463826438401     0
    0.869725310462252     -0.3076594410938     -0.3859061448684     0
    0.951056516295153   -0.162459848116454   -0.262865556059566     0
    0.916244175191216   -0.301258879093232   -0.264082750659065     0
    0.936049537783692   -0.232455170313655   -0.264151200280041     0
    0.905831810420051   -0.270627108855976   -0.325928978741363     0
    0.923879532511287   -0.201188586486867   -0.325529971084296     0
    0.882836931662525   -0.339208843652866    -0.32486352900931     0
    0.891741954914295   -0.368518272373089   -0.262660558083595     0
    0.987688340595138  -0.0822424652793629   -0.133071104140591     0
    0.991647624814071   -0.110384992485506  -0.0667093819082884     0
    0.996917333733128  -0.0412483876528618  -0.0667412932034613     0
    0.966392597402439   -0.220117027473292   -0.132792476827902     0
    0.966643084065581   -0.247325699610563   -0.066566856169783     0
    0.981483142812483   -0.179595921150836  -0.0666043953573236     0
    0.972369920397677   -0.122729490759022   -0.198580487470062     0
    0.979426193820984   -0.151548895132175   -0.133256381616631     0
    0.961188181841084   -0.191779989797709   -0.198337375706704     0
    0.892926710429347   -0.445365044636093  -0.0658169189351543     0
    0.924304600611347   -0.358228793486578   -0.131655371352065     0
    0.896400998591329   -0.397350580311841   -0.196412234981203     0
    0.896800568521108   -0.422363621809951   -0.131748667058902     0
    0.921918770973171   -0.381721516506213  -0.0659883593031009     0
    0.946197841166767   -0.316777596492354  -0.0660424085862794     0
    0.944432592881773    -0.26155039913851   -0.199094113958944     0
     0.94782179629339   -0.289929437393159   -0.132569845002769     0
     0.92268198666578   -0.330606503841333   -0.198386721078552     0
    0.868534495321757    0.198227222055888   -0.454261817537185     0
    0.912982492932299   0.0823235800319607    -0.39960705170185     0
     0.93513044494374    0.122800239129196   -0.332341920631652     0
    0.904838975075036    0.161006397504934   -0.394136231711373     0
    0.879344510832089    0.119755487834875   -0.460881605624379     0
     0.88476002142849   0.0412991818537932   -0.464213401422305     0
    0.991045656047768                    0   -0.133523434755287     0
    0.963861263467623                    0   -0.266404701134567     0
    0.960654743036947  -0.0815010572754031   -0.265518440684652     0
    0.978851936896313  -0.0412509096700589   -0.200367782055223     0
    0.978851936896313   0.0412509096700589   -0.200367782055223     0
    0.960654743036947   0.0815010572754031   -0.265518440684652     0
    0.868534495321757   -0.198227222055888   -0.454261817537185     0
    0.912982492932299  -0.0823235800319607    -0.39960705170185     0
     0.88476002142849  -0.0412991818537932   -0.464213401422305     0
    0.879344510832089   -0.119755487834875   -0.460881605624379     0
    0.904838975075036   -0.161006397504934   -0.394136231711373     0
     0.93513044494374   -0.122800239129196   -0.332341920631652     0
    0.941618056351077   0.0413019832669756   -0.334140063643727     0
    0.941618056351077  -0.0413019832669756   -0.334140063643727     0
    0.916092026889307                    0   -0.400968076372472     0
   -0.617675975443124                    0    0.786432698557471     0
   -0.702907030487773                    0    0.711281734962217     0
   -0.700621677084553   0.0805729838194869    0.708969152980335     0
   -0.660883697083112   0.0406421053037388    0.749387055003112     0
   -0.660883697083112  -0.0406421053037388    0.749387055003112     0
   -0.700621677084553  -0.0805729838194869    0.708969152980335     0
   -0.840177885327139    0.156434465040232    0.519258489728182     0
   -0.827147258803493    0.233445363855907    0.511205119641863     0
   -0.801503633258308    0.197274448608294     0.56451281455785     0
   -0.850650808352041                    0    0.525731112119132     0
   -0.780204370710127   0.0811418516199404    0.620239582613446     0
   -0.817522985726601   0.0406751805159456    0.574457742134841     0
   -0.812169442270875    0.119078213723801    0.571140242022715     0
   -0.848028535800246   0.0784590957278455    0.524110458554358     0
   -0.771840548150463    0.159612922502031    0.615455833672209     0
   -0.738886266263619    0.121192572762527    0.662841946344834     0
   -0.840177885327139   -0.156434465040232    0.519258489728182     0
   -0.801503633258308   -0.197274448608294     0.56451281455785     0
   -0.827147258803493   -0.233445363855907    0.511205119641863     0
   -0.780204370710127  -0.0811418516199404    0.620239582613446     0
   -0.738886266263619   -0.121192572762527    0.662841946344834     0
   -0.771840548150463   -0.159612922502031    0.615455833672209     0
   -0.848028535800246  -0.0784590957278455    0.524110458554358     0
   -0.812169442270875   -0.119078213723801    0.571140242022715     0
   -0.817522985726601  -0.0406751805159456    0.574457742134841     0
   -0.743495740017673   0.0406770664481742     0.66750240511982     0
   -0.782785556443073                    0    0.622291549536155     0
   -0.743495740017673  -0.0406770664481742     0.66750240511982     0
   -0.891006524188368    0.238676930319595    0.386187385587591     0
   -0.869725310462252      0.3076594410938      0.3859061448684     0
   -0.852640164354092    0.274693751508769    0.444463826438401     0
   -0.916244175191216    0.301258879093232    0.264082750659065     0
   -0.891741954914295    0.368518272373089    0.262660558083595     0
   -0.882836931662525    0.339208843652866     0.32486352900931     0
   -0.951056516295153    0.162459848116454    0.262865556059566     0
   -0.923879532511287    0.201188586486867    0.325529971084296     0
   -0.905831810420051    0.270627108855976    0.325928978741363     0
   -0.936049537783692    0.232455170313655    0.264151200280041     0
   -0.915043421232985    0.403355348617362                    0     0
   -0.884964962566669    0.465657615667751                    0     0
   -0.892926710429347    0.445365044636093   0.0658169189351543     0
   -0.961938357783918     0.27326652891267                    0     0
   -0.924304600611347    0.358228793486578    0.131655371352065     0
   -0.946197841166767    0.316777596492354   0.0660424085862794     0
   -0.921918770973171    0.381721516506213   0.0659883593031009     0
   -0.940742220240702    0.339122507446196                    0     0
   -0.896800568521108    0.422363621809951    0.131748667058902     0
   -0.896400998591329    0.397350580311841    0.196412234981203     0
                   -1                    0                    0     0
   -0.987688340595138   0.0822424652793629    0.133071104140591     0
   -0.990438881956862    0.137952242127633                    0     0
   -0.996917333733128   0.0412483876528618   0.0667412932034613     0
   -0.991647624814071    0.110384992485506   0.0667093819082884     0
    -0.99760685692232   0.0691415867735834                    0     0
   -0.966392597402439    0.220117027473292    0.132792476827902     0
   -0.961188181841084    0.191779989797709    0.198337375706704     0
   -0.979426193820984    0.151548895132175    0.133256381616631     0
   -0.972369920397677    0.122729490759022    0.198580487470062     0
   -0.978530383082964    0.206102618575086                    0     0
   -0.981483142812483    0.179595921150836   0.0666043953573236     0
   -0.966643084065581    0.247325699610563    0.066566856169783     0
    -0.92268198666578    0.330606503841333    0.198386721078552     0
    -0.94782179629339    0.289929437393159    0.132569845002769     0
   -0.944432592881773     0.26155039913851    0.199094113958944     0
   -0.891006524188368   -0.238676930319595    0.386187385587591     0
   -0.852640164354092   -0.274693751508769    0.444463826438401     0
   -0.869725310462252     -0.3076594410938      0.3859061448684     0
   -0.951056516295153   -0.162459848116454    0.262865556059566     0
   -0.916244175191216   -0.301258879093232    0.264082750659065     0
   -0.936049537783692   -0.232455170313655    0.264151200280041     0
   -0.905831810420051   -0.270627108855976    0.325928978741363     0
   -0.923879532511287   -0.201188586486867    0.325529971084296     0
   -0.882836931662525   -0.339208843652866     0.32486352900931     0
   -0.891741954914295   -0.368518272373089    0.262660558083595     0
   -0.990438881956862   -0.137952242127633                    0     0
   -0.987688340595138  -0.0822424652793629    0.133071104140591     0
    -0.99760685692232  -0.0691415867735834                    0     0
   -0.991647624814071   -0.110384992485506   0.0667093819082884     0
   -0.996917333733128  -0.0412483876528618   0.0667412932034613     0
   -0.961938357783918    -0.27326652891267                    0     0
   -0.966392597402439   -0.220117027473292    0.132792476827902     0
   -0.966643084065581   -0.247325699610563    0.066566856169783     0
   -0.981483142812483   -0.179595921150836   0.0666043953573236     0
   -0.978530383082964   -0.206102618575086                    0     0
   -0.972369920397677   -0.122729490759022    0.198580487470062     0
   -0.979426193820984   -0.151548895132175    0.133256381616631     0
   -0.961188181841084   -0.191779989797709    0.198337375706704     0
   -0.915043421232985   -0.403355348617362                    0     0
   -0.892926710429347   -0.445365044636093   0.0658169189351543     0
   -0.884964962566669   -0.465657615667751                    0     0
   -0.924304600611347   -0.358228793486578    0.131655371352065     0
   -0.896400998591329   -0.397350580311841    0.196412234981203     0
   -0.896800568521108   -0.422363621809951    0.131748667058902     0
   -0.940742220240702   -0.339122507446196                    0     0
   -0.921918770973171   -0.381721516506213   0.0659883593031009     0
   -0.946197841166767   -0.316777596492354   0.0660424085862794     0
   -0.944432592881773    -0.26155039913851    0.199094113958944     0
    -0.94782179629339   -0.289929437393159    0.132569845002769     0
    -0.92268198666578   -0.330606503841333    0.198386721078552     0
   -0.868534495321757    0.198227222055888    0.454261817537185     0
   -0.912982492932299   0.0823235800319607     0.39960705170185     0
    -0.93513044494374    0.122800239129196    0.332341920631652     0
   -0.904838975075036    0.161006397504934    0.394136231711373     0
   -0.879344510832089    0.119755487834875    0.460881605624379     0
    -0.88476002142849   0.0412991818537932    0.464213401422305     0
   -0.991045656047768                    0    0.133523434755287     0
   -0.963861263467623                    0    0.266404701134567     0
   -0.960654743036947  -0.0815010572754031    0.265518440684652     0
   -0.978851936896313  -0.0412509096700589    0.200367782055223     0
   -0.978851936896313   0.0412509096700589    0.200367782055223     0
   -0.960654743036947   0.0815010572754031    0.265518440684652     0
   -0.868534495321757   -0.198227222055888    0.454261817537185     0
   -0.912982492932299  -0.0823235800319607     0.39960705170185     0
    -0.88476002142849  -0.0412991818537932    0.464213401422305     0
   -0.879344510832089   -0.119755487834875    0.460881605624379     0
   -0.904838975075036   -0.161006397504934    0.394136231711373     0
    -0.93513044494374   -0.122800239129196    0.332341920631652     0
   -0.941618056351077   0.0413019832669756    0.334140063643727     0
   -0.941618056351077  -0.0413019832669756    0.334140063643727     0
   -0.916092026889307                    0    0.400968076372472     0
   -0.617675975443124                    0   -0.786432698557471     0
   -0.702907030487773                    0   -0.711281734962217     0
   -0.700621677084553  -0.0805729838194869   -0.708969152980335     0
   -0.660883697083112  -0.0406421053037388   -0.749387055003112     0
   -0.660883697083112   0.0406421053037388   -0.749387055003112     0
   -0.700621677084553   0.0805729838194869   -0.708969152980335     0
   -0.840177885327139   -0.156434465040232   -0.519258489728182     0
   -0.827147258803493   -0.233445363855907   -0.511205119641863     0
   -0.801503633258308   -0.197274448608294    -0.56451281455785     0
   -0.850650808352041                    0   -0.525731112119132     0
   -0.780204370710127  -0.0811418516199404   -0.620239582613446     0
   -0.817522985726601  -0.0406751805159456   -0.574457742134841     0
   -0.812169442270875   -0.119078213723801   -0.571140242022715     0
   -0.848028535800246  -0.0784590957278455   -0.524110458554358     0
   -0.771840548150463   -0.159612922502031   -0.615455833672209     0
   -0.738886266263619   -0.121192572762527   -0.662841946344834     0
   -0.840177885327139    0.156434465040232   -0.519258489728182     0
   -0.801503633258308    0.197274448608294    -0.56451281455785     0
   -0.827147258803493    0.233445363855907   -0.511205119641863     0
   -0.780204370710127   0.0811418516199404   -0.620239582613446     0
   -0.738886266263619    0.121192572762527   -0.662841946344834     0
   -0.771840548150463    0.159612922502031   -0.615455833672209     0
   -0.848028535800246   0.0784590957278455   -0.524110458554358     0
   -0.812169442270875    0.119078213723801   -0.571140242022715     0
   -0.817522985726601   0.0406751805159456   -0.574457742134841     0
   -0.743495740017673  -0.0406770664481742    -0.66750240511982     0
   -0.782785556443073                    0   -0.622291549536155     0
   -0.743495740017673   0.0406770664481742    -0.66750240511982     0
   -0.891006524188368   -0.238676930319595   -0.386187385587591     0
   -0.869725310462252     -0.3076594410938     -0.3859061448684     0
   -0.852640164354092   -0.274693751508769   -0.444463826438401     0
   -0.916244175191216   -0.301258879093232   -0.264082750659065     0
   -0.891741954914295   -0.368518272373089   -0.262660558083595     0
   -0.882836931662525   -0.339208843652866    -0.32486352900931     0
   -0.951056516295153   -0.162459848116454   -0.262865556059566     0
   -0.923879532511287   -0.201188586486867   -0.325529971084296     0
   -0.905831810420051   -0.270627108855976   -0.325928978741363     0
   -0.936049537783692   -0.232455170313655   -0.264151200280041     0
   -0.892926710429347   -0.445365044636093  -0.0658169189351543     0
   -0.924304600611347   -0.358228793486578   -0.131655371352065     0
   -0.946197841166767   -0.316777596492354  -0.0660424085862794     0
   -0.921918770973171   -0.381721516506213  -0.0659883593031009     0
   -0.896800568521108   -0.422363621809951   -0.131748667058902     0
   -0.896400998591329   -0.397350580311841   -0.196412234981203     0
   -0.987688340595138  -0.0822424652793629   -0.133071104140591     0
   -0.996917333733128  -0.0412483876528618  -0.0667412932034613     0
   -0.991647624814071   -0.110384992485506  -0.0667093819082884     0
   -0.966392597402439   -0.220117027473292   -0.132792476827902     0
   -0.961188181841084   -0.191779989797709   -0.198337375706704     0
   -0.979426193820984   -0.151548895132175   -0.133256381616631     0
   -0.972369920397677   -0.122729490759022   -0.198580487470062     0
   -0.981483142812483   -0.179595921150836  -0.0666043953573236     0
   -0.966643084065581   -0.247325699610563   -0.066566856169783     0
    -0.92268198666578   -0.330606503841333   -0.198386721078552     0
    -0.94782179629339   -0.289929437393159   -0.132569845002769     0
   -0.944432592881773    -0.26155039913851   -0.199094113958944     0
   -0.891006524188368    0.238676930319595   -0.386187385587591     0
   -0.852640164354092    0.274693751508769   -0.444463826438401     0
   -0.869725310462252      0.3076594410938     -0.3859061448684     0
   -0.951056516295153    0.162459848116454   -0.262865556059566     0
   -0.916244175191216    0.301258879093232   -0.264082750659065     0
   -0.936049537783692    0.232455170313655   -0.264151200280041     0
   -0.905831810420051    0.270627108855976   -0.325928978741363     0
   -0.923879532511287    0.201188586486867   -0.325529971084296     0
   -0.882836931662525    0.339208843652866    -0.32486352900931     0
   -0.891741954914295    0.368518272373089   -0.262660558083595     0
   -0.987688340595138   0.0822424652793629   -0.133071104140591     0
   -0.991647624814071    0.110384992485506  -0.0667093819082884     0
   -0.996917333733128   0.0412483876528618  -0.0667412932034613     0
   -0.966392597402439    0.220117027473292   -0.132792476827902     0
   -0.966643084065581    0.247325699610563   -0.066566856169783     0
   -0.981483142812483    0.179595921150836  -0.0666043953573236     0
   -0.972369920397677    0.122729490759022   -0.198580487470062     0
   -0.979426193820984    0.151548895132175   -0.133256381616631     0
   -0.961188181841084    0.191779989797709   -0.198337375706704     0
   -0.892926710429347    0.445365044636093  -0.0658169189351543     0
   -0.924304600611347    0.358228793486578   -0.131655371352065     0
   -0.896400998591329    0.397350580311841   -0.196412234981203     0
   -0.896800568521108    0.422363621809951   -0.131748667058902     0
   -0.921918770973171    0.381721516506213  -0.0659883593031009     0
   -0.946197841166767    0.316777596492354  -0.0660424085862794     0
   -0.944432592881773     0.26155039913851   -0.199094113958944     0
    -0.94782179629339    0.289929437393159   -0.132569845002769     0
    -0.92268198666578    0.330606503841333   -0.198386721078552     0
   -0.868534495321757   -0.198227222055888   -0.454261817537185     0
   -0.912982492932299  -0.0823235800319607    -0.39960705170185     0
    -0.93513044494374   -0.122800239129196   -0.332341920631652     0
   -0.904838975075036   -0.161006397504934   -0.394136231711373     0
   -0.879344510832089   -0.119755487834875   -0.460881605624379     0
    -0.88476002142849  -0.0412991818537932   -0.464213401422305     0
   -0.991045656047768                    0   -0.133523434755287     0
   -0.963861263467623                    0   -0.266404701134567     0
   -0.960654743036947   0.0815010572754031   -0.265518440684652     0
   -0.978851936896313   0.0412509096700589   -0.200367782055223     0
   -0.978851936896313  -0.0412509096700589   -0.200367782055223     0
   -0.960654743036947  -0.0815010572754031   -0.265518440684652     0
   -0.868534495321757    0.198227222055888   -0.454261817537185     0
   -0.912982492932299   0.0823235800319607    -0.39960705170185     0
    -0.88476002142849   0.0412991818537932   -0.464213401422305     0
   -0.879344510832089    0.119755487834875   -0.460881605624379     0
   -0.904838975075036    0.161006397504934   -0.394136231711373     0
    -0.93513044494374    0.122800239129196   -0.332341920631652     0
   -0.941618056351077  -0.0413019832669756   -0.334140063643727     0
   -0.941618056351077   0.0413019832669756   -0.334140063643727     0
   -0.916092026889307                    0   -0.400968076372472     0
                    0    0.786432698557471    0.617675975443124     0
                    0    0.711281734962217    0.702907030487773     0
  -0.0805729838194869    0.708969152980335    0.700621677084553     0
  -0.0406421053037388    0.749387055003112    0.660883697083112     0
   0.0406421053037388    0.749387055003112    0.660883697083112     0
   0.0805729838194869    0.708969152980335    0.700621677084553     0
   -0.156434465040232    0.519258489728182    0.840177885327139     0
   -0.233445363855907    0.511205119641863    0.827147258803493     0
   -0.197274448608294     0.56451281455785    0.801503633258308     0
                    0    0.525731112119132    0.850650808352041     0
  -0.0811418516199404    0.620239582613446    0.780204370710127     0
  -0.0406751805159456    0.574457742134841    0.817522985726601     0
   -0.119078213723801    0.571140242022715    0.812169442270875     0
  -0.0784590957278455    0.524110458554358    0.848028535800246     0
   -0.159612922502031    0.615455833672209    0.771840548150463     0
   -0.121192572762527    0.662841946344834    0.738886266263619     0
    0.156434465040232    0.519258489728182    0.840177885327139     0
    0.197274448608294     0.56451281455785    0.801503633258308     0
    0.233445363855907    0.511205119641863    0.827147258803493     0
   0.0811418516199404    0.620239582613446    0.780204370710127     0
    0.121192572762527    0.662841946344834    0.738886266263619     0
    0.159612922502031    0.615455833672209    0.771840548150463     0
   0.0784590957278455    0.524110458554358    0.848028535800246     0
    0.119078213723801    0.571140242022715    0.812169442270875     0
   0.0406751805159456    0.574457742134841    0.817522985726601     0
  -0.0406770664481742     0.66750240511982    0.743495740017673     0
                    0    0.622291549536155    0.782785556443073     0
   0.0406770664481742     0.66750240511982    0.743495740017673     0
   -0.238676930319595    0.386187385587591    0.891006524188368     0
     -0.3076594410938      0.3859061448684    0.869725310462252     0
   -0.274693751508769    0.444463826438401    0.852640164354092     0
   -0.301258879093232    0.264082750659065    0.916244175191216     0
   -0.368518272373089    0.262660558083595    0.891741954914295     0
   -0.339208843652866     0.32486352900931    0.882836931662525     0
   -0.162459848116454    0.262865556059566    0.951056516295153     0
   -0.201188586486867    0.325529971084296    0.923879532511287     0
   -0.270627108855976    0.325928978741363    0.905831810420051     0
   -0.232455170313655    0.264151200280041    0.936049537783692     0
   -0.403355348617362                    0    0.915043421232985     0
   -0.465657615667751                    0    0.884964962566669     0
   -0.445365044636093   0.0658169189351543    0.892926710429347     0
    -0.27326652891267                    0    0.961938357783918     0
   -0.358228793486578    0.131655371352065    0.924304600611347     0
   -0.316777596492354   0.0660424085862794    0.946197841166767     0
   -0.381721516506213   0.0659883593031009    0.921918770973171     0
   -0.339122507446196                    0    0.940742220240702     0
   -0.422363621809951    0.131748667058902    0.896800568521108     0
   -0.397350580311841    0.196412234981203    0.896400998591329     0
                    0                    0                    1     0
  -0.0822424652793629    0.133071104140591    0.987688340595138     0
   -0.137952242127633                    0    0.990438881956862     0
  -0.0412483876528618   0.0667412932034613    0.996917333733128     0
   -0.110384992485506   0.0667093819082884    0.991647624814071     0
  -0.0691415867735834                    0     0.99760685692232     0
   -0.220117027473292    0.132792476827902    0.966392597402439     0
   -0.191779989797709    0.198337375706704    0.961188181841084     0
   -0.151548895132175    0.133256381616631    0.979426193820984     0
   -0.122729490759022    0.198580487470062    0.972369920397677     0
   -0.206102618575086                    0    0.978530383082964     0
   -0.179595921150836   0.0666043953573236    0.981483142812483     0
   -0.247325699610563    0.066566856169783    0.966643084065581     0
   -0.330606503841333    0.198386721078552     0.92268198666578     0
   -0.289929437393159    0.132569845002769     0.94782179629339     0
    -0.26155039913851    0.199094113958944    0.944432592881773     0
    0.238676930319595    0.386187385587591    0.891006524188368     0
    0.274693751508769    0.444463826438401    0.852640164354092     0
      0.3076594410938      0.3859061448684    0.869725310462252     0
    0.162459848116454    0.262865556059566    0.951056516295153     0
    0.301258879093232    0.264082750659065    0.916244175191216     0
    0.232455170313655    0.264151200280041    0.936049537783692     0
    0.270627108855976    0.325928978741363    0.905831810420051     0
    0.201188586486867    0.325529971084296    0.923879532511287     0
    0.339208843652866     0.32486352900931    0.882836931662525     0
    0.368518272373089    0.262660558083595    0.891741954914295     0
    0.137952242127633                    0    0.990438881956862     0
   0.0822424652793629    0.133071104140591    0.987688340595138     0
   0.0691415867735834                    0     0.99760685692232     0
    0.110384992485506   0.0667093819082884    0.991647624814071     0
   0.0412483876528618   0.0667412932034613    0.996917333733128     0
     0.27326652891267                    0    0.961938357783918     0
    0.220117027473292    0.132792476827902    0.966392597402439     0
    0.247325699610563    0.066566856169783    0.966643084065581     0
    0.179595921150836   0.0666043953573236    0.981483142812483     0
    0.206102618575086                    0    0.978530383082964     0
    0.122729490759022    0.198580487470062    0.972369920397677     0
    0.151548895132175    0.133256381616631    0.979426193820984     0
    0.191779989797709    0.198337375706704    0.961188181841084     0
    0.403355348617362                    0    0.915043421232985     0
    0.445365044636093   0.0658169189351543    0.892926710429347     0
    0.465657615667751                    0    0.884964962566669     0
    0.358228793486578    0.131655371352065    0.924304600611347     0
    0.397350580311841    0.196412234981203    0.896400998591329     0
    0.422363621809951    0.131748667058902    0.896800568521108     0
    0.339122507446196                    0    0.940742220240702     0
    0.381721516506213   0.0659883593031009    0.921918770973171     0
    0.316777596492354   0.0660424085862794    0.946197841166767     0
     0.26155039913851    0.199094113958944    0.944432592881773     0
    0.289929437393159    0.132569845002769     0.94782179629339     0
    0.330606503841333    0.198386721078552     0.92268198666578     0
   -0.198227222055888    0.454261817537185    0.868534495321757     0
  -0.0823235800319607     0.39960705170185    0.912982492932299     0
   -0.122800239129196    0.332341920631652     0.93513044494374     0
   -0.161006397504934    0.394136231711373    0.904838975075036     0
   -0.119755487834875    0.460881605624379    0.879344510832089     0
  -0.0412991818537932    0.464213401422305     0.88476002142849     0
                    0    0.133523434755287    0.991045656047768     0
                    0    0.266404701134567    0.963861263467623     0
   0.0815010572754031    0.265518440684652    0.960654743036947     0
   0.0412509096700589    0.200367782055223    0.978851936896313     0
  -0.0412509096700589    0.200367782055223    0.978851936896313     0
  -0.0815010572754031    0.265518440684652    0.960654743036947     0
    0.198227222055888    0.454261817537185    0.868534495321757     0
   0.0823235800319607     0.39960705170185    0.912982492932299     0
   0.0412991818537932    0.464213401422305     0.88476002142849     0
    0.119755487834875    0.460881605624379    0.879344510832089     0
    0.161006397504934    0.394136231711373    0.904838975075036     0
    0.122800239129196    0.332341920631652     0.93513044494374     0
  -0.0413019832669756    0.334140063643727    0.941618056351077     0
   0.0413019832669756    0.334140063643727    0.941618056351077     0
                    0    0.400968076372472    0.916092026889307     0
                    0   -0.786432698557471    0.617675975443124     0
                    0   -0.711281734962217    0.702907030487773     0
   0.0805729838194869   -0.708969152980335    0.700621677084553     0
   0.0406421053037388   -0.749387055003112    0.660883697083112     0
  -0.0406421053037388   -0.749387055003112    0.660883697083112     0
  -0.0805729838194869   -0.708969152980335    0.700621677084553     0
    0.156434465040232   -0.519258489728182    0.840177885327139     0
    0.233445363855907   -0.511205119641863    0.827147258803493     0
    0.197274448608294    -0.56451281455785    0.801503633258308     0
                    0   -0.525731112119132    0.850650808352041     0
   0.0811418516199404   -0.620239582613446    0.780204370710127     0
   0.0406751805159456   -0.574457742134841    0.817522985726601     0
    0.119078213723801   -0.571140242022715    0.812169442270875     0
   0.0784590957278455   -0.524110458554358    0.848028535800246     0
    0.159612922502031   -0.615455833672209    0.771840548150463     0
    0.121192572762527   -0.662841946344834    0.738886266263619     0
   -0.156434465040232   -0.519258489728182    0.840177885327139     0
   -0.197274448608294    -0.56451281455785    0.801503633258308     0
   -0.233445363855907   -0.511205119641863    0.827147258803493     0
  -0.0811418516199404   -0.620239582613446    0.780204370710127     0
   -0.121192572762527   -0.662841946344834    0.738886266263619     0
   -0.159612922502031   -0.615455833672209    0.771840548150463     0
  -0.0784590957278455   -0.524110458554358    0.848028535800246     0
   -0.119078213723801   -0.571140242022715    0.812169442270875     0
  -0.0406751805159456   -0.574457742134841    0.817522985726601     0
   0.0406770664481742    -0.66750240511982    0.743495740017673     0
                    0   -0.622291549536155    0.782785556443073     0
  -0.0406770664481742    -0.66750240511982    0.743495740017673     0
    0.238676930319595   -0.386187385587591    0.891006524188368     0
      0.3076594410938     -0.3859061448684    0.869725310462252     0
    0.274693751508769   -0.444463826438401    0.852640164354092     0
    0.301258879093232   -0.264082750659065    0.916244175191216     0
    0.368518272373089   -0.262660558083595    0.891741954914295     0
    0.339208843652866    -0.32486352900931    0.882836931662525     0
    0.162459848116454   -0.262865556059566    0.951056516295153     0
    0.201188586486867   -0.325529971084296    0.923879532511287     0
    0.270627108855976   -0.325928978741363    0.905831810420051     0
    0.232455170313655   -0.264151200280041    0.936049537783692     0
    0.445365044636093  -0.0658169189351543    0.892926710429347     0
    0.358228793486578   -0.131655371352065    0.924304600611347     0
    0.316777596492354  -0.0660424085862794    0.946197841166767     0
    0.381721516506213  -0.0659883593031009    0.921918770973171     0
    0.422363621809951   -0.131748667058902    0.896800568521108     0
    0.397350580311841   -0.196412234981203    0.896400998591329     0
   0.0822424652793629   -0.133071104140591    0.987688340595138     0
   0.0412483876528618  -0.0667412932034613    0.996917333733128     0
    0.110384992485506  -0.0667093819082884    0.991647624814071     0
    0.220117027473292   -0.132792476827902    0.966392597402439     0
    0.191779989797709   -0.198337375706704    0.961188181841084     0
    0.151548895132175   -0.133256381616631    0.979426193820984     0
    0.122729490759022   -0.198580487470062    0.972369920397677     0
    0.179595921150836  -0.0666043953573236    0.981483142812483     0
    0.247325699610563   -0.066566856169783    0.966643084065581     0
    0.330606503841333   -0.198386721078552     0.92268198666578     0
    0.289929437393159   -0.132569845002769     0.94782179629339     0
     0.26155039913851   -0.199094113958944    0.944432592881773     0
   -0.238676930319595   -0.386187385587591    0.891006524188368     0
   -0.274693751508769   -0.444463826438401    0.852640164354092     0
     -0.3076594410938     -0.3859061448684    0.869725310462252     0
   -0.162459848116454   -0.262865556059566    0.951056516295153     0
   -0.301258879093232   -0.264082750659065    0.916244175191216     0
   -0.232455170313655   -0.264151200280041    0.936049537783692     0
   -0.270627108855976   -0.325928978741363    0.905831810420051     0
   -0.201188586486867   -0.325529971084296    0.923879532511287     0
   -0.339208843652866    -0.32486352900931    0.882836931662525     0
   -0.368518272373089   -0.262660558083595    0.891741954914295     0
  -0.0822424652793629   -0.133071104140591    0.987688340595138     0
   -0.110384992485506  -0.0667093819082884    0.991647624814071     0
  -0.0412483876528618  -0.0667412932034613    0.996917333733128     0
   -0.220117027473292   -0.132792476827902    0.966392597402439     0
   -0.247325699610563   -0.066566856169783    0.966643084065581     0
   -0.179595921150836  -0.0666043953573236    0.981483142812483     0
   -0.122729490759022   -0.198580487470062    0.972369920397677     0
   -0.151548895132175   -0.133256381616631    0.979426193820984     0
   -0.191779989797709   -0.198337375706704    0.961188181841084     0
   -0.445365044636093  -0.0658169189351543    0.892926710429347     0
   -0.358228793486578   -0.131655371352065    0.924304600611347     0
   -0.397350580311841   -0.196412234981203    0.896400998591329     0
   -0.422363621809951   -0.131748667058902    0.896800568521108     0
   -0.381721516506213  -0.0659883593031009    0.921918770973171     0
   -0.316777596492354  -0.0660424085862794    0.946197841166767     0
    -0.26155039913851   -0.199094113958944    0.944432592881773     0
   -0.289929437393159   -0.132569845002769     0.94782179629339     0
   -0.330606503841333   -0.198386721078552     0.92268198666578     0
    0.198227222055888   -0.454261817537185    0.868534495321757     0
   0.0823235800319607    -0.39960705170185    0.912982492932299     0
    0.122800239129196   -0.332341920631652     0.93513044494374     0
    0.161006397504934   -0.394136231711373    0.904838975075036     0
    0.119755487834875   -0.460881605624379    0.879344510832089     0
   0.0412991818537932   -0.464213401422305     0.88476002142849     0
                    0   -0.133523434755287    0.991045656047768     0
                    0   -0.266404701134567    0.963861263467623     0
  -0.0815010572754031   -0.265518440684652    0.960654743036947     0
  -0.0412509096700589   -0.200367782055223    0.978851936896313     0
   0.0412509096700589   -0.200367782055223    0.978851936896313     0
   0.0815010572754031   -0.265518440684652    0.960654743036947     0
   -0.198227222055888   -0.454261817537185    0.868534495321757     0
  -0.0823235800319607    -0.39960705170185    0.912982492932299     0
  -0.0412991818537932   -0.464213401422305     0.88476002142849     0
   -0.119755487834875   -0.460881605624379    0.879344510832089     0
   -0.161006397504934   -0.394136231711373    0.904838975075036     0
   -0.122800239129196   -0.332341920631652     0.93513044494374     0
   0.0413019832669756   -0.334140063643727    0.941618056351077     0
  -0.0413019832669756   -0.334140063643727    0.941618056351077     0
                    0   -0.400968076372472    0.916092026889307     0
                    0    0.786432698557471   -0.617675975443124     0
                    0    0.711281734962217   -0.702907030487773     0
   0.0805729838194869    0.708969152980335   -0.700621677084553     0
   0.0406421053037388    0.749387055003112   -0.660883697083112     0
  -0.0406421053037388    0.749387055003112   -0.660883697083112     0
  -0.0805729838194869    0.708969152980335   -0.700621677084553     0
    0.156434465040232    0.519258489728182   -0.840177885327139     0
    0.233445363855907    0.511205119641863   -0.827147258803493     0
    0.197274448608294     0.56451281455785   -0.801503633258308     0
                    0    0.525731112119132   -0.850650808352041     0
   0.0811418516199404    0.620239582613446   -0.780204370710127     0
   0.0406751805159456    0.574457742134841   -0.817522985726601     0
    0.119078213723801    0.571140242022715   -0.812169442270875     0
   0.0784590957278455    0.524110458554358   -0.848028535800246     0
    0.159612922502031    0.615455833672209   -0.771840548150463     0
    0.121192572762527    0.662841946344834   -0.738886266263619     0
   -0.156434465040232    0.519258489728182   -0.840177885327139     0
   -0.197274448608294     0.56451281455785   -0.801503633258308     0
   -0.233445363855907    0.511205119641863   -0.827147258803493     0
  -0.0811418516199404    0.620239582613446   -0.780204370710127     0
   -0.121192572762527    0.662841946344834   -0.738886266263619     0
   -0.159612922502031    0.615455833672209   -0.771840548150463     0
  -0.0784590957278455    0.524110458554358   -0.848028535800246     0
   -0.119078213723801    0.571140242022715   -0.812169442270875     0
  -0.0406751805159456    0.574457742134841   -0.817522985726601     0
   0.0406770664481742     0.66750240511982   -0.743495740017673     0
                    0    0.622291549536155   -0.782785556443073     0
  -0.0406770664481742     0.66750240511982   -0.743495740017673     0
    0.238676930319595    0.386187385587591   -0.891006524188368     0
      0.3076594410938      0.3859061448684   -0.869725310462252     0
    0.274693751508769    0.444463826438401   -0.852640164354092     0
    0.301258879093232    0.264082750659065   -0.916244175191216     0
    0.368518272373089    0.262660558083595   -0.891741954914295     0
    0.339208843652866     0.32486352900931   -0.882836931662525     0
    0.162459848116454    0.262865556059566   -0.951056516295153     0
    0.201188586486867    0.325529971084296   -0.923879532511287     0
    0.270627108855976    0.325928978741363   -0.905831810420051     0
    0.232455170313655    0.264151200280041   -0.936049537783692     0
    0.403355348617362                    0   -0.915043421232985     0
    0.465657615667751                    0   -0.884964962566669     0
    0.445365044636093   0.0658169189351543   -0.892926710429347     0
     0.27326652891267                    0   -0.961938357783918     0
    0.358228793486578    0.131655371352065   -0.924304600611347     0
    0.316777596492354   0.0660424085862794   -0.946197841166767     0
    0.381721516506213   0.0659883593031009   -0.921918770973171     0
    0.339122507446196                    0   -0.940742220240702     0
    0.422363621809951    0.131748667058902   -0.896800568521108     0
    0.397350580311841    0.196412234981203   -0.896400998591329     0
                    0                    0                   -1     0
   0.0822424652793629    0.133071104140591   -0.987688340595138     0
    0.137952242127633                    0   -0.990438881956862     0
   0.0412483876528618   0.0667412932034613   -0.996917333733128     0
    0.110384992485506   0.0667093819082884   -0.991647624814071     0
   0.0691415867735834                    0    -0.99760685692232     0
    0.220117027473292    0.132792476827902   -0.966392597402439     0
    0.191779989797709    0.198337375706704   -0.961188181841084     0
    0.151548895132175    0.133256381616631   -0.979426193820984     0
    0.122729490759022    0.198580487470062   -0.972369920397677     0
    0.206102618575086                    0   -0.978530383082964     0
    0.179595921150836   0.0666043953573236   -0.981483142812483     0
    0.247325699610563    0.066566856169783   -0.966643084065581     0
    0.330606503841333    0.198386721078552    -0.92268198666578     0
    0.289929437393159    0.132569845002769    -0.94782179629339     0
     0.26155039913851    0.199094113958944   -0.944432592881773     0
   -0.238676930319595    0.386187385587591   -0.891006524188368     0
   -0.274693751508769    0.444463826438401   -0.852640164354092     0
     -0.3076594410938      0.3859061448684   -0.869725310462252     0
   -0.162459848116454    0.262865556059566   -0.951056516295153     0
   -0.301258879093232    0.264082750659065   -0.916244175191216     0
   -0.232455170313655    0.264151200280041   -0.936049537783692     0
   -0.270627108855976    0.325928978741363   -0.905831810420051     0
   -0.201188586486867    0.325529971084296   -0.923879532511287     0
   -0.339208843652866     0.32486352900931   -0.882836931662525     0
   -0.368518272373089    0.262660558083595   -0.891741954914295     0
   -0.137952242127633                    0   -0.990438881956862     0
  -0.0822424652793629    0.133071104140591   -0.987688340595138     0
  -0.0691415867735834                    0    -0.99760685692232     0
   -0.110384992485506   0.0667093819082884   -0.991647624814071     0
  -0.0412483876528618   0.0667412932034613   -0.996917333733128     0
    -0.27326652891267                    0   -0.961938357783918     0
   -0.220117027473292    0.132792476827902   -0.966392597402439     0
   -0.247325699610563    0.066566856169783   -0.966643084065581     0
   -0.179595921150836   0.0666043953573236   -0.981483142812483     0
   -0.206102618575086                    0   -0.978530383082964     0
   -0.122729490759022    0.198580487470062   -0.972369920397677     0
   -0.151548895132175    0.133256381616631   -0.979426193820984     0
   -0.191779989797709    0.198337375706704   -0.961188181841084     0
   -0.403355348617362                    0   -0.915043421232985     0
   -0.445365044636093   0.0658169189351543   -0.892926710429347     0
   -0.465657615667751                    0   -0.884964962566669     0
   -0.358228793486578    0.131655371352065   -0.924304600611347     0
   -0.397350580311841    0.196412234981203   -0.896400998591329     0
   -0.422363621809951    0.131748667058902   -0.896800568521108     0
   -0.339122507446196                    0   -0.940742220240702     0
   -0.381721516506213   0.0659883593031009   -0.921918770973171     0
   -0.316777596492354   0.0660424085862794   -0.946197841166767     0
    -0.26155039913851    0.199094113958944   -0.944432592881773     0
   -0.289929437393159    0.132569845002769    -0.94782179629339     0
   -0.330606503841333    0.198386721078552    -0.92268198666578     0
    0.198227222055888    0.454261817537185   -0.868534495321757     0
   0.0823235800319607     0.39960705170185   -0.912982492932299     0
    0.122800239129196    0.332341920631652    -0.93513044494374     0
    0.161006397504934    0.394136231711373   -0.904838975075036     0
    0.119755487834875    0.460881605624379   -0.879344510832089     0
   0.0412991818537932    0.464213401422305    -0.88476002142849     0
                    0    0.133523434755287   -0.991045656047768     0
                    0    0.266404701134567   -0.963861263467623     0
  -0.0815010572754031    0.265518440684652   -0.960654743036947     0
  -0.0412509096700589    0.200367782055223   -0.978851936896313     0
   0.0412509096700589    0.200367782055223   -0.978851936896313     0
   0.0815010572754031    0.265518440684652   -0.960654743036947     0
   -0.198227222055888    0.454261817537185   -0.868534495321757     0
  -0.0823235800319607     0.39960705170185   -0.912982492932299     0
  -0.0412991818537932    0.464213401422305    -0.88476002142849     0
   -0.119755487834875    0.460881605624379   -0.879344510832089     0
   -0.161006397504934    0.394136231711373   -0.904838975075036     0
   -0.122800239129196    0.332341920631652    -0.93513044494374     0
   0.0413019832669756    0.334140063643727   -0.941618056351077     0
  -0.0413019832669756    0.334140063643727   -0.941618056351077     0
                    0    0.400968076372472   -0.916092026889307     0
                    0   -0.786432698557471   -0.617675975443124     0
                    0   -0.711281734962217   -0.702907030487773     0
  -0.0805729838194869   -0.708969152980335   -0.700621677084553     0
  -0.0406421053037388   -0.749387055003112   -0.660883697083112     0
   0.0406421053037388   -0.749387055003112   -0.660883697083112     0
   0.0805729838194869   -0.708969152980335   -0.700621677084553     0
   -0.156434465040232   -0.519258489728182   -0.840177885327139     0
   -0.233445363855907   -0.511205119641863   -0.827147258803493     0
   -0.197274448608294    -0.56451281455785   -0.801503633258308     0
                    0   -0.525731112119132   -0.850650808352041     0
  -0.0811418516199404   -0.620239582613446   -0.780204370710127     0
  -0.0406751805159456   -0.574457742134841   -0.817522985726601     0
   -0.119078213723801   -0.571140242022715   -0.812169442270875     0
  -0.0784590957278455   -0.524110458554358   -0.848028535800246     0
   -0.159612922502031   -0.615455833672209   -0.771840548150463     0
   -0.121192572762527   -0.662841946344834   -0.738886266263619     0
    0.156434465040232   -0.519258489728182   -0.840177885327139     0
    0.197274448608294    -0.56451281455785   -0.801503633258308     0
    0.233445363855907   -0.511205119641863   -0.827147258803493     0
   0.0811418516199404   -0.620239582613446   -0.780204370710127     0
    0.121192572762527   -0.662841946344834   -0.738886266263619     0
    0.159612922502031   -0.615455833672209   -0.771840548150463     0
   0.0784590957278455   -0.524110458554358   -0.848028535800246     0
    0.119078213723801   -0.571140242022715   -0.812169442270875     0
   0.0406751805159456   -0.574457742134841   -0.817522985726601     0
  -0.0406770664481742    -0.66750240511982   -0.743495740017673     0
                    0   -0.622291549536155   -0.782785556443073     0
   0.0406770664481742    -0.66750240511982   -0.743495740017673     0
   -0.238676930319595   -0.386187385587591   -0.891006524188368     0
     -0.3076594410938     -0.3859061448684   -0.869725310462252     0
   -0.274693751508769   -0.444463826438401   -0.852640164354092     0
   -0.301258879093232   -0.264082750659065   -0.916244175191216     0
   -0.368518272373089   -0.262660558083595   -0.891741954914295     0
   -0.339208843652866    -0.32486352900931   -0.882836931662525     0
   -0.162459848116454   -0.262865556059566   -0.951056516295153     0
   -0.201188586486867   -0.325529971084296   -0.923879532511287     0
   -0.270627108855976   -0.325928978741363   -0.905831810420051     0
   -0.232455170313655   -0.264151200280041   -0.936049537783692     0
   -0.445365044636093  -0.0658169189351543   -0.892926710429347     0
   -0.358228793486578   -0.131655371352065   -0.924304600611347     0
   -0.316777596492354  -0.0660424085862794   -0.946197841166767     0
   -0.381721516506213  -0.0659883593031009   -0.921918770973171     0
   -0.422363621809951   -0.131748667058902   -0.896800568521108     0
   -0.397350580311841   -0.196412234981203   -0.896400998591329     0
  -0.0822424652793629   -0.133071104140591   -0.987688340595138     0
  -0.0412483876528618  -0.0667412932034613   -0.996917333733128     0
   -0.110384992485506  -0.0667093819082884   -0.991647624814071     0
   -0.220117027473292   -0.132792476827902   -0.966392597402439     0
   -0.191779989797709   -0.198337375706704   -0.961188181841084     0
   -0.151548895132175   -0.133256381616631   -0.979426193820984     0
   -0.122729490759022   -0.198580487470062   -0.972369920397677     0
   -0.179595921150836  -0.0666043953573236   -0.981483142812483     0
   -0.247325699610563   -0.066566856169783   -0.966643084065581     0
   -0.330606503841333   -0.198386721078552    -0.92268198666578     0
   -0.289929437393159   -0.132569845002769    -0.94782179629339     0
    -0.26155039913851   -0.199094113958944   -0.944432592881773     0
    0.238676930319595   -0.386187385587591   -0.891006524188368     0
    0.274693751508769   -0.444463826438401   -0.852640164354092     0
      0.3076594410938     -0.3859061448684   -0.869725310462252     0
    0.162459848116454   -0.262865556059566   -0.951056516295153     0
    0.301258879093232   -0.264082750659065   -0.916244175191216     0
    0.232455170313655   -0.264151200280041   -0.936049537783692     0
    0.270627108855976   -0.325928978741363   -0.905831810420051     0
    0.201188586486867   -0.325529971084296   -0.923879532511287     0
    0.339208843652866    -0.32486352900931   -0.882836931662525     0
    0.368518272373089   -0.262660558083595   -0.891741954914295     0
   0.0822424652793629   -0.133071104140591   -0.987688340595138     0
    0.110384992485506  -0.0667093819082884   -0.991647624814071     0
   0.0412483876528618  -0.0667412932034613   -0.996917333733128     0
    0.220117027473292   -0.132792476827902   -0.966392597402439     0
    0.247325699610563   -0.066566856169783   -0.966643084065581     0
    0.179595921150836  -0.0666043953573236   -0.981483142812483     0
    0.122729490759022   -0.198580487470062   -0.972369920397677     0
    0.151548895132175   -0.133256381616631   -0.979426193820984     0
    0.191779989797709   -0.198337375706704   -0.961188181841084     0
    0.445365044636093  -0.0658169189351543   -0.892926710429347     0
    0.358228793486578   -0.131655371352065   -0.924304600611347     0
    0.397350580311841   -0.196412234981203   -0.896400998591329     0
    0.422363621809951   -0.131748667058902   -0.896800568521108     0
    0.381721516506213  -0.0659883593031009   -0.921918770973171     0
    0.316777596492354  -0.0660424085862794   -0.946197841166767     0
     0.26155039913851   -0.199094113958944   -0.944432592881773     0
    0.289929437393159   -0.132569845002769    -0.94782179629339     0
    0.330606503841333   -0.198386721078552    -0.92268198666578     0
   -0.198227222055888   -0.454261817537185   -0.868534495321757     0
  -0.0823235800319607    -0.39960705170185   -0.912982492932299     0
   -0.122800239129196   -0.332341920631652    -0.93513044494374     0
   -0.161006397504934   -0.394136231711373   -0.904838975075036     0
   -0.119755487834875   -0.460881605624379   -0.879344510832089     0
  -0.0412991818537932   -0.464213401422305    -0.88476002142849     0
                    0   -0.133523434755287   -0.991045656047768     0
                    0   -0.266404701134567   -0.963861263467623     0
   0.0815010572754031   -0.265518440684652   -0.960654743036947     0
   0.0412509096700589   -0.200367782055223   -0.978851936896313     0
  -0.0412509096700589   -0.200367782055223   -0.978851936896313     0
  -0.0815010572754031   -0.265518440684652   -0.960654743036947     0
    0.198227222055888   -0.454261817537185   -0.868534495321757     0
   0.0823235800319607    -0.39960705170185   -0.912982492932299     0
   0.0412991818537932   -0.464213401422305    -0.88476002142849     0
    0.119755487834875   -0.460881605624379   -0.879344510832089     0
    0.161006397504934   -0.394136231711373   -0.904838975075036     0
    0.122800239129196   -0.332341920631652    -0.93513044494374     0
  -0.0413019832669756   -0.334140063643727   -0.941618056351077     0
   0.0413019832669756   -0.334140063643727   -0.941618056351077     0
                    0   -0.400968076372472   -0.916092026889307     0
Triangles
 5120
    1    4    6    0
    2    5    4    0
    3    6    5    0
    4    5    6    0
    7    9   11    0
    8   10    9    0
    2   11   10    0
    9   10   11    0
   12   13   15    0
    3   14   13    0
    8   15   14    0
   13   14   15    0
    2   10    5    0
    8   14   10    0
    3    5   14    0
   10   14    5    0
   16   19   21    0
   17   20   19    0
   18   21   20    0
   19   20   21    0
   22   24   26    0
   23   25   24    0
   17   26   25    0
   24   25   26    0
    7   27   29    0
   18   28   27    0
   23   29   28    0
   27   28   29    0
   17   25   20    0
   23   28   25    0
   18   20   28    0
   25   28   20    0
   30   33   35    0
   31   34   33    0
   32   35   34    0
   33   34   35    0
   12   37   39    0
   36   38   37    0
   31   39   38    0
   37   38   39    0
   22   40   42    0
   32   41   40    0
   36   42   41    0
   40   41   42    0
   31   38   34    0
   36   41   38    0
   32   34   41    0
   38   41   34    0
    7   29    9    0
   23   43   29    0
    8    9   43    0
   29   43    9    0
   22   42   24    0
   36   44   42    0
   23   24   44    0
   42   44   24    0
   12   15   37    0
    8   45   15    0
   36   37   45    0
   15   45   37    0
   23   44   43    0
   36   45   44    0
    8   43   45    0
   44   45   43    0
   16   48   50    0
   46   49   48    0
   47   50   49    0
   48   49   50    0
   51   53   55    0
   52   54   53    0
   46   55   54    0
   53   54   55    0
   56   57   59    0
   47   58   57    0
   52   59   58    0
   57   58   59    0
   46   54   49    0
   52   58   54    0
   47   49   58    0
   54   58   49    0
   60   63   65    0
   61   64   63    0
   62   65   64    0
   63   64   65    0
   66   68   70    0
   67   69   68    0
   61   70   69    0
   68   69   70    0
   51   71   73    0
   62   72   71    0
   67   73   72    0
   71   72   73    0
   61   69   64    0
   67   72   69    0
   62   64   72    0
   69   72   64    0
   74   77   79    0
   75   78   77    0
   76   79   78    0
   77   78   79    0
   56   81   83    0
   80   82   81    0
   75   83   82    0
   81   82   83    0
   66   84   86    0
   76   85   84    0
   80   86   85    0
   84   85   86    0
   75   82   78    0
   80   85   82    0
   76   78   85    0
   82   85   78    0
   51   73   53    0
   67   87   73    0
   52   53   87    0
   73   87   53    0
   66   86   68    0
   80   88   86    0
   67   68   88    0
   86   88   68    0
   56   59   81    0
   52   89   59    0
   80   81   89    0
   59   89   81    0
   67   88   87    0
   80   89   88    0
   52   87   89    0
   88   89   87    0
   30   92   94    0
   90   93   92    0
   91   94   93    0
   92   93   94    0
   95   97   99    0
   96   98   97    0
   90   99   98    0
   97   98   99    0
  100  101  103    0
   91  102  101    0
   96  103  102    0
  101  102  103    0
   90   98   93    0
   96  102   98    0
   91   93  102    0
   98  102   93    0
   74  106  108    0
  104  107  106    0
  105  108  107    0
  106  107  108    0
  109  111  113    0
  110  112  111    0
  104  113  112    0
  111  112  113    0
   95  114  116    0
  105  115  114    0
  110  116  115    0
  114  115  116    0
  104  112  107    0
  110  115  112    0
  105  107  115    0
  112  115  107    0
  117  120  122    0
  118  121  120    0
  119  122  121    0
  120  121  122    0
  100  124  126    0
  123  125  124    0
  118  126  125    0
  124  125  126    0
  109  127  129    0
  119  128  127    0
  123  129  128    0
  127  128  129    0
  118  125  121    0
  123  128  125    0
  119  121  128    0
  125  128  121    0
   95  116   97    0
  110  130  116    0
   96   97  130    0
  116  130   97    0
  109  129  111    0
  123  131  129    0
  110  111  131    0
  129  131  111    0
  100  103  124    0
   96  132  103    0
  123  124  132    0
  103  132  124    0
  110  131  130    0
  123  132  131    0
   96  130  132    0
  131  132  130    0
   16   50   19    0
   47  133   50    0
   17   19  133    0
   50  133   19    0
   56  135   57    0
  134  136  135    0
   47   57  136    0
  135  136   57    0
   22   26  138    0
   17  137   26    0
  134  138  137    0
   26  137  138    0
   47  136  133    0
  134  137  136    0
   17  133  137    0
  136  137  133    0
   74  108   77    0
  105  139  108    0
   75   77  139    0
  108  139   77    0
   95  141  114    0
  140  142  141    0
  105  114  142    0
  141  142  114    0
   56   83  144    0
   75  143   83    0
  140  144  143    0
   83  143  144    0
  105  142  139    0
  140  143  142    0
   75  139  143    0
  142  143  139    0
   30   35   92    0
   32  145   35    0
   90   92  145    0
   35  145   92    0
   22  147   40    0
  146  148  147    0
   32   40  148    0
  147  148   40    0
   95   99  150    0
   90  149   99    0
  146  150  149    0
   99  149  150    0
   32  148  145    0
  146  149  148    0
   90  145  149    0
  148  149  145    0
   56  144  135    0
  140  151  144    0
  134  135  151    0
  144  151  135    0
   95  150  141    0
  146  152  150    0
  140  141  152    0
  150  152  141    0
   22  138  147    0
  134  153  138    0
  146  147  153    0
  138  153  147    0
  140  152  151    0
  146  153  152    0
  134  151  153    0
  152  153  151    0
    1  156  158    0
  154  157  156    0
  155  158  157    0
  156  157  158    0
  159  161  163    0
  160  162  161    0
  154  163  162    0
  161  162  163    0
  164  165  167    0
  155  166  165    0
  160  167  166    0
  165  166  167    0
  154  162  157    0
  160  166  162    0
  155  157  166    0
  162  166  157    0
  168  171  173    0
  169  172  171    0
  170  173  172    0
  171  172  173    0
  174  176  178    0
  175  177  176    0
  169  178  177    0
  176  177  178    0
  159  179  181    0
  170  180  179    0
  175  181  180    0
  179  180  181    0
  169  177  172    0
  175  180  177    0
  170  172  180    0
  177  180  172    0
  182  185  187    0
  183  186  185    0
  184  187  186    0
  185  186  187    0
  164  189  191    0
  188  190  189    0
  183  191  190    0
  189  190  191    0
  174  192  194    0
  184  193  192    0
  188  194  193    0
  192  193  194    0
  183  190  186    0
  188  193  190    0
  184  186  193    0
  190  193  186    0
  159  181  161    0
  175  195  181    0
  160  161  195    0
  181  195  161    0
  174  194  176    0
  188  196  194    0
  175  176  196    0
  194  196  176    0
  164  167  189    0
  160  197  167    0
  188  189  197    0
  167  197  189    0
  175  196  195    0
  188  197  196    0
  160  195  197    0
  196  197  195    0
  168  200  202    0
  198  201  200    0
  199  202  201    0
  200  201  202    0
  203  205  207    0
  204  206  205    0
  198  207  206    0
  205  206  207    0
  208  209  211    0
  199  210  209    0
  204  211  210    0
  209  210  211    0
  198  206  201    0
  204  210  206    0
  199  201  210    0
  206  210  201    0
  212  215  217    0
  213  216  215    0
  214  217  216    0
  215  216  217    0
  218  220  222    0
  219  221  220    0
  213  222  221    0
  220  221  222    0
  203  223  225    0
  214  224  223    0
  219  225  224    0
  223  224  225    0
  213  221  216    0
  219  224  221    0
  214  216  224    0
  221  224  216    0
  226  229  231    0
  227  230  229    0
  228  231  230    0
  229  230  231    0
  208  233  235    0
  232  234  233    0
  227  235  234    0
  233  234  235    0
  218  236  238    0
  228  237  236    0
  232  238  237    0
  236  237  238    0
  227  234  230    0
  232  237  234    0
  228  230  237    0
  234  237  230    0
  203  225  205    0
  219  239  225    0
  204  205  239    0
  225  239  205    0
  218  238  220    0
  232  240  238    0
  219  220  240    0
  238  240  220    0
  208  211  233    0
  204  241  211    0
  232  233  241    0
  211  241  233    0
  219  240  239    0
  232  241  240    0
  204  239  241    0
  240  241  239    0
  182  244  246    0
  242  245  244    0
  243  246  245    0
  244  245  246    0
  247  249  251    0
  248  250  249    0
  242  251  250    0
  249  250  251    0
  252  253  255    0
  243  254  253    0
  248  255  254    0
  253  254  255    0
  242  250  245    0
  248  254  250    0
  243  245  254    0
  250  254  245    0
  226  258  260    0
  256  259  258    0
  257  260  259    0
  258  259  260    0
  261  263  265    0
  262  264  263    0
  256  265  264    0
  263  264  265    0
  247  266  268    0
  257  267  266    0
  262  268  267    0
  266  267  268    0
  256  264  259    0
  262  267  264    0
  257  259  267    0
  264  267  259    0
  269  272  274    0
  270  273  272    0
  271  274  273    0
  272  273  274    0
  252  276  278    0
  275  277  276    0
  270  278  277    0
  276  277  278    0
  261  279  281    0
  271  280  279    0
  275  281  280    0
  279  280  281    0
  270  277  273    0
  275  280  277    0
  271  273  280    0
  277  280  273    0
  247  268  249    0
  262  282  268    0
  248  249  282    0
  268  282  249    0
  261  281  263    0
  275  283  281    0
  262  263  283    0
  281  283  263    0
  252  255  276    0
  248  284  255    0
  275  276  284    0
  255  284  276    0
  262  283  282    0
  275  284  283    0
  248  282  284    0
  283  284  282    0
  168  202  171    0
  199  285  202    0
  169  171  285    0
  202  285  171    0
  208  287  209    0
  286  288  287    0
  199  209  288    0
  287  288  209    0
  174  178  290    0
  169  289  178    0
  286  290  289    0
  178  289  290    0
  199  288  285    0
  286  289  288    0
  169  285  289    0
  288  289  285    0
  226  260  229    0
  257  291  260    0
  227  229  291    0
  260  291  229    0
  247  293  266    0
  292  294  293    0
  257  266  294    0
  293  294  266    0
  208  235  296    0
  227  295  235    0
  292  296  295    0
  235  295  296    0
  257  294  291    0
  292  295  294    0
  227  291  295    0
  294  295  291    0
  182  187  244    0
  184  297  187    0
  242  244  297    0
  187  297  244    0
  174  299  192    0
  298  300  299    0
  184  192  300    0
  299  300  192    0
  247  251  302    0
  242  301  251    0
  298  302  301    0
  251  301  302    0
  184  300  297    0
  298  301  300    0
  242  297  301    0
  300  301  297    0
  208  296  287    0
  292  303  296    0
  286  287  303    0
  296  303  287    0
  247  302  293    0
  298  304  302    0
  292  293  304    0
  302  304  293    0
  174  290  299    0
  286  305  290    0
  298  299  305    0
  290  305  299    0
  292  304  303    0
  298  305  304    0
  286  303  305    0
  304  305  303    0
  306  309  311    0
  307  310  309    0
  308  311  310    0
  309  310  311    0
  312  314  316    0
  313  315  314    0
  307  316  315    0
  314  315  316    0
  317  318  320    0
  308  319  318    0
  313  320  319    0
  318  319  320    0
  307  315  310    0
  313  319  315    0
  308  310  319    0
  315  319  310    0
  321  324  326    0
  322  325  324    0
  323  326  325    0
  324  325  326    0
  327  329  331    0
  328  330  329    0
  322  331  330    0
  329  330  331    0
  312  332  334    0
  323  333  332    0
  328  334  333    0
  332  333  334    0
  322  330  325    0
  328  333  330    0
  323  325  333    0
  330  333  325    0
  335  338  340    0
  336  339  338    0
  337  340  339    0
  338  339  340    0
  317  342  344    0
  341  343  342    0
  336  344  343    0
  342  343  344    0
  327  345  347    0
  337  346  345    0
  341  347  346    0
  345  346  347    0
  336  343  339    0
  341  346  343    0
  337  339  346    0
  343  346  339    0
  312  334  314    0
  328  348  334    0
  313  314  348    0
  334  348  314    0
  327  347  329    0
  341  349  347    0
  328  329  349    0
  347  349  329    0
  317  320  342    0
  313  350  320    0
  341  342  350    0
  320  350  342    0
  328  349  348    0
  341  350  349    0
  313  348  350    0
  349  350  348    0
  321  353  355    0
  351  354  353    0
  352  355  354    0
  353  354  355    0
  356  358  360    0
  357  359  358    0
  351  360  359    0
  358  359  360    0
  361  362  364    0
  352  363  362    0
  357  364  363    0
  362  363  364    0
  351  359  354    0
  357  363  359    0
  352  354  363    0
  359  363  354    0
  117  367  369    0
  365  368  367    0
  366  369  368    0
  367  368  369    0
  370  372  374    0
  371  373  372    0
  365  374  373    0
  372  373  374    0
  356  375  377    0
  366  376  375    0
  371  377  376    0
  375  376  377    0
  365  373  368    0
  371  376  373    0
  366  368  376    0
  373  376  368    0
  378  381  383    0
  379  382  381    0
  380  383  382    0
  381  382  383    0
  361  385  387    0
  384  386  385    0
  379  387  386    0
  385  386  387    0
  370  388  390    0
  380  389  388    0
  384  390  389    0
  388  389  390    0
  379  386  382    0
  384  389  386    0
  380  382  389    0
  386  389  382    0
  356  377  358    0
  371  391  377    0
  357  358  391    0
  377  391  358    0
  370  390  372    0
  384  392  390    0
  371  372  392    0
  390  392  372    0
  361  364  385    0
  357  393  364    0
  384  385  393    0
  364  393  385    0
  371  392  391    0
  384  393  392    0
  357  391  393    0
  392  393  391    0
  335  396  398    0
  394  397  396    0
  395  398  397    0
  396  397  398    0
  399  401  403    0
  400  402  401    0
  394  403  402    0
  401  402  403    0
  404  405  407    0
  395  406  405    0
  400  407  406    0
  405  406  407    0
  394  402  397    0
  400  406  402    0
  395  397  406    0
  402  406  397    0
  378  410  412    0
  408  411  410    0
  409  412  411    0
  410  411  412    0
  413  415  417    0
  414  416  415    0
  408  417  416    0
  415  416  417    0
  399  418  420    0
  409  419  418    0
  414  420  419    0
  418  419  420    0
  408  416  411    0
  414  419  416    0
  409  411  419    0
  416  419  411    0
  421  424  426    0
  422  425  424    0
  423  426  425    0
  424  425  426    0
  404  428  430    0
  427  429  428    0
  422  430  429    0
  428  429  430    0
  413  431  433    0
  423  432  431    0
  427  433  432    0
  431  432  433    0
  422  429  425    0
  427  432  429    0
  423  425  432    0
  429  432  425    0
  399  420  401    0
  414  434  420    0
  400  401  434    0
  420  434  401    0
  413  433  415    0
  427  435  433    0
  414  415  435    0
  433  435  415    0
  404  407  428    0
  400  436  407    0
  427  428  436    0
  407  436  428    0
  414  435  434    0
  427  436  435    0
  400  434  436    0
  435  436  434    0
  321  355  324    0
  352  437  355    0
  322  324  437    0
  355  437  324    0
  361  439  362    0
  438  440  439    0
  352  362  440    0
  439  440  362    0
  327  331  442    0
  322  441  331    0
  438  442  441    0
  331  441  442    0
  352  440  437    0
  438  441  440    0
  322  437  441    0
  440  441  437    0
  378  412  381    0
  409  443  412    0
  379  381  443    0
  412  443  381    0
  399  445  418    0
  444  446  445    0
  409  418  446    0
  445  446  418    0
  361  387  448    0
  379  447  387    0
  444  448  447    0
  387  447  448    0
  409  446  443    0
  444  447  446    0
  379  443  447    0
  446  447  443    0
  335  340  396    0
  337  449  340    0
  394  396  449    0
  340  449  396    0
  327  451  345    0
  450  452  451    0
  337  345  452    0
  451  452  345    0
  399  403  454    0
  394  453  403    0
  450  454  453    0
  403  453  454    0
  337  452  449    0
  450  453  452    0
  394  449  453    0
  452  453  449    0
  361  448  439    0
  444  455  448    0
  438  439  455    0
  448  455  439    0
  399  454  445    0
  450  456  454    0
  444  445  456    0
  454  456  445    0
  327  442  451    0
  438  457  442    0
  450  451  457    0
  442  457  451    0
  444  456  455    0
  450  457  456    0
  438  455  457    0
  456  457  455    0
  306  460  462    0
  458  461  460    0
  459  462  461    0
  460  461  462    0
  463  465  467    0
  464  466  465    0
  458  467  466    0
  465  466  467    0
  468  469  471    0
  459  470  469    0
  464  471  470    0
  469  470  471    0
  458  466  461    0
  464  470  466    0
  459  461  470    0
  466  470  461    0
  472  475  477    0
  473  476  475    0
  474  477  476    0
  475  476  477    0
  478  480  482    0
  479  481  480    0
  473  482  481    0
  480  481  482    0
  463  483  485    0
  474  484  483    0
  479  485  484    0
  483  484  485    0
  473  481  476    0
  479  484  481    0
  474  476  484    0
  481  484  476    0
  486  489  491    0
  487  490  489    0
  488  491  490    0
  489  490  491    0
  468  493  495    0
  492  494  493    0
  487  495  494    0
  493  494  495    0
  478  496  498    0
  488  497  496    0
  492  498  497    0
  496  497  498    0
  487  494  490    0
  492  497  494    0
  488  490  497    0
  494  497  490    0
  463  485  465    0
  479  499  485    0
  464  465  499    0
  485  499  465    0
  478  498  480    0
  492  500  498    0
  479  480  500    0
  498  500  480    0
  468  471  493    0
  464  501  471    0
  492  493  501    0
  471  501  493    0
  479  500  499    0
  492  501  500    0
  464  499  501    0
  500  501  499    0
  472  504  506    0
  502  505  504    0
  503  506  505    0
  504  505  506    0
  507  509  511    0
  508  510  509    0
  502  511  510    0
  509  510  511    0
  512  513  515    0
  503  514  513    0
  508  515  514    0
  513  514  515    0
  502  510  505    0
  508  514  510    0
  503  505  514    0
  510  514  505    0
  516  519  521    0
  517  520  519    0
  518  521  520    0
  519  520  521    0
  522  524  526    0
  523  525  524    0
  517  526  525    0
  524  525  526    0
  507  527  529    0
  518  528  527    0
  523  529  528    0
  527  528  529    0
  517  525  520    0
  523  528  525    0
  518  520  528    0
  525  528  520    0
  530  533  535    0
  531  534  533    0
  532  535  534    0
  533  534  535    0
  512  537  539    0
  536  538  537    0
  531  539  538    0
  537  538  539    0
  522  540  542    0
  532  541  540    0
  536  542  541    0
  540  541  542    0
  531  538  534    0
  536  541  538    0
  532  534  541    0
  538  541  534    0
  507  529  509    0
  523  543  529    0
  508  509  543    0
  529  543  509    0
  522  542  524    0
  536  544  542    0
  523  524  544    0
  542  544  524    0
  512  515  537    0
  508  545  515    0
  536  537  545    0
  515  545  537    0
  523  544  543    0
  536  545  544    0
  508  543  545    0
  544  545  543    0
  486  548  550    0
  546  549  548    0
  547  550  549    0
  548  549  550    0
  551  553  555    0
  552  554  553    0
  546  555  554    0
  553  554  555    0
  556  557  559    0
  547  558  557    0
  552  559  558    0
  557  558  559    0
  546  554  549    0
  552  558  554    0
  547  549  558    0
  554  558  549    0
  530  562  564    0
  560  563  562    0
  561  564  563    0
  562  563  564    0
  565  567  569    0
  566  568  567    0
  560  569  568    0
  567  568  569    0
  551  570  572    0
  561  571  570    0
  566  572  571    0
  570  571  572    0
  560  568  563    0
  566  571  568    0
  561  563  571    0
  568  571  563    0
  212  575  577    0
  573  576  575    0
  574  577  576    0
  575  576  577    0
  556  579  581    0
  578  580  579    0
  573  581  580    0
  579  580  581    0
  565  582  584    0
  574  583  582    0
  578  584  583    0
  582  583  584    0
  573  580  576    0
  578  583  580    0
  574  576  583    0
  580  583  576    0
  551  572  553    0
  566  585  572    0
  552  553  585    0
  572  585  553    0
  565  584  567    0
  578  586  584    0
  566  567  586    0
  584  586  567    0
  556  559  579    0
  552  587  559    0
  578  579  587    0
  559  587  579    0
  566  586  585    0
  578  587  586    0
  552  585  587    0
  586  587  585    0
  472  506  475    0
  503  588  506    0
  473  475  588    0
  506  588  475    0
  512  590  513    0
  589  591  590    0
  503  513  591    0
  590  591  513    0
  478  482  593    0
  473  592  482    0
  589  593  592    0
  482  592  593    0
  503  591  588    0
  589  592  591    0
  473  588  592    0
  591  592  588    0
  530  564  533    0
  561  594  564    0
  531  533  594    0
  564  594  533    0
  551  596  570    0
  595  597  596    0
  561  570  597    0
  596  597  570    0
  512  539  599    0
  531  598  539    0
  595  599  598    0
  539  598  599    0
  561  597  594    0
  595  598  597    0
  531  594  598    0
  597  598  594    0
  486  491  548    0
  488  600  491    0
  546  548  600    0
  491  600  548    0
  478  602  496    0
  601  603  602    0
  488  496  603    0
  602  603  496    0
  551  555  605    0
  546  604  555    0
  601  605  604    0
  555  604  605    0
  488  603  600    0
  601  604  603    0
  546  600  604    0
  603  604  600    0
  512  599  590    0
  595  606  599    0
  589  590  606    0
  599  606  590    0
  551  605  596    0
  601  607  605    0
  595  596  607    0
  605  607  596    0
  478  593  602    0
  589  608  593    0
  601  602  608    0
  593  608  602    0
  595  607  606    0
  601  608  607    0
  589  606  608    0
  607  608  606    0
  609  612  614    0
  610  613  612    0
  611  614  613    0
  612  613  614    0
  615  617  619    0
  616  618  617    0
  610  619  618    0
  617  618  619    0
  620  621  623    0
  611  622  621    0
  616  623  622    0
  621  622  623    0
  610  618  613    0
  616  622  618    0
  611  613  622    0
  618  622  613    0
  624  627  629    0
  625  628  627    0
  626  629  628    0
  627  628  629    0
  630  632  634    0
  631  633  632    0
  625  634  633    0
  632  633  634    0
  615  635  637    0
  626  636  635    0
  631  637  636    0
  635  636  637    0
  625  633  628    0
  631  636  633    0
  626  628  636    0
  633  636  628    0
  638  641  643    0
  639  642  641    0
  640  643  642    0
  641  642  643    0
  620  645  647    0
  644  646  645    0
  639  647  646    0
  645  646  647    0
  630  648  650    0
  640  649  648    0
  644  650  649    0
  648  649  650    0
  639  646  642    0
  644  649  646    0
  640  642  649    0
  646  649  642    0
  615  637  617    0
  631  651  637    0
  616  617  651    0
  637  651  617    0
  630  650  632    0
  644  652  650    0
  631  632  652    0
  650  652  632    0
  620  623  645    0
  616  653  623    0
  644  645  653    0
  623  653  645    0
  631  652  651    0
  644  653  652    0
  616  651  653    0
  652  653  651    0
  624  656  658    0
  654  657  656    0
  655  658  657    0
  656  657  658    0
  659  661  663    0
  660  662  661    0
  654  663  662    0
  661  662  663    0
  664  665  667    0
  655  666  665    0
  660  667  666    0
  665  666  667    0
  654  662  657    0
  660  666  662    0
  655  657  666    0
  662  666  657    0
  668  671  673    0
  669  672  671    0
  670  673  672    0
  671  672  673    0
  674  676  678    0
  675  677  676    0
  669  678  677    0
  676  677  678    0
  659  679  681    0
  670  680  679    0
  675  681  680    0
  679  680  681    0
  669  677  672    0
  675  680  677    0
  670  672  680    0
  677  680  672    0
  682  685  687    0
  683  686  685    0
  684  687  686    0
  685  686  687    0
  664  689  691    0
  688  690  689    0
  683  691  690    0
  689  690  691    0
  674  692  694    0
  684  693  692    0
  688  694  693    0
  692  693  694    0
  683  690  686    0
  688  693  690    0
  684  686  693    0
  690  693  686    0
  659  681  661    0
  675  695  681    0
  660  661  695    0
  681  695  661    0
  674  694  676    0
  688  696  694    0
  675  676  696    0
  694  696  676    0
  664  667  689    0
  660  697  667    0
  688  689  697    0
  667  697  689    0
  675  696  695    0
  688  697  696    0
  660  695  697    0
  696  697  695    0
  638  700  702    0
  698  701  700    0
  699  702  701    0
  700  701  702    0
  703  705  707    0
  704  706  705    0
  698  707  706    0
  705  706  707    0
  708  709  711    0
  699  710  709    0
  704  711  710    0
  709  710  711    0
  698  706  701    0
  704  710  706    0
  699  701  710    0
  706  710  701    0
  682  714  716    0
  712  715  714    0
  713  716  715    0
  714  715  716    0
  717  719  721    0
  718  720  719    0
  712  721  720    0
  719  720  721    0
  703  722  724    0
  713  723  722    0
  718  724  723    0
  722  723  724    0
  712  720  715    0
  718  723  720    0
  713  715  723    0
  720  723  715    0
   60  727  729    0
  725  728  727    0
  726  729  728    0
  727  728  729    0
  708  731  733    0
  730  732  731    0
  725  733  732    0
  731  732  733    0
  717  734  736    0
  726  735  734    0
  730  736  735    0
  734  735  736    0
  725  732  728    0
  730  735  732    0
  726  728  735    0
  732  735  728    0
  703  724  705    0
  718  737  724    0
  704  705  737    0
  724  737  705    0
  717  736  719    0
  730  738  736    0
  718  719  738    0
  736  738  719    0
  708  711  731    0
  704  739  711    0
  730  731  739    0
  711  739  731    0
  718  738  737    0
  730  739  738    0
  704  737  739    0
  738  739  737    0
  624  658  627    0
  655  740  658    0
  625  627  740    0
  658  740  627    0
  664  742  665    0
  741  743  742    0
  655  665  743    0
  742  743  665    0
  630  634  745    0
  625  744  634    0
  741  745  744    0
  634  744  745    0
  655  743  740    0
  741  744  743    0
  625  740  744    0
  743  744  740    0
  682  716  685    0
  713  746  716    0
  683  685  746    0
  716  746  685    0
  703  748  722    0
  747  749  748    0
  713  722  749    0
  748  749  722    0
  664  691  751    0
  683  750  691    0
  747  751  750    0
  691  750  751    0
  713  749  746    0
  747  750  749    0
  683  746  750    0
  749  750  746    0
  638  643  700    0
  640  752  643    0
  698  700  752    0
  643  752  700    0
  630  754  648    0
  753  755  754    0
  640  648  755    0
  754  755  648    0
  703  707  757    0
  698  756  707    0
  753  757  756    0
  707  756  757    0
  640  755  752    0
  753  756  755    0
  698  752  756    0
  755  756  752    0
  664  751  742    0
  747  758  751    0
  741  742  758    0
  751  758  742    0
  703  757  748    0
  753  759  757    0
  747  748  759    0
  757  759  748    0
  630  745  754    0
  741  760  745    0
  753  754  760    0
  745  760  754    0
  747  759  758    0
  753  760  759    0
  741  758  760    0
  759  760  758    0
  609  763  765    0
  761  764  763    0
  762  765  764    0
  763  764  765    0
  766  768  770    0
  767  769  768    0
  761  770  769    0
  768  769  770    0
  771  772  774    0
  762  773  772    0
  767  774  773    0
  772  773  774    0
  761  769  764    0
  767  773  769    0
  762  764  773    0
  769  773  764    0
  775  778  780    0
  776  779  778    0
  777  780  779    0
  778  779  780    0
  781  783  785    0
  782  784  783    0
  776  785  784    0
  783  784  785    0
  766  786  788    0
  777  787  786    0
  782  788  787    0
  786  787  788    0
  776  784  779    0
  782  787  784    0
  777  779  787    0
  784  787  779    0
  789  792  794    0
  790  793  792    0
  791  794  793    0
  792  793  794    0
  771  796  798    0
  795  797  796    0
  790  798  797    0
  796  797  798    0
  781  799  801    0
  791  800  799    0
  795  801  800    0
  799  800  801    0
  790  797  793    0
  795  800  797    0
  791  793  800    0
  797  800  793    0
  766  788  768    0
  782  802  788    0
  767  768  802    0
  788  802  768    0
  781  801  783    0
  795  803  801    0
  782  783  803    0
  801  803  783    0
  771  774  796    0
  767  804  774    0
  795  796  804    0
  774  804  796    0
  782  803  802    0
  795  804  803    0
  767  802  804    0
  803  804  802    0
  775  807  809    0
  805  808  807    0
  806  809  808    0
  807  808  809    0
  810  812  814    0
  811  813  812    0
  805  814  813    0
  812  813  814    0
  815  816  818    0
  806  817  816    0
  811  818  817    0
  816  817  818    0
  805  813  808    0
  811  817  813    0
  806  808  817    0
  813  817  808    0
  269  821  823    0
  819  822  821    0
  820  823  822    0
  821  822  823    0
  824  826  828    0
  825  827  826    0
  819  828  827    0
  826  827  828    0
  810  829  831    0
  820  830  829    0
  825  831  830    0
  829  830  831    0
  819  827  822    0
  825  830  827    0
  820  822  830    0
  827  830  822    0
  832  835  837    0
  833  836  835    0
  834  837  836    0
  835  836  837    0
  815  839  841    0
  838  840  839    0
  833  841  840    0
  839  840  841    0
  824  842  844    0
  834  843  842    0
  838  844  843    0
  842  843  844    0
  833  840  836    0
  838  843  840    0
  834  836  843    0
  840  843  836    0
  810  831  812    0
  825  845  831    0
  811  812  845    0
  831  845  812    0
  824  844  826    0
  838  846  844    0
  825  826  846    0
  844  846  826    0
  815  818  839    0
  811  847  818    0
  838  839  847    0
  818  847  839    0
  825  846  845    0
  838  847  846    0
  811  845  847    0
  846  847  845    0
  789  850  852    0
  848  851  850    0
  849  852  851    0
  850  851  852    0
  853  855  857    0
  854  856  855    0
  848  857  856    0
  855  856  857    0
  858  859  861    0
  849  860  859    0
  854  861  860    0
  859  860  861    0
  848  856  851    0
  854  860  856    0
  849  851  860    0
  856  860  851    0
  832  864  866    0
  862  865  864    0
  863  866  865    0
  864  865  866    0
  867  869  871    0
  868  870  869    0
  862  871  870    0
  869  870  871    0
  853  872  874    0
  863  873  872    0
  868  874  873    0
  872  873  874    0
  862  870  865    0
  868  873  870    0
  863  865  873    0
  870  873  865    0
  875  878  880    0
  876  879  878    0
  877  880  879    0
  878  879  880    0
  858  882  884    0
  881  883  882    0
  876  884  883    0
  882  883  884    0
  867  885  887    0
  877  886  885    0
  881  887  886    0
  885  886  887    0
  876  883  879    0
  881  886  883    0
  877  879  886    0
  883  886  879    0
  853  874  855    0
  868  888  874    0
  854  855  888    0
  874  888  855    0
  867  887  869    0
  881  889  887    0
  868  869  889    0
  887  889  869    0
  858  861  882    0
  854  890  861    0
  881  882  890    0
  861  890  882    0
  868  889  888    0
  881  890  889    0
  854  888  890    0
  889  890  888    0
  775  809  778    0
  806  891  809    0
  776  778  891    0
  809  891  778    0
  815  893  816    0
  892  894  893    0
  806  816  894    0
  893  894  816    0
  781  785  896    0
  776  895  785    0
  892  896  895    0
  785  895  896    0
  806  894  891    0
  892  895  894    0
  776  891  895    0
  894  895  891    0
  832  866  835    0
  863  897  866    0
  833  835  897    0
  866  897  835    0
  853  899  872    0
  898  900  899    0
  863  872  900    0
  899  900  872    0
  815  841  902    0
  833  901  841    0
  898  902  901    0
  841  901  902    0
  863  900  897    0
  898  901  900    0
  833  897  901    0
  900  901  897    0
  789  794  850    0
  791  903  794    0
  848  850  903    0
  794  903  850    0
  781  905  799    0
  904  906  905    0
  791  799  906    0
  905  906  799    0
  853  857  908    0
  848  907  857    0
  904  908  907    0
  857  907  908    0
  791  906  903    0
  904  907  906    0
  848  903  907    0
  906  907  903    0
  815  902  893    0
  898  909  902    0
  892  893  909    0
  902  909  893    0
  853  908  899    0
  904  910  908    0
  898  899  910    0
  908  910  899    0
  781  896  905    0
  892  911  896    0
  904  905  911    0
  896  911  905    0
  898  910  909    0
  904  911  910    0
  892  909  911    0
  910  911  909    0
  912  915  917    0
  913  916  915    0
  914  917  916    0
  915  916  917    0
  918  920  922    0
  919  921  920    0
  913  922  921    0
  920  921  922    0
  923  924  926    0
  914  925  924    0
  919  926  925    0
  924  925  926    0
  913  921  916    0
  919  925  921    0
  914  916  925    0
  921  925  916    0
  927  930  932    0
  928  931  930    0
  929  932  931    0
  930  931  932    0
  933  935  937    0
  934  936  935    0
  928  937  936    0
  935  936  937    0
  918  938  940    0
  929  939  938    0
  934  940  939    0
  938  939  940    0
  928  936  931    0
  934  939  936    0
  929  931  939    0
  936  939  931    0
  941  944  946    0
  942  945  944    0
  943  946  945    0
  944  945  946    0
  923  948  950    0
  947  949  948    0
  942  950  949    0
  948  949  950    0
  933  951  953    0
  943  952  951    0
  947  953  952    0
  951  952  953    0
  942  949  945    0
  947  952  949    0
  943  945  952    0
  949  952  945    0
  918  940  920    0
  934  954  940    0
  919  920  954    0
  940  954  920    0
  933  953  935    0
  947  955  953    0
  934  935  955    0
  953  955  935    0
  923  926  948    0
  919  956  926    0
  947  948  956    0
  926  956  948    0
  934  955  954    0
  947  956  955    0
  919  954  956    0
  955  956  954    0
  927  959  961    0
  957  960  959    0
  958  961  960    0
  959  960  961    0
  962  964  966    0
  963  965  964    0
  957  966  965    0
  964  965  966    0
  967  968  970    0
  958  969  968    0
  963  970  969    0
  968  969  970    0
  957  965  960    0
  963  969  965    0
  958  960  969    0
  965  969  960    0
  421  973  975    0
  971  974  973    0
  972  975  974    0
  973  974  975    0
  976  978  980    0
  977  979  978    0
  971  980  979    0
  978  979  980    0
  962  981  983    0
  972  982  981    0
  977  983  982    0
  981  982  983    0
  971  979  974    0
  977  982  979    0
  972  974  982    0
  979  982  974    0
  984  987  989    0
  985  988  987    0
  986  989  988    0
  987  988  989    0
  967  991  993    0
  990  992  991    0
  985  993  992    0
  991  992  993    0
  976  994  996    0
  986  995  994    0
  990  996  995    0
  994  995  996    0
  985  992  988    0
  990  995  992    0
  986  988  995    0
  992  995  988    0
  962  983  964    0
  977  997  983    0
  963  964  997    0
  983  997  964    0
  976  996  978    0
  990  998  996    0
  977  978  998    0
  996  998  978    0
  967  970  991    0
  963  999  970    0
  990  991  999    0
  970  999  991    0
  977  998  997    0
  990  999  998    0
  963  997  999    0
  998  999  997    0
  941 1002 1004    0
 1000 1003 1002    0
 1001 1004 1003    0
 1002 1003 1004    0
 1005 1007 1009    0
 1006 1008 1007    0
 1000 1009 1008    0
 1007 1008 1009    0
 1010 1011 1013    0
 1001 1012 1011    0
 1006 1013 1012    0
 1011 1012 1013    0
 1000 1008 1003    0
 1006 1012 1008    0
 1001 1003 1012    0
 1008 1012 1003    0
  984 1016 1018    0
 1014 1017 1016    0
 1015 1018 1017    0
 1016 1017 1018    0
 1019 1021 1023    0
 1020 1022 1021    0
 1014 1023 1022    0
 1021 1022 1023    0
 1005 1024 1026    0
 1015 1025 1024    0
 1020 1026 1025    0
 1024 1025 1026    0
 1014 1022 1017    0
 1020 1025 1022    0
 1015 1017 1025    0
 1022 1025 1017    0
  668 1029 1031    0
 1027 1030 1029    0
 1028 1031 1030    0
 1029 1030 1031    0
 1010 1033 1035    0
 1032 1034 1033    0
 1027 1035 1034    0
 1033 1034 1035    0
 1019 1036 1038    0
 1028 1037 1036    0
 1032 1038 1037    0
 1036 1037 1038    0
 1027 1034 1030    0
 1032 1037 1034    0
 1028 1030 1037    0
 1034 1037 1030    0
 1005 1026 1007    0
 1020 1039 1026    0
 1006 1007 1039    0
 1026 1039 1007    0
 1019 1038 1021    0
 1032 1040 1038    0
 1020 1021 1040    0
 1038 1040 1021    0
 1010 1013 1033    0
 1006 1041 1013    0
 1032 1033 1041    0
 1013 1041 1033    0
 1020 1040 1039    0
 1032 1041 1040    0
 1006 1039 1041    0
 1040 1041 1039    0
  927  961  930    0
  958 1042  961    0
  928  930 1042    0
  961 1042  930    0
  967 1044  968    0
 1043 1045 1044    0
  958  968 1045    0
 1044 1045  968    0
  933  937 1047    0
  928 1046  937    0
 1043 1047 1046    0
  937 1046 1047    0
  958 1045 1042    0
 1043 1046 1045    0
  928 1042 1046    0
 1045 1046 1042    0
  984 1018  987    0
 1015 1048 1018    0
  985  987 1048    0
 1018 1048  987    0
 1005 1050 1024    0
 1049 1051 1050    0
 1015 1024 1051    0
 1050 1051 1024    0
  967  993 1053    0
  985 1052  993    0
 1049 1053 1052    0
  993 1052 1053    0
 1015 1051 1048    0
 1049 1052 1051    0
  985 1048 1052    0
 1051 1052 1048    0
  941  946 1002    0
  943 1054  946    0
 1000 1002 1054    0
  946 1054 1002    0
  933 1056  951    0
 1055 1057 1056    0
  943  951 1057    0
 1056 1057  951    0
 1005 1009 1059    0
 1000 1058 1009    0
 1055 1059 1058    0
 1009 1058 1059    0
  943 1057 1054    0
 1055 1058 1057    0
 1000 1054 1058    0
 1057 1058 1054    0
  967 1053 1044    0
 1049 1060 1053    0
 1043 1044 1060    0
 1053 1060 1044    0
 1005 1059 1050    0
 1055 1061 1059    0
 1049 1050 1061    0
 1059 1061 1050    0
  933 1047 1056    0
 1043 1062 1047    0
 1055 1056 1062    0
 1047 1062 1056    0
 1049 1061 1060    0
 1055 1062 1061    0
 1043 1060 1062    0
 1061 1062 1060    0
  912 1065 1067    0
 1063 1066 1065    0
 1064 1067 1066    0
 1065 1066 1067    0
 1068 1070 1072    0
 1069 1071 1070    0
 1063 1072 1071    0
 1070 1071 1072    0
 1073 1074 1076    0
 1064 1075 1074    0
 1069 1076 1075    0
 1074 1075 1076    0
 1063 1071 1066    0
 1069 1075 1071    0
 1064 1066 1075    0
 1071 1075 1066    0
 1077 1080 1082    0
 1078 1081 1080    0
 1079 1082 1081    0
 1080 1081 1082    0
 1083 1085 1087    0
 1084 1086 1085    0
 1078 1087 1086    0
 1085 1086 1087    0
 1068 1088 1090    0
 1079 1089 1088    0
 1084 1090 1089    0
 1088 1089 1090    0
 1078 1086 1081    0
 1084 1089 1086    0
 1079 1081 1089    0
 1086 1089 1081    0
 1091 1094 1096    0
 1092 1095 1094    0
 1093 1096 1095    0
 1094 1095 1096    0
 1073 1098 1100    0
 1097 1099 1098    0
 1092 1100 1099    0
 1098 1099 1100    0
 1083 1101 1103    0
 1093 1102 1101    0
 1097 1103 1102    0
 1101 1102 1103    0
 1092 1099 1095    0
 1097 1102 1099    0
 1093 1095 1102    0
 1099 1102 1095    0
 1068 1090 1070    0
 1084 1104 1090    0
 1069 1070 1104    0
 1090 1104 1070    0
 1083 1103 1085    0
 1097 1105 1103    0
 1084 1085 1105    0
 1103 1105 1085    0
 1073 1076 1098    0
 1069 1106 1076    0
 1097 1098 1106    0
 1076 1106 1098    0
 1084 1105 1104    0
 1097 1106 1105    0
 1069 1104 1106    0
 1105 1106 1104    0
 1077 1109 1111    0
 1107 1110 1109    0
 1108 1111 1110    0
 1109 1110 1111    0
 1112 1114 1116    0
 1113 1115 1114    0
 1107 1116 1115    0
 1114 1115 1116    0
 1117 1118 1120    0
 1108 1119 1118    0
 1113 1120 1119    0
 1118 1119 1120    0
 1107 1115 1110    0
 1113 1119 1115    0
 1108 1110 1119    0
 1115 1119 1110    0
  875 1123 1125    0
 1121 1124 1123    0
 1122 1125 1124    0
 1123 1124 1125    0
 1126 1128 1130    0
 1127 1129 1128    0
 1121 1130 1129    0
 1128 1129 1130    0
 1112 1131 1133    0
 1122 1132 1131    0
 1127 1133 1132    0
 1131 1132 1133    0
 1121 1129 1124    0
 1127 1132 1129    0
 1122 1124 1132    0
 1129 1132 1124    0
 1134 1137 1139    0
 1135 1138 1137    0
 1136 1139 1138    0
 1137 1138 1139    0
 1117 1141 1143    0
 1140 1142 1141    0
 1135 1143 1142    0
 1141 1142 1143    0
 1126 1144 1146    0
 1136 1145 1144    0
 1140 1146 1145    0
 1144 1145 1146    0
 1135 1142 1138    0
 1140 1145 1142    0
 1136 1138 1145    0
 1142 1145 1138    0
 1112 1133 1114    0
 1127 1147 1133    0
 1113 1114 1147    0
 1133 1147 1114    0
 1126 1146 1128    0
 1140 1148 1146    0
 1127 1128 1148    0
 1146 1148 1128    0
 1117 1120 1141    0
 1113 1149 1120    0
 1140 1141 1149    0
 1120 1149 1141    0
 1127 1148 1147    0
 1140 1149 1148    0
 1113 1147 1149    0
 1148 1149 1147    0
 1091 1152 1154    0
 1150 1153 1152    0
 1151 1154 1153    0
 1152 1153 1154    0
 1155 1157 1159    0
 1156 1158 1157    0
 1150 1159 1158    0
 1157 1158 1159    0
 1160 1161 1163    0
 1151 1162 1161    0
 1156 1163 1162    0
 1161 1162 1163    0
 1150 1158 1153    0
 1156 1162 1158    0
 1151 1153 1162    0
 1158 1162 1153    0
 1134 1166 1168    0
 1164 1167 1166    0
 1165 1168 1167    0
 1166 1167 1168    0
 1169 1171 1173    0
 1170 1172 1171    0
 1164 1173 1172    0
 1171 1172 1173    0
 1155 1174 1176    0
 1165 1175 1174    0
 1170 1176 1175    0
 1174 1175 1176    0
 1164 1172 1167    0
 1170 1175 1172    0
 1165 1167 1175    0
 1172 1175 1167    0
  516 1179 1181    0
 1177 1180 1179    0
 1178 1181 1180    0
 1179 1180 1181    0
 1160 1183 1185    0
 1182 1184 1183    0
 1177 1185 1184    0
 1183 1184 1185    0
 1169 1186 1188    0
 1178 1187 1186    0
 1182 1188 1187    0
 1186 1187 1188    0
 1177 1184 1180    0
 1182 1187 1184    0
 1178 1180 1187    0
 1184 1187 1180    0
 1155 1176 1157    0
 1170 1189 1176    0
 1156 1157 1189    0
 1176 1189 1157    0
 1169 1188 1171    0
 1182 1190 1188    0
 1170 1171 1190    0
 1188 1190 1171    0
 1160 1163 1183    0
 1156 1191 1163    0
 1182 1183 1191    0
 1163 1191 1183    0
 1170 1190 1189    0
 1182 1191 1190    0
 1156 1189 1191    0
 1190 1191 1189    0
 1077 1111 1080    0
 1108 1192 1111    0
 1078 1080 1192    0
 1111 1192 1080    0
 1117 1194 1118    0
 1193 1195 1194    0
 1108 1118 1195    0
 1194 1195 1118    0
 1083 1087 1197    0
 1078 1196 1087    0
 1193 1197 1196    0
 1087 1196 1197    0
 1108 1195 1192    0
 1193 1196 1195    0
 1078 1192 1196    0
 1195 1196 1192    0
 1134 1168 1137    0
 1165 1198 1168    0
 1135 1137 1198    0
 1168 1198 1137    0
 1155 1200 1174    0
 1199 1201 1200    0
 1165 1174 1201    0
 1200 1201 1174    0
 1117 1143 1203    0
 1135 1202 1143    0
 1199 1203 1202    0
 1143 1202 1203    0
 1165 1201 1198    0
 1199 1202 1201    0
 1135 1198 1202    0
 1201 1202 1198    0
 1091 1096 1152    0
 1093 1204 1096    0
 1150 1152 1204    0
 1096 1204 1152    0
 1083 1206 1101    0
 1205 1207 1206    0
 1093 1101 1207    0
 1206 1207 1101    0
 1155 1159 1209    0
 1150 1208 1159    0
 1205 1209 1208    0
 1159 1208 1209    0
 1093 1207 1204    0
 1205 1208 1207    0
 1150 1204 1208    0
 1207 1208 1204    0
 1117 1203 1194    0
 1199 1210 1203    0
 1193 1194 1210    0
 1203 1210 1194    0
 1155 1209 1200    0
 1205 1211 1209    0
 1199 1200 1211    0
 1209 1211 1200    0
 1083 1197 1206    0
 1193 1212 1197    0
 1205 1206 1212    0
 1197 1212 1206    0
 1199 1211 1210    0
 1205 1212 1211    0
 1193 1210 1212    0
 1211 1212 1210    0
    1  158    4    0
  155 1213  158    0
    2    4 1213    0
  158 1213    4    0
  164 1215  165    0
 1214 1216 1215    0
  155  165 1216    0
 1215 1216  165    0
    7   11 1218    0
    2 1217   11    0
 1214 1218 1217    0
   11 1217 1218    0
  155 1216 1213    0
 1214 1217 1216    0
    2 1213 1217    0
 1216 1217 1213    0
  182 1220  185    0
 1219 1221 1220    0
  183  185 1221    0
 1220 1221  185    0
 1222 1224 1226    0
 1223 1225 1224    0
 1219 1226 1225    0
 1224 1225 1226    0
  164  191 1228    0
  183 1227  191    0
 1223 1228 1227    0
  191 1227 1228    0
 1219 1225 1221    0
 1223 1227 1225    0
  183 1221 1227    0
 1225 1227 1221    0
   16   21 1231    0
   18 1230   21    0
 1229 1231 1230    0
   21 1230 1231    0
    7 1233   27    0
 1232 1234 1233    0
   18   27 1234    0
 1233 1234   27    0
 1222 1235 1237    0
 1229 1236 1235    0
 1232 1237 1236    0
 1235 1236 1237    0
   18 1234 1230    0
 1232 1236 1234    0
 1229 1230 1236    0
 1234 1236 1230    0
  164 1228 1215    0
 1223 1238 1228    0
 1214 1215 1238    0
 1228 1238 1215    0
 1222 1237 1224    0
 1232 1239 1237    0
 1223 1224 1239    0
 1237 1239 1224    0
    7 1218 1233    0
 1214 1240 1218    0
 1232 1233 1240    0
 1218 1240 1233    0
 1223 1239 1238    0
 1232 1240 1239    0
 1214 1238 1240    0
 1239 1240 1238    0
  182  246 1243    0
  243 1242  246    0
 1241 1243 1242    0
  246 1242 1243    0
  252 1245  253    0
 1244 1246 1245    0
  243  253 1246    0
 1245 1246  253    0
 1247 1248 1250    0
 1241 1249 1248    0
 1244 1250 1249    0
 1248 1249 1250    0
  243 1246 1242    0
 1244 1249 1246    0
 1241 1242 1249    0
 1246 1249 1242    0
  269 1252  272    0
 1251 1253 1252    0
  270  272 1253    0
 1252 1253  272    0
 1254 1256 1258    0
 1255 1257 1256    0
 1251 1258 1257    0
 1256 1257 1258    0
  252  278 1260    0
  270 1259  278    0
 1255 1260 1259    0
  278 1259 1260    0
 1251 1257 1253    0
 1255 1259 1257    0
  270 1253 1259    0
 1257 1259 1253    0
 1261 1264 1266    0
 1262 1265 1264    0
 1263 1266 1265    0
 1264 1265 1266    0
 1247 1268 1270    0
 1267 1269 1268    0
 1262 1270 1269    0
 1268 1269 1270    0
 1254 1271 1273    0
 1263 1272 1271    0
 1267 1273 1272    0
 1271 1272 1273    0
 1262 1269 1265    0
 1267 1272 1269    0
 1263 1265 1272    0
 1269 1272 1265    0
  252 1260 1245    0
 1255 1274 1260    0
 1244 1245 1274    0
 1260 1274 1245    0
 1254 1273 1256    0
 1267 1275 1273    0
 1255 1256 1275    0
 1273 1275 1256    0
 1247 1250 1268    0
 1244 1276 1250    0
 1267 1268 1276    0
 1250 1276 1268    0
 1255 1275 1274    0
 1267 1276 1275    0
 1244 1274 1276    0
 1275 1276 1274    0
   16 1278   48    0
 1277 1279 1278    0
   46   48 1279    0
 1278 1279   48    0
 1280 1282 1284    0
 1281 1283 1282    0
 1277 1284 1283    0
 1282 1283 1284    0
   51   55 1286    0
   46 1285   55    0
 1281 1286 1285    0
   55 1285 1286    0
 1277 1283 1279    0
 1281 1285 1283    0
   46 1279 1285    0
 1283 1285 1279    0
 1261 1289 1291    0
 1287 1290 1289    0
 1288 1291 1290    0
 1289 1290 1291    0
 1292 1294 1296    0
 1293 1295 1294    0
 1287 1296 1295    0
 1294 1295 1296    0
 1280 1297 1299    0
 1288 1298 1297    0
 1293 1299 1298    0
 1297 1298 1299    0
 1287 1295 1290    0
 1293 1298 1295    0
 1288 1290 1298    0
 1295 1298 1290    0
   60   65 1302    0
   62 1301   65    0
 1300 1302 1301    0
   65 1301 1302    0
   51 1304   71    0
 1303 1305 1304    0
   62   71 1305    0
 1304 1305   71    0
 1292 1306 1308    0
 1300 1307 1306    0
 1303 1308 1307    0
 1306 1307 1308    0
   62 1305 1301    0
 1303 1307 1305    0
 1300 1301 1307    0
 1305 1307 1301    0
 1280 1299 1282    0
 1293 1309 1299    0
 1281 1282 1309    0
 1299 1309 1282    0
 1292 1308 1294    0
 1303 1310 1308    0
 1293 1294 1310    0
 1308 1310 1294    0
   51 1286 1304    0
 1281 1311 1286    0
 1303 1304 1311    0
 1286 1311 1304    0
 1293 1310 1309    0
 1303 1311 1310    0
 1281 1309 1311    0
 1310 1311 1309    0
  182 1243 1220    0
 1241 1312 1243    0
 1219 1220 1312    0
 1243 1312 1220    0
 1247 1314 1248    0
 1313 1315 1314    0
 1241 1248 1315    0
 1314 1315 1248    0
 1222 1226 1317    0
 1219 1316 1226    0
 1313 1317 1316    0
 1226 1316 1317    0
 1241 1315 1312    0
 1313 1316 1315    0
 1219 1312 1316    0
 1315 1316 1312    0
 1261 1291 1264    0
 1288 1318 1291    0
 1262 1264 1318    0
 1291 1318 1264    0
 1280 1320 1297    0
 1319 1321 1320    0
 1288 1297 1321    0
 1320 1321 1297    0
 1247 1270 1323    0
 1262 1322 1270    0
 1319 1323 1322    0
 1270 1322 1323    0
 1288 1321 1318    0
 1319 1322 1321    0
 1262 1318 1322    0
 1321 1322 1318    0
   16 1231 1278    0
 1229 1324 1231    0
 1277 1278 1324    0
 1231 1324 1278    0
 1222 1326 1235    0
 1325 1327 1326    0
 1229 1235 1327    0
 1326 1327 1235    0
 1280 1284 1329    0
 1277 1328 1284    0
 1325 1329 1328    0
 1284 1328 1329    0
 1229 1327 1324    0
 1325 1328 1327    0
 1277 1324 1328    0
 1327 1328 1324    0
 1247 1323 1314    0
 1319 1330 1323    0
 1313 1314 1330    0
 1323 1330 1314    0
 1280 1329 1320    0
 1325 1331 1329    0
 1319 1320 1331    0
 1329 1331 1320    0
 1222 1317 1326    0
 1313 1332 1317    0
 1325 1326 1332    0
 1317 1332 1326    0
 1319 1331 1330    0
 1325 1332 1331    0
 1313 1330 1332    0
 1331 1332 1330    0
  609  614  763    0
  611 1333  614    0
  761  763 1333    0
  614 1333  763    0
  620 1335  621    0
 1334 1336 1335    0
  611  621 1336    0
 1335 1336  621    0
  766  770 1338    0
  761 1337  770    0
 1334 1338 1337    0
  770 1337 1338    0
  611 1336 1333    0
 1334 1337 1336    0
  761 1333 1337    0
 1336 1337 1333    0
  638 1340  641    0
 1339 1341 1340    0
  639  641 1341    0
 1340 1341  641    0
 1342 1344 1346    0
 1343 1345 1344    0
 1339 1346 1345    0
 1344 1345 1346    0
  620  647 1348    0
  639 1347  647    0
 1343 1348 1347    0
  647 1347 1348    0
 1339 1345 1341    0
 1343 1347 1345    0
  639 1341 1347    0
 1345 1347 1341    0
  775  780 1351    0
  777 1350  780    0
 1349 1351 1350    0
  780 1350 1351    0
  766 1353  786    0
 1352 1354 1353    0
  777  786 1354    0
 1353 1354  786    0
 1342 1355 1357    0
 1349 1356 1355    0
 1352 1357 1356    0
 1355 1356 1357    0
  777 1354 1350    0
 1352 1356 1354    0
 1349 1350 1356    0
 1354 1356 1350    0
  620 1348 1335    0
 1343 1358 1348    0
 1334 1335 1358    0
 1348 1358 1335    0
 1342 1357 1344    0
 1352 1359 1357    0
 1343 1344 1359    0
 1357 1359 1344    0
  766 1338 1353    0
 1334 1360 1338    0
 1352 1353 1360    0
 1338 1360 1353    0
 1343 1359 1358    0
 1352 1360 1359    0
 1334 1358 1360    0
 1359 1360 1358    0
  638  702 1363    0
  699 1362  702    0
 1361 1363 1362    0
  702 1362 1363    0
  708 1365  709    0
 1364 1366 1365    0
  699  709 1366    0
 1365 1366  709    0
 1367 1368 1370    0
 1361 1369 1368    0
 1364 1370 1369    0
 1368 1369 1370    0
  699 1366 1362    0
 1364 1369 1366    0
 1361 1362 1369    0
 1366 1369 1362    0
   60 1302  727    0
 1300 1371 1302    0
  725  727 1371    0
 1302 1371  727    0
 1292 1373 1306    0
 1372 1374 1373    0
 1300 1306 1374    0
 1373 1374 1306    0
  708  733 1376    0
  725 1375  733    0
 1372 1376 1375    0
  733 1375 1376    0
 1300 1374 1371    0
 1372 1375 1374    0
  725 1371 1375    0
 1374 1375 1371    0
 1261 1378 1289    0
 1377 1379 1378    0
 1287 1289 1379    0
 1378 1379 1289    0
 1367 1381 1383    0
 1380 1382 1381    0
 1377 1383 1382    0
 1381 1382 1383    0
 1292 1296 1385    0
 1287 1384 1296    0
 1380 1385 1384    0
 1296 1384 1385    0
 1377 1382 1379    0
 1380 1384 1382    0
 1287 1379 1384    0
 1382 1384 1379    0
  708 1376 1365    0
 1372 1386 1376    0
 1364 1365 1386    0
 1376 1386 1365    0
 1292 1385 1373    0
 1380 1387 1385    0
 1372 1373 1387    0
 1385 1387 1373    0
 1367 1370 1381    0
 1364 1388 1370    0
 1380 1381 1388    0
 1370 1388 1381    0
 1372 1387 1386    0
 1380 1388 1387    0
 1364 1386 1388    0
 1387 1388 1386    0
  775 1390  807    0
 1389 1391 1390    0
  805  807 1391    0
 1390 1391  807    0
 1392 1394 1396    0
 1393 1395 1394    0
 1389 1396 1395    0
 1394 1395 1396    0
  810  814 1398    0
  805 1397  814    0
 1393 1398 1397    0
  814 1397 1398    0
 1389 1395 1391    0
 1393 1397 1395    0
  805 1391 1397    0
 1395 1397 1391    0
 1261 1266 1401    0
 1263 1400 1266    0
 1399 1401 1400    0
 1266 1400 1401    0
 1254 1403 1271    0
 1402 1404 1403    0
 1263 1271 1404    0
 1403 1404 1271    0
 1392 1405 1407    0
 1399 1406 1405    0
 1402 1407 1406    0
 1405 1406 1407    0
 1263 1404 1400    0
 1402 1406 1404    0
 1399 1400 1406    0
 1404 1406 1400    0
  269  823 1252    0
  820 1408  823    0
 1251 1252 1408    0
  823 1408 1252    0
  810 1410  829    0
 1409 1411 1410    0
  820  829 1411    0
 1410 1411  829    0
 1254 1258 1413    0
 1251 1412 1258    0
 1409 1413 1412    0
 1258 1412 1413    0
  820 1411 1408    0
 1409 1412 1411    0
 1251 1408 1412    0
 1411 1412 1408    0
 1392 1407 1394    0
 1402 1414 1407    0
 1393 1394 1414    0
 1407 1414 1394    0
 1254 1413 1403    0
 1409 1415 1413    0
 1402 1403 1415    0
 1413 1415 1403    0
  810 1398 1410    0
 1393 1416 1398    0
 1409 1410 1416    0
 1398 1416 1410    0
 1402 1415 1414    0
 1409 1416 1415    0
 1393 1414 1416    0
 1415 1416 1414    0
  638 1363 1340    0
 1361 1417 1363    0
 1339 1340 1417    0
 1363 1417 1340    0
 1367 1419 1368    0
 1418 1420 1419    0
 1361 1368 1420    0
 1419 1420 1368    0
 1342 1346 1422    0
 1339 1421 1346    0
 1418 1422 1421    0
 1346 1421 1422    0
 1361 1420 1417    0
 1418 1421 1420    0
 1339 1417 1421    0
 1420 1421 1417    0
 1261 1401 1378    0
 1399 1423 1401    0
 1377 1378 1423    0
 1401 1423 1378    0
 1392 1425 1405    0
 1424 1426 1425    0
 1399 1405 1426    0
 1425 1426 1405    0
 1367 1383 1428    0
 1377 1427 1383    0
 1424 1428 1427    0
 1383 1427 1428    0
 1399 1426 1423    0
 1424 1427 1426    0
 1377 1423 1427    0
 1426 1427 1423    0
  775 1351 1390    0
 1349 1429 1351    0
 1389 1390 1429    0
 1351 1429 1390    0
 1342 1431 1355    0
 1430 1432 1431    0
 1349 1355 1432    0
 1431 1432 1355    0
 1392 1396 1434    0
 1389 1433 1396    0
 1430 1434 1433    0
 1396 1433 1434    0
 1349 1432 1429    0
 1430 1433 1432    0
 1389 1429 1433    0
 1432 1433 1429    0
 1367 1428 1419    0
 1424 1435 1428    0
 1418 1419 1435    0
 1428 1435 1419    0
 1392 1434 1425    0
 1430 1436 1434    0
 1424 1425 1436    0
 1434 1436 1425    0
 1342 1422 1431    0
 1418 1437 1422    0
 1430 1431 1437    0
 1422 1437 1431    0
 1424 1436 1435    0
 1430 1437 1436    0
 1418 1435 1437    0
 1436 1437 1435    0
  306  311  460    0
  308 1438  311    0
  458  460 1438    0
  311 1438  460    0
  317 1440  318    0
 1439 1441 1440    0
  308  318 1441    0
 1440 1441  318    0
  463  467 1443    0
  458 1442  467    0
 1439 1443 1442    0
  467 1442 1443    0
  308 1441 1438    0
 1439 1442 1441    0
  458 1438 1442    0
 1441 1442 1438    0
  335 1445  338    0
 1444 1446 1445    0
  336  338 1446    0
 1445 1446  338    0
 1447 1449 1451    0
 1448 1450 1449    0
 1444 1451 1450    0
 1449 1450 1451    0
  317  344 1453    0
  336 1452  344    0
 1448 1453 1452    0
  344 1452 1453    0
 1444 1450 1446    0
 1448 1452 1450    0
  336 1446 1452    0
 1450 1452 1446    0
  472  477 1456    0
  474 1455  477    0
 1454 1456 1455    0
  477 1455 1456    0
  463 1458  483    0
 1457 1459 1458    0
  474  483 1459    0
 1458 1459  483    0
 1447 1460 1462    0
 1454 1461 1460    0
 1457 1462 1461    0
 1460 1461 1462    0
  474 1459 1455    0
 1457 1461 1459    0
 1454 1455 1461    0
 1459 1461 1455    0
  317 1453 1440    0
 1448 1463 1453    0
 1439 1440 1463    0
 1453 1463 1440    0
 1447 1462 1449    0
 1457 1464 1462    0
 1448 1449 1464    0
 1462 1464 1449    0
  463 1443 1458    0
 1439 1465 1443    0
 1457 1458 1465    0
 1443 1465 1458    0
 1448 1464 1463    0
 1457 1465 1464    0
 1439 1463 1465    0
 1464 1465 1463    0
  335  398 1468    0
  395 1467  398    0
 1466 1468 1467    0
  398 1467 1468    0
  404 1470  405    0
 1469 1471 1470    0
  395  405 1471    0
 1470 1471  405    0
 1472 1473 1475    0
 1466 1474 1473    0
 1469 1475 1474    0
 1473 1474 1475    0
  395 1471 1467    0
 1469 1474 1471    0
 1466 1467 1474    0
 1471 1474 1467    0
  421 1477  424    0
 1476 1478 1477    0
  422  424 1478    0
 1477 1478  424    0
 1479 1481 1483    0
 1480 1482 1481    0
 1476 1483 1482    0
 1481 1482 1483    0
  404  430 1485    0
  422 1484  430    0
 1480 1485 1484    0
  430 1484 1485    0
 1476 1482 1478    0
 1480 1484 1482    0
  422 1478 1484    0
 1482 1484 1478    0
 1486 1489 1491    0
 1487 1490 1489    0
 1488 1491 1490    0
 1489 1490 1491    0
 1472 1493 1495    0
 1492 1494 1493    0
 1487 1495 1494    0
 1493 1494 1495    0
 1479 1496 1498    0
 1488 1497 1496    0
 1492 1498 1497    0
 1496 1497 1498    0
 1487 1494 1490    0
 1492 1497 1494    0
 1488 1490 1497    0
 1494 1497 1490    0
  404 1485 1470    0
 1480 1499 1485    0
 1469 1470 1499    0
 1485 1499 1470    0
 1479 1498 1481    0
 1492 1500 1498    0
 1480 1481 1500    0
 1498 1500 1481    0
 1472 1475 1493    0
 1469 1501 1475    0
 1492 1493 1501    0
 1475 1501 1493    0
 1480 1500 1499    0
 1492 1501 1500    0
 1469 1499 1501    0
 1500 1501 1499    0
  472 1503  504    0
 1502 1504 1503    0
  502  504 1504    0
 1503 1504  504    0
 1505 1507 1509    0
 1506 1508 1507    0
 1502 1509 1508    0
 1507 1508 1509    0
  507  511 1511    0
  502 1510  511    0
 1506 1511 1510    0
  511 1510 1511    0
 1502 1508 1504    0
 1506 1510 1508    0
  502 1504 1510    0
 1508 1510 1504    0
 1486 1514 1516    0
 1512 1515 1514    0
 1513 1516 1515    0
 1514 1515 1516    0
 1517 1519 1521    0
 1518 1520 1519    0
 1512 1521 1520    0
 1519 1520 1521    0
 1505 1522 1524    0
 1513 1523 1522    0
 1518 1524 1523    0
 1522 1523 1524    0
 1512 1520 1515    0
 1518 1523 1520    0
 1513 1515 1523    0
 1520 1523 1515    0
  516  521 1527    0
  518 1526  521    0
 1525 1527 1526    0
  521 1526 1527    0
  507 1529  527    0
 1528 1530 1529    0
  518  527 1530    0
 1529 1530  527    0
 1517 1531 1533    0
 1525 1532 1531    0
 1528 1533 1532    0
 1531 1532 1533    0
  518 1530 1526    0
 1528 1532 1530    0
 1525 1526 1532    0
 1530 1532 1526    0
 1505 1524 1507    0
 1518 1534 1524    0
 1506 1507 1534    0
 1524 1534 1507    0
 1517 1533 1519    0
 1528 1535 1533    0
 1518 1519 1535    0
 1533 1535 1519    0
  507 1511 1529    0
 1506 1536 1511    0
 1528 1529 1536    0
 1511 1536 1529    0
 1518 1535 1534    0
 1528 1536 1535    0
 1506 1534 1536    0
 1535 1536 1534    0
  335 1468 1445    0
 1466 1537 1468    0
 1444 1445 1537    0
 1468 1537 1445    0
 1472 1539 1473    0
 1538 1540 1539    0
 1466 1473 1540    0
 1539 1540 1473    0
 1447 1451 1542    0
 1444 1541 1451    0
 1538 1542 1541    0
 1451 1541 1542    0
 1466 1540 1537    0
 1538 1541 1540    0
 1444 1537 1541    0
 1540 1541 1537    0
 1486 1516 1489    0
 1513 1543 1516    0
 1487 1489 1543    0
 1516 1543 1489    0
 1505 1545 1522    0
 1544 1546 1545    0
 1513 1522 1546    0
 1545 1546 1522    0
 1472 1495 1548    0
 1487 1547 1495    0
 1544 1548 1547    0
 1495 1547 1548    0
 1513 1546 1543    0
 1544 1547 1546    0
 1487 1543 1547    0
 1546 1547 1543    0
  472 1456 1503    0
 1454 1549 1456    0
 1502 1503 1549    0
 1456 1549 1503    0
 1447 1551 1460    0
 1550 1552 1551    0
 1454 1460 1552    0
 1551 1552 1460    0
 1505 1509 1554    0
 1502 1553 1509    0
 1550 1554 1553    0
 1509 1553 1554    0
 1454 1552 1549    0
 1550 1553 1552    0
 1502 1549 1553    0
 1552 1553 1549    0
 1472 1548 1539    0
 1544 1555 1548    0
 1538 1539 1555    0
 1548 1555 1539    0
 1505 1554 1545    0
 1550 1556 1554    0
 1544 1545 1556    0
 1554 1556 1545    0
 1447 1542 1551    0
 1538 1557 1542    0
 1550 1551 1557    0
 1542 1557 1551    0
 1544 1556 1555    0
 1550 1557 1556    0
 1538 1555 1557    0
 1556 1557 1555    0
  912 1067  915    0
 1064 1558 1067    0
  913  915 1558    0
 1067 1558  915    0
 1073 1560 1074    0
 1559 1561 1560    0
 1064 1074 1561    0
 1560 1561 1074    0
  918  922 1563    0
  913 1562  922    0
 1559 1563 1562    0
  922 1562 1563    0
 1064 1561 1558    0
 1559 1562 1561    0
  913 1558 1562    0
 1561 1562 1558    0
 1091 1565 1094    0
 1564 1566 1565    0
 1092 1094 1566    0
 1565 1566 1094    0
 1567 1569 1571    0
 1568 1570 1569    0
 1564 1571 1570    0
 1569 1570 1571    0
 1073 1100 1573    0
 1092 1572 1100    0
 1568 1573 1572    0
 1100 1572 1573    0
 1564 1570 1566    0
 1568 1572 1570    0
 1092 1566 1572    0
 1570 1572 1566    0
  927  932 1576    0
  929 1575  932    0
 1574 1576 1575    0
  932 1575 1576    0
  918 1578  938    0
 1577 1579 1578    0
  929  938 1579    0
 1578 1579  938    0
 1567 1580 1582    0
 1574 1581 1580    0
 1577 1582 1581    0
 1580 1581 1582    0
  929 1579 1575    0
 1577 1581 1579    0
 1574 1575 1581    0
 1579 1581 1575    0
 1073 1573 1560    0
 1568 1583 1573    0
 1559 1560 1583    0
 1573 1583 1560    0
 1567 1582 1569    0
 1577 1584 1582    0
 1568 1569 1584    0
 1582 1584 1569    0
  918 1563 1578    0
 1559 1585 1563    0
 1577 1578 1585    0
 1563 1585 1578    0
 1568 1584 1583    0
 1577 1585 1584    0
 1559 1583 1585    0
 1584 1585 1583    0
 1091 1154 1588    0
 1151 1587 1154    0
 1586 1588 1587    0
 1154 1587 1588    0
 1160 1590 1161    0
 1589 1591 1590    0
 1151 1161 1591    0
 1590 1591 1161    0
 1592 1593 1595    0
 1586 1594 1593    0
 1589 1595 1594    0
 1593 1594 1595    0
 1151 1591 1587    0
 1589 1594 1591    0
 1586 1587 1594    0
 1591 1594 1587    0
  516 1527 1179    0
 1525 1596 1527    0
 1177 1179 1596    0
 1527 1596 1179    0
 1517 1598 1531    0
 1597 1599 1598    0
 1525 1531 1599    0
 1598 1599 1531    0
 1160 1185 1601    0
 1177 1600 1185    0
 1597 1601 1600    0
 1185 1600 1601    0
 1525 1599 1596    0
 1597 1600 1599    0
 1177 1596 1600    0
 1599 1600 1596    0
 1486 1603 1514    0
 1602 1604 1603    0
 1512 1514 1604    0
 1603 1604 1514    0
 1592 1606 1608    0
 1605 1607 1606    0
 1602 1608 1607    0
 1606 1607 1608    0
 1517 1521 1610    0
 1512 1609 1521    0
 1605 1610 1609    0
 1521 1609 1610    0
 1602 1607 1604    0
 1605 1609 1607    0
 1512 1604 1609    0
 1607 1609 1604    0
 1160 1601 1590    0
 1597 1611 1601    0
 1589 1590 1611    0
 1601 1611 1590    0
 1517 1610 1598    0
 1605 1612 1610    0
 1597 1598 1612    0
 1610 1612 1598    0
 1592 1595 1606    0
 1589 1613 1595    0
 1605 1606 1613    0
 1595 1613 1606    0
 1597 1612 1611    0
 1605 1613 1612    0
 1589 1611 1613    0
 1612 1613 1611    0
  927 1615  959    0
 1614 1616 1615    0
  957  959 1616    0
 1615 1616  959    0
 1617 1619 1621    0
 1618 1620 1619    0
 1614 1621 1620    0
 1619 1620 1621    0
  962  966 1623    0
  957 1622  966    0
 1618 1623 1622    0
  966 1622 1623    0
 1614 1620 1616    0
 1618 1622 1620    0
  957 1616 1622    0
 1620 1622 1616    0
 1486 1491 1626    0
 1488 1625 1491    0
 1624 1626 1625    0
 1491 1625 1626    0
 1479 1628 1496    0
 1627 1629 1628    0
 1488 1496 1629    0
 1628 1629 1496    0
 1617 1630 1632    0
 1624 1631 1630    0
 1627 1632 1631    0
 1630 1631 1632    0
 1488 1629 1625    0
 1627 1631 1629    0
 1624 1625 1631    0
 1629 1631 1625    0
  421  975 1477    0
  972 1633  975    0
 1476 1477 1633    0
  975 1633 1477    0
  962 1635  981    0
 1634 1636 1635    0
  972  981 1636    0
 1635 1636  981    0
 1479 1483 1638    0
 1476 1637 1483    0
 1634 1638 1637    0
 1483 1637 1638    0
  972 1636 1633    0
 1634 1637 1636    0
 1476 1633 1637    0
 1636 1637 1633    0
 1617 1632 1619    0
 1627 1639 1632    0
 1618 1619 1639    0
 1632 1639 1619    0
 1479 1638 1628    0
 1634 1640 1638    0
 1627 1628 1640    0
 1638 1640 1628    0
  962 1623 1635    0
 1618 1641 1623    0
 1634 1635 1641    0
 1623 1641 1635    0
 1627 1640 1639    0
 1634 1641 1640    0
 1618 1639 1641    0
 1640 1641 1639    0
 1091 1588 1565    0
 1586 1642 1588    0
 1564 1565 1642    0
 1588 1642 1565    0
 1592 1644 1593    0
 1643 1645 1644    0
 1586 1593 1645    0
 1644 1645 1593    0
 1567 1571 1647    0
 1564 1646 1571    0
 1643 1647 1646    0
 1571 1646 1647    0
 1586 1645 1642    0
 1643 1646 1645    0
 1564 1642 1646    0
 1645 1646 1642    0
 1486 1626 1603    0
 1624 1648 1626    0
 1602 1603 1648    0
 1626 1648 1603    0
 1617 1650 1630    0
 1649 1651 1650    0
 1624 1630 1651    0
 1650 1651 1630    0
 1592 1608 1653    0
 1602 1652 1608    0
 1649 1653 1652    0
 1608 1652 1653    0
 1624 1651 1648    0
 1649 1652 1651    0
 1602 1648 1652    0
 1651 1652 1648    0
  927 1576 1615    0
 1574 1654 1576    0
 1614 1615 1654    0
 1576 1654 1615    0
 1567 1656 1580    0
 1655 1657 1656    0
 1574 1580 1657    0
 1656 1657 1580    0
 1617 1621 1659    0
 1614 1658 1621    0
 1655 1659 1658    0
 1621 1658 1659    0
 1574 1657 1654    0
 1655 1658 1657    0
 1614 1654 1658    0
 1657 1658 1654    0
 1592 1653 1644    0
 1649 1660 1653    0
 1643 1644 1660    0
 1653 1660 1644    0
 1617 1659 1650    0
 1655 1661 1659    0
 1649 1650 1661    0
 1659 1661 1650    0
 1567 1647 1656    0
 1643 1662 1647    0
 1655 1656 1662    0
 1647 1662 1656    0
 1649 1661 1660    0
 1655 1662 1661    0
 1643 1660 1662    0
 1661 1662 1660    0
  117  369  120    0
  366 1663  369    0
  118  120 1663    0
  369 1663  120    0
  356 1665  375    0
 1664 1666 1665    0
  366  375 1666    0
 1665 1666  375    0
  100  126 1668    0
  118 1667  126    0
 1664 1668 1667    0
  126 1667 1668    0
  366 1666 1663    0
 1664 1667 1666    0
  118 1663 1667    0
 1666 1667 1663    0
  321 1670  353    0
 1669 1671 1670    0
  351  353 1671    0
 1670 1671  353    0
 1672 1674 1676    0
 1673 1675 1674    0
 1669 1676 1675    0
 1674 1675 1676    0
  356  360 1678    0
  351 1677  360    0
 1673 1678 1677    0
  360 1677 1678    0
 1669 1675 1671    0
 1673 1677 1675    0
  351 1671 1677    0
 1675 1677 1671    0
   30   94 1681    0
   91 1680   94    0
 1679 1681 1680    0
   94 1680 1681    0
  100 1683  101    0
 1682 1684 1683    0
   91  101 1684    0
 1683 1684  101    0
 1672 1685 1687    0
 1679 1686 1685    0
 1682 1687 1686    0
 1685 1686 1687    0
   91 1684 1680    0
 1682 1686 1684    0
 1679 1680 1686    0
 1684 1686 1680    0
  356 1678 1665    0
 1673 1688 1678    0
 1664 1665 1688    0
 1678 1688 1665    0
 1672 1687 1674    0
 1682 1689 1687    0
 1673 1674 1689    0
 1687 1689 1674    0
  100 1668 1683    0
 1664 1690 1668    0
 1682 1683 1690    0
 1668 1690 1683    0
 1673 1689 1688    0
 1682 1690 1689    0
 1664 1688 1690    0
 1689 1690 1688    0
  321  326 1693    0
  323 1692  326    0
 1691 1693 1692    0
  326 1692 1693    0
  312 1695  332    0
 1694 1696 1695    0
  323  332 1696    0
 1695 1696  332    0
 1697 1698 1700    0
 1691 1699 1698    0
 1694 1700 1699    0
 1698 1699 1700    0
  323 1696 1692    0
 1694 1699 1696    0
 1691 1692 1699    0
 1696 1699 1692    0
  306 1702  309    0
 1701 1703 1702    0
  307  309 1703    0
 1702 1703  309    0
 1704 1706 1708    0
 1705 1707 1706    0
 1701 1708 1707    0
 1706 1707 1708    0
  312  316 1710    0
  307 1709  316    0
 1705 1710 1709    0
  316 1709 1710    0
 1701 1707 1703    0
 1705 1709 1707    0
  307 1703 1709    0
 1707 1709 1703    0
 1711 1714 1716    0
 1712 1715 1714    0
 1713 1716 1715    0
 1714 1715 1716    0
 1697 1718 1720    0
 1717 1719 1718    0
 1712 1720 1719    0
 1718 1719 1720    0
 1704 1721 1723    0
 1713 1722 1721    0
 1717 1723 1722    0
 1721 1722 1723    0
 1712 1719 1715    0
 1717 1722 1719    0
 1713 1715 1722    0
 1719 1722 1715    0
  312 1710 1695    0
 1705 1724 1710    0
 1694 1695 1724    0
 1710 1724 1695    0
 1704 1723 1706    0
 1717 1725 1723    0
 1705 1706 1725    0
 1723 1725 1706    0
 1697 1700 1718    0
 1694 1726 1700    0
 1717 1718 1726    0
 1700 1726 1718    0
 1705 1725 1724    0
 1717 1726 1725    0
 1694 1724 1726    0
 1725 1726 1724    0
   30 1728   33    0
 1727 1729 1728    0
   31   33 1729    0
 1728 1729   33    0
 1730 1732 1734    0
 1731 1733 1732    0
 1727 1734 1733    0
 1732 1733 1734    0
   12   39 1736    0
   31 1735   39    0
 1731 1736 1735    0
   39 1735 1736    0
 1727 1733 1729    0
 1731 1735 1733    0
   31 1729 1735    0
 1733 1735 1729    0
 1711 1739 1741    0
 1737 1740 1739    0
 1738 1741 1740    0
 1739 1740 1741    0
 1742 1744 1746    0
 1743 1745 1744    0
 1737 1746 1745    0
 1744 1745 1746    0
 1730 1747 1749    0
 1738 1748 1747    0
 1743 1749 1748    0
 1747 1748 1749    0
 1737 1745 1740    0
 1743 1748 1745    0
 1738 1740 1748    0
 1745 1748 1740    0
    1    6 1752    0
    3 1751    6    0
 1750 1752 1751    0
    6 1751 1752    0
   12 1754   13    0
 1753 1755 1754    0
    3   13 1755    0
 1754 1755   13    0
 1742 1756 1758    0
 1750 1757 1756    0
 1753 1758 1757    0
 1756 1757 1758    0
    3 1755 1751    0
 1753 1757 1755    0
 1750 1751 1757    0
 1755 1757 1751    0
 1730 1749 1732    0
 1743 1759 1749    0
 1731 1732 1759    0
 1749 1759 1732    0
 1742 1758 1744    0
 1753 1760 1758    0
 1743 1744 1760    0
 1758 1760 1744    0
   12 1736 1754    0
 1731 1761 1736    0
 1753 1754 1761    0
 1736 1761 1754    0
 1743 1760 1759    0
 1753 1761 1760    0
 1731 1759 1761    0
 1760 1761 1759    0
  321 1693 1670    0
 1691 1762 1693    0
 1669 1670 1762    0
 1693 1762 1670    0
 1697 1764 1698    0
 1763 1765 1764    0
 1691 1698 1765    0
 1764 1765 1698    0
 1672 1676 1767    0
 1669 1766 1676    0
 1763 1767 1766    0
 1676 1766 1767    0
 1691 1765 1762    0
 1763 1766 1765    0
 1669 1762 1766    0
 1765 1766 1762    0
 1711 1741 1714    0
 1738 1768 1741    0
 1712 1714 1768    0
 1741 1768 1714    0
 1730 1770 1747    0
 1769 1771 1770    0
 1738 1747 1771    0
 1770 1771 1747    0
 1697 1720 1773    0
 1712 1772 1720    0
 1769 1773 1772    0
 1720 1772 1773    0
 1738 1771 1768    0
 1769 1772 1771    0
 1712 1768 1772    0
 1771 1772 1768    0
   30 1681 1728    0
 1679 1774 1681    0
 1727 1728 1774    0
 1681 1774 1728    0
 1672 1776 1685    0
 1775 1777 1776    0
 1679 1685 1777    0
 1776 1777 1685    0
 1730 1734 1779    0
 1727 1778 1734    0
 1775 1779 1778    0
 1734 1778 1779    0
 1679 1777 1774    0
 1775 1778 1777    0
 1727 1774 1778    0
 1777 1778 1774    0
 1697 1773 1764    0
 1769 1780 1773    0
 1763 1764 1780    0
 1773 1780 1764    0
 1730 1779 1770    0
 1775 1781 1779    0
 1769 1770 1781    0
 1779 1781 1770    0
 1672 1767 1776    0
 1763 1782 1767    0
 1775 1776 1782    0
 1767 1782 1776    0
 1769 1781 1780    0
 1775 1782 1781    0
 1763 1780 1782    0
 1781 1782 1780    0
  212  217  575    0
  214 1783  217    0
  573  575 1783    0
  217 1783  575    0
  203 1785  223    0
 1784 1786 1785    0
  214  223 1786    0
 1785 1786  223    0
  556  581 1788    0
  573 1787  581    0
 1784 1788 1787    0
  581 1787 1788    0
  214 1786 1783    0
 1784 1787 1786    0
  573 1783 1787    0
 1786 1787 1783    0
  168 1790  200    0
 1789 1791 1790    0
  198  200 1791    0
 1790 1791  200    0
 1792 1794 1796    0
 1793 1795 1794    0
 1789 1796 1795    0
 1794 1795 1796    0
  203  207 1798    0
  198 1797  207    0
 1793 1798 1797    0
  207 1797 1798    0
 1789 1795 1791    0
 1793 1797 1795    0
  198 1791 1797    0
 1795 1797 1791    0
  486  550 1801    0
  547 1800  550    0
 1799 1801 1800    0
  550 1800 1801    0
  556 1803  557    0
 1802 1804 1803    0
  547  557 1804    0
 1803 1804  557    0
 1792 1805 1807    0
 1799 1806 1805    0
 1802 1807 1806    0
 1805 1806 1807    0
  547 1804 1800    0
 1802 1806 1804    0
 1799 1800 1806    0
 1804 1806 1800    0
  203 1798 1785    0
 1793 1808 1798    0
 1784 1785 1808    0
 1798 1808 1785    0
 1792 1807 1794    0
 1802 1809 1807    0
 1793 1794 1809    0
 1807 1809 1794    0
  556 1788 1803    0
 1784 1810 1788    0
 1802 1803 1810    0
 1788 1810 1803    0
 1793 1809 1808    0
 1802 1810 1809    0
 1784 1808 1810    0
 1809 1810 1808    0
  168  173 1813    0
  170 1812  173    0
 1811 1813 1812    0
  173 1812 1813    0
  159 1815  179    0
 1814 1816 1815    0
  170  179 1816    0
 1815 1816  179    0
 1817 1818 1820    0
 1811 1819 1818    0
 1814 1820 1819    0
 1818 1819 1820    0
  170 1816 1812    0
 1814 1819 1816    0
 1811 1812 1819    0
 1816 1819 1812    0
    1 1752  156    0
 1750 1821 1752    0
  154  156 1821    0
 1752 1821  156    0
 1742 1823 1756    0
 1822 1824 1823    0
 1750 1756 1824    0
 1823 1824 1756    0
  159  163 1826    0
  154 1825  163    0
 1822 1826 1825    0
  163 1825 1826    0
 1750 1824 1821    0
 1822 1825 1824    0
  154 1821 1825    0
 1824 1825 1821    0
 1711 1828 1739    0
 1827 1829 1828    0
 1737 1739 1829    0
 1828 1829 1739    0
 1817 1831 1833    0
 1830 1832 1831    0
 1827 1833 1832    0
 1831 1832 1833    0
 1742 1746 1835    0
 1737 1834 1746    0
 1830 1835 1834    0
 1746 1834 1835    0
 1827 1832 1829    0
 1830 1834 1832    0
 1737 1829 1834    0
 1832 1834 1829    0
  159 1826 1815    0
 1822 1836 1826    0
 1814 1815 1836    0
 1826 1836 1815    0
 1742 1835 1823    0
 1830 1837 1835    0
 1822 1823 1837    0
 1835 1837 1823    0
 1817 1820 1831    0
 1814 1838 1820    0
 1830 1831 1838    0
 1820 1838 1831    0
 1822 1837 1836    0
 1830 1838 1837    0
 1814 1836 1838    0
 1837 1838 1836    0
  486 1840  489    0
 1839 1841 1840    0
  487  489 1841    0
 1840 1841  489    0
 1842 1844 1846    0
 1843 1845 1844    0
 1839 1846 1845    0
 1844 1845 1846    0
  468  495 1848    0
  487 1847  495    0
 1843 1848 1847    0
  495 1847 1848    0
 1839 1845 1841    0
 1843 1847 1845    0
  487 1841 1847    0
 1845 1847 1841    0
 1711 1716 1851    0
 1713 1850 1716    0
 1849 1851 1850    0
 1716 1850 1851    0
 1704 1853 1721    0
 1852 1854 1853    0
 1713 1721 1854    0
 1853 1854 1721    0
 1842 1855 1857    0
 1849 1856 1855    0
 1852 1857 1856    0
 1855 1856 1857    0
 1713 1854 1850    0
 1852 1856 1854    0
 1849 1850 1856    0
 1854 1856 1850    0
  306  462 1702    0
  459 1858  462    0
 1701 1702 1858    0
  462 1858 1702    0
  468 1860  469    0
 1859 1861 1860    0
  459  469 1861    0
 1860 1861  469    0
 1704 1708 1863    0
 1701 1862 1708    0
 1859 1863 1862    0
 1708 1862 1863    0
  459 1861 1858    0
 1859 1862 1861    0
 1701 1858 1862    0
 1861 1862 1858    0
 1842 1857 1844    0
 1852 1864 1857    0
 1843 1844 1864    0
 1857 1864 1844    0
 1704 1863 1853    0
 1859 1865 1863    0
 1852 1853 1865    0
 1863 1865 1853    0
  468 1848 1860    0
 1843 1866 1848    0
 1859 1860 1866    0
 1848 1866 1860    0
 1852 1865 1864    0
 1859 1866 1865    0
 1843 1864 1866    0
 1865 1866 1864    0
  168 1813 1790    0
 1811 1867 1813    0
 1789 1790 1867    0
 1813 1867 1790    0
 1817 1869 1818    0
 1868 1870 1869    0
 1811 1818 1870    0
 1869 1870 1818    0
 1792 1796 1872    0
 1789 1871 1796    0
 1868 1872 1871    0
 1796 1871 1872    0
 1811 1870 1867    0
 1868 1871 1870    0
 1789 1867 1871    0
 1870 1871 1867    0
 1711 1851 1828    0
 1849 1873 1851    0
 1827 1828 1873    0
 1851 1873 1828    0
 1842 1875 1855    0
 1874 1876 1875    0
 1849 1855 1876    0
 1875 1876 1855    0
 1817 1833 1878    0
 1827 1877 1833    0
 1874 1878 1877    0
 1833 1877 1878    0
 1849 1876 1873    0
 1874 1877 1876    0
 1827 1873 1877    0
 1876 1877 1873    0
  486 1801 1840    0
 1799 1879 1801    0
 1839 1840 1879    0
 1801 1879 1840    0
 1792 1881 1805    0
 1880 1882 1881    0
 1799 1805 1882    0
 1881 1882 1805    0
 1842 1846 1884    0
 1839 1883 1846    0
 1880 1884 1883    0
 1846 1883 1884    0
 1799 1882 1879    0
 1880 1883 1882    0
 1839 1879 1883    0
 1882 1883 1879    0
 1817 1878 1869    0
 1874 1885 1878    0
 1868 1869 1885    0
 1878 1885 1869    0
 1842 1884 1875    0
 1880 1886 1884    0
 1874 1875 1886    0
 1884 1886 1875    0
 1792 1872 1881    0
 1868 1887 1872    0
 1880 1881 1887    0
 1872 1887 1881    0
 1874 1886 1885    0
 1880 1887 1886    0
 1868 1885 1887    0
 1886 1887 1885    0
  668  673 1029    0
  670 1888  673    0
 1027 1029 1888    0
  673 1888 1029    0
  659 1890  679    0
 1889 1891 1890    0
  670  679 1891    0
 1890 1891  679    0
 1010 1035 1893    0
 1027 1892 1035    0
 1889 1893 1892    0
 1035 1892 1893    0
  670 1891 1888    0
 1889 1892 1891    0
 1027 1888 1892    0
 1891 1892 1888    0
  624 1895  656    0
 1894 1896 1895    0
  654  656 1896    0
 1895 1896  656    0
 1897 1899 1901    0
 1898 1900 1899    0
 1894 1901 1900    0
 1899 1900 1901    0
  659  663 1903    0
  654 1902  663    0
 1898 1903 1902    0
  663 1902 1903    0
 1894 1900 1896    0
 1898 1902 1900    0
  654 1896 1902    0
 1900 1902 1896    0
  941 1004 1906    0
 1001 1905 1004    0
 1904 1906 1905    0
 1004 1905 1906    0
 1010 1908 1011    0
 1907 1909 1908    0
 1001 1011 1909    0
 1908 1909 1011    0
 1897 1910 1912    0
 1904 1911 1910    0
 1907 1912 1911    0
 1910 1911 1912    0
 1001 1909 1905    0
 1907 1911 1909    0
 1904 1905 1911    0
 1909 1911 1905    0
  659 1903 1890    0
 1898 1913 1903    0
 1889 1890 1913    0
 1903 1913 1890    0
 1897 1912 1899    0
 1907 1914 1912    0
 1898 1899 1914    0
 1912 1914 1899    0
 1010 1893 1908    0
 1889 1915 1893    0
 1907 1908 1915    0
 1893 1915 1908    0
 1898 1914 1913    0
 1907 1915 1914    0
 1889 1913 1915    0
 1914 1915 1913    0
  624  629 1918    0
  626 1917  629    0
 1916 1918 1917    0
  629 1917 1918    0
  615 1920  635    0
 1919 1921 1920    0
  626  635 1921    0
 1920 1921  635    0
 1922 1923 1925    0
 1916 1924 1923    0
 1919 1925 1924    0
 1923 1924 1925    0
  626 1921 1917    0
 1919 1924 1921    0
 1916 1917 1924    0
 1921 1924 1917    0
  609 1927  612    0
 1926 1928 1927    0
  610  612 1928    0
 1927 1928  612    0
 1929 1931 1933    0
 1930 1932 1931    0
 1926 1933 1932    0
 1931 1932 1933    0
  615  619 1935    0
  610 1934  619    0
 1930 1935 1934    0
  619 1934 1935    0
 1926 1932 1928    0
 1930 1934 1932    0
  610 1928 1934    0
 1932 1934 1928    0
 1936 1939 1941    0
 1937 1940 1939    0
 1938 1941 1940    0
 1939 1940 1941    0
 1922 1943 1945    0
 1942 1944 1943    0
 1937 1945 1944    0
 1943 1944 1945    0
 1929 1946 1948    0
 1938 1947 1946    0
 1942 1948 1947    0
 1946 1947 1948    0
 1937 1944 1940    0
 1942 1947 1944    0
 1938 1940 1947    0
 1944 1947 1940    0
  615 1935 1920    0
 1930 1949 1935    0
 1919 1920 1949    0
 1935 1949 1920    0
 1929 1948 1931    0
 1942 1950 1948    0
 1930 1931 1950    0
 1948 1950 1931    0
 1922 1925 1943    0
 1919 1951 1925    0
 1942 1943 1951    0
 1925 1951 1943    0
 1930 1950 1949    0
 1942 1951 1950    0
 1919 1949 1951    0
 1950 1951 1949    0
  941 1953  944    0
 1952 1954 1953    0
  942  944 1954    0
 1953 1954  944    0
 1955 1957 1959    0
 1956 1958 1957    0
 1952 1959 1958    0
 1957 1958 1959    0
  923  950 1961    0
  942 1960  950    0
 1956 1961 1960    0
  950 1960 1961    0
 1952 1958 1954    0
 1956 1960 1958    0
  942 1954 1960    0
 1958 1960 1954    0
 1936 1964 1966    0
 1962 1965 1964    0
 1963 1966 1965    0
 1964 1965 1966    0
 1967 1969 1971    0
 1968 1970 1969    0
 1962 1971 1970    0
 1969 1970 1971    0
 1955 1972 1974    0
 1963 1973 1972    0
 1968 1974 1973    0
 1972 1973 1974    0
 1962 1970 1965    0
 1968 1973 1970    0
 1963 1965 1973    0
 1970 1973 1965    0
  912  917 1977    0
  914 1976  917    0
 1975 1977 1976    0
  917 1976 1977    0
  923 1979  924    0
 1978 1980 1979    0
  914  924 1980    0
 1979 1980  924    0
 1967 1981 1983    0
 1975 1982 1981    0
 1978 1983 1982    0
 1981 1982 1983    0
  914 1980 1976    0
 1978 1982 1980    0
 1975 1976 1982    0
 1980 1982 1976    0
 1955 1974 1957    0
 1968 1984 1974    0
 1956 1957 1984    0
 1974 1984 1957    0
 1967 1983 1969    0
 1978 1985 1983    0
 1968 1969 1985    0
 1983 1985 1969    0
  923 1961 1979    0
 1956 1986 1961    0
 1978 1979 1986    0
 1961 1986 1979    0
 1968 1985 1984    0
 1978 1986 1985    0
 1956 1984 1986    0
 1985 1986 1984    0
  624 1918 1895    0
 1916 1987 1918    0
 1894 1895 1987    0
 1918 1987 1895    0
 1922 1989 1923    0
 1988 1990 1989    0
 1916 1923 1990    0
 1989 1990 1923    0
 1897 1901 1992    0
 1894 1991 1901    0
 1988 1992 1991    0
 1901 1991 1992    0
 1916 1990 1987    0
 1988 1991 1990    0
 1894 1987 1991    0
 1990 1991 1987    0
 1936 1966 1939    0
 1963 1993 1966    0
 1937 1939 1993    0
 1966 1993 1939    0
 1955 1995 1972    0
 1994 1996 1995    0
 1963 1972 1996    0
 1995 1996 1972    0
 1922 1945 1998    0
 1937 1997 1945    0
 1994 1998 1997    0
 1945 1997 1998    0
 1963 1996 1993    0
 1994 1997 1996    0
 1937 1993 1997    0
 1996 1997 1993    0
  941 1906 1953    0
 1904 1999 1906    0
 1952 1953 1999    0
 1906 1999 1953    0
 1897 2001 1910    0
 2000 2002 2001    0
 1904 1910 2002    0
 2001 2002 1910    0
 1955 1959 2004    0
 1952 2003 1959    0
 2000 2004 2003    0
 1959 2003 2004    0
 1904 2002 1999    0
 2000 2003 2002    0
 1952 1999 2003    0
 2002 2003 1999    0
 1922 1998 1989    0
 1994 2005 1998    0
 1988 1989 2005    0
 1998 2005 1989    0
 1955 2004 1995    0
 2000 2006 2004    0
 1994 1995 2006    0
 2004 2006 1995    0
 1897 1992 2001    0
 1988 2007 1992    0
 2000 2001 2007    0
 1992 2007 2001    0
 1994 2006 2005    0
 2000 2007 2006    0
 1988 2005 2007    0
 2006 2007 2005    0
  875 1125  878    0
 1122 2008 1125    0
  876  878 2008    0
 1125 2008  878    0
 1112 2010 1131    0
 2009 2011 2010    0
 1122 1131 2011    0
 2010 2011 1131    0
  858  884 2013    0
  876 2012  884    0
 2009 2013 2012    0
  884 2012 2013    0
 1122 2011 2008    0
 2009 2012 2011    0
  876 2008 2012    0
 2011 2012 2008    0
 1077 2015 1109    0
 2014 2016 2015    0
 1107 1109 2016    0
 2015 2016 1109    0
 2017 2019 2021    0
 2018 2020 2019    0
 2014 2021 2020    0
 2019 2020 2021    0
 1112 1116 2023    0
 1107 2022 1116    0
 2018 2023 2022    0
 1116 2022 2023    0
 2014 2020 2016    0
 2018 2022 2020    0
 1107 2016 2022    0
 2020 2022 2016    0
  789  852 2026    0
  849 2025  852    0
 2024 2026 2025    0
  852 2025 2026    0
  858 2028  859    0
 2027 2029 2028    0
  849  859 2029    0
 2028 2029  859    0
 2017 2030 2032    0
 2024 2031 2030    0
 2027 2032 2031    0
 2030 2031 2032    0
  849 2029 2025    0
 2027 2031 2029    0
 2024 2025 2031    0
 2029 2031 2025    0
 1112 2023 2010    0
 2018 2033 2023    0
 2009 2010 2033    0
 2023 2033 2010    0
 2017 2032 2019    0
 2027 2034 2032    0
 2018 2019 2034    0
 2032 2034 2019    0
  858 2013 2028    0
 2009 2035 2013    0
 2027 2028 2035    0
 2013 2035 2028    0
 2018 2034 2033    0
 2027 2035 2034    0
 2009 2033 2035    0
 2034 2035 2033    0
 1077 1082 2038    0
 1079 2037 1082    0
 2036 2038 2037    0
 1082 2037 2038    0
 1068 2040 1088    0
 2039 2041 2040    0
 1079 1088 2041    0
 2040 2041 1088    0
 2042 2043 2045    0
 2036 2044 2043    0
 2039 2045 2044    0
 2043 2044 2045    0
 1079 2041 2037    0
 2039 2044 2041    0
 2036 2037 2044    0
 2041 2044 2037    0
  912 1977 1065    0
 1975 2046 1977    0
 1063 1065 2046    0
 1977 2046 1065    0
 1967 2048 1981    0
 2047 2049 2048    0
 1975 1981 2049    0
 2048 2049 1981    0
 1068 1072 2051    0
 1063 2050 1072    0
 2047 2051 2050    0
 1072 2050 2051    0
 1975 2049 2046    0
 2047 2050 2049    0
 1063 2046 2050    0
 2049 2050 2046    0
 1936 2053 1964    0
 2052 2054 2053    0
 1962 1964 2054    0
 2053 2054 1964    0
 2042 2056 2058    0
 2055 2057 2056    0
 2052 2058 2057    0
 2056 2057 2058    0
 1967 1971 2060    0
 1962 2059 1971    0
 2055 2060 2059    0
 1971 2059 2060    0
 2052 2057 2054    0
 2055 2059 2057    0
 1962 2054 2059    0
 2057 2059 2054    0
 1068 2051 2040    0
 2047 2061 2051    0
 2039 2040 2061    0
 2051 2061 2040    0
 1967 2060 2048    0
 2055 2062 2060    0
 2047 2048 2062    0
 2060 2062 2048    0
 2042 2045 2056    0
 2039 2063 2045    0
 2055 2056 2063    0
 2045 2063 2056    0
 2047 2062 2061    0
 2055 2063 2062    0
 2039 2061 2063    0
 2062 2063 2061    0
  789 2065  792    0
 2064 2066 2065    0
  790  792 2066    0
 2065 2066  792    0
 2067 2069 2071    0
 2068 2070 2069    0
 2064 2071 2070    0
 2069 2070 2071    0
  771  798 2073    0
  790 2072  798    0
 2068 2073 2072    0
  798 2072 2073    0
 2064 2070 2066    0
 2068 2072 2070    0
  790 2066 2072    0
 2070 2072 2066    0
 1936 1941 2076    0
 1938 2075 1941    0
 2074 2076 2075    0
 1941 2075 2076    0
 1929 2078 1946    0
 2077 2079 2078    0
 1938 1946 2079    0
 2078 2079 1946    0
 2067 2080 2082    0
 2074 2081 2080    0
 2077 2082 2081    0
 2080 2081 2082    0
 1938 2079 2075    0
 2077 2081 2079    0
 2074 2075 2081    0
 2079 2081 2075    0
  609  765 1927    0
  762 2083  765    0
 1926 1927 2083    0
  765 2083 1927    0
  771 2085  772    0
 2084 2086 2085    0
  762  772 2086    0
 2085 2086  772    0
 1929 1933 2088    0
 1926 2087 1933    0
 2084 2088 2087    0
 1933 2087 2088    0
  762 2086 2083    0
 2084 2087 2086    0
 1926 2083 2087    0
 2086 2087 2083    0
 2067 2082 2069    0
 2077 2089 2082    0
 2068 2069 2089    0
 2082 2089 2069    0
 1929 2088 2078    0
 2084 2090 2088    0
 2077 2078 2090    0
 2088 2090 2078    0
  771 2073 2085    0
 2068 2091 2073    0
 2084 2085 2091    0
 2073 2091 2085    0
 2077 2090 2089    0
 2084 2091 2090    0
 2068 2089 2091    0
 2090 2091 2089    0
 1077 2038 2015    0
 2036 2092 2038    0
 2014 2015 2092    0
 2038 2092 2015    0
 2042 2094 2043    0
 2093 2095 2094    0
 2036 2043 2095    0
 2094 2095 2043    0
 2017 2021 2097    0
 2014 2096 2021    0
 2093 2097 2096    0
 2021 2096 2097    0
 2036 2095 2092    0
 2093 2096 2095    0
 2014 2092 2096    0
 2095 2096 2092    0
 1936 2076 2053    0
 2074 2098 2076    0
 2052 2053 2098    0
 2076 2098 2053    0
 2067 2100 2080    0
 2099 2101 2100    0
 2074 2080 2101    0
 2100 2101 2080    0
 2042 2058 2103    0
 2052 2102 2058    0
 2099 2103 2102    0
 2058 2102 2103    0
 2074 2101 2098    0
 2099 2102 2101    0
 2052 2098 2102    0
 2101 2102 2098    0
  789 2026 2065    0
 2024 2104 2026    0
 2064 2065 2104    0
 2026 2104 2065    0
 2017 2106 2030    0
 2105 2107 2106    0
 2024 2030 2107    0
 2106 2107 2030    0
 2067 2071 2109    0
 2064 2108 2071    0
 2105 2109 2108    0
 2071 2108 2109    0
 2024 2107 2104    0
 2105 2108 2107    0
 2064 2104 2108    0
 2107 2108 2104    0
 2042 2103 2094    0
 2099 2110 2103    0
 2093 2094 2110    0
 2103 2110 2094    0
 2067 2109 2100    0
 2105 2111 2109    0
 2099 2100 2111    0
 2109 2111 2100    0
 2017 2097 2106    0
 2093 2112 2097    0
 2105 2106 2112    0
 2097 2112 2106    0
 2099 2111 2110    0
 2105 2112 2111    0
 2093 2110 2112    0
 2111 2112 2110    0
   60  729   63    0
  726 2113  729    0
   61   63 2113    0
  729 2113   63    0
  717 2115  734    0
 2114 2116 2115    0
  726  734 2116    0
 2115 2116  734    0
   66   70 2118    0
   61 2117   70    0
 2114 2118 2117    0
   70 2117 2118    0
  726 2116 2113    0
 2114 2117 2116    0
   61 2113 2117    0
 2116 2117 2113    0
  682 2120  714    0
 2119 2121 2120    0
  712  714 2121    0
 2120 2121  714    0
 2122 2124 2126    0
 2123 2125 2124    0
 2119 2126 2125    0
 2124 2125 2126    0
  717  721 2128    0
  712 2127  721    0
 2123 2128 2127    0
  721 2127 2128    0
 2119 2125 2121    0
 2123 2127 2125    0
  712 2121 2127    0
 2125 2127 2121    0
   74   79 2131    0
   76 2130   79    0
 2129 2131 2130    0
   79 2130 2131    0
   66 2133   84    0
 2132 2134 2133    0
   76   84 2134    0
 2133 2134   84    0
 2122 2135 2137    0
 2129 2136 2135    0
 2132 2137 2136    0
 2135 2136 2137    0
   76 2134 2130    0
 2132 2136 2134    0
 2129 2130 2136    0
 2134 2136 2130    0
  717 2128 2115    0
 2123 2138 2128    0
 2114 2115 2138    0
 2128 2138 2115    0
 2122 2137 2124    0
 2132 2139 2137    0
 2123 2124 2139    0
 2137 2139 2124    0
   66 2118 2133    0
 2114 2140 2118    0
 2132 2133 2140    0
 2118 2140 2133    0
 2123 2139 2138    0
 2132 2140 2139    0
 2114 2138 2140    0
 2139 2140 2138    0
  682  687 2143    0
  684 2142  687    0
 2141 2143 2142    0
  687 2142 2143    0
  674 2145  692    0
 2144 2146 2145    0
  684  692 2146    0
 2145 2146  692    0
 2147 2148 2150    0
 2141 2149 2148    0
 2144 2150 2149    0
 2148 2149 2150    0
  684 2146 2142    0
 2144 2149 2146    0
 2141 2142 2149    0
 2146 2149 2142    0
  668 2152  671    0
 2151 2153 2152    0
  669  671 2153    0
 2152 2153  671    0
 2154 2156 2158    0
 2155 2157 2156    0
 2151 2158 2157    0
 2156 2157 2158    0
  674  678 2160    0
  669 2159  678    0
 2155 2160 2159    0
  678 2159 2160    0
 2151 2157 2153    0
 2155 2159 2157    0
  669 2153 2159    0
 2157 2159 2153    0
 2161 2164 2166    0
 2162 2165 2164    0
 2163 2166 2165    0
 2164 2165 2166    0
 2147 2168 2170    0
 2167 2169 2168    0
 2162 2170 2169    0
 2168 2169 2170    0
 2154 2171 2173    0
 2163 2172 2171    0
 2167 2173 2172    0
 2171 2172 2173    0
 2162 2169 2165    0
 2167 2172 2169    0
 2163 2165 2172    0
 2169 2172 2165    0
  674 2160 2145    0
 2155 2174 2160    0
 2144 2145 2174    0
 2160 2174 2145    0
 2154 2173 2156    0
 2167 2175 2173    0
 2155 2156 2175    0
 2173 2175 2156    0
 2147 2150 2168    0
 2144 2176 2150    0
 2167 2168 2176    0
 2150 2176 2168    0
 2155 2175 2174    0
 2167 2176 2175    0
 2144 2174 2176    0
 2175 2176 2174    0
   74 2178  106    0
 2177 2179 2178    0
  104  106 2179    0
 2178 2179  106    0
 2180 2182 2184    0
 2181 2183 2182    0
 2177 2184 2183    0
 2182 2183 2184    0
  109  113 2186    0
  104 2185  113    0
 2181 2186 2185    0
  113 2185 2186    0
 2177 2183 2179    0
 2181 2185 2183    0
  104 2179 2185    0
 2183 2185 2179    0
 2161 2189 2191    0
 2187 2190 2189    0
 2188 2191 2190    0
 2189 2190 2191    0
 2192 2194 2196    0
 2193 2195 2194    0
 2187 2196 2195    0
 2194 2195 2196    0
 2180 2197 2199    0
 2188 2198 2197    0
 2193 2199 2198    0
 2197 2198 2199    0
 2187 2195 2190    0
 2193 2198 2195    0
 2188 2190 2198    0
 2195 2198 2190    0
  117  122 2202    0
  119 2201  122    0
 2200 2202 2201    0
  122 2201 2202    0
  109 2204  127    0
 2203 2205 2204    0
  119  127 2205    0
 2204 2205  127    0
 2192 2206 2208    0
 2200 2207 2206    0
 2203 2208 2207    0
 2206 2207 2208    0
  119 2205 2201    0
 2203 2207 2205    0
 2200 2201 2207    0
 2205 2207 2201    0
 2180 2199 2182    0
 2193 2209 2199    0
 2181 2182 2209    0
 2199 2209 2182    0
 2192 2208 2194    0
 2203 2210 2208    0
 2193 2194 2210    0
 2208 2210 2194    0
  109 2186 2204    0
 2181 2211 2186    0
 2203 2204 2211    0
 2186 2211 2204    0
 2193 2210 2209    0
 2203 2211 2210    0
 2181 2209 2211    0
 2210 2211 2209    0
  682 2143 2120    0
 2141 2212 2143    0
 2119 2120 2212    0
 2143 2212 2120    0
 2147 2214 2148    0
 2213 2215 2214    0
 2141 2148 2215    0
 2214 2215 2148    0
 2122 2126 2217    0
 2119 2216 2126    0
 2213 2217 2216    0
 2126 2216 2217    0
 2141 2215 2212    0
 2213 2216 2215    0
 2119 2212 2216    0
 2215 2216 2212    0
 2161 2191 2164    0
 2188 2218 2191    0
 2162 2164 2218    0
 2191 2218 2164    0
 2180 2220 2197    0
 2219 2221 2220    0
 2188 2197 2221    0
 2220 2221 2197    0
 2147 2170 2223    0
 2162 2222 2170    0
 2219 2223 2222    0
 2170 2222 2223    0
 2188 2221 2218    0
 2219 2222 2221    0
 2162 2218 2222    0
 2221 2222 2218    0
   74 2131 2178    0
 2129 2224 2131    0
 2177 2178 2224    0
 2131 2224 2178    0
 2122 2226 2135    0
 2225 2227 2226    0
 2129 2135 2227    0
 2226 2227 2135    0
 2180 2184 2229    0
 2177 2228 2184    0
 2225 2229 2228    0
 2184 2228 2229    0
 2129 2227 2224    0
 2225 2228 2227    0
 2177 2224 2228    0
 2227 2228 2224    0
 2147 2223 2214    0
 2219 2230 2223    0
 2213 2214 2230    0
 2223 2230 2214    0
 2180 2229 2220    0
 2225 2231 2229    0
 2219 2220 2231    0
 2229 2231 2220    0
 2122 2217 2226    0
 2213 2232 2217    0
 2225 2226 2232    0
 2217 2232 2226    0
 2219 2231 2230    0
 2225 2232 2231    0
 2213 2230 2232    0
 2231 2232 2230    0
  421  426  973    0
  423 2233  426    0
  971  973 2233    0
  426 2233  973    0
  413 2235  431    0
 2234 2236 2235    0
  423  431 2236    0
 2235 2236  431    0
  976  980 2238    0
  971 2237  980    0
 2234 2238 2237    0
  980 2237 2238    0
  423 2236 2233    0
 2234 2237 2236    0
  971 2233 2237    0
 2236 2237 2233    0
  378 2240  410    0
 2239 2241 2240    0
  408  410 2241    0
 2240 2241  410    0
 2242 2244 2246    0
 2243 2245 2244    0
 2239 2246 2245    0
 2244 2245 2246    0
  413  417 2248    0
  408 2247  417    0
 2243 2248 2247    0
  417 2247 2248    0
 2239 2245 2241    0
 2243 2247 2245    0
  408 2241 2247    0
 2245 2247 2241    0
  984  989 2251    0
  986 2250  989    0
 2249 2251 2250    0
  989 2250 2251    0
  976 2253  994    0
 2252 2254 2253    0
  986  994 2254    0
 2253 2254  994    0
 2242 2255 2257    0
 2249 2256 2255    0
 2252 2257 2256    0
 2255 2256 2257    0
  986 2254 2250    0
 2252 2256 2254    0
 2249 2250 2256    0
 2254 2256 2250    0
  413 2248 2235    0
 2243 2258 2248    0
 2234 2235 2258    0
 2248 2258 2235    0
 2242 2257 2244    0
 2252 2259 2257    0
 2243 2244 2259    0
 2257 2259 2244    0
  976 2238 2253    0
 2234 2260 2238    0
 2252 2253 2260    0
 2238 2260 2253    0
 2243 2259 2258    0
 2252 2260 2259    0
 2234 2258 2260    0
 2259 2260 2258    0
  378  383 2263    0
  380 2262  383    0
 2261 2263 2262    0
  383 2262 2263    0
  370 2265  388    0
 2264 2266 2265    0
  380  388 2266    0
 2265 2266  388    0
 2267 2268 2270    0
 2261 2269 2268    0
 2264 2270 2269    0
 2268 2269 2270    0
  380 2266 2262    0
 2264 2269 2266    0
 2261 2262 2269    0
 2266 2269 2262    0
  117 2202  367    0
 2200 2271 2202    0
  365  367 2271    0
 2202 2271  367    0
 2192 2273 2206    0
 2272 2274 2273    0
 2200 2206 2274    0
 2273 2274 2206    0
  370  374 2276    0
  365 2275  374    0
 2272 2276 2275    0
  374 2275 2276    0
 2200 2274 2271    0
 2272 2275 2274    0
  365 2271 2275    0
 2274 2275 2271    0
 2161 2278 2189    0
 2277 2279 2278    0
 2187 2189 2279    0
 2278 2279 2189    0
 2267 2281 2283    0
 2280 2282 2281    0
 2277 2283 2282    0
 2281 2282 2283    0
 2192 2196 2285    0
 2187 2284 2196    0
 2280 2285 2284    0
 2196 2284 2285    0
 2277 2282 2279    0
 2280 2284 2282    0
 2187 2279 2284    0
 2282 2284 2279    0
  370 2276 2265    0
 2272 2286 2276    0
 2264 2265 2286    0
 2276 2286 2265    0
 2192 2285 2273    0
 2280 2287 2285    0
 2272 2273 2287    0
 2285 2287 2273    0
 2267 2270 2281    0
 2264 2288 2270    0
 2280 2281 2288    0
 2270 2288 2281    0
 2272 2287 2286    0
 2280 2288 2287    0
 2264 2286 2288    0
 2287 2288 2286    0
  984 2290 1016    0
 2289 2291 2290    0
 1014 1016 2291    0
 2290 2291 1016    0
 2292 2294 2296    0
 2293 2295 2294    0
 2289 2296 2295    0
 2294 2295 2296    0
 1019 1023 2298    0
 1014 2297 1023    0
 2293 2298 2297    0
 1023 2297 2298    0
 2289 2295 2291    0
 2293 2297 2295    0
 1014 2291 2297    0
 2295 2297 2291    0
 2161 2166 2301    0
 2163 2300 2166    0
 2299 2301 2300    0
 2166 2300 2301    0
 2154 2303 2171    0
 2302 2304 2303    0
 2163 2171 2304    0
 2303 2304 2171    0
 2292 2305 2307    0
 2299 2306 2305    0
 2302 2307 2306    0
 2305 2306 2307    0
 2163 2304 2300    0
 2302 2306 2304    0
 2299 2300 2306    0
 2304 2306 2300    0
  668 1031 2152    0
 1028 2308 1031    0
 2151 2152 2308    0
 1031 2308 2152    0
 1019 2310 1036    0
 2309 2311 2310    0
 1028 1036 2311    0
 2310 2311 1036    0
 2154 2158 2313    0
 2151 2312 2158    0
 2309 2313 2312    0
 2158 2312 2313    0
 1028 2311 2308    0
 2309 2312 2311    0
 2151 2308 2312    0
 2311 2312 2308    0
 2292 2307 2294    0
 2302 2314 2307    0
 2293 2294 2314    0
 2307 2314 2294    0
 2154 2313 2303    0
 2309 2315 2313    0
 2302 2303 2315    0
 2313 2315 2303    0
 1019 2298 2310    0
 2293 2316 2298    0
 2309 2310 2316    0
 2298 2316 2310    0
 2302 2315 2314    0
 2309 2316 2315    0
 2293 2314 2316    0
 2315 2316 2314    0
  378 2263 2240    0
 2261 2317 2263    0
 2239 2240 2317    0
 2263 2317 2240    0
 2267 2319 2268    0
 2318 2320 2319    0
 2261 2268 2320    0
 2319 2320 2268    0
 2242 2246 2322    0
 2239 2321 2246    0
 2318 2322 2321    0
 2246 2321 2322    0
 2261 2320 2317    0
 2318 2321 2320    0
 2239 2317 2321    0
 2320 2321 2317    0
 2161 2301 2278    0
 2299 2323 2301    0
 2277 2278 2323    0
 2301 2323 2278    0
 2292 2325 2305    0
 2324 2326 2325    0
 2299 2305 2326    0
 2325 2326 2305    0
 2267 2283 2328    0
 2277 2327 2283    0
 2324 2328 2327    0
 2283 2327 2328    0
 2299 2326 2323    0
 2324 2327 2326    0
 2277 2323 2327    0
 2326 2327 2323    0
  984 2251 2290    0
 2249 2329 2251    0
 2289 2290 2329    0
 2251 2329 2290    0
 2242 2331 2255    0
 2330 2332 2331    0
 2249 2255 2332    0
 2331 2332 2255    0
 2292 2296 2334    0
 2289 2333 2296    0
 2330 2334 2333    0
 2296 2333 2334    0
 2249 2332 2329    0
 2330 2333 2332    0
 2289 2329 2333    0
 2332 2333 2329    0
 2267 2328 2319    0
 2324 2335 2328    0
 2318 2319 2335    0
 2328 2335 2319    0
 2292 2334 2325    0
 2330 2336 2334    0
 2324 2325 2336    0
 2334 2336 2325    0
 2242 2322 2331    0
 2318 2337 2322    0
 2330 2331 2337    0
 2322 2337 2331    0
 2324 2336 2335    0
 2330 2337 2336    0
 2318 2335 2337    0
 2336 2337 2335    0
  269  274  821    0
  271 2338  274    0
  819  821 2338    0
  274 2338  821    0
  261 2340  279    0
 2339 2341 2340    0
  271  279 2341    0
 2340 2341  279    0
  824  828 2343    0
  819 2342  828    0
 2339 2343 2342    0
  828 2342 2343    0
  271 2341 2338    0
 2339 2342 2341    0
  819 2338 2342    0
 2341 2342 2338    0
  226 2345  258    0
 2344 2346 2345    0
  256  258 2346    0
 2345 2346  258    0
 2347 2349 2351    0
 2348 2350 2349    0
 2344 2351 2350    0
 2349 2350 2351    0
  261  265 2353    0
  256 2352  265    0
 2348 2353 2352    0
  265 2352 2353    0
 2344 2350 2346    0
 2348 2352 2350    0
  256 2346 2352    0
 2350 2352 2346    0
  832  837 2356    0
  834 2355  837    0
 2354 2356 2355    0
  837 2355 2356    0
  824 2358  842    0
 2357 2359 2358    0
  834  842 2359    0
 2358 2359  842    0
 2347 2360 2362    0
 2354 2361 2360    0
 2357 2362 2361    0
 2360 2361 2362    0
  834 2359 2355    0
 2357 2361 2359    0
 2354 2355 2361    0
 2359 2361 2355    0
  261 2353 2340    0
 2348 2363 2353    0
 2339 2340 2363    0
 2353 2363 2340    0
 2347 2362 2349    0
 2357 2364 2362    0
 2348 2349 2364    0
 2362 2364 2349    0
  824 2343 2358    0
 2339 2365 2343    0
 2357 2358 2365    0
 2343 2365 2358    0
 2348 2364 2363    0
 2357 2365 2364    0
 2339 2363 2365    0
 2364 2365 2363    0
  226  231 2368    0
  228 2367  231    0
 2366 2368 2367    0
  231 2367 2368    0
  218 2370  236    0
 2369 2371 2370    0
  228  236 2371    0
 2370 2371  236    0
 2372 2373 2375    0
 2366 2374 2373    0
 2369 2375 2374    0
 2373 2374 2375    0
  228 2371 2367    0
 2369 2374 2371    0
 2366 2367 2374    0
 2371 2374 2367    0
  212 2377  215    0
 2376 2378 2377    0
  213  215 2378    0
 2377 2378  215    0
 2379 2381 2383    0
 2380 2382 2381    0
 2376 2383 2382    0
 2381 2382 2383    0
  218  222 2385    0
  213 2384  222    0
 2380 2385 2384    0
  222 2384 2385    0
 2376 2382 2378    0
 2380 2384 2382    0
  213 2378 2384    0
 2382 2384 2378    0
 2386 2389 2391    0
 2387 2390 2389    0
 2388 2391 2390    0
 2389 2390 2391    0
 2372 2393 2395    0
 2392 2394 2393    0
 2387 2395 2394    0
 2393 2394 2395    0
 2379 2396 2398    0
 2388 2397 2396    0
 2392 2398 2397    0
 2396 2397 2398    0
 2387 2394 2390    0
 2392 2397 2394    0
 2388 2390 2397    0
 2394 2397 2390    0
  218 2385 2370    0
 2380 2399 2385    0
 2369 2370 2399    0
 2385 2399 2370    0
 2379 2398 2381    0
 2392 2400 2398    0
 2380 2381 2400    0
 2398 2400 2381    0
 2372 2375 2393    0
 2369 2401 2375    0
 2392 2393 2401    0
 2375 2401 2393    0
 2380 2400 2399    0
 2392 2401 2400    0
 2369 2399 2401    0
 2400 2401 2399    0
  832 2403  864    0
 2402 2404 2403    0
  862  864 2404    0
 2403 2404  864    0
 2405 2407 2409    0
 2406 2408 2407    0
 2402 2409 2408    0
 2407 2408 2409    0
  867  871 2411    0
  862 2410  871    0
 2406 2411 2410    0
  871 2410 2411    0
 2402 2408 2404    0
 2406 2410 2408    0
  862 2404 2410    0
 2408 2410 2404    0
 2386 2414 2416    0
 2412 2415 2414    0
 2413 2416 2415    0
 2414 2415 2416    0
 2417 2419 2421    0
 2418 2420 2419    0
 2412 2421 2420    0
 2419 2420 2421    0
 2405 2422 2424    0
 2413 2423 2422    0
 2418 2424 2423    0
 2422 2423 2424    0
 2412 2420 2415    0
 2418 2423 2420    0
 2413 2415 2423    0
 2420 2423 2415    0
  875  880 2427    0
  877 2426  880    0
 2425 2427 2426    0
  880 2426 2427    0
  867 2429  885    0
 2428 2430 2429    0
  877  885 2430    0
 2429 2430  885    0
 2417 2431 2433    0
 2425 2432 2431    0
 2428 2433 2432    0
 2431 2432 2433    0
  877 2430 2426    0
 2428 2432 2430    0
 2425 2426 2432    0
 2430 2432 2426    0
 2405 2424 2407    0
 2418 2434 2424    0
 2406 2407 2434    0
 2424 2434 2407    0
 2417 2433 2419    0
 2428 2435 2433    0
 2418 2419 2435    0
 2433 2435 2419    0
  867 2411 2429    0
 2406 2436 2411    0
 2428 2429 2436    0
 2411 2436 2429    0
 2418 2435 2434    0
 2428 2436 2435    0
 2406 2434 2436    0
 2435 2436 2434    0
  226 2368 2345    0
 2366 2437 2368    0
 2344 2345 2437    0
 2368 2437 2345    0
 2372 2439 2373    0
 2438 2440 2439    0
 2366 2373 2440    0
 2439 2440 2373    0
 2347 2351 2442    0
 2344 2441 2351    0
 2438 2442 2441    0
 2351 2441 2442    0
 2366 2440 2437    0
 2438 2441 2440    0
 2344 2437 2441    0
 2440 2441 2437    0
 2386 2416 2389    0
 2413 2443 2416    0
 2387 2389 2443    0
 2416 2443 2389    0
 2405 2445 2422    0
 2444 2446 2445    0
 2413 2422 2446    0
 2445 2446 2422    0
 2372 2395 2448    0
 2387 2447 2395    0
 2444 2448 2447    0
 2395 2447 2448    0
 2413 2446 2443    0
 2444 2447 2446    0
 2387 2443 2447    0
 2446 2447 2443    0
  832 2356 2403    0
 2354 2449 2356    0
 2402 2403 2449    0
 2356 2449 2403    0
 2347 2451 2360    0
 2450 2452 2451    0
 2354 2360 2452    0
 2451 2452 2360    0
 2405 2409 2454    0
 2402 2453 2409    0
 2450 2454 2453    0
 2409 2453 2454    0
 2354 2452 2449    0
 2450 2453 2452    0
 2402 2449 2453    0
 2452 2453 2449    0
 2372 2448 2439    0
 2444 2455 2448    0
 2438 2439 2455    0
 2448 2455 2439    0
 2405 2454 2445    0
 2450 2456 2454    0
 2444 2445 2456    0
 2454 2456 2445    0
 2347 2442 2451    0
 2438 2457 2442    0
 2450 2451 2457    0
 2442 2457 2451    0
 2444 2456 2455    0
 2450 2457 2456    0
 2438 2455 2457    0
 2456 2457 2455    0
  516 1181  519    0
 1178 2458 1181    0
  517  519 2458    0
 1181 2458  519    0
 1169 2460 1186    0
 2459 2461 2460    0
 1178 1186 2461    0
 2460 2461 1186    0
  522  526 2463    0
  517 2462  526    0
 2459 2463 2462    0
  526 2462 2463    0
 1178 2461 2458    0
 2459 2462 2461    0
  517 2458 2462    0
 2461 2462 2458    0
 1134 2465 1166    0
 2464 2466 2465    0
 1164 1166 2466    0
 2465 2466 1166    0
 2467 2469 2471    0
 2468 2470 2469    0
 2464 2471 2470    0
 2469 2470 2471    0
 1169 1173 2473    0
 1164 2472 1173    0
 2468 2473 2472    0
 1173 2472 2473    0
 2464 2470 2466    0
 2468 2472 2470    0
 1164 2466 2472    0
 2470 2472 2466    0
  530  535 2476    0
  532 2475  535    0
 2474 2476 2475    0
  535 2475 2476    0
  522 2478  540    0
 2477 2479 2478    0
  532  540 2479    0
 2478 2479  540    0
 2467 2480 2482    0
 2474 2481 2480    0
 2477 2482 2481    0
 2480 2481 2482    0
  532 2479 2475    0
 2477 2481 2479    0
 2474 2475 2481    0
 2479 2481 2475    0
 1169 2473 2460    0
 2468 2483 2473    0
 2459 2460 2483    0
 2473 2483 2460    0
 2467 2482 2469    0
 2477 2484 2482    0
 2468 2469 2484    0
 2482 2484 2469    0
  522 2463 2478    0
 2459 2485 2463    0
 2477 2478 2485    0
 2463 2485 2478    0
 2468 2484 2483    0
 2477 2485 2484    0
 2459 2483 2485    0
 2484 2485 2483    0
 1134 1139 2488    0
 1136 2487 1139    0
 2486 2488 2487    0
 1139 2487 2488    0
 1126 2490 1144    0
 2489 2491 2490    0
 1136 1144 2491    0
 2490 2491 1144    0
 2492 2493 2495    0
 2486 2494 2493    0
 2489 2495 2494    0
 2493 2494 2495    0
 1136 2491 2487    0
 2489 2494 2491    0
 2486 2487 2494    0
 2491 2494 2487    0
  875 2427 1123    0
 2425 2496 2427    0
 1121 1123 2496    0
 2427 2496 1123    0
 2417 2498 2431    0
 2497 2499 2498    0
 2425 2431 2499    0
 2498 2499 2431    0
 1126 1130 2501    0
 1121 2500 1130    0
 2497 2501 2500    0
 1130 2500 2501    0
 2425 2499 2496    0
 2497 2500 2499    0
 1121 2496 2500    0
 2499 2500 2496    0
 2386 2503 2414    0
 2502 2504 2503    0
 2412 2414 2504    0
 2503 2504 2414    0
 2492 2506 2508    0
 2505 2507 2506    0
 2502 2508 2507    0
 2506 2507 2508    0
 2417 2421 2510    0
 2412 2509 2421    0
 2505 2510 2509    0
 2421 2509 2510    0
 2502 2507 2504    0
 2505 2509 2507    0
 2412 2504 2509    0
 2507 2509 2504    0
 1126 2501 2490    0
 2497 2511 2501    0
 2489 2490 2511    0
 2501 2511 2490    0
 2417 2510 2498    0
 2505 2512 2510    0
 2497 2498 2512    0
 2510 2512 2498    0
 2492 2495 2506    0
 2489 2513 2495    0
 2505 2506 2513    0
 2495 2513 2506    0
 2497 2512 2511    0
 2505 2513 2512    0
 2489 2511 2513    0
 2512 2513 2511    0
  530 2515  562    0
 2514 2516 2515    0
  560  562 2516    0
 2515 2516  562    0
 2517 2519 2521    0
 2518 2520 2519    0
 2514 2521 2520    0
 2519 2520 2521    0
  565  569 2523    0
  560 2522  569    0
 2518 2523 2522    0
  569 2522 2523    0
 2514 2520 2516    0
 2518 2522 2520    0
  560 2516 2522    0
 2520 2522 2516    0
 2386 2391 2526    0
 2388 2525 2391    0
 2524 2526 2525    0
 2391 2525 2526    0
 2379 2528 2396    0
 2527 2529 2528    0
 2388 2396 2529    0
 2528 2529 2396    0
 2517 2530 2532    0
 2524 2531 2530    0
 2527 2532 2531    0
 2530 2531 2532    0
 2388 2529 2525    0
 2527 2531 2529    0
 2524 2525 2531    0
 2529 2531 2525    0
  212  577 2377    0
  574 2533  577    0
 2376 2377 2533    0
  577 2533 2377    0
  565 2535  582    0
 2534 2536 2535    0
  574  582 2536    0
 2535 2536  582    0
 2379 2383 2538    0
 2376 2537 2383    0
 2534 2538 2537    0
 2383 2537 2538    0
  574 2536 2533    0
 2534 2537 2536    0
 2376 2533 2537    0
 2536 2537 2533    0
 2517 2532 2519    0
 2527 2539 2532    0
 2518 2519 2539    0
 2532 2539 2519    0
 2379 2538 2528    0
 2534 2540 2538    0
 2527 2528 2540    0
 2538 2540 2528    0
  565 2523 2535    0
 2518 2541 2523    0
 2534 2535 2541    0
 2523 2541 2535    0
 2527 2540 2539    0
 2534 2541 2540    0
 2518 2539 2541    0
 2540 2541 2539    0
 1134 2488 2465    0
 2486 2542 2488    0
 2464 2465 2542    0
 2488 2542 2465    0
 2492 2544 2493    0
 2543 2545 2544    0
 2486 2493 2545    0
 2544 2545 2493    0
 2467 2471 2547    0
 2464 2546 2471    0
 2543 2547 2546    0
 2471 2546 2547    0
 2486 2545 2542    0
 2543 2546 2545    0
 2464 2542 2546    0
 2545 2546 2542    0
 2386 2526 2503    0
 2524 2548 2526    0
 2502 2503 2548    0
 2526 2548 2503    0
 2517 2550 2530    0
 2549 2551 2550    0
 2524 2530 2551    0
 2550 2551 2530    0
 2492 2508 2553    0
 2502 2552 2508    0
 2549 2553 2552    0
 2508 2552 2553    0
 2524 2551 2548    0
 2549 2552 2551    0
 2502 2548 2552    0
 2551 2552 2548    0
  530 2476 2515    0
 2474 2554 2476    0
 2514 2515 2554    0
 2476 2554 2515    0
 2467 2556 2480    0
 2555 2557 2556    0
 2474 2480 2557    0
 2556 2557 2480    0
 2517 2521 2559    0
 2514 2558 2521    0
 2555 2559 2558    0
 2521 2558 2559    0
 2474 2557 2554    0
 2555 2558 2557    0
 2514 2554 2558    0
 2557 2558 2554    0
 2492 2553 2544    0
 2549 2560 2553    0
 2543 2544 2560    0
 2553 2560 2544    0
 2517 2559 2550    0
 2555 2561 2559    0
 2549 2550 2561    0
 2559 2561 2550    0
 2467 2547 2556    0
 2543 2562 2547    0
 2555 2556 2562    0
 2547 2562 2556    0
 2549 2561 2560    0
 2555 2562 2561    0
 2543 2560 2562    0
 2561 2562 2560    0
End