MeshVersion
 1
Dimension
 3
Vertices
 1538
                 -0.5                 -0.5                 -0.5     0
               -0.375               -0.375                 -0.5     0
               -0.375                 -0.5                 -0.5     0
              -0.4375              -0.4375                 -0.5     0
               -0.375              -0.4375                 -0.5     0
              -0.4375                 -0.5                 -0.5     0
                -0.25                -0.25                 -0.5     0
                -0.25               -0.375                 -0.5     0
                -0.25              -0.3125                 -0.5     0
              -0.3125               -0.375                 -0.5     0
              -0.3125              -0.3125                 -0.5     0
                -0.25                 -0.5                 -0.5     0
              -0.3125                 -0.5                 -0.5     0
              -0.3125              -0.4375                 -0.5     0
                -0.25              -0.4375                 -0.5     0
                    0                    0                 -0.5     0
                    0               -0.125                 -0.5     0
               -0.125               -0.125                 -0.5     0
                    0              -0.0625                 -0.5     0
              -0.0625               -0.125                 -0.5     0
              -0.0625              -0.0625                 -0.5     0
                    0                -0.25                 -0.5     0
               -0.125                -0.25                 -0.5     0
              -0.0625                -0.25                 -0.5     0
              -0.0625              -0.1875                 -0.5     0
                    0              -0.1875                 -0.5     0
              -0.1875              -0.1875                 -0.5     0
               -0.125              -0.1875                 -0.5     0
              -0.1875                -0.25                 -0.5     0
                    0                 -0.5                 -0.5     0
               -0.125                 -0.5                 -0.5     0
                    0               -0.375                 -0.5     0
              -0.0625                 -0.5                 -0.5     0
              -0.0625              -0.4375                 -0.5     0
                    0              -0.4375                 -0.5     0
               -0.125               -0.375                 -0.5     0
              -0.1875              -0.4375                 -0.5     0
               -0.125              -0.4375                 -0.5     0
              -0.1875                 -0.5                 -0.5     0
                    0              -0.3125                 -0.5     0
              -0.0625               -0.375                 -0.5     0
              -0.0625              -0.3125                 -0.5     0
              -0.1875              -0.3125                 -0.5     0
               -0.125              -0.3125                 -0.5     0
              -0.1875               -0.375                 -0.5     0
                  0.5                  0.5                 -0.5     0
                  0.5                0.375                 -0.5     0
                0.375                0.375                 -0.5     0
                  0.5               0.4375                 -0.5     0
               0.4375                0.375                 -0.5     0
               0.4375               0.4375                 -0.5     0
                  0.5                 0.25                 -0.5     0
                0.375                 0.25                 -0.5     0
               0.4375                 0.25                 -0.5     0
               0.4375               0.3125                 -0.5     0
                  0.5               0.3125                 -0.5     0
                 0.25                 0.25                 -0.5     0
               0.3125               0.3125                 -0.5     0
                0.375               0.3125                 -0.5     0
               0.3125                 0.25                 -0.5     0
                  0.5                    0                 -0.5     0
                0.375                    0                 -0.5     0
                  0.5                0.125                 -0.5     0
               0.4375                    0                 -0.5     0
               0.4375               0.0625                 -0.5     0
                  0.5               0.0625                 -0.5     0
                 0.25                    0                 -0.5     0
                0.375                0.125                 -0.5     0
               0.3125               0.0625                 -0.5     0
                0.375               0.0625                 -0.5     0
               0.3125                    0                 -0.5     0
                  0.5               0.1875                 -0.5     0
               0.4375                0.125                 -0.5     0
               0.4375               0.1875                 -0.5     0
                0.125                0.125                 -0.5     0
                0.125                    0                 -0.5     0
               0.0625               0.0625                 -0.5     0
                0.125               0.0625                 -0.5     0
               0.0625                    0                 -0.5     0
                 0.25                0.125                 -0.5     0
                 0.25               0.1875                 -0.5     0
               0.1875                0.125                 -0.5     0
               0.1875               0.1875                 -0.5     0
               0.1875                    0                 -0.5     0
               0.1875               0.0625                 -0.5     0
                 0.25               0.0625                 -0.5     0
                0.375               0.1875                 -0.5     0
               0.3125                0.125                 -0.5     0
               0.3125               0.1875                 -0.5     0
                  0.5                 -0.5                 -0.5     0
                0.375                 -0.5                 -0.5     0
                  0.5               -0.375                 -0.5     0
               0.4375                 -0.5                 -0.5     0
               0.4375              -0.4375                 -0.5     0
                  0.5              -0.4375                 -0.5     0
                 0.25                 -0.5                 -0.5     0
                0.375               -0.375                 -0.5     0
               0.3125              -0.4375                 -0.5     0
                0.375              -0.4375                 -0.5     0
               0.3125                 -0.5                 -0.5     0
                  0.5                -0.25                 -0.5     0
                  0.5              -0.3125                 -0.5     0
               0.4375               -0.375                 -0.5     0
               0.4375              -0.3125                 -0.5     0
                0.125               -0.375                 -0.5     0
                0.125                 -0.5                 -0.5     0
               0.0625              -0.4375                 -0.5     0
                0.125              -0.4375                 -0.5     0
               0.0625                 -0.5                 -0.5     0
                 0.25                -0.25                 -0.5     0
                 0.25               -0.375                 -0.5     0
                 0.25              -0.3125                 -0.5     0
               0.1875               -0.375                 -0.5     0
               0.1875              -0.3125                 -0.5     0
               0.1875                 -0.5                 -0.5     0
               0.1875              -0.4375                 -0.5     0
                 0.25              -0.4375                 -0.5     0
                  0.5               -0.125                 -0.5     0
                0.375               -0.125                 -0.5     0
                  0.5              -0.0625                 -0.5     0
               0.4375               -0.125                 -0.5     0
               0.4375              -0.0625                 -0.5     0
                0.375                -0.25                 -0.5     0
               0.4375                -0.25                 -0.5     0
               0.4375              -0.1875                 -0.5     0
                  0.5              -0.1875                 -0.5     0
               0.3125              -0.1875                 -0.5     0
                0.375              -0.1875                 -0.5     0
               0.3125                -0.25                 -0.5     0
               0.3125               -0.375                 -0.5     0
               0.3125              -0.3125                 -0.5     0
                0.375              -0.3125                 -0.5     0
               0.0625              -0.0625                 -0.5     0
                0.125               -0.125                 -0.5     0
               0.1875              -0.0625                 -0.5     0
                0.125              -0.0625                 -0.5     0
               0.0625               -0.125                 -0.5     0
               0.0625              -0.1875                 -0.5     0
                0.375              -0.0625                 -0.5     0
                 0.25               -0.125                 -0.5     0
                 0.25              -0.1875                 -0.5     0
               0.3125               -0.125                 -0.5     0
               0.3125              -0.0625                 -0.5     0
                 0.25              -0.0625                 -0.5     0
               0.0625               -0.375                 -0.5     0
                0.125                -0.25                 -0.5     0
               0.0625                -0.25                 -0.5     0
               0.0625              -0.3125                 -0.5     0
                0.125              -0.3125                 -0.5     0
               0.1875                -0.25                 -0.5     0
               0.1875               -0.125                 -0.5     0
               0.1875              -0.1875                 -0.5     0
                0.125              -0.1875                 -0.5     0
                 -0.5               -0.375                 -0.5     0
                 -0.5              -0.4375                 -0.5     0
              -0.4375               -0.375                 -0.5     0
                 -0.5                -0.25                 -0.5     0
               -0.375                -0.25                 -0.5     0
              -0.4375                -0.25                 -0.5     0
              -0.4375              -0.3125                 -0.5     0
                 -0.5              -0.3125                 -0.5     0
               -0.375              -0.3125                 -0.5     0
              -0.3125                -0.25                 -0.5     0
                 -0.5                    0                 -0.5     0
               -0.375                    0                 -0.5     0
                 -0.5               -0.125                 -0.5     0
              -0.4375                    0                 -0.5     0
              -0.4375              -0.0625                 -0.5     0
                 -0.5              -0.0625                 -0.5     0
                -0.25                    0                 -0.5     0
               -0.375               -0.125                 -0.5     0
              -0.3125              -0.0625                 -0.5     0
               -0.375              -0.0625                 -0.5     0
              -0.3125                    0                 -0.5     0
                 -0.5              -0.1875                 -0.5     0
              -0.4375               -0.125                 -0.5     0
              -0.4375              -0.1875                 -0.5     0
               -0.125                    0                 -0.5     0
               -0.125              -0.0625                 -0.5     0
              -0.0625                    0                 -0.5     0
                -0.25               -0.125                 -0.5     0
                -0.25              -0.1875                 -0.5     0
              -0.1875               -0.125                 -0.5     0
              -0.1875                    0                 -0.5     0
              -0.1875              -0.0625                 -0.5     0
                -0.25              -0.0625                 -0.5     0
               -0.375              -0.1875                 -0.5     0
              -0.3125               -0.125                 -0.5     0
              -0.3125              -0.1875                 -0.5     0
                 -0.5                  0.5                 -0.5     0
               -0.375                  0.5                 -0.5     0
                 -0.5                0.375                 -0.5     0
              -0.4375                  0.5                 -0.5     0
              -0.4375               0.4375                 -0.5     0
                 -0.5               0.4375                 -0.5     0
                -0.25                  0.5                 -0.5     0
               -0.375                0.375                 -0.5     0
              -0.3125               0.4375                 -0.5     0
               -0.375               0.4375                 -0.5     0
              -0.3125                  0.5                 -0.5     0
                 -0.5                 0.25                 -0.5     0
                 -0.5               0.3125                 -0.5     0
              -0.4375                0.375                 -0.5     0
              -0.4375               0.3125                 -0.5     0
                    0                  0.5                 -0.5     0
               -0.125                0.375                 -0.5     0
               -0.125                  0.5                 -0.5     0
              -0.0625               0.4375                 -0.5     0
               -0.125               0.4375                 -0.5     0
              -0.0625                  0.5                 -0.5     0
                -0.25                 0.25                 -0.5     0
                -0.25                0.375                 -0.5     0
                -0.25               0.3125                 -0.5     0
              -0.1875                0.375                 -0.5     0
              -0.1875               0.3125                 -0.5     0
              -0.1875                  0.5                 -0.5     0
              -0.1875               0.4375                 -0.5     0
                -0.25               0.4375                 -0.5     0
                 -0.5                0.125                 -0.5     0
               -0.375                0.125                 -0.5     0
                 -0.5               0.0625                 -0.5     0
              -0.4375                0.125                 -0.5     0
              -0.4375               0.0625                 -0.5     0
               -0.375                 0.25                 -0.5     0
              -0.4375                 0.25                 -0.5     0
              -0.4375               0.1875                 -0.5     0
                 -0.5               0.1875                 -0.5     0
              -0.3125               0.1875                 -0.5     0
               -0.375               0.1875                 -0.5     0
              -0.3125                 0.25                 -0.5     0
              -0.3125                0.375                 -0.5     0
              -0.3125               0.3125                 -0.5     0
               -0.375               0.3125                 -0.5     0
                0.375                  0.5                 -0.5     0
                0.375               0.4375                 -0.5     0
               0.4375                  0.5                 -0.5     0
                 0.25                0.375                 -0.5     0
                 0.25               0.3125                 -0.5     0
               0.3125                0.375                 -0.5     0
                 0.25                  0.5                 -0.5     0
               0.3125                  0.5                 -0.5     0
               0.3125               0.4375                 -0.5     0
                 0.25               0.4375                 -0.5     0
                    0                0.125                 -0.5     0
                    0               0.0625                 -0.5     0
               0.0625                0.125                 -0.5     0
                    0                 0.25                 -0.5     0
                0.125                 0.25                 -0.5     0
               0.0625                 0.25                 -0.5     0
               0.0625               0.1875                 -0.5     0
                    0               0.1875                 -0.5     0
                0.125               0.1875                 -0.5     0
               0.1875                 0.25                 -0.5     0
                0.125                  0.5                 -0.5     0
                    0                0.375                 -0.5     0
               0.0625                  0.5                 -0.5     0
               0.0625               0.4375                 -0.5     0
                    0               0.4375                 -0.5     0
                0.125                0.375                 -0.5     0
               0.1875               0.4375                 -0.5     0
                0.125               0.4375                 -0.5     0
               0.1875                  0.5                 -0.5     0
                    0               0.3125                 -0.5     0
               0.0625                0.375                 -0.5     0
               0.0625               0.3125                 -0.5     0
               0.1875               0.3125                 -0.5     0
                0.125               0.3125                 -0.5     0
               0.1875                0.375                 -0.5     0
               -0.375               0.0625                 -0.5     0
                -0.25                0.125                 -0.5     0
                -0.25               0.1875                 -0.5     0
              -0.3125                0.125                 -0.5     0
              -0.3125               0.0625                 -0.5     0
                -0.25               0.0625                 -0.5     0
              -0.0625                0.375                 -0.5     0
               -0.125                 0.25                 -0.5     0
              -0.0625                 0.25                 -0.5     0
              -0.0625               0.3125                 -0.5     0
               -0.125               0.3125                 -0.5     0
              -0.1875                 0.25                 -0.5     0
              -0.0625               0.0625                 -0.5     0
               -0.125                0.125                 -0.5     0
              -0.1875               0.0625                 -0.5     0
               -0.125               0.0625                 -0.5     0
              -0.0625                0.125                 -0.5     0
              -0.0625               0.1875                 -0.5     0
              -0.1875               0.1875                 -0.5     0
               -0.125               0.1875                 -0.5     0
              -0.1875                0.125                 -0.5     0
               -0.375                 -0.5               -0.375     0
                 -0.5                 -0.5               -0.375     0
              -0.4375                 -0.5              -0.4375     0
              -0.4375                 -0.5               -0.375     0
                 -0.5                 -0.5              -0.4375     0
                -0.25                 -0.5                -0.25     0
               -0.375                 -0.5                -0.25     0
              -0.3125                 -0.5                -0.25     0
               -0.375                 -0.5              -0.3125     0
              -0.3125                 -0.5              -0.3125     0
                 -0.5                 -0.5                -0.25     0
                 -0.5                 -0.5              -0.3125     0
              -0.4375                 -0.5              -0.3125     0
              -0.4375                 -0.5                -0.25     0
                    0                 -0.5                    0     0
               -0.125                 -0.5                    0     0
               -0.125                 -0.5               -0.125     0
              -0.0625                 -0.5                    0     0
               -0.125                 -0.5              -0.0625     0
              -0.0625                 -0.5              -0.0625     0
                -0.25                 -0.5                    0     0
                -0.25                 -0.5               -0.125     0
                -0.25                 -0.5              -0.0625     0
              -0.1875                 -0.5              -0.0625     0
              -0.1875                 -0.5                    0     0
              -0.1875                 -0.5              -0.1875     0
              -0.1875                 -0.5               -0.125     0
                -0.25                 -0.5              -0.1875     0
                 -0.5                 -0.5                    0     0
                 -0.5                 -0.5               -0.125     0
               -0.375                 -0.5                    0     0
                 -0.5                 -0.5              -0.0625     0
              -0.4375                 -0.5              -0.0625     0
              -0.4375                 -0.5                    0     0
               -0.375                 -0.5               -0.125     0
              -0.4375                 -0.5              -0.1875     0
              -0.4375                 -0.5               -0.125     0
                 -0.5                 -0.5              -0.1875     0
              -0.3125                 -0.5                    0     0
               -0.375                 -0.5              -0.0625     0
              -0.3125                 -0.5              -0.0625     0
              -0.3125                 -0.5              -0.1875     0
              -0.3125                 -0.5               -0.125     0
               -0.375                 -0.5              -0.1875     0
                  0.5                 -0.5                  0.5     0
                0.375                 -0.5                  0.5     0
                0.375                 -0.5                0.375     0
               0.4375                 -0.5                  0.5     0
                0.375                 -0.5               0.4375     0
               0.4375                 -0.5               0.4375     0
                 0.25                 -0.5                  0.5     0
                 0.25                 -0.5                0.375     0
                 0.25                 -0.5               0.4375     0
               0.3125                 -0.5               0.4375     0
               0.3125                 -0.5                  0.5     0
                 0.25                 -0.5                 0.25     0
               0.3125                 -0.5               0.3125     0
               0.3125                 -0.5                0.375     0
                 0.25                 -0.5               0.3125     0
                    0                 -0.5                  0.5     0
                    0                 -0.5                0.375     0
                0.125                 -0.5                  0.5     0
                    0                 -0.5               0.4375     0
               0.0625                 -0.5               0.4375     0
               0.0625                 -0.5                  0.5     0
                    0                 -0.5                 0.25     0
                0.125                 -0.5                0.375     0
               0.0625                 -0.5               0.3125     0
               0.0625                 -0.5                0.375     0
                    0                 -0.5               0.3125     0
               0.1875                 -0.5                  0.5     0
                0.125                 -0.5               0.4375     0
               0.1875                 -0.5               0.4375     0
                0.125                 -0.5                0.125     0
                    0                 -0.5                0.125     0
               0.0625                 -0.5               0.0625     0
               0.0625                 -0.5                0.125     0
                    0                 -0.5               0.0625     0
                0.125                 -0.5                 0.25     0
               0.1875                 -0.5                 0.25     0
                0.125                 -0.5               0.1875     0
               0.1875                 -0.5               0.1875     0
                    0                 -0.5               0.1875     0
               0.0625                 -0.5               0.1875     0
               0.0625                 -0.5                 0.25     0
               0.1875                 -0.5                0.375     0
                0.125                 -0.5               0.3125     0
               0.1875                 -0.5               0.3125     0
                 -0.5                 -0.5                  0.5     0
                 -0.5                 -0.5                0.375     0
               -0.375                 -0.5                  0.5     0
                 -0.5                 -0.5               0.4375     0
              -0.4375                 -0.5               0.4375     0
              -0.4375                 -0.5                  0.5     0
                 -0.5                 -0.5                 0.25     0
               -0.375                 -0.5                0.375     0
              -0.4375                 -0.5               0.3125     0
              -0.4375                 -0.5                0.375     0
                 -0.5                 -0.5               0.3125     0
                -0.25                 -0.5                  0.5     0
              -0.3125                 -0.5                  0.5     0
               -0.375                 -0.5               0.4375     0
              -0.3125                 -0.5               0.4375     0
               -0.375                 -0.5                0.125     0
                 -0.5                 -0.5                0.125     0
              -0.4375                 -0.5               0.0625     0
              -0.4375                 -0.5                0.125     0
                 -0.5                 -0.5               0.0625     0
                -0.25                 -0.5                 0.25     0
               -0.375                 -0.5                 0.25     0
              -0.3125                 -0.5                 0.25     0
               -0.375                 -0.5               0.1875     0
              -0.3125                 -0.5               0.1875     0
                 -0.5                 -0.5               0.1875     0
              -0.4375                 -0.5               0.1875     0
              -0.4375                 -0.5                 0.25     0
               -0.125                 -0.5                  0.5     0
               -0.125                 -0.5                0.375     0
              -0.0625                 -0.5                  0.5     0
               -0.125                 -0.5               0.4375     0
              -0.0625                 -0.5               0.4375     0
                -0.25                 -0.5                0.375     0
                -0.25                 -0.5               0.4375     0
              -0.1875                 -0.5               0.4375     0
              -0.1875                 -0.5                  0.5     0
              -0.1875                 -0.5               0.3125     0
              -0.1875                 -0.5                0.375     0
                -0.25                 -0.5               0.3125     0
               -0.375                 -0.5               0.3125     0
              -0.3125                 -0.5               0.3125     0
              -0.3125                 -0.5                0.375     0
              -0.0625                 -0.5               0.0625     0
               -0.125                 -0.5                0.125     0
              -0.0625                 -0.5               0.1875     0
              -0.0625                 -0.5                0.125     0
               -0.125                 -0.5               0.0625     0
              -0.1875                 -0.5               0.0625     0
              -0.0625                 -0.5                0.375     0
               -0.125                 -0.5                 0.25     0
              -0.1875                 -0.5                 0.25     0
               -0.125                 -0.5               0.3125     0
              -0.0625                 -0.5               0.3125     0
              -0.0625                 -0.5                 0.25     0
               -0.375                 -0.5               0.0625     0
                -0.25                 -0.5                0.125     0
                -0.25                 -0.5               0.0625     0
              -0.3125                 -0.5               0.0625     0
              -0.3125                 -0.5                0.125     0
                -0.25                 -0.5               0.1875     0
               -0.125                 -0.5               0.1875     0
              -0.1875                 -0.5               0.1875     0
              -0.1875                 -0.5                0.125     0
               -0.375                 -0.5              -0.4375     0
                -0.25                 -0.5               -0.375     0
                -0.25                 -0.5              -0.4375     0
              -0.3125                 -0.5              -0.4375     0
              -0.3125                 -0.5               -0.375     0
                -0.25                 -0.5              -0.3125     0
                    0                 -0.5               -0.375     0
                    0                 -0.5              -0.4375     0
              -0.0625                 -0.5              -0.4375     0
                    0                 -0.5                -0.25     0
               -0.125                 -0.5               -0.375     0
              -0.0625                 -0.5              -0.3125     0
              -0.0625                 -0.5               -0.375     0
                    0                 -0.5              -0.3125     0
               -0.125                 -0.5              -0.4375     0
              -0.1875                 -0.5              -0.4375     0
                    0                 -0.5               -0.125     0
              -0.0625                 -0.5               -0.125     0
                    0                 -0.5              -0.0625     0
               -0.125                 -0.5                -0.25     0
              -0.1875                 -0.5                -0.25     0
               -0.125                 -0.5              -0.1875     0
                    0                 -0.5              -0.1875     0
              -0.0625                 -0.5              -0.1875     0
              -0.0625                 -0.5                -0.25     0
              -0.1875                 -0.5               -0.375     0
               -0.125                 -0.5              -0.3125     0
              -0.1875                 -0.5              -0.3125     0
                  0.5                 -0.5               -0.375     0
                  0.5                 -0.5              -0.4375     0
               0.4375                 -0.5              -0.4375     0
                  0.5                 -0.5                -0.25     0
                0.375                 -0.5               -0.375     0
               0.4375                 -0.5              -0.3125     0
               0.4375                 -0.5               -0.375     0
                  0.5                 -0.5              -0.3125     0
                0.375                 -0.5              -0.4375     0
               0.3125                 -0.5              -0.4375     0
                  0.5                 -0.5                    0     0
                0.375                 -0.5               -0.125     0
                  0.5                 -0.5               -0.125     0
               0.4375                 -0.5              -0.0625     0
               0.4375                 -0.5               -0.125     0
                  0.5                 -0.5              -0.0625     0
                 0.25                 -0.5                -0.25     0
                0.375                 -0.5                -0.25     0
               0.3125                 -0.5                -0.25     0
                0.375                 -0.5              -0.1875     0
               0.3125                 -0.5              -0.1875     0
                  0.5                 -0.5              -0.1875     0
               0.4375                 -0.5              -0.1875     0
               0.4375                 -0.5                -0.25     0
                0.125                 -0.5               -0.375     0
                0.125                 -0.5              -0.4375     0
               0.0625                 -0.5              -0.4375     0
                 0.25                 -0.5               -0.375     0
                 0.25                 -0.5              -0.4375     0
               0.1875                 -0.5              -0.4375     0
               0.1875                 -0.5              -0.3125     0
               0.1875                 -0.5               -0.375     0
                 0.25                 -0.5              -0.3125     0
                0.375                 -0.5              -0.3125     0
               0.3125                 -0.5              -0.3125     0
               0.3125                 -0.5               -0.375     0
                  0.5                 -0.5                0.375     0
               0.4375                 -0.5                0.375     0
                  0.5                 -0.5               0.4375     0
                0.375                 -0.5                 0.25     0
               0.3125                 -0.5                 0.25     0
                0.375                 -0.5               0.3125     0
                  0.5                 -0.5                 0.25     0
                  0.5                 -0.5               0.3125     0
               0.4375                 -0.5               0.3125     0
               0.4375                 -0.5                 0.25     0
                0.125                 -0.5                    0     0
               0.0625                 -0.5                    0     0
                0.125                 -0.5               0.0625     0
                 0.25                 -0.5                    0     0
                 0.25                 -0.5                0.125     0
                 0.25                 -0.5               0.0625     0
               0.1875                 -0.5               0.0625     0
               0.1875                 -0.5                    0     0
               0.1875                 -0.5                0.125     0
                 0.25                 -0.5               0.1875     0
                  0.5                 -0.5                0.125     0
                0.375                 -0.5                    0     0
                  0.5                 -0.5               0.0625     0
               0.4375                 -0.5               0.0625     0
               0.4375                 -0.5                    0     0
                0.375                 -0.5                0.125     0
               0.4375                 -0.5               0.1875     0
               0.4375                 -0.5                0.125     0
                  0.5                 -0.5               0.1875     0
               0.3125                 -0.5                    0     0
                0.375                 -0.5               0.0625     0
               0.3125                 -0.5               0.0625     0
               0.3125                 -0.5               0.1875     0
               0.3125                 -0.5                0.125     0
                0.375                 -0.5               0.1875     0
               0.0625                 -0.5               -0.375     0
                0.125                 -0.5                -0.25     0
               0.1875                 -0.5                -0.25     0
                0.125                 -0.5              -0.3125     0
               0.0625                 -0.5              -0.3125     0
               0.0625                 -0.5                -0.25     0
                0.375                 -0.5              -0.0625     0
                 0.25                 -0.5               -0.125     0
                 0.25                 -0.5              -0.0625     0
               0.3125                 -0.5              -0.0625     0
               0.3125                 -0.5               -0.125     0
                 0.25                 -0.5              -0.1875     0
               0.0625                 -0.5              -0.0625     0
                0.125                 -0.5               -0.125     0
               0.0625                 -0.5              -0.1875     0
               0.0625                 -0.5               -0.125     0
                0.125                 -0.5              -0.0625     0
               0.1875                 -0.5              -0.0625     0
               0.1875                 -0.5              -0.1875     0
               0.1875                 -0.5               -0.125     0
                0.125                 -0.5              -0.1875     0
                  0.5              -0.4375              -0.4375     0
                  0.5               -0.375               -0.375     0
                  0.5              -0.3125              -0.4375     0
                  0.5               -0.375              -0.4375     0
                  0.5              -0.4375               -0.375     0
                  0.5              -0.4375              -0.3125     0
                  0.5               -0.125               -0.375     0
                  0.5              -0.0625              -0.4375     0
                  0.5               -0.125              -0.4375     0
                  0.5                -0.25                -0.25     0
                  0.5                -0.25               -0.375     0
                  0.5                -0.25              -0.3125     0
                  0.5              -0.1875               -0.375     0
                  0.5              -0.1875              -0.3125     0
                  0.5              -0.1875              -0.4375     0
                  0.5                -0.25              -0.4375     0
                  0.5               -0.375               -0.125     0
                  0.5              -0.4375               -0.125     0
                  0.5              -0.4375              -0.0625     0
                  0.5               -0.375                -0.25     0
                  0.5              -0.4375                -0.25     0
                  0.5              -0.4375              -0.1875     0
                  0.5              -0.3125              -0.1875     0
                  0.5               -0.375              -0.1875     0
                  0.5              -0.3125                -0.25     0
                  0.5              -0.3125               -0.375     0
                  0.5              -0.3125              -0.3125     0
                  0.5               -0.375              -0.3125     0
                  0.5                0.375               -0.375     0
                  0.5               0.4375              -0.4375     0
                  0.5                0.375              -0.4375     0
                  0.5                 0.25                -0.25     0
                  0.5                 0.25               -0.375     0
                  0.5                 0.25              -0.3125     0
                  0.5               0.3125               -0.375     0
                  0.5               0.3125              -0.3125     0
                  0.5               0.3125              -0.4375     0
                  0.5                 0.25              -0.4375     0
                  0.5                    0                    0     0
                  0.5                    0               -0.125     0
                  0.5                0.125               -0.125     0
                  0.5                    0              -0.0625     0
                  0.5               0.0625               -0.125     0
                  0.5               0.0625              -0.0625     0
                  0.5                    0                -0.25     0
                  0.5                0.125                -0.25     0
                  0.5               0.0625                -0.25     0
                  0.5               0.0625              -0.1875     0
                  0.5                    0              -0.1875     0
                  0.5               0.1875              -0.1875     0
                  0.5                0.125              -0.1875     0
                  0.5               0.1875                -0.25     0
                  0.5                    0               -0.375     0
                  0.5               0.0625              -0.4375     0
                  0.5                    0              -0.4375     0
                  0.5                0.125               -0.375     0
                  0.5               0.1875              -0.4375     0
                  0.5                0.125              -0.4375     0
                  0.5                    0              -0.3125     0
                  0.5               0.0625               -0.375     0
                  0.5               0.0625              -0.3125     0
                  0.5               0.1875              -0.3125     0
                  0.5                0.125              -0.3125     0
                  0.5               0.1875               -0.375     0
                  0.5               -0.375                0.375     0
                  0.5              -0.4375                0.375     0
                  0.5              -0.4375               0.4375     0
                  0.5               -0.375                 0.25     0
                  0.5              -0.4375                 0.25     0
                  0.5              -0.4375               0.3125     0
                  0.5                -0.25                 0.25     0
                  0.5              -0.3125               0.3125     0
                  0.5               -0.375               0.3125     0
                  0.5              -0.3125                 0.25     0
                  0.5               -0.375                    0     0
                  0.5              -0.4375                    0     0
                  0.5              -0.4375               0.0625     0
                  0.5                -0.25                    0     0
                  0.5               -0.375                0.125     0
                  0.5              -0.3125               0.0625     0
                  0.5               -0.375               0.0625     0
                  0.5              -0.3125                    0     0
                  0.5              -0.4375                0.125     0
                  0.5              -0.4375               0.1875     0
                  0.5               -0.125                0.125     0
                  0.5               -0.125                    0     0
                  0.5              -0.0625               0.0625     0
                  0.5               -0.125               0.0625     0
                  0.5              -0.0625                    0     0
                  0.5                -0.25                0.125     0
                  0.5                -0.25               0.1875     0
                  0.5              -0.1875                0.125     0
                  0.5              -0.1875               0.1875     0
                  0.5              -0.1875                    0     0
                  0.5              -0.1875               0.0625     0
                  0.5                -0.25               0.0625     0
                  0.5               -0.375               0.1875     0
                  0.5              -0.3125                0.125     0
                  0.5              -0.3125               0.1875     0
                  0.5              -0.0625               -0.375     0
                  0.5               -0.125                -0.25     0
                  0.5              -0.0625                -0.25     0
                  0.5              -0.0625              -0.3125     0
                  0.5               -0.125              -0.3125     0
                  0.5              -0.1875                -0.25     0
                  0.5              -0.0625              -0.0625     0
                  0.5               -0.125               -0.125     0
                  0.5              -0.1875              -0.0625     0
                  0.5               -0.125              -0.0625     0
                  0.5              -0.0625               -0.125     0
                  0.5              -0.0625              -0.1875     0
                  0.5               -0.375              -0.0625     0
                  0.5                -0.25               -0.125     0
                  0.5                -0.25              -0.1875     0
                  0.5              -0.3125               -0.125     0
                  0.5              -0.3125              -0.0625     0
                  0.5                -0.25              -0.0625     0
                  0.5               -0.125              -0.1875     0
                  0.5              -0.1875               -0.125     0
                  0.5              -0.1875              -0.1875     0
                  0.5                  0.5               -0.375     0
                  0.5                  0.5              -0.4375     0
                  0.5               0.4375               -0.375     0
                  0.5                  0.5                -0.25     0
                  0.5                0.375                -0.25     0
                  0.5               0.4375                -0.25     0
                  0.5               0.4375              -0.3125     0
                  0.5                  0.5              -0.3125     0
                  0.5                0.375              -0.3125     0
                  0.5               0.3125                -0.25     0
                  0.5                  0.5                    0     0
                  0.5                0.375                    0     0
                  0.5                  0.5               -0.125     0
                  0.5               0.4375                    0     0
                  0.5               0.4375              -0.0625     0
                  0.5                  0.5              -0.0625     0
                  0.5                 0.25                    0     0
                  0.5                0.375               -0.125     0
                  0.5               0.3125              -0.0625     0
                  0.5                0.375              -0.0625     0
                  0.5               0.3125                    0     0
                  0.5                  0.5              -0.1875     0
                  0.5               0.4375               -0.125     0
                  0.5               0.4375              -0.1875     0
                  0.5                0.125                    0     0
                  0.5                0.125              -0.0625     0
                  0.5               0.0625                    0     0
                  0.5                 0.25               -0.125     0
                  0.5                 0.25              -0.1875     0
                  0.5               0.1875               -0.125     0
                  0.5               0.1875                    0     0
                  0.5               0.1875              -0.0625     0
                  0.5                 0.25              -0.0625     0
                  0.5                0.375              -0.1875     0
                  0.5               0.3125               -0.125     0
                  0.5               0.3125              -0.1875     0
                  0.5                  0.5                  0.5     0
                  0.5                0.375                  0.5     0
                  0.5                  0.5                0.375     0
                  0.5               0.4375                  0.5     0
                  0.5               0.4375               0.4375     0
                  0.5                  0.5               0.4375     0
                  0.5                 0.25                  0.5     0
                  0.5                0.375                0.375     0
                  0.5               0.3125               0.4375     0
                  0.5                0.375               0.4375     0
                  0.5               0.3125                  0.5     0
                  0.5                  0.5                 0.25     0
                  0.5                  0.5               0.3125     0
                  0.5               0.4375                0.375     0
                  0.5               0.4375               0.3125     0
                  0.5                    0                  0.5     0
                  0.5                0.125                0.375     0
                  0.5                0.125                  0.5     0
                  0.5               0.0625               0.4375     0
                  0.5                0.125               0.4375     0
                  0.5               0.0625                  0.5     0
                  0.5                 0.25                 0.25     0
                  0.5                 0.25                0.375     0
                  0.5                 0.25               0.3125     0
                  0.5               0.1875                0.375     0
                  0.5               0.1875               0.3125     0
                  0.5               0.1875                  0.5     0
                  0.5               0.1875               0.4375     0
                  0.5                 0.25               0.4375     0
                  0.5                  0.5                0.125     0
                  0.5                0.375                0.125     0
                  0.5                  0.5               0.0625     0
                  0.5               0.4375                0.125     0
                  0.5               0.4375               0.0625     0
                  0.5                0.375                 0.25     0
                  0.5               0.4375                 0.25     0
                  0.5               0.4375               0.1875     0
                  0.5                  0.5               0.1875     0
                  0.5               0.3125               0.1875     0
                  0.5                0.375               0.1875     0
                  0.5               0.3125                 0.25     0
                  0.5               0.3125                0.375     0
                  0.5               0.3125               0.3125     0
                  0.5                0.375               0.3125     0
                  0.5               -0.375                  0.5     0
                  0.5               -0.375               0.4375     0
                  0.5              -0.4375                  0.5     0
                  0.5                -0.25                0.375     0
                  0.5                -0.25               0.3125     0
                  0.5              -0.3125                0.375     0
                  0.5                -0.25                  0.5     0
                  0.5              -0.3125                  0.5     0
                  0.5              -0.3125               0.4375     0
                  0.5                -0.25               0.4375     0
                  0.5                    0                0.125     0
                  0.5                    0               0.0625     0
                  0.5              -0.0625                0.125     0
                  0.5                    0                 0.25     0
                  0.5               -0.125                 0.25     0
                  0.5              -0.0625                 0.25     0
                  0.5              -0.0625               0.1875     0
                  0.5                    0               0.1875     0
                  0.5               -0.125               0.1875     0
                  0.5              -0.1875                 0.25     0
                  0.5               -0.125                  0.5     0
                  0.5                    0                0.375     0
                  0.5              -0.0625                  0.5     0
                  0.5              -0.0625               0.4375     0
                  0.5                    0               0.4375     0
                  0.5               -0.125                0.375     0
                  0.5              -0.1875               0.4375     0
                  0.5               -0.125               0.4375     0
                  0.5              -0.1875                  0.5     0
                  0.5                    0               0.3125     0
                  0.5              -0.0625                0.375     0
                  0.5              -0.0625               0.3125     0
                  0.5              -0.1875               0.3125     0
                  0.5               -0.125               0.3125     0
                  0.5              -0.1875                0.375     0
                  0.5                0.375               0.0625     0
                  0.5                 0.25                0.125     0
                  0.5                 0.25               0.1875     0
                  0.5               0.3125                0.125     0
                  0.5               0.3125               0.0625     0
                  0.5                 0.25               0.0625     0
                  0.5               0.0625                0.375     0
                  0.5                0.125                 0.25     0
                  0.5               0.0625                 0.25     0
                  0.5               0.0625               0.3125     0
                  0.5                0.125               0.3125     0
                  0.5               0.1875                 0.25     0
                  0.5               0.0625               0.0625     0
                  0.5                0.125                0.125     0
                  0.5               0.1875               0.0625     0
                  0.5                0.125               0.0625     0
                  0.5               0.0625                0.125     0
                  0.5               0.0625               0.1875     0
                  0.5               0.1875               0.1875     0
                  0.5                0.125               0.1875     0
                  0.5               0.1875                0.125     0
               0.4375                  0.5              -0.4375     0
                0.375                  0.5               -0.375     0
               0.3125                  0.5              -0.4375     0
                0.375                  0.5              -0.4375     0
               0.4375                  0.5               -0.375     0
               0.4375                  0.5              -0.3125     0
                0.125                  0.5               -0.375     0
               0.0625                  0.5              -0.4375     0
                0.125                  0.5              -0.4375     0
                 0.25                  0.5                -0.25     0
                 0.25                  0.5               -0.375     0
                 0.25                  0.5              -0.3125     0
               0.1875                  0.5               -0.375     0
               0.1875                  0.5              -0.3125     0
               0.1875                  0.5              -0.4375     0
                 0.25                  0.5              -0.4375     0
                0.375                  0.5               -0.125     0
               0.4375                  0.5               -0.125     0
               0.4375                  0.5              -0.0625     0
                0.375                  0.5                -0.25     0
               0.4375                  0.5                -0.25     0
               0.4375                  0.5              -0.1875     0
               0.3125                  0.5              -0.1875     0
                0.375                  0.5              -0.1875     0
               0.3125                  0.5                -0.25     0
               0.3125                  0.5               -0.375     0
               0.3125                  0.5              -0.3125     0
                0.375                  0.5              -0.3125     0
               -0.375                  0.5               -0.375     0
              -0.4375                  0.5              -0.4375     0
               -0.375                  0.5              -0.4375     0
                -0.25                  0.5                -0.25     0
                -0.25                  0.5               -0.375     0
                -0.25                  0.5              -0.3125     0
              -0.3125                  0.5               -0.375     0
              -0.3125                  0.5              -0.3125     0
              -0.3125                  0.5              -0.4375     0
                -0.25                  0.5              -0.4375     0
                    0                  0.5                    0     0
                    0                  0.5               -0.125     0
               -0.125                  0.5               -0.125     0
                    0                  0.5              -0.0625     0
              -0.0625                  0.5               -0.125     0
              -0.0625                  0.5              -0.0625     0
                    0                  0.5                -0.25     0
               -0.125                  0.5                -0.25     0
              -0.0625                  0.5                -0.25     0
              -0.0625                  0.5              -0.1875     0
                    0                  0.5              -0.1875     0
              -0.1875                  0.5              -0.1875     0
               -0.125                  0.5              -0.1875     0
              -0.1875                  0.5                -0.25     0
                    0                  0.5               -0.375     0
              -0.0625                  0.5              -0.4375     0
                    0                  0.5              -0.4375     0
               -0.125                  0.5               -0.375     0
              -0.1875                  0.5              -0.4375     0
               -0.125                  0.5              -0.4375     0
                    0                  0.5              -0.3125     0
              -0.0625                  0.5               -0.375     0
              -0.0625                  0.5              -0.3125     0
              -0.1875                  0.5              -0.3125     0
               -0.125                  0.5              -0.3125     0
              -0.1875                  0.5               -0.375     0
                0.375                  0.5                0.375     0
               0.4375                  0.5                0.375     0
               0.4375                  0.5               0.4375     0
                0.375                  0.5                 0.25     0
               0.4375                  0.5                 0.25     0
               0.4375                  0.5               0.3125     0
                 0.25                  0.5                 0.25     0
               0.3125                  0.5               0.3125     0
                0.375                  0.5               0.3125     0
               0.3125                  0.5                 0.25     0
                0.375                  0.5                    0     0
               0.4375                  0.5                    0     0
               0.4375                  0.5               0.0625     0
                 0.25                  0.5                    0     0
                0.375                  0.5                0.125     0
               0.3125                  0.5               0.0625     0
                0.375                  0.5               0.0625     0
               0.3125                  0.5                    0     0
               0.4375                  0.5                0.125     0
               0.4375                  0.5               0.1875     0
                0.125                  0.5                0.125     0
                0.125                  0.5                    0     0
               0.0625                  0.5               0.0625     0
                0.125                  0.5               0.0625     0
               0.0625                  0.5                    0     0
                 0.25                  0.5                0.125     0
                 0.25                  0.5               0.1875     0
               0.1875                  0.5                0.125     0
               0.1875                  0.5               0.1875     0
               0.1875                  0.5                    0     0
               0.1875                  0.5               0.0625     0
                 0.25                  0.5               0.0625     0
                0.375                  0.5               0.1875     0
               0.3125                  0.5                0.125     0
               0.3125                  0.5               0.1875     0
               0.0625                  0.5               -0.375     0
                0.125                  0.5                -0.25     0
               0.0625                  0.5                -0.25     0
               0.0625                  0.5              -0.3125     0
                0.125                  0.5              -0.3125     0
               0.1875                  0.5                -0.25     0
               0.0625                  0.5              -0.0625     0
                0.125                  0.5               -0.125     0
               0.1875                  0.5              -0.0625     0
                0.125                  0.5              -0.0625     0
               0.0625                  0.5               -0.125     0
               0.0625                  0.5              -0.1875     0
                0.375                  0.5              -0.0625     0
                 0.25                  0.5               -0.125     0
                 0.25                  0.5              -0.1875     0
               0.3125                  0.5               -0.125     0
               0.3125                  0.5              -0.0625     0
                 0.25                  0.5              -0.0625     0
                0.125                  0.5              -0.1875     0
               0.1875                  0.5               -0.125     0
               0.1875                  0.5              -0.1875     0
                 -0.5                  0.5               -0.375     0
                 -0.5                  0.5              -0.4375     0
              -0.4375                  0.5               -0.375     0
                 -0.5                  0.5                -0.25     0
               -0.375                  0.5                -0.25     0
              -0.4375                  0.5                -0.25     0
              -0.4375                  0.5              -0.3125     0
                 -0.5                  0.5              -0.3125     0
               -0.375                  0.5              -0.3125     0
              -0.3125                  0.5                -0.25     0
                 -0.5                  0.5                    0     0
               -0.375                  0.5                    0     0
                 -0.5                  0.5               -0.125     0
              -0.4375                  0.5                    0     0
              -0.4375                  0.5              -0.0625     0
                 -0.5                  0.5              -0.0625     0
                -0.25                  0.5                    0     0
               -0.375                  0.5               -0.125     0
              -0.3125                  0.5              -0.0625     0
               -0.375                  0.5              -0.0625     0
              -0.3125                  0.5                    0     0
                 -0.5                  0.5              -0.1875     0
              -0.4375                  0.5               -0.125     0
              -0.4375                  0.5              -0.1875     0
               -0.125                  0.5                    0     0
               -0.125                  0.5              -0.0625     0
              -0.0625                  0.5                    0     0
                -0.25                  0.5               -0.125     0
                -0.25                  0.5              -0.1875     0
              -0.1875                  0.5               -0.125     0
              -0.1875                  0.5                    0     0
              -0.1875                  0.5              -0.0625     0
                -0.25                  0.5              -0.0625     0
               -0.375                  0.5              -0.1875     0
              -0.3125                  0.5               -0.125     0
              -0.3125                  0.5              -0.1875     0
                 -0.5                  0.5                  0.5     0
               -0.375                  0.5                  0.5     0
                 -0.5                  0.5                0.375     0
              -0.4375                  0.5                  0.5     0
              -0.4375                  0.5               0.4375     0
                 -0.5                  0.5               0.4375     0
                -0.25                  0.5                  0.5     0
               -0.375                  0.5                0.375     0
              -0.3125                  0.5               0.4375     0
               -0.375                  0.5               0.4375     0
              -0.3125                  0.5                  0.5     0
                 -0.5                  0.5                 0.25     0
                 -0.5                  0.5               0.3125     0
              -0.4375                  0.5                0.375     0
              -0.4375                  0.5               0.3125     0
                    0                  0.5                  0.5     0
               -0.125                  0.5                0.375     0
               -0.125                  0.5                  0.5     0
              -0.0625                  0.5               0.4375     0
               -0.125                  0.5               0.4375     0
              -0.0625                  0.5                  0.5     0
                -0.25                  0.5                 0.25     0
                -0.25                  0.5                0.375     0
                -0.25                  0.5               0.3125     0
              -0.1875                  0.5                0.375     0
              -0.1875                  0.5               0.3125     0
              -0.1875                  0.5                  0.5     0
              -0.1875                  0.5               0.4375     0
                -0.25                  0.5               0.4375     0
                 -0.5                  0.5                0.125     0
               -0.375                  0.5                0.125     0
                 -0.5                  0.5               0.0625     0
              -0.4375                  0.5                0.125     0
              -0.4375                  0.5               0.0625     0
               -0.375                  0.5                 0.25     0
              -0.4375                  0.5                 0.25     0
              -0.4375                  0.5               0.1875     0
                 -0.5                  0.5               0.1875     0
              -0.3125                  0.5               0.1875     0
               -0.375                  0.5               0.1875     0
              -0.3125                  0.5                 0.25     0
              -0.3125                  0.5                0.375     0
              -0.3125                  0.5               0.3125     0
               -0.375                  0.5               0.3125     0
                0.375                  0.5                  0.5     0
                0.375                  0.5               0.4375     0
               0.4375                  0.5                  0.5     0
                 0.25                  0.5                0.375     0
                 0.25                  0.5               0.3125     0
               0.3125                  0.5                0.375     0
                 0.25                  0.5                  0.5     0
               0.3125                  0.5                  0.5     0
               0.3125                  0.5               0.4375     0
                 0.25                  0.5               0.4375     0
                    0                  0.5                0.125     0
                    0                  0.5               0.0625     0
               0.0625                  0.5                0.125     0
                    0                  0.5                 0.25     0
                0.125                  0.5                 0.25     0
               0.0625                  0.5                 0.25     0
               0.0625                  0.5               0.1875     0
                    0                  0.5               0.1875     0
                0.125                  0.5               0.1875     0
               0.1875                  0.5                 0.25     0
                0.125                  0.5                  0.5     0
                    0                  0.5                0.375     0
               0.0625                  0.5                  0.5     0
               0.0625                  0.5               0.4375     0
                    0                  0.5               0.4375     0
                0.125                  0.5                0.375     0
               0.1875                  0.5               0.4375     0
                0.125                  0.5               0.4375     0
               0.1875                  0.5                  0.5     0
                    0                  0.5               0.3125     0
               0.0625                  0.5                0.375     0
               0.0625                  0.5               0.3125     0
               0.1875                  0.5               0.3125     0
                0.125                  0.5               0.3125     0
               0.1875                  0.5                0.375     0
               -0.375                  0.5               0.0625     0
                -0.25                  0.5                0.125     0
                -0.25                  0.5               0.1875     0
              -0.3125                  0.5                0.125     0
              -0.3125                  0.5               0.0625     0
                -0.25                  0.5               0.0625     0
              -0.0625                  0.5                0.375     0
               -0.125                  0.5                 0.25     0
              -0.0625                  0.5                 0.25     0
              -0.0625                  0.5               0.3125     0
               -0.125                  0.5               0.3125     0
              -0.1875                  0.5                 0.25     0
              -0.0625                  0.5               0.0625     0
               -0.125                  0.5                0.125     0
              -0.1875                  0.5               0.0625     0
               -0.125                  0.5               0.0625     0
              -0.0625                  0.5                0.125     0
              -0.0625                  0.5               0.1875     0
              -0.1875                  0.5               0.1875     0
               -0.125                  0.5               0.1875     0
              -0.1875                  0.5                0.125     0
                 -0.5                0.375               -0.375     0
                 -0.5               0.4375              -0.4375     0
                 -0.5               0.4375               -0.375     0
                 -0.5                 0.25                -0.25     0
                 -0.5                0.375                -0.25     0
                 -0.5               0.3125                -0.25     0
                 -0.5                0.375              -0.3125     0
                 -0.5               0.3125              -0.3125     0
                 -0.5               0.4375              -0.3125     0
                 -0.5               0.4375                -0.25     0
                 -0.5                    0                    0     0
                 -0.5                0.125                    0     0
                 -0.5                0.125               -0.125     0
                 -0.5               0.0625                    0     0
                 -0.5                0.125              -0.0625     0
                 -0.5               0.0625              -0.0625     0
                 -0.5                 0.25                    0     0
                 -0.5                 0.25               -0.125     0
                 -0.5                 0.25              -0.0625     0
                 -0.5               0.1875              -0.0625     0
                 -0.5               0.1875                    0     0
                 -0.5               0.1875              -0.1875     0
                 -0.5               0.1875               -0.125     0
                 -0.5                 0.25              -0.1875     0
                 -0.5                0.375                    0     0
                 -0.5               0.4375              -0.0625     0
                 -0.5               0.4375                    0     0
                 -0.5                0.375               -0.125     0
                 -0.5               0.4375              -0.1875     0
                 -0.5               0.4375               -0.125     0
                 -0.5               0.3125                    0     0
                 -0.5                0.375              -0.0625     0
                 -0.5               0.3125              -0.0625     0
                 -0.5               0.3125              -0.1875     0
                 -0.5               0.3125               -0.125     0
                 -0.5                0.375              -0.1875     0
                 -0.5               -0.375                  0.5     0
                 -0.5               -0.375                0.375     0
                 -0.5              -0.4375                  0.5     0
                 -0.5               -0.375               0.4375     0
                 -0.5              -0.4375               0.4375     0
                 -0.5                -0.25                  0.5     0
                 -0.5                -0.25                0.375     0
                 -0.5                -0.25               0.4375     0
                 -0.5              -0.3125               0.4375     0
                 -0.5              -0.3125                  0.5     0
                 -0.5                -0.25                 0.25     0
                 -0.5              -0.3125               0.3125     0
                 -0.5              -0.3125                0.375     0
                 -0.5                -0.25               0.3125     0
                 -0.5                    0                  0.5     0
                 -0.5                    0                0.375     0
                 -0.5               -0.125                  0.5     0
                 -0.5                    0               0.4375     0
                 -0.5              -0.0625               0.4375     0
                 -0.5              -0.0625                  0.5     0
                 -0.5                    0                 0.25     0
                 -0.5               -0.125                0.375     0
                 -0.5              -0.0625               0.3125     0
                 -0.5              -0.0625                0.375     0
                 -0.5                    0               0.3125     0
                 -0.5              -0.1875                  0.5     0
                 -0.5               -0.125               0.4375     0
                 -0.5              -0.1875               0.4375     0
                 -0.5               -0.125                0.125     0
                 -0.5                    0                0.125     0
                 -0.5              -0.0625               0.0625     0
                 -0.5              -0.0625                0.125     0
                 -0.5                    0               0.0625     0
                 -0.5               -0.125                 0.25     0
                 -0.5              -0.1875                 0.25     0
                 -0.5               -0.125               0.1875     0
                 -0.5              -0.1875               0.1875     0
                 -0.5                    0               0.1875     0
                 -0.5              -0.0625               0.1875     0
                 -0.5              -0.0625                 0.25     0
                 -0.5              -0.1875                0.375     0
                 -0.5               -0.125               0.3125     0
                 -0.5              -0.1875               0.3125     0
                 -0.5                0.375                  0.5     0
                 -0.5               0.4375               0.4375     0
                 -0.5               0.4375                  0.5     0
                 -0.5                0.375                0.375     0
                 -0.5               0.4375               0.3125     0
                 -0.5               0.4375                0.375     0
                 -0.5                 0.25                  0.5     0
                 -0.5               0.3125                  0.5     0
                 -0.5                0.375               0.4375     0
                 -0.5               0.3125               0.4375     0
                 -0.5                0.375                0.125     0
                 -0.5               0.4375               0.0625     0
                 -0.5               0.4375                0.125     0
                 -0.5                 0.25                 0.25     0
                 -0.5                0.375                 0.25     0
                 -0.5               0.3125                 0.25     0
                 -0.5                0.375               0.1875     0
                 -0.5               0.3125               0.1875     0
                 -0.5               0.4375               0.1875     0
                 -0.5               0.4375                 0.25     0
                 -0.5                0.125                  0.5     0
                 -0.5                0.125                0.375     0
                 -0.5               0.0625                  0.5     0
                 -0.5                0.125               0.4375     0
                 -0.5               0.0625               0.4375     0
                 -0.5                 0.25                0.375     0
                 -0.5                 0.25               0.4375     0
                 -0.5               0.1875               0.4375     0
                 -0.5               0.1875                  0.5     0
                 -0.5               0.1875               0.3125     0
                 -0.5               0.1875                0.375     0
                 -0.5                 0.25               0.3125     0
                 -0.5                0.375               0.3125     0
                 -0.5               0.3125               0.3125     0
                 -0.5               0.3125                0.375     0
                 -0.5               0.0625               0.0625     0
                 -0.5                0.125                0.125     0
                 -0.5               0.0625               0.1875     0
                 -0.5               0.0625                0.125     0
                 -0.5                0.125               0.0625     0
                 -0.5               0.1875               0.0625     0
                 -0.5               0.0625                0.375     0
                 -0.5                0.125                 0.25     0
                 -0.5               0.1875                 0.25     0
                 -0.5                0.125               0.3125     0
                 -0.5               0.0625               0.3125     0
                 -0.5               0.0625                 0.25     0
                 -0.5                0.375               0.0625     0
                 -0.5                 0.25                0.125     0
                 -0.5                 0.25               0.0625     0
                 -0.5               0.3125               0.0625     0
                 -0.5               0.3125                0.125     0
                 -0.5                 0.25               0.1875     0
                 -0.5                0.125               0.1875     0
                 -0.5               0.1875               0.1875     0
                 -0.5               0.1875                0.125     0
                 -0.5                0.375              -0.4375     0
                 -0.5                 0.25               -0.375     0
                 -0.5                 0.25              -0.4375     0
                 -0.5               0.3125              -0.4375     0
                 -0.5               0.3125               -0.375     0
                 -0.5                 0.25              -0.3125     0
                 -0.5                    0               -0.375     0
                 -0.5                    0              -0.4375     0
                 -0.5               0.0625              -0.4375     0
                 -0.5                    0                -0.25     0
                 -0.5                0.125               -0.375     0
                 -0.5               0.0625              -0.3125     0
                 -0.5               0.0625               -0.375     0
                 -0.5                    0              -0.3125     0
                 -0.5                0.125              -0.4375     0
                 -0.5               0.1875              -0.4375     0
                 -0.5                    0               -0.125     0
                 -0.5               0.0625               -0.125     0
                 -0.5                    0              -0.0625     0
                 -0.5                0.125                -0.25     0
                 -0.5               0.1875                -0.25     0
                 -0.5                0.125              -0.1875     0
                 -0.5                    0              -0.1875     0
                 -0.5               0.0625              -0.1875     0
                 -0.5               0.0625                -0.25     0
                 -0.5               0.1875               -0.375     0
                 -0.5                0.125              -0.3125     0
                 -0.5               0.1875              -0.3125     0
                 -0.5              -0.4375              -0.4375     0
                 -0.5               -0.375               -0.375     0
                 -0.5              -0.4375              -0.3125     0
                 -0.5              -0.4375               -0.375     0
                 -0.5               -0.375              -0.4375     0
                 -0.5              -0.3125              -0.4375     0
                 -0.5               -0.375               -0.125     0
                 -0.5              -0.4375              -0.0625     0
                 -0.5              -0.4375               -0.125     0
                 -0.5                -0.25                -0.25     0
                 -0.5               -0.375                -0.25     0
                 -0.5              -0.3125                -0.25     0
                 -0.5               -0.375              -0.1875     0
                 -0.5              -0.3125              -0.1875     0
                 -0.5              -0.4375              -0.1875     0
                 -0.5              -0.4375                -0.25     0
                 -0.5               -0.125               -0.375     0
                 -0.5               -0.125              -0.4375     0
                 -0.5              -0.0625              -0.4375     0
                 -0.5                -0.25               -0.375     0
                 -0.5                -0.25              -0.4375     0
                 -0.5              -0.1875              -0.4375     0
                 -0.5              -0.1875              -0.3125     0
                 -0.5              -0.1875               -0.375     0
                 -0.5                -0.25              -0.3125     0
                 -0.5               -0.375              -0.3125     0
                 -0.5              -0.3125              -0.3125     0
                 -0.5              -0.3125               -0.375     0
                 -0.5              -0.4375                0.375     0
                 -0.5               -0.375                 0.25     0
                 -0.5              -0.3125                 0.25     0
                 -0.5               -0.375               0.3125     0
                 -0.5              -0.4375               0.3125     0
                 -0.5              -0.4375                 0.25     0
                 -0.5               -0.125                    0     0
                 -0.5              -0.0625                    0     0
                 -0.5               -0.125               0.0625     0
                 -0.5                -0.25                    0     0
                 -0.5                -0.25                0.125     0
                 -0.5                -0.25               0.0625     0
                 -0.5              -0.1875               0.0625     0
                 -0.5              -0.1875                    0     0
                 -0.5              -0.1875                0.125     0
                 -0.5                -0.25               0.1875     0
                 -0.5               -0.375                    0     0
                 -0.5              -0.4375               0.0625     0
                 -0.5              -0.4375                    0     0
                 -0.5               -0.375                0.125     0
                 -0.5              -0.4375               0.1875     0
                 -0.5              -0.4375                0.125     0
                 -0.5              -0.3125                    0     0
                 -0.5               -0.375               0.0625     0
                 -0.5              -0.3125               0.0625     0
                 -0.5              -0.3125               0.1875     0
                 -0.5              -0.3125                0.125     0
                 -0.5               -0.375               0.1875     0
                 -0.5              -0.0625               -0.375     0
                 -0.5               -0.125                -0.25     0
                 -0.5              -0.1875                -0.25     0
                 -0.5               -0.125              -0.3125     0
                 -0.5              -0.0625              -0.3125     0
                 -0.5              -0.0625                -0.25     0
                 -0.5               -0.375              -0.0625     0
                 -0.5                -0.25               -0.125     0
                 -0.5                -0.25              -0.0625     0
                 -0.5              -0.3125              -0.0625     0
                 -0.5              -0.3125               -0.125     0
                 -0.5                -0.25              -0.1875     0
                 -0.5              -0.0625              -0.0625     0
                 -0.5               -0.125               -0.125     0
                 -0.5              -0.0625              -0.1875     0
                 -0.5              -0.0625               -0.125     0
                 -0.5               -0.125              -0.0625     0
                 -0.5              -0.1875              -0.0625     0
                 -0.5              -0.1875              -0.1875     0
                 -0.5              -0.1875               -0.125     0
                 -0.5               -0.125              -0.1875     0
               -0.375               -0.375                  0.5     0
              -0.4375              -0.4375                  0.5     0
              -0.4375               -0.375                  0.5     0
                -0.25                -0.25                  0.5     0
               -0.375                -0.25                  0.5     0
              -0.3125                -0.25                  0.5     0
               -0.375              -0.3125                  0.5     0
              -0.3125              -0.3125                  0.5     0
              -0.4375              -0.3125                  0.5     0
              -0.4375                -0.25                  0.5     0
                    0                    0                  0.5     0
               -0.125                    0                  0.5     0
               -0.125               -0.125                  0.5     0
              -0.0625                    0                  0.5     0
               -0.125              -0.0625                  0.5     0
              -0.0625              -0.0625                  0.5     0
                -0.25                    0                  0.5     0
                -0.25               -0.125                  0.5     0
                -0.25              -0.0625                  0.5     0
              -0.1875              -0.0625                  0.5     0
              -0.1875                    0                  0.5     0
              -0.1875              -0.1875                  0.5     0
              -0.1875               -0.125                  0.5     0
                -0.25              -0.1875                  0.5     0
               -0.375                    0                  0.5     0
              -0.4375              -0.0625                  0.5     0
              -0.4375                    0                  0.5     0
               -0.375               -0.125                  0.5     0
              -0.4375              -0.1875                  0.5     0
              -0.4375               -0.125                  0.5     0
              -0.3125                    0                  0.5     0
               -0.375              -0.0625                  0.5     0
              -0.3125              -0.0625                  0.5     0
              -0.3125              -0.1875                  0.5     0
              -0.3125               -0.125                  0.5     0
               -0.375              -0.1875                  0.5     0
                0.375                0.375                  0.5     0
                0.375               0.4375                  0.5     0
               0.4375               0.4375                  0.5     0
                 0.25                0.375                  0.5     0
                 0.25               0.4375                  0.5     0
               0.3125               0.4375                  0.5     0
                 0.25                 0.25                  0.5     0
               0.3125               0.3125                  0.5     0
               0.3125                0.375                  0.5     0
                 0.25               0.3125                  0.5     0
                    0                0.375                  0.5     0
                    0               0.4375                  0.5     0
               0.0625               0.4375                  0.5     0
                    0                 0.25                  0.5     0
                0.125                0.375                  0.5     0
               0.0625               0.3125                  0.5     0
               0.0625                0.375                  0.5     0
                    0               0.3125                  0.5     0
                0.125               0.4375                  0.5     0
               0.1875               0.4375                  0.5     0
                0.125                0.125                  0.5     0
                    0                0.125                  0.5     0
               0.0625               0.0625                  0.5     0
               0.0625                0.125                  0.5     0
                    0               0.0625                  0.5     0
                0.125                 0.25                  0.5     0
               0.1875                 0.25                  0.5     0
                0.125               0.1875                  0.5     0
               0.1875               0.1875                  0.5     0
                    0               0.1875                  0.5     0
               0.0625               0.1875                  0.5     0
               0.0625                 0.25                  0.5     0
               0.1875                0.375                  0.5     0
                0.125               0.3125                  0.5     0
               0.1875               0.3125                  0.5     0
              -0.4375               0.4375                  0.5     0
               -0.375                0.375                  0.5     0
              -0.4375               0.3125                  0.5     0
              -0.4375                0.375                  0.5     0
               -0.375               0.4375                  0.5     0
              -0.3125               0.4375                  0.5     0
               -0.375                0.125                  0.5     0
              -0.4375               0.0625                  0.5     0
              -0.4375                0.125                  0.5     0
                -0.25                 0.25                  0.5     0
               -0.375                 0.25                  0.5     0
              -0.3125                 0.25                  0.5     0
               -0.375               0.1875                  0.5     0
              -0.3125               0.1875                  0.5     0
              -0.4375               0.1875                  0.5     0
              -0.4375                 0.25                  0.5     0
               -0.125                0.375                  0.5     0
               -0.125               0.4375                  0.5     0
              -0.0625               0.4375                  0.5     0
                -0.25                0.375                  0.5     0
                -0.25               0.4375                  0.5     0
              -0.1875               0.4375                  0.5     0
              -0.1875               0.3125                  0.5     0
              -0.1875                0.375                  0.5     0
                -0.25               0.3125                  0.5     0
               -0.375               0.3125                  0.5     0
              -0.3125               0.3125                  0.5     0
              -0.3125                0.375                  0.5     0
              -0.0625               0.0625                  0.5     0
               -0.125                0.125                  0.5     0
              -0.0625               0.1875                  0.5     0
              -0.0625                0.125                  0.5     0
               -0.125               0.0625                  0.5     0
              -0.1875               0.0625                  0.5     0
              -0.0625                0.375                  0.5     0
               -0.125                 0.25                  0.5     0
              -0.1875                 0.25                  0.5     0
               -0.125               0.3125                  0.5     0
              -0.0625               0.3125                  0.5     0
              -0.0625                 0.25                  0.5     0
               -0.375               0.0625                  0.5     0
                -0.25                0.125                  0.5     0
                -0.25               0.0625                  0.5     0
              -0.3125               0.0625                  0.5     0
              -0.3125                0.125                  0.5     0
                -0.25               0.1875                  0.5     0
               -0.125               0.1875                  0.5     0
              -0.1875               0.1875                  0.5     0
              -0.1875                0.125                  0.5     0
               -0.375              -0.4375                  0.5     0
                -0.25               -0.375                  0.5     0
                -0.25              -0.4375                  0.5     0
              -0.3125              -0.4375                  0.5     0
              -0.3125               -0.375                  0.5     0
                -0.25              -0.3125                  0.5     0
                    0               -0.375                  0.5     0
                    0              -0.4375                  0.5     0
              -0.0625              -0.4375                  0.5     0
                    0                -0.25                  0.5     0
               -0.125               -0.375                  0.5     0
              -0.0625              -0.3125                  0.5     0
              -0.0625               -0.375                  0.5     0
                    0              -0.3125                  0.5     0
               -0.125              -0.4375                  0.5     0
              -0.1875              -0.4375                  0.5     0
                    0               -0.125                  0.5     0
              -0.0625               -0.125                  0.5     0
                    0              -0.0625                  0.5     0
               -0.125                -0.25                  0.5     0
              -0.1875                -0.25                  0.5     0
               -0.125              -0.1875                  0.5     0
                    0              -0.1875                  0.5     0
              -0.0625              -0.1875                  0.5     0
              -0.0625                -0.25                  0.5     0
              -0.1875               -0.375                  0.5     0
               -0.125              -0.3125                  0.5     0
              -0.1875              -0.3125                  0.5     0
               0.4375              -0.4375                  0.5     0
                0.375               -0.375                  0.5     0
               0.4375              -0.3125                  0.5     0
               0.4375               -0.375                  0.5     0
                0.375              -0.4375                  0.5     0
               0.3125              -0.4375                  0.5     0
                0.375               -0.125                  0.5     0
               0.4375              -0.0625                  0.5     0
               0.4375               -0.125                  0.5     0
                 0.25                -0.25                  0.5     0
                0.375                -0.25                  0.5     0
               0.3125                -0.25                  0.5     0
                0.375              -0.1875                  0.5     0
               0.3125              -0.1875                  0.5     0
               0.4375              -0.1875                  0.5     0
               0.4375                -0.25                  0.5     0
                0.125               -0.375                  0.5     0
                0.125              -0.4375                  0.5     0
               0.0625              -0.4375                  0.5     0
                 0.25               -0.375                  0.5     0
                 0.25              -0.4375                  0.5     0
               0.1875              -0.4375                  0.5     0
               0.1875              -0.3125                  0.5     0
               0.1875               -0.375                  0.5     0
                 0.25              -0.3125                  0.5     0
                0.375              -0.3125                  0.5     0
               0.3125              -0.3125                  0.5     0
               0.3125               -0.375                  0.5     0
               0.4375                0.375                  0.5     0
                0.375                 0.25                  0.5     0
               0.3125                 0.25                  0.5     0
                0.375               0.3125                  0.5     0
               0.4375               0.3125                  0.5     0
               0.4375                 0.25                  0.5     0
                0.125                    0                  0.5     0
               0.0625                    0                  0.5     0
                0.125               0.0625                  0.5     0
                 0.25                    0                  0.5     0
                 0.25                0.125                  0.5     0
                 0.25               0.0625                  0.5     0
               0.1875               0.0625                  0.5     0
               0.1875                    0                  0.5     0
               0.1875                0.125                  0.5     0
                 0.25               0.1875                  0.5     0
                0.375                    0                  0.5     0
               0.4375               0.0625                  0.5     0
               0.4375                    0                  0.5     0
                0.375                0.125                  0.5     0
               0.4375               0.1875                  0.5     0
               0.4375                0.125                  0.5     0
               0.3125                    0                  0.5     0
                0.375               0.0625                  0.5     0
               0.3125               0.0625                  0.5     0
               0.3125               0.1875                  0.5     0
               0.3125                0.125                  0.5     0
                0.375               0.1875                  0.5     0
               0.0625               -0.375                  0.5     0
                0.125                -0.25                  0.5     0
               0.1875                -0.25                  0.5     0
                0.125              -0.3125                  0.5     0
               0.0625              -0.3125                  0.5     0
               0.0625                -0.25                  0.5     0
                0.375              -0.0625                  0.5     0
                 0.25               -0.125                  0.5     0
                 0.25              -0.0625                  0.5     0
               0.3125              -0.0625                  0.5     0
               0.3125               -0.125                  0.5     0
                 0.25              -0.1875                  0.5     0
               0.0625              -0.0625                  0.5     0
                0.125               -0.125                  0.5     0
               0.0625              -0.1875                  0.5     0
               0.0625               -0.125                  0.5     0
                0.125              -0.0625                  0.5     0
               0.1875              -0.0625                  0.5     0
               0.1875              -0.1875                  0.5     0
               0.1875               -0.125                  0.5     0
                0.125              -0.1875                  0.5     0
Triangles
 3072
    1    4    6    0
    2    5    4    0
    3    6    5    0
    4    5    6    0
    7    9   11    0
    8   10    9    0
    2   11   10    0
    9   10   11    0
   12   13   15    0
    3   14   13    0
    8   15   14    0
   13   14   15    0
    2   10    5    0
    8   14   10    0
    3    5   14    0
   10   14    5    0
   16   19   21    0
   17   20   19    0
   18   21   20    0
   19   20   21    0
   22   24   26    0
   23   25   24    0
   17   26   25    0
   24   25   26    0
    7   27   29    0
   18   28   27    0
   23   29   28    0
   27   28   29    0
   17   25   20    0
   23   28   25    0
   18   20   28    0
   25   28   20    0
   30   33   35    0
   31   34   33    0
   32   35   34    0
   33   34   35    0
   12   37   39    0
   36   38   37    0
   31   39   38    0
   37   38   39    0
   22   40   42    0
   32   41   40    0
   36   42   41    0
   40   41   42    0
   31   38   34    0
   36   41   38    0
   32   34   41    0
   38   41   34    0
    7   29    9    0
   23   43   29    0
    8    9   43    0
   29   43    9    0
   22   42   24    0
   36   44   42    0
   23   24   44    0
   42   44   24    0
   12   15   37    0
    8   45   15    0
   36   37   45    0
   15   45   37    0
   23   44   43    0
   36   45   44    0
    8   43   45    0
   44   45   43    0
   46   49   51    0
   47   50   49    0
   48   51   50    0
   49   50   51    0
   52   54   56    0
   53   55   54    0
   47   56   55    0
   54   55   56    0
   57   58   60    0
   48   59   58    0
   53   60   59    0
   58   59   60    0
   47   55   50    0
   53   59   55    0
   48   50   59    0
   55   59   50    0
   61   64   66    0
   62   65   64    0
   63   66   65    0
   64   65   66    0
   67   69   71    0
   68   70   69    0
   62   71   70    0
   69   70   71    0
   52   72   74    0
   63   73   72    0
   68   74   73    0
   72   73   74    0
   62   70   65    0
   68   73   70    0
   63   65   73    0
   70   73   65    0
   16   77   79    0
   75   78   77    0
   76   79   78    0
   77   78   79    0
   57   81   83    0
   80   82   81    0
   75   83   82    0
   81   82   83    0
   67   84   86    0
   76   85   84    0
   80   86   85    0
   84   85   86    0
   75   82   78    0
   80   85   82    0
   76   78   85    0
   82   85   78    0
   52   74   54    0
   68   87   74    0
   53   54   87    0
   74   87   54    0
   67   86   69    0
   80   88   86    0
   68   69   88    0
   86   88   69    0
   57   60   81    0
   53   89   60    0
   80   81   89    0
   60   89   81    0
   68   88   87    0
   80   89   88    0
   53   87   89    0
   88   89   87    0
   90   93   95    0
   91   94   93    0
   92   95   94    0
   93   94   95    0
   96   98  100    0
   97   99   98    0
   91  100   99    0
   98   99  100    0
  101  102  104    0
   92  103  102    0
   97  104  103    0
  102  103  104    0
   91   99   94    0
   97  103   99    0
   92   94  103    0
   99  103   94    0
   30  107  109    0
  105  108  107    0
  106  109  108    0
  107  108  109    0
  110  112  114    0
  111  113  112    0
  105  114  113    0
  112  113  114    0
   96  115  117    0
  106  116  115    0
  111  117  116    0
  115  116  117    0
  105  113  108    0
  111  116  113    0
  106  108  116    0
  113  116  108    0
   61  120  122    0
  118  121  120    0
  119  122  121    0
  120  121  122    0
  101  124  126    0
  123  125  124    0
  118  126  125    0
  124  125  126    0
  110  127  129    0
  119  128  127    0
  123  129  128    0
  127  128  129    0
  118  125  121    0
  123  128  125    0
  119  121  128    0
  125  128  121    0
   96  117   98    0
  111  130  117    0
   97   98  130    0
  117  130   98    0
  110  129  112    0
  123  131  129    0
  111  112  131    0
  129  131  112    0
  101  104  124    0
   97  132  104    0
  123  124  132    0
  104  132  124    0
  111  131  130    0
  123  132  131    0
   97  130  132    0
  131  132  130    0
   16   79   19    0
   76  133   79    0
   17   19  133    0
   79  133   19    0
   67  135   84    0
  134  136  135    0
   76   84  136    0
  135  136   84    0
   22   26  138    0
   17  137   26    0
  134  138  137    0
   26  137  138    0
   76  136  133    0
  134  137  136    0
   17  133  137    0
  136  137  133    0
   61  122   64    0
  119  139  122    0
   62   64  139    0
  122  139   64    0
  110  141  127    0
  140  142  141    0
  119  127  142    0
  141  142  127    0
   67   71  144    0
   62  143   71    0
  140  144  143    0
   71  143  144    0
  119  142  139    0
  140  143  142    0
   62  139  143    0
  142  143  139    0
   30   35  107    0
   32  145   35    0
  105  107  145    0
   35  145  107    0
   22  147   40    0
  146  148  147    0
   32   40  148    0
  147  148   40    0
  110  114  150    0
  105  149  114    0
  146  150  149    0
  114  149  150    0
   32  148  145    0
  146  149  148    0
  105  145  149    0
  148  149  145    0
   67  144  135    0
  140  151  144    0
  134  135  151    0
  144  151  135    0
  110  150  141    0
  146  152  150    0
  140  141  152    0
  150  152  141    0
   22  138  147    0
  134  153  138    0
  146  147  153    0
  138  153  147    0
  140  152  151    0
  146  153  152    0
  134  151  153    0
  152  153  151    0
    1  155    4    0
  154  156  155    0
    2    4  156    0
  155  156    4    0
  157  159  161    0
  158  160  159    0
  154  161  160    0
  159  160  161    0
    7   11  163    0
    2  162   11    0
  158  163  162    0
   11  162  163    0
  154  160  156    0
  158  162  160    0
    2  156  162    0
  160  162  156    0
  164  167  169    0
  165  168  167    0
  166  169  168    0
  167  168  169    0
  170  172  174    0
  171  173  172    0
  165  174  173    0
  172  173  174    0
  157  175  177    0
  166  176  175    0
  171  177  176    0
  175  176  177    0
  165  173  168    0
  171  176  173    0
  166  168  176    0
  173  176  168    0
   16   21  180    0
   18  179   21    0
  178  180  179    0
   21  179  180    0
    7  182   27    0
  181  183  182    0
   18   27  183    0
  182  183   27    0
  170  184  186    0
  178  185  184    0
  181  186  185    0
  184  185  186    0
   18  183  179    0
  181  185  183    0
  178  179  185    0
  183  185  179    0
  157  177  159    0
  171  187  177    0
  158  159  187    0
  177  187  159    0
  170  186  172    0
  181  188  186    0
  171  172  188    0
  186  188  172    0
    7  163  182    0
  158  189  163    0
  181  182  189    0
  163  189  182    0
  171  188  187    0
  181  189  188    0
  158  187  189    0
  188  189  187    0
  190  193  195    0
  191  194  193    0
  192  195  194    0
  193  194  195    0
  196  198  200    0
  197  199  198    0
  191  200  199    0
  198  199  200    0
  201  202  204    0
  192  203  202    0
  197  204  203    0
  202  203  204    0
  191  199  194    0
  197  203  199    0
  192  194  203    0
  199  203  194    0
  205  208  210    0
  206  209  208    0
  207  210  209    0
  208  209  210    0
  211  213  215    0
  212  214  213    0
  206  215  214    0
  213  214  215    0
  196  216  218    0
  207  217  216    0
  212  218  217    0
  216  217  218    0
  206  214  209    0
  212  217  214    0
  207  209  217    0
  214  217  209    0
  164  221  223    0
  219  222  221    0
  220  223  222    0
  221  222  223    0
  201  225  227    0
  224  226  225    0
  219  227  226    0
  225  226  227    0
  211  228  230    0
  220  229  228    0
  224  230  229    0
  228  229  230    0
  219  226  222    0
  224  229  226    0
  220  222  229    0
  226  229  222    0
  196  218  198    0
  212  231  218    0
  197  198  231    0
  218  231  198    0
  211  230  213    0
  224  232  230    0
  212  213  232    0
  230  232  213    0
  201  204  225    0
  197  233  204    0
  224  225  233    0
  204  233  225    0
  212  232  231    0
  224  233  232    0
  197  231  233    0
  232  233  231    0
   46   51  236    0
   48  235   51    0
  234  236  235    0
   51  235  236    0
   57  238   58    0
  237  239  238    0
   48   58  239    0
  238  239   58    0
  240  241  243    0
  234  242  241    0
  237  243  242    0
  241  242  243    0
   48  239  235    0
  237  242  239    0
  234  235  242    0
  239  242  235    0
   16  245   77    0
  244  246  245    0
   75   77  246    0
  245  246   77    0
  247  249  251    0
  248  250  249    0
  244  251  250    0
  249  250  251    0
   57   83  253    0
   75  252   83    0
  248  253  252    0
   83  252  253    0
  244  250  246    0
  248  252  250    0
   75  246  252    0
  250  252  246    0
  205  256  258    0
  254  257  256    0
  255  258  257    0
  256  257  258    0
  240  260  262    0
  259  261  260    0
  254  262  261    0
  260  261  262    0
  247  263  265    0
  255  264  263    0
  259  265  264    0
  263  264  265    0
  254  261  257    0
  259  264  261    0
  255  257  264    0
  261  264  257    0
   57  253  238    0
  248  266  253    0
  237  238  266    0
  253  266  238    0
  247  265  249    0
  259  267  265    0
  248  249  267    0
  265  267  249    0
  240  243  260    0
  237  268  243    0
  259  260  268    0
  243  268  260    0
  248  267  266    0
  259  268  267    0
  237  266  268    0
  267  268  266    0
  164  223  167    0
  220  269  223    0
  165  167  269    0
  223  269  167    0
  211  271  228    0
  270  272  271    0
  220  228  272    0
  271  272  228    0
  170  174  274    0
  165  273  174    0
  270  274  273    0
  174  273  274    0
  220  272  269    0
  270  273  272    0
  165  269  273    0
  272  273  269    0
  205  258  208    0
  255  275  258    0
  206  208  275    0
  258  275  208    0
  247  277  263    0
  276  278  277    0
  255  263  278    0
  277  278  263    0
  211  215  280    0
  206  279  215    0
  276  280  279    0
  215  279  280    0
  255  278  275    0
  276  279  278    0
  206  275  279    0
  278  279  275    0
   16  180  245    0
  178  281  180    0
  244  245  281    0
  180  281  245    0
  170  283  184    0
  282  284  283    0
  178  184  284    0
  283  284  184    0
  247  251  286    0
  244  285  251    0
  282  286  285    0
  251  285  286    0
  178  284  281    0
  282  285  284    0
  244  281  285    0
  284  285  281    0
  211  280  271    0
  276  287  280    0
  270  271  287    0
  280  287  271    0
  247  286  277    0
  282  288  286    0
  276  277  288    0
  286  288  277    0
  170  274  283    0
  270  289  274    0
  282  283  289    0
  274  289  283    0
  276  288  287    0
  282  289  288    0
  270  287  289    0
  288  289  287    0
    1  292  294    0
  290  293  292    0
  291  294  293    0
  292  293  294    0
  295  297  299    0
  296  298  297    0
  290  299  298    0
  297  298  299    0
  300  301  303    0
  291  302  301    0
  296  303  302    0
  301  302  303    0
  290  298  293    0
  296  302  298    0
  291  293  302    0
  298  302  293    0
  304  307  309    0
  305  308  307    0
  306  309  308    0
  307  308  309    0
  310  312  314    0
  311  313  312    0
  305  314  313    0
  312  313  314    0
  295  315  317    0
  306  316  315    0
  311  317  316    0
  315  316  317    0
  305  313  308    0
  311  316  313    0
  306  308  316    0
  313  316  308    0
  318  321  323    0
  319  322  321    0
  320  323  322    0
  321  322  323    0
  300  325  327    0
  324  326  325    0
  319  327  326    0
  325  326  327    0
  310  328  330    0
  320  329  328    0
  324  330  329    0
  328  329  330    0
  319  326  322    0
  324  329  326    0
  320  322  329    0
  326  329  322    0
  295  317  297    0
  311  331  317    0
  296  297  331    0
  317  331  297    0
  310  330  312    0
  324  332  330    0
  311  312  332    0
  330  332  312    0
  300  303  325    0
  296  333  303    0
  324  325  333    0
  303  333  325    0
  311  332  331    0
  324  333  332    0
  296  331  333    0
  332  333  331    0
  334  337  339    0
  335  338  337    0
  336  339  338    0
  337  338  339    0
  340  342  344    0
  341  343  342    0
  335  344  343    0
  342  343  344    0
  345  346  348    0
  336  347  346    0
  341  348  347    0
  346  347  348    0
  335  343  338    0
  341  347  343    0
  336  338  347    0
  343  347  338    0
  349  352  354    0
  350  353  352    0
  351  354  353    0
  352  353  354    0
  355  357  359    0
  356  358  357    0
  350  359  358    0
  357  358  359    0
  340  360  362    0
  351  361  360    0
  356  362  361    0
  360  361  362    0
  350  358  353    0
  356  361  358    0
  351  353  361    0
  358  361  353    0
  304  365  367    0
  363  366  365    0
  364  367  366    0
  365  366  367    0
  345  369  371    0
  368  370  369    0
  363  371  370    0
  369  370  371    0
  355  372  374    0
  364  373  372    0
  368  374  373    0
  372  373  374    0
  363  370  366    0
  368  373  370    0
  364  366  373    0
  370  373  366    0
  340  362  342    0
  356  375  362    0
  341  342  375    0
  362  375  342    0
  355  374  357    0
  368  376  374    0
  356  357  376    0
  374  376  357    0
  345  348  369    0
  341  377  348    0
  368  369  377    0
  348  377  369    0
  356  376  375    0
  368  377  376    0
  341  375  377    0
  376  377  375    0
  378  381  383    0
  379  382  381    0
  380  383  382    0
  381  382  383    0
  384  386  388    0
  385  387  386    0
  379  388  387    0
  386  387  388    0
  389  390  392    0
  380  391  390    0
  385  392  391    0
  390  391  392    0
  379  387  382    0
  385  391  387    0
  380  382  391    0
  387  391  382    0
  318  395  397    0
  393  396  395    0
  394  397  396    0
  395  396  397    0
  398  400  402    0
  399  401  400    0
  393  402  401    0
  400  401  402    0
  384  403  405    0
  394  404  403    0
  399  405  404    0
  403  404  405    0
  393  401  396    0
  399  404  401    0
  394  396  404    0
  401  404  396    0
  349  408  410    0
  406  409  408    0
  407  410  409    0
  408  409  410    0
  389  412  414    0
  411  413  412    0
  406  414  413    0
  412  413  414    0
  398  415  417    0
  407  416  415    0
  411  417  416    0
  415  416  417    0
  406  413  409    0
  411  416  413    0
  407  409  416    0
  413  416  409    0
  384  405  386    0
  399  418  405    0
  385  386  418    0
  405  418  386    0
  398  417  400    0
  411  419  417    0
  399  400  419    0
  417  419  400    0
  389  392  412    0
  385  420  392    0
  411  412  420    0
  392  420  412    0
  399  419  418    0
  411  420  419    0
  385  418  420    0
  419  420  418    0
  304  367  307    0
  364  421  367    0
  305  307  421    0
  367  421  307    0
  355  423  372    0
  422  424  423    0
  364  372  424    0
  423  424  372    0
  310  314  426    0
  305  425  314    0
  422  426  425    0
  314  425  426    0
  364  424  421    0
  422  425  424    0
  305  421  425    0
  424  425  421    0
  349  410  352    0
  407  427  410    0
  350  352  427    0
  410  427  352    0
  398  429  415    0
  428  430  429    0
  407  415  430    0
  429  430  415    0
  355  359  432    0
  350  431  359    0
  428  432  431    0
  359  431  432    0
  407  430  427    0
  428  431  430    0
  350  427  431    0
  430  431  427    0
  318  323  395    0
  320  433  323    0
  393  395  433    0
  323  433  395    0
  310  435  328    0
  434  436  435    0
  320  328  436    0
  435  436  328    0
  398  402  438    0
  393  437  402    0
  434  438  437    0
  402  437  438    0
  320  436  433    0
  434  437  436    0
  393  433  437    0
  436  437  433    0
  355  432  423    0
  428  439  432    0
  422  423  439    0
  432  439  423    0
  398  438  429    0
  434  440  438    0
  428  429  440    0
  438  440  429    0
  310  426  435    0
  422  441  426    0
  434  435  441    0
  426  441  435    0
  428  440  439    0
  434  441  440    0
  422  439  441    0
  440  441  439    0
    1    6  292    0
    3  442    6    0
  290  292  442    0
    6  442  292    0
   12  444   13    0
  443  445  444    0
    3   13  445    0
  444  445   13    0
  295  299  447    0
  290  446  299    0
  443  447  446    0
  299  446  447    0
    3  445  442    0
  443  446  445    0
  290  442  446    0
  445  446  442    0
   30  449   33    0
  448  450  449    0
   31   33  450    0
  449  450   33    0
  451  453  455    0
  452  454  453    0
  448  455  454    0
  453  454  455    0
   12   39  457    0
   31  456   39    0
  452  457  456    0
   39  456  457    0
  448  454  450    0
  452  456  454    0
   31  450  456    0
  454  456  450    0
  304  309  460    0
  306  459  309    0
  458  460  459    0
  309  459  460    0
  295  462  315    0
  461  463  462    0
  306  315  463    0
  462  463  315    0
  451  464  466    0
  458  465  464    0
  461  466  465    0
  464  465  466    0
  306  463  459    0
  461  465  463    0
  458  459  465    0
  463  465  459    0
   12  457  444    0
  452  467  457    0
  443  444  467    0
  457  467  444    0
  451  466  453    0
  461  468  466    0
  452  453  468    0
  466  468  453    0
  295  447  462    0
  443  469  447    0
  461  462  469    0
  447  469  462    0
  452  468  467    0
  461  469  468    0
  443  467  469    0
  468  469  467    0
   90  471   93    0
  470  472  471    0
   91   93  472    0
  471  472   93    0
  473  475  477    0
  474  476  475    0
  470  477  476    0
  475  476  477    0
   96  100  479    0
   91  478  100    0
  474  479  478    0
  100  478  479    0
  470  476  472    0
  474  478  476    0
   91  472  478    0
  476  478  472    0
  480  483  485    0
  481  484  483    0
  482  485  484    0
  483  484  485    0
  486  488  490    0
  487  489  488    0
  481  490  489    0
  488  489  490    0
  473  491  493    0
  482  492  491    0
  487  493  492    0
  491  492  493    0
  481  489  484    0
  487  492  489    0
  482  484  492    0
  489  492  484    0
   30  109  496    0
  106  495  109    0
  494  496  495    0
  109  495  496    0
   96  498  115    0
  497  499  498    0
  106  115  499    0
  498  499  115    0
  486  500  502    0
  494  501  500    0
  497  502  501    0
  500  501  502    0
  106  499  495    0
  497  501  499    0
  494  495  501    0
  499  501  495    0
  473  493  475    0
  487  503  493    0
  474  475  503    0
  493  503  475    0
  486  502  488    0
  497  504  502    0
  487  488  504    0
  502  504  488    0
   96  479  498    0
  474  505  479    0
  497  498  505    0
  479  505  498    0
  487  504  503    0
  497  505  504    0
  474  503  505    0
  504  505  503    0
  334  339  508    0
  336  507  339    0
  506  508  507    0
  339  507  508    0
  345  510  346    0
  509  511  510    0
  336  346  511    0
  510  511  346    0
  512  513  515    0
  506  514  513    0
  509  515  514    0
  513  514  515    0
  336  511  507    0
  509  514  511    0
  506  507  514    0
  511  514  507    0
  304  517  365    0
  516  518  517    0
  363  365  518    0
  517  518  365    0
  519  521  523    0
  520  522  521    0
  516  523  522    0
  521  522  523    0
  345  371  525    0
  363  524  371    0
  520  525  524    0
  371  524  525    0
  516  522  518    0
  520  524  522    0
  363  518  524    0
  522  524  518    0
  480  528  530    0
  526  529  528    0
  527  530  529    0
  528  529  530    0
  512  532  534    0
  531  533  532    0
  526  534  533    0
  532  533  534    0
  519  535  537    0
  527  536  535    0
  531  537  536    0
  535  536  537    0
  526  533  529    0
  531  536  533    0
  527  529  536    0
  533  536  529    0
  345  525  510    0
  520  538  525    0
  509  510  538    0
  525  538  510    0
  519  537  521    0
  531  539  537    0
  520  521  539    0
  537  539  521    0
  512  515  532    0
  509  540  515    0
  531  532  540    0
  515  540  532    0
  520  539  538    0
  531  540  539    0
  509  538  540    0
  539  540  538    0
   30  496  449    0
  494  541  496    0
  448  449  541    0
  496  541  449    0
  486  543  500    0
  542  544  543    0
  494  500  544    0
  543  544  500    0
  451  455  546    0
  448  545  455    0
  542  546  545    0
  455  545  546    0
  494  544  541    0
  542  545  544    0
  448  541  545    0
  544  545  541    0
  480  530  483    0
  527  547  530    0
  481  483  547    0
  530  547  483    0
  519  549  535    0
  548  550  549    0
  527  535  550    0
  549  550  535    0
  486  490  552    0
  481  551  490    0
  548  552  551    0
  490  551  552    0
  527  550  547    0
  548  551  550    0
  481  547  551    0
  550  551  547    0
  304  460  517    0
  458  553  460    0
  516  517  553    0
  460  553  517    0
  451  555  464    0
  554  556  555    0
  458  464  556    0
  555  556  464    0
  519  523  558    0
  516  557  523    0
  554  558  557    0
  523  557  558    0
  458  556  553    0
  554  557  556    0
  516  553  557    0
  556  557  553    0
  486  552  543    0
  548  559  552    0
  542  543  559    0
  552  559  543    0
  519  558  549    0
  554  560  558    0
  548  549  560    0
  558  560  549    0
  451  546  555    0
  542  561  546    0
  554  555  561    0
  546  561  555    0
  548  560  559    0
  554  561  560    0
  542  559  561    0
  560  561  559    0
   90   95  471    0
   92  562   95    0
  470  471  562    0
   95  562  471    0
  101  564  102    0
  563  565  564    0
   92  102  565    0
  564  565  102    0
  473  477  567    0
  470  566  477    0
  563  567  566    0
  477  566  567    0
   92  565  562    0
  563  566  565    0
  470  562  566    0
  565  566  562    0
   61  569  120    0
  568  570  569    0
  118  120  570    0
  569  570  120    0
  571  573  575    0
  572  574  573    0
  568  575  574    0
  573  574  575    0
  101  126  577    0
  118  576  126    0
  572  577  576    0
  126  576  577    0
  568  574  570    0
  572  576  574    0
  118  570  576    0
  574  576  570    0
  480  485  580    0
  482  579  485    0
  578  580  579    0
  485  579  580    0
  473  582  491    0
  581  583  582    0
  482  491  583    0
  582  583  491    0
  571  584  586    0
  578  585  584    0
  581  586  585    0
  584  585  586    0
  482  583  579    0
  581  585  583    0
  578  579  585    0
  583  585  579    0
  101  577  564    0
  572  587  577    0
  563  564  587    0
  577  587  564    0
  571  586  573    0
  581  588  586    0
  572  573  588    0
  586  588  573    0
  473  567  582    0
  563  589  567    0
  581  582  589    0
  567  589  582    0
  572  588  587    0
  581  589  588    0
  563  587  589    0
  588  589  587    0
   46  591   49    0
  590  592  591    0
   47   49  592    0
  591  592   49    0
  593  595  597    0
  594  596  595    0
  590  597  596    0
  595  596  597    0
   52   56  599    0
   47  598   56    0
  594  599  598    0
   56  598  599    0
  590  596  592    0
  594  598  596    0
   47  592  598    0
  596  598  592    0
  600  603  605    0
  601  604  603    0
  602  605  604    0
  603  604  605    0
  606  608  610    0
  607  609  608    0
  601  610  609    0
  608  609  610    0
  593  611  613    0
  602  612  611    0
  607  613  612    0
  611  612  613    0
  601  609  604    0
  607  612  609    0
  602  604  612    0
  609  612  604    0
   61   66  616    0
   63  615   66    0
  614  616  615    0
   66  615  616    0
   52  618   72    0
  617  619  618    0
   63   72  619    0
  618  619   72    0
  606  620  622    0
  614  621  620    0
  617  622  621    0
  620  621  622    0
   63  619  615    0
  617  621  619    0
  614  615  621    0
  619  621  615    0
  593  613  595    0
  607  623  613    0
  594  595  623    0
  613  623  595    0
  606  622  608    0
  617  624  622    0
  607  608  624    0
  622  624  608    0
   52  599  618    0
  594  625  599    0
  617  618  625    0
  599  625  618    0
  607  624  623    0
  617  625  624    0
  594  623  625    0
  624  625  623    0
  334  508  628    0
  506  627  508    0
  626  628  627    0
  508  627  628    0
  512  630  513    0
  629  631  630    0
  506  513  631    0
  630  631  513    0
  632  633  635    0
  626  634  633    0
  629  635  634    0
  633  634  635    0
  506  631  627    0
  629  634  631    0
  626  627  634    0
  631  634  627    0
  480  637  528    0
  636  638  637    0
  526  528  638    0
  637  638  528    0
  639  641  643    0
  640  642  641    0
  636  643  642    0
  641  642  643    0
  512  534  645    0
  526  644  534    0
  640  645  644    0
  534  644  645    0
  636  642  638    0
  640  644  642    0
  526  638  644    0
  642  644  638    0
  600  648  650    0
  646  649  648    0
  647  650  649    0
  648  649  650    0
  632  652  654    0
  651  653  652    0
  646  654  653    0
  652  653  654    0
  639  655  657    0
  647  656  655    0
  651  657  656    0
  655  656  657    0
  646  653  649    0
  651  656  653    0
  647  649  656    0
  653  656  649    0
  512  645  630    0
  640  658  645    0
  629  630  658    0
  645  658  630    0
  639  657  641    0
  651  659  657    0
  640  641  659    0
  657  659  641    0
  632  635  652    0
  629  660  635    0
  651  652  660    0
  635  660  652    0
  640  659  658    0
  651  660  659    0
  629  658  660    0
  659  660  658    0
   61  616  569    0
  614  661  616    0
  568  569  661    0
  616  661  569    0
  606  663  620    0
  662  664  663    0
  614  620  664    0
  663  664  620    0
  571  575  666    0
  568  665  575    0
  662  666  665    0
  575  665  666    0
  614  664  661    0
  662  665  664    0
  568  661  665    0
  664  665  661    0
  600  650  603    0
  647  667  650    0
  601  603  667    0
  650  667  603    0
  639  669  655    0
  668  670  669    0
  647  655  670    0
  669  670  655    0
  606  610  672    0
  601  671  610    0
  668  672  671    0
  610  671  672    0
  647  670  667    0
  668  671  670    0
  601  667  671    0
  670  671  667    0
  480  580  637    0
  578  673  580    0
  636  637  673    0
  580  673  637    0
  571  675  584    0
  674  676  675    0
  578  584  676    0
  675  676  584    0
  639  643  678    0
  636  677  643    0
  674  678  677    0
  643  677  678    0
  578  676  673    0
  674  677  676    0
  636  673  677    0
  676  677  673    0
  606  672  663    0
  668  679  672    0
  662  663  679    0
  672  679  663    0
  639  678  669    0
  674  680  678    0
  668  669  680    0
  678  680  669    0
  571  666  675    0
  662  681  666    0
  674  675  681    0
  666  681  675    0
  668  680  679    0
  674  681  680    0
  662  679  681    0
  680  681  679    0
   46  683  591    0
  682  684  683    0
  590  591  684    0
  683  684  591    0
  685  687  689    0
  686  688  687    0
  682  689  688    0
  687  688  689    0
  593  597  691    0
  590  690  597    0
  686  691  690    0
  597  690  691    0
  682  688  684    0
  686  690  688    0
  590  684  690    0
  688  690  684    0
  692  695  697    0
  693  696  695    0
  694  697  696    0
  695  696  697    0
  698  700  702    0
  699  701  700    0
  693  702  701    0
  700  701  702    0
  685  703  705    0
  694  704  703    0
  699  705  704    0
  703  704  705    0
  693  701  696    0
  699  704  701    0
  694  696  704    0
  701  704  696    0
  600  605  708    0
  602  707  605    0
  706  708  707    0
  605  707  708    0
  593  710  611    0
  709  711  710    0
  602  611  711    0
  710  711  611    0
  698  712  714    0
  706  713  712    0
  709  714  713    0
  712  713  714    0
  602  711  707    0
  709  713  711    0
  706  707  713    0
  711  713  707    0
  685  705  687    0
  699  715  705    0
  686  687  715    0
  705  715  687    0
  698  714  700    0
  709  716  714    0
  699  700  716    0
  714  716  700    0
  593  691  710    0
  686  717  691    0
  709  710  717    0
  691  717  710    0
  699  716  715    0
  709  717  716    0
  686  715  717    0
  716  717  715    0
  718  721  723    0
  719  722  721    0
  720  723  722    0
  721  722  723    0
  724  726  728    0
  725  727  726    0
  719  728  727    0
  726  727  728    0
  729  730  732    0
  720  731  730    0
  725  732  731    0
  730  731  732    0
  719  727  722    0
  725  731  727    0
  720  722  731    0
  727  731  722    0
  733  736  738    0
  734  737  736    0
  735  738  737    0
  736  737  738    0
  739  741  743    0
  740  742  741    0
  734  743  742    0
  741  742  743    0
  724  744  746    0
  735  745  744    0
  740  746  745    0
  744  745  746    0
  734  742  737    0
  740  745  742    0
  735  737  745    0
  742  745  737    0
  692  749  751    0
  747  750  749    0
  748  751  750    0
  749  750  751    0
  729  753  755    0
  752  754  753    0
  747  755  754    0
  753  754  755    0
  739  756  758    0
  748  757  756    0
  752  758  757    0
  756  757  758    0
  747  754  750    0
  752  757  754    0
  748  750  757    0
  754  757  750    0
  724  746  726    0
  740  759  746    0
  725  726  759    0
  746  759  726    0
  739  758  741    0
  752  760  758    0
  740  741  760    0
  758  760  741    0
  729  732  753    0
  725  761  732    0
  752  753  761    0
  732  761  753    0
  740  760  759    0
  752  761  760    0
  725  759  761    0
  760  761  759    0
  334  628  764    0
  626  763  628    0
  762  764  763    0
  628  763  764    0
  632  766  633    0
  765  767  766    0
  626  633  767    0
  766  767  633    0
  768  769  771    0
  762  770  769    0
  765  771  770    0
  769  770  771    0
  626  767  763    0
  765  770  767    0
  762  763  770    0
  767  770  763    0
  600  773  648    0
  772  774  773    0
  646  648  774    0
  773  774  648    0
  775  777  779    0
  776  778  777    0
  772  779  778    0
  777  778  779    0
  632  654  781    0
  646  780  654    0
  776  781  780    0
  654  780  781    0
  772  778  774    0
  776  780  778    0
  646  774  780    0
  778  780  774    0
  733  784  786    0
  782  785  784    0
  783  786  785    0
  784  785  786    0
  768  788  790    0
  787  789  788    0
  782  790  789    0
  788  789  790    0
  775  791  793    0
  783  792  791    0
  787  793  792    0
  791  792  793    0
  782  789  785    0
  787  792  789    0
  783  785  792    0
  789  792  785    0
  632  781  766    0
  776  794  781    0
  765  766  794    0
  781  794  766    0
  775  793  777    0
  787  795  793    0
  776  777  795    0
  793  795  777    0
  768  771  788    0
  765  796  771    0
  787  788  796    0
  771  796  788    0
  776  795  794    0
  787  796  795    0
  765  794  796    0
  795  796  794    0
  692  751  695    0
  748  797  751    0
  693  695  797    0
  751  797  695    0
  739  799  756    0
  798  800  799    0
  748  756  800    0
  799  800  756    0
  698  702  802    0
  693  801  702    0
  798  802  801    0
  702  801  802    0
  748  800  797    0
  798  801  800    0
  693  797  801    0
  800  801  797    0
  733  786  736    0
  783  803  786    0
  734  736  803    0
  786  803  736    0
  775  805  791    0
  804  806  805    0
  783  791  806    0
  805  806  791    0
  739  743  808    0
  734  807  743    0
  804  808  807    0
  743  807  808    0
  783  806  803    0
  804  807  806    0
  734  803  807    0
  806  807  803    0
  600  708  773    0
  706  809  708    0
  772  773  809    0
  708  809  773    0
  698  811  712    0
  810  812  811    0
  706  712  812    0
  811  812  712    0
  775  779  814    0
  772  813  779    0
  810  814  813    0
  779  813  814    0
  706  812  809    0
  810  813  812    0
  772  809  813    0
  812  813  809    0
  739  808  799    0
  804  815  808    0
  798  799  815    0
  808  815  799    0
  775  814  805    0
  810  816  814    0
  804  805  816    0
  814  816  805    0
  698  802  811    0
  798  817  802    0
  810  811  817    0
  802  817  811    0
  804  816  815    0
  810  817  816    0
  798  815  817    0
  816  817  815    0
   46  236  683    0
  234  818  236    0
  682  683  818    0
  236  818  683    0
  240  820  241    0
  819  821  820    0
  234  241  821    0
  820  821  241    0
  685  689  823    0
  682  822  689    0
  819  823  822    0
  689  822  823    0
  234  821  818    0
  819  822  821    0
  682  818  822    0
  821  822  818    0
  205  825  256    0
  824  826  825    0
  254  256  826    0
  825  826  256    0
  827  829  831    0
  828  830  829    0
  824  831  830    0
  829  830  831    0
  240  262  833    0
  254  832  262    0
  828  833  832    0
  262  832  833    0
  824  830  826    0
  828  832  830    0
  254  826  832    0
  830  832  826    0
  692  697  836    0
  694  835  697    0
  834  836  835    0
  697  835  836    0
  685  838  703    0
  837  839  838    0
  694  703  839    0
  838  839  703    0
  827  840  842    0
  834  841  840    0
  837  842  841    0
  840  841  842    0
  694  839  835    0
  837  841  839    0
  834  835  841    0
  839  841  835    0
  240  833  820    0
  828  843  833    0
  819  820  843    0
  833  843  820    0
  827  842  829    0
  837  844  842    0
  828  829  844    0
  842  844  829    0
  685  823  838    0
  819  845  823    0
  837  838  845    0
  823  845  838    0
  828  844  843    0
  837  845  844    0
  819  843  845    0
  844  845  843    0
  190  847  193    0
  846  848  847    0
  191  193  848    0
  847  848  193    0
  849  851  853    0
  850  852  851    0
  846  853  852    0
  851  852  853    0
  196  200  855    0
  191  854  200    0
  850  855  854    0
  200  854  855    0
  846  852  848    0
  850  854  852    0
  191  848  854    0
  852  854  848    0
  856  859  861    0
  857  860  859    0
  858  861  860    0
  859  860  861    0
  862  864  866    0
  863  865  864    0
  857  866  865    0
  864  865  866    0
  849  867  869    0
  858  868  867    0
  863  869  868    0
  867  868  869    0
  857  865  860    0
  863  868  865    0
  858  860  868    0
  865  868  860    0
  205  210  872    0
  207  871  210    0
  870  872  871    0
  210  871  872    0
  196  874  216    0
  873  875  874    0
  207  216  875    0
  874  875  216    0
  862  876  878    0
  870  877  876    0
  873  878  877    0
  876  877  878    0
  207  875  871    0
  873  877  875    0
  870  871  877    0
  875  877  871    0
  849  869  851    0
  863  879  869    0
  850  851  879    0
  869  879  851    0
  862  878  864    0
  873  880  878    0
  863  864  880    0
  878  880  864    0
  196  855  874    0
  850  881  855    0
  873  874  881    0
  855  881  874    0
  863  880  879    0
  873  881  880    0
  850  879  881    0
  880  881  879    0
  718  723  884    0
  720  883  723    0
  882  884  883    0
  723  883  884    0
  729  886  730    0
  885  887  886    0
  720  730  887    0
  886  887  730    0
  888  889  891    0
  882  890  889    0
  885  891  890    0
  889  890  891    0
  720  887  883    0
  885  890  887    0
  882  883  890    0
  887  890  883    0
  692  893  749    0
  892  894  893    0
  747  749  894    0
  893  894  749    0
  895  897  899    0
  896  898  897    0
  892  899  898    0
  897  898  899    0
  729  755  901    0
  747  900  755    0
  896  901  900    0
  755  900  901    0
  892  898  894    0
  896  900  898    0
  747  894  900    0
  898  900  894    0
  856  904  906    0
  902  905  904    0
  903  906  905    0
  904  905  906    0
  888  908  910    0
  907  909  908    0
  902  910  909    0
  908  909  910    0
  895  911  913    0
  903  912  911    0
  907  913  912    0
  911  912  913    0
  902  909  905    0
  907  912  909    0
  903  905  912    0
  909  912  905    0
  729  901  886    0
  896  914  901    0
  885  886  914    0
  901  914  886    0
  895  913  897    0
  907  915  913    0
  896  897  915    0
  913  915  897    0
  888  891  908    0
  885  916  891    0
  907  908  916    0
  891  916  908    0
  896  915  914    0
  907  916  915    0
  885  914  916    0
  915  916  914    0
  205  872  825    0
  870  917  872    0
  824  825  917    0
  872  917  825    0
  862  919  876    0
  918  920  919    0
  870  876  920    0
  919  920  876    0
  827  831  922    0
  824  921  831    0
  918  922  921    0
  831  921  922    0
  870  920  917    0
  918  921  920    0
  824  917  921    0
  920  921  917    0
  856  906  859    0
  903  923  906    0
  857  859  923    0
  906  923  859    0
  895  925  911    0
  924  926  925    0
  903  911  926    0
  925  926  911    0
  862  866  928    0
  857  927  866    0
  924  928  927    0
  866  927  928    0
  903  926  923    0
  924  927  926    0
  857  923  927    0
  926  927  923    0
  692  836  893    0
  834  929  836    0
  892  893  929    0
  836  929  893    0
  827  931  840    0
  930  932  931    0
  834  840  932    0
  931  932  840    0
  895  899  934    0
  892  933  899    0
  930  934  933    0
  899  933  934    0
  834  932  929    0
  930  933  932    0
  892  929  933    0
  932  933  929    0
  862  928  919    0
  924  935  928    0
  918  919  935    0
  928  935  919    0
  895  934  925    0
  930  936  934    0
  924  925  936    0
  934  936  925    0
  827  922  931    0
  918  937  922    0
  930  931  937    0
  922  937  931    0
  924  936  935    0
  930  937  936    0
  918  935  937    0
  936  937  935    0
  190  939  847    0
  938  940  939    0
  846  847  940    0
  939  940  847    0
  941  943  945    0
  942  944  943    0
  938  945  944    0
  943  944  945    0
  849  853  947    0
  846  946  853    0
  942  947  946    0
  853  946  947    0
  938  944  940    0
  942  946  944    0
  846  940  946    0
  944  946  940    0
  948  951  953    0
  949  952  951    0
  950  953  952    0
  951  952  953    0
  954  956  958    0
  955  957  956    0
  949  958  957    0
  956  957  958    0
  941  959  961    0
  950  960  959    0
  955  961  960    0
  959  960  961    0
  949  957  952    0
  955  960  957    0
  950  952  960    0
  957  960  952    0
  856  861  964    0
  858  963  861    0
  962  964  963    0
  861  963  964    0
  849  966  867    0
  965  967  966    0
  858  867  967    0
  966  967  867    0
  954  968  970    0
  962  969  968    0
  965  970  969    0
  968  969  970    0
  858  967  963    0
  965  969  967    0
  962  963  969    0
  967  969  963    0
  941  961  943    0
  955  971  961    0
  942  943  971    0
  961  971  943    0
  954  970  956    0
  965  972  970    0
  955  956  972    0
  970  972  956    0
  849  947  966    0
  942  973  947    0
  965  966  973    0
  947  973  966    0
  955  972  971    0
  965  973  972    0
  942  971  973    0
  972  973  971    0
  974  977  979    0
  975  978  977    0
  976  979  978    0
  977  978  979    0
  980  982  984    0
  981  983  982    0
  975  984  983    0
  982  983  984    0
  985  986  988    0
  976  987  986    0
  981  988  987    0
  986  987  988    0
  975  983  978    0
  981  987  983    0
  976  978  987    0
  983  987  978    0
  989  992  994    0
  990  993  992    0
  991  994  993    0
  992  993  994    0
  995  997  999    0
  996  998  997    0
  990  999  998    0
  997  998  999    0
  980 1000 1002    0
  991 1001 1000    0
  996 1002 1001    0
 1000 1001 1002    0
  990  998  993    0
  996 1001  998    0
  991  993 1001    0
  998 1001  993    0
  948 1005 1007    0
 1003 1006 1005    0
 1004 1007 1006    0
 1005 1006 1007    0
  985 1009 1011    0
 1008 1010 1009    0
 1003 1011 1010    0
 1009 1010 1011    0
  995 1012 1014    0
 1004 1013 1012    0
 1008 1014 1013    0
 1012 1013 1014    0
 1003 1010 1006    0
 1008 1013 1010    0
 1004 1006 1013    0
 1010 1013 1006    0
  980 1002  982    0
  996 1015 1002    0
  981  982 1015    0
 1002 1015  982    0
  995 1014  997    0
 1008 1016 1014    0
  996  997 1016    0
 1014 1016  997    0
  985  988 1009    0
  981 1017  988    0
 1008 1009 1017    0
  988 1017 1009    0
  996 1016 1015    0
 1008 1017 1016    0
  981 1015 1017    0
 1016 1017 1015    0
  718  884 1020    0
  882 1019  884    0
 1018 1020 1019    0
  884 1019 1020    0
  888 1022  889    0
 1021 1023 1022    0
  882  889 1023    0
 1022 1023  889    0
 1024 1025 1027    0
 1018 1026 1025    0
 1021 1027 1026    0
 1025 1026 1027    0
  882 1023 1019    0
 1021 1026 1023    0
 1018 1019 1026    0
 1023 1026 1019    0
  856 1029  904    0
 1028 1030 1029    0
  902  904 1030    0
 1029 1030  904    0
 1031 1033 1035    0
 1032 1034 1033    0
 1028 1035 1034    0
 1033 1034 1035    0
  888  910 1037    0
  902 1036  910    0
 1032 1037 1036    0
  910 1036 1037    0
 1028 1034 1030    0
 1032 1036 1034    0
  902 1030 1036    0
 1034 1036 1030    0
  989 1040 1042    0
 1038 1041 1040    0
 1039 1042 1041    0
 1040 1041 1042    0
 1024 1044 1046    0
 1043 1045 1044    0
 1038 1046 1045    0
 1044 1045 1046    0
 1031 1047 1049    0
 1039 1048 1047    0
 1043 1049 1048    0
 1047 1048 1049    0
 1038 1045 1041    0
 1043 1048 1045    0
 1039 1041 1048    0
 1045 1048 1041    0
  888 1037 1022    0
 1032 1050 1037    0
 1021 1022 1050    0
 1037 1050 1022    0
 1031 1049 1033    0
 1043 1051 1049    0
 1032 1033 1051    0
 1049 1051 1033    0
 1024 1027 1044    0
 1021 1052 1027    0
 1043 1044 1052    0
 1027 1052 1044    0
 1032 1051 1050    0
 1043 1052 1051    0
 1021 1050 1052    0
 1051 1052 1050    0
  948 1007  951    0
 1004 1053 1007    0
  949  951 1053    0
 1007 1053  951    0
  995 1055 1012    0
 1054 1056 1055    0
 1004 1012 1056    0
 1055 1056 1012    0
  954  958 1058    0
  949 1057  958    0
 1054 1058 1057    0
  958 1057 1058    0
 1004 1056 1053    0
 1054 1057 1056    0
  949 1053 1057    0
 1056 1057 1053    0
  989 1042  992    0
 1039 1059 1042    0
  990  992 1059    0
 1042 1059  992    0
 1031 1061 1047    0
 1060 1062 1061    0
 1039 1047 1062    0
 1061 1062 1047    0
  995  999 1064    0
  990 1063  999    0
 1060 1064 1063    0
  999 1063 1064    0
 1039 1062 1059    0
 1060 1063 1062    0
  990 1059 1063    0
 1062 1063 1059    0
  856  964 1029    0
  962 1065  964    0
 1028 1029 1065    0
  964 1065 1029    0
  954 1067  968    0
 1066 1068 1067    0
  962  968 1068    0
 1067 1068  968    0
 1031 1035 1070    0
 1028 1069 1035    0
 1066 1070 1069    0
 1035 1069 1070    0
  962 1068 1065    0
 1066 1069 1068    0
 1028 1065 1069    0
 1068 1069 1065    0
  995 1064 1055    0
 1060 1071 1064    0
 1054 1055 1071    0
 1064 1071 1055    0
 1031 1070 1061    0
 1066 1072 1070    0
 1060 1061 1072    0
 1070 1072 1061    0
  954 1058 1067    0
 1054 1073 1058    0
 1066 1067 1073    0
 1058 1073 1067    0
 1060 1072 1071    0
 1066 1073 1072    0
 1054 1071 1073    0
 1072 1073 1071    0
  190 1075  939    0
 1074 1076 1075    0
  938  939 1076    0
 1075 1076  939    0
 1077 1079 1081    0
 1078 1080 1079    0
 1074 1081 1080    0
 1079 1080 1081    0
  941  945 1083    0
  938 1082  945    0
 1078 1083 1082    0
  945 1082 1083    0
 1074 1080 1076    0
 1078 1082 1080    0
  938 1076 1082    0
 1080 1082 1076    0
 1084 1087 1089    0
 1085 1088 1087    0
 1086 1089 1088    0
 1087 1088 1089    0
 1090 1092 1094    0
 1091 1093 1092    0
 1085 1094 1093    0
 1092 1093 1094    0
 1077 1095 1097    0
 1086 1096 1095    0
 1091 1097 1096    0
 1095 1096 1097    0
 1085 1093 1088    0
 1091 1096 1093    0
 1086 1088 1096    0
 1093 1096 1088    0
  948  953 1100    0
  950 1099  953    0
 1098 1100 1099    0
  953 1099 1100    0
  941 1102  959    0
 1101 1103 1102    0
  950  959 1103    0
 1102 1103  959    0
 1090 1104 1106    0
 1098 1105 1104    0
 1101 1106 1105    0
 1104 1105 1106    0
  950 1103 1099    0
 1101 1105 1103    0
 1098 1099 1105    0
 1103 1105 1099    0
 1077 1097 1079    0
 1091 1107 1097    0
 1078 1079 1107    0
 1097 1107 1079    0
 1090 1106 1092    0
 1101 1108 1106    0
 1091 1092 1108    0
 1106 1108 1092    0
  941 1083 1102    0
 1078 1109 1083    0
 1101 1102 1109    0
 1083 1109 1102    0
 1091 1108 1107    0
 1101 1109 1108    0
 1078 1107 1109    0
 1108 1109 1107    0
  378 1112 1114    0
 1110 1113 1112    0
 1111 1114 1113    0
 1112 1113 1114    0
 1115 1117 1119    0
 1116 1118 1117    0
 1110 1119 1118    0
 1117 1118 1119    0
 1120 1121 1123    0
 1111 1122 1121    0
 1116 1123 1122    0
 1121 1122 1123    0
 1110 1118 1113    0
 1116 1122 1118    0
 1111 1113 1122    0
 1118 1122 1113    0
 1124 1127 1129    0
 1125 1128 1127    0
 1126 1129 1128    0
 1127 1128 1129    0
 1130 1132 1134    0
 1131 1133 1132    0
 1125 1134 1133    0
 1132 1133 1134    0
 1115 1135 1137    0
 1126 1136 1135    0
 1131 1137 1136    0
 1135 1136 1137    0
 1125 1133 1128    0
 1131 1136 1133    0
 1126 1128 1136    0
 1133 1136 1128    0
 1084 1140 1142    0
 1138 1141 1140    0
 1139 1142 1141    0
 1140 1141 1142    0
 1120 1144 1146    0
 1143 1145 1144    0
 1138 1146 1145    0
 1144 1145 1146    0
 1130 1147 1149    0
 1139 1148 1147    0
 1143 1149 1148    0
 1147 1148 1149    0
 1138 1145 1141    0
 1143 1148 1145    0
 1139 1141 1148    0
 1145 1148 1141    0
 1115 1137 1117    0
 1131 1150 1137    0
 1116 1117 1150    0
 1137 1150 1117    0
 1130 1149 1132    0
 1143 1151 1149    0
 1131 1132 1151    0
 1149 1151 1132    0
 1120 1123 1144    0
 1116 1152 1123    0
 1143 1144 1152    0
 1123 1152 1144    0
 1131 1151 1150    0
 1143 1152 1151    0
 1116 1150 1152    0
 1151 1152 1150    0
  974  979 1155    0
  976 1154  979    0
 1153 1155 1154    0
  979 1154 1155    0
  985 1157  986    0
 1156 1158 1157    0
  976  986 1158    0
 1157 1158  986    0
 1159 1160 1162    0
 1153 1161 1160    0
 1156 1162 1161    0
 1160 1161 1162    0
  976 1158 1154    0
 1156 1161 1158    0
 1153 1154 1161    0
 1158 1161 1154    0
  948 1164 1005    0
 1163 1165 1164    0
 1003 1005 1165    0
 1164 1165 1005    0
 1166 1168 1170    0
 1167 1169 1168    0
 1163 1170 1169    0
 1168 1169 1170    0
  985 1011 1172    0
 1003 1171 1011    0
 1167 1172 1171    0
 1011 1171 1172    0
 1163 1169 1165    0
 1167 1171 1169    0
 1003 1165 1171    0
 1169 1171 1165    0
 1124 1175 1177    0
 1173 1176 1175    0
 1174 1177 1176    0
 1175 1176 1177    0
 1159 1179 1181    0
 1178 1180 1179    0
 1173 1181 1180    0
 1179 1180 1181    0
 1166 1182 1184    0
 1174 1183 1182    0
 1178 1184 1183    0
 1182 1183 1184    0
 1173 1180 1176    0
 1178 1183 1180    0
 1174 1176 1183    0
 1180 1183 1176    0
  985 1172 1157    0
 1167 1185 1172    0
 1156 1157 1185    0
 1172 1185 1157    0
 1166 1184 1168    0
 1178 1186 1184    0
 1167 1168 1186    0
 1184 1186 1168    0
 1159 1162 1179    0
 1156 1187 1162    0
 1178 1179 1187    0
 1162 1187 1179    0
 1167 1186 1185    0
 1178 1187 1186    0
 1156 1185 1187    0
 1186 1187 1185    0
 1084 1142 1087    0
 1139 1188 1142    0
 1085 1087 1188    0
 1142 1188 1087    0
 1130 1190 1147    0
 1189 1191 1190    0
 1139 1147 1191    0
 1190 1191 1147    0
 1090 1094 1193    0
 1085 1192 1094    0
 1189 1193 1192    0
 1094 1192 1193    0
 1139 1191 1188    0
 1189 1192 1191    0
 1085 1188 1192    0
 1191 1192 1188    0
 1124 1177 1127    0
 1174 1194 1177    0
 1125 1127 1194    0
 1177 1194 1127    0
 1166 1196 1182    0
 1195 1197 1196    0
 1174 1182 1197    0
 1196 1197 1182    0
 1130 1134 1199    0
 1125 1198 1134    0
 1195 1199 1198    0
 1134 1198 1199    0
 1174 1197 1194    0
 1195 1198 1197    0
 1125 1194 1198    0
 1197 1198 1194    0
  948 1100 1164    0
 1098 1200 1100    0
 1163 1164 1200    0
 1100 1200 1164    0
 1090 1202 1104    0
 1201 1203 1202    0
 1098 1104 1203    0
 1202 1203 1104    0
 1166 1170 1205    0
 1163 1204 1170    0
 1201 1205 1204    0
 1170 1204 1205    0
 1098 1203 1200    0
 1201 1204 1203    0
 1163 1200 1204    0
 1203 1204 1200    0
 1130 1199 1190    0
 1195 1206 1199    0
 1189 1190 1206    0
 1199 1206 1190    0
 1166 1205 1196    0
 1201 1207 1205    0
 1195 1196 1207    0
 1205 1207 1196    0
 1090 1193 1202    0
 1189 1208 1193    0
 1201 1202 1208    0
 1193 1208 1202    0
 1195 1207 1206    0
 1201 1208 1207    0
 1189 1206 1208    0
 1207 1208 1206    0
  190  195 1075    0
  192 1209  195    0
 1074 1075 1209    0
  195 1209 1075    0
  201 1211  202    0
 1210 1212 1211    0
  192  202 1212    0
 1211 1212  202    0
 1077 1081 1214    0
 1074 1213 1081    0
 1210 1214 1213    0
 1081 1213 1214    0
  192 1212 1209    0
 1210 1213 1212    0
 1074 1209 1213    0
 1212 1213 1209    0
  164 1216  221    0
 1215 1217 1216    0
  219  221 1217    0
 1216 1217  221    0
 1218 1220 1222    0
 1219 1221 1220    0
 1215 1222 1221    0
 1220 1221 1222    0
  201  227 1224    0
  219 1223  227    0
 1219 1224 1223    0
  227 1223 1224    0
 1215 1221 1217    0
 1219 1223 1221    0
  219 1217 1223    0
 1221 1223 1217    0
 1084 1089 1227    0
 1086 1226 1089    0
 1225 1227 1226    0
 1089 1226 1227    0
 1077 1229 1095    0
 1228 1230 1229    0
 1086 1095 1230    0
 1229 1230 1095    0
 1218 1231 1233    0
 1225 1232 1231    0
 1228 1233 1232    0
 1231 1232 1233    0
 1086 1230 1226    0
 1228 1232 1230    0
 1225 1226 1232    0
 1230 1232 1226    0
  201 1224 1211    0
 1219 1234 1224    0
 1210 1211 1234    0
 1224 1234 1211    0
 1218 1233 1220    0
 1228 1235 1233    0
 1219 1220 1235    0
 1233 1235 1220    0
 1077 1214 1229    0
 1210 1236 1214    0
 1228 1229 1236    0
 1214 1236 1229    0
 1219 1235 1234    0
 1228 1236 1235    0
 1210 1234 1236    0
 1235 1236 1234    0
    1  294  155    0
  291 1237  294    0
  154  155 1237    0
  294 1237  155    0
  300 1239  301    0
 1238 1240 1239    0
  291  301 1240    0
 1239 1240  301    0
  157  161 1242    0
  154 1241  161    0
 1238 1242 1241    0
  161 1241 1242    0
  291 1240 1237    0
 1238 1241 1240    0
  154 1237 1241    0
 1240 1241 1237    0
  318 1244  321    0
 1243 1245 1244    0
  319  321 1245    0
 1244 1245  321    0
 1246 1248 1250    0
 1247 1249 1248    0
 1243 1250 1249    0
 1248 1249 1250    0
  300  327 1252    0
  319 1251  327    0
 1247 1252 1251    0
  327 1251 1252    0
 1243 1249 1245    0
 1247 1251 1249    0
  319 1245 1251    0
 1249 1251 1245    0
  164  169 1255    0
  166 1254  169    0
 1253 1255 1254    0
  169 1254 1255    0
  157 1257  175    0
 1256 1258 1257    0
  166  175 1258    0
 1257 1258  175    0
 1246 1259 1261    0
 1253 1260 1259    0
 1256 1261 1260    0
 1259 1260 1261    0
  166 1258 1254    0
 1256 1260 1258    0
 1253 1254 1260    0
 1258 1260 1254    0
  300 1252 1239    0
 1247 1262 1252    0
 1238 1239 1262    0
 1252 1262 1239    0
 1246 1261 1248    0
 1256 1263 1261    0
 1247 1248 1263    0
 1261 1263 1248    0
  157 1242 1257    0
 1238 1264 1242    0
 1256 1257 1264    0
 1242 1264 1257    0
 1247 1263 1262    0
 1256 1264 1263    0
 1238 1262 1264    0
 1263 1264 1262    0
  378 1114  381    0
 1111 1265 1114    0
  379  381 1265    0
 1114 1265  381    0
 1120 1267 1121    0
 1266 1268 1267    0
 1111 1121 1268    0
 1267 1268 1121    0
  384  388 1270    0
  379 1269  388    0
 1266 1270 1269    0
  388 1269 1270    0
 1111 1268 1265    0
 1266 1269 1268    0
  379 1265 1269    0
 1268 1269 1265    0
 1084 1272 1140    0
 1271 1273 1272    0
 1138 1140 1273    0
 1272 1273 1140    0
 1274 1276 1278    0
 1275 1277 1276    0
 1271 1278 1277    0
 1276 1277 1278    0
 1120 1146 1280    0
 1138 1279 1146    0
 1275 1280 1279    0
 1146 1279 1280    0
 1271 1277 1273    0
 1275 1279 1277    0
 1138 1273 1279    0
 1277 1279 1273    0
  318  397 1283    0
  394 1282  397    0
 1281 1283 1282    0
  397 1282 1283    0
  384 1285  403    0
 1284 1286 1285    0
  394  403 1286    0
 1285 1286  403    0
 1274 1287 1289    0
 1281 1288 1287    0
 1284 1289 1288    0
 1287 1288 1289    0
  394 1286 1282    0
 1284 1288 1286    0
 1281 1282 1288    0
 1286 1288 1282    0
 1120 1280 1267    0
 1275 1290 1280    0
 1266 1267 1290    0
 1280 1290 1267    0
 1274 1289 1276    0
 1284 1291 1289    0
 1275 1276 1291    0
 1289 1291 1276    0
  384 1270 1285    0
 1266 1292 1270    0
 1284 1285 1292    0
 1270 1292 1285    0
 1275 1291 1290    0
 1284 1292 1291    0
 1266 1290 1292    0
 1291 1292 1290    0
  164 1255 1216    0
 1253 1293 1255    0
 1215 1216 1293    0
 1255 1293 1216    0
 1246 1295 1259    0
 1294 1296 1295    0
 1253 1259 1296    0
 1295 1296 1259    0
 1218 1222 1298    0
 1215 1297 1222    0
 1294 1298 1297    0
 1222 1297 1298    0
 1253 1296 1293    0
 1294 1297 1296    0
 1215 1293 1297    0
 1296 1297 1293    0
  318 1283 1244    0
 1281 1299 1283    0
 1243 1244 1299    0
 1283 1299 1244    0
 1274 1301 1287    0
 1300 1302 1301    0
 1281 1287 1302    0
 1301 1302 1287    0
 1246 1250 1304    0
 1243 1303 1250    0
 1300 1304 1303    0
 1250 1303 1304    0
 1281 1302 1299    0
 1300 1303 1302    0
 1243 1299 1303    0
 1302 1303 1299    0
 1084 1227 1272    0
 1225 1305 1227    0
 1271 1272 1305    0
 1227 1305 1272    0
 1218 1307 1231    0
 1306 1308 1307    0
 1225 1231 1308    0
 1307 1308 1231    0
 1274 1278 1310    0
 1271 1309 1278    0
 1306 1310 1309    0
 1278 1309 1310    0
 1225 1308 1305    0
 1306 1309 1308    0
 1271 1305 1309    0
 1308 1309 1305    0
 1246 1304 1295    0
 1300 1311 1304    0
 1294 1295 1311    0
 1304 1311 1295    0
 1274 1310 1301    0
 1306 1312 1310    0
 1300 1301 1312    0
 1310 1312 1301    0
 1218 1298 1307    0
 1294 1313 1298    0
 1306 1307 1313    0
 1298 1313 1307    0
 1300 1312 1311    0
 1306 1313 1312    0
 1294 1311 1313    0
 1312 1313 1311    0
  378 1315 1112    0
 1314 1316 1315    0
 1110 1112 1316    0
 1315 1316 1112    0
 1317 1319 1321    0
 1318 1320 1319    0
 1314 1321 1320    0
 1319 1320 1321    0
 1115 1119 1323    0
 1110 1322 1119    0
 1318 1323 1322    0
 1119 1322 1323    0
 1314 1320 1316    0
 1318 1322 1320    0
 1110 1316 1322    0
 1320 1322 1316    0
 1324 1327 1329    0
 1325 1328 1327    0
 1326 1329 1328    0
 1327 1328 1329    0
 1330 1332 1334    0
 1331 1333 1332    0
 1325 1334 1333    0
 1332 1333 1334    0
 1317 1335 1337    0
 1326 1336 1335    0
 1331 1337 1336    0
 1335 1336 1337    0
 1325 1333 1328    0
 1331 1336 1333    0
 1326 1328 1336    0
 1333 1336 1328    0
 1124 1129 1340    0
 1126 1339 1129    0
 1338 1340 1339    0
 1129 1339 1340    0
 1115 1342 1135    0
 1341 1343 1342    0
 1126 1135 1343    0
 1342 1343 1135    0
 1330 1344 1346    0
 1338 1345 1344    0
 1341 1346 1345    0
 1344 1345 1346    0
 1126 1343 1339    0
 1341 1345 1343    0
 1338 1339 1345    0
 1343 1345 1339    0
 1317 1337 1319    0
 1331 1347 1337    0
 1318 1319 1347    0
 1337 1347 1319    0
 1330 1346 1332    0
 1341 1348 1346    0
 1331 1332 1348    0
 1346 1348 1332    0
 1115 1323 1342    0
 1318 1349 1323    0
 1341 1342 1349    0
 1323 1349 1342    0
 1331 1348 1347    0
 1341 1349 1348    0
 1318 1347 1349    0
 1348 1349 1347    0
  718 1020 1352    0
 1018 1351 1020    0
 1350 1352 1351    0
 1020 1351 1352    0
 1024 1354 1025    0
 1353 1355 1354    0
 1018 1025 1355    0
 1354 1355 1025    0
 1356 1357 1359    0
 1350 1358 1357    0
 1353 1359 1358    0
 1357 1358 1359    0
 1018 1355 1351    0
 1353 1358 1355    0
 1350 1351 1358    0
 1355 1358 1351    0
  989 1361 1040    0
 1360 1362 1361    0
 1038 1040 1362    0
 1361 1362 1040    0
 1363 1365 1367    0
 1364 1366 1365    0
 1360 1367 1366    0
 1365 1366 1367    0
 1024 1046 1369    0
 1038 1368 1046    0
 1364 1369 1368    0
 1046 1368 1369    0
 1360 1366 1362    0
 1364 1368 1366    0
 1038 1362 1368    0
 1366 1368 1362    0
 1324 1372 1374    0
 1370 1373 1372    0
 1371 1374 1373    0
 1372 1373 1374    0
 1356 1376 1378    0
 1375 1377 1376    0
 1370 1378 1377    0
 1376 1377 1378    0
 1363 1379 1381    0
 1371 1380 1379    0
 1375 1381 1380    0
 1379 1380 1381    0
 1370 1377 1373    0
 1375 1380 1377    0
 1371 1373 1380    0
 1377 1380 1373    0
 1024 1369 1354    0
 1364 1382 1369    0
 1353 1354 1382    0
 1369 1382 1354    0
 1363 1381 1365    0
 1375 1383 1381    0
 1364 1365 1383    0
 1381 1383 1365    0
 1356 1359 1376    0
 1353 1384 1359    0
 1375 1376 1384    0
 1359 1384 1376    0
 1364 1383 1382    0
 1375 1384 1383    0
 1353 1382 1384    0
 1383 1384 1382    0
  974 1155  977    0
 1153 1385 1155    0
  975  977 1385    0
 1155 1385  977    0
 1159 1387 1160    0
 1386 1388 1387    0
 1153 1160 1388    0
 1387 1388 1160    0
  980  984 1390    0
  975 1389  984    0
 1386 1390 1389    0
  984 1389 1390    0
 1153 1388 1385    0
 1386 1389 1388    0
  975 1385 1389    0
 1388 1389 1385    0
 1124 1392 1175    0
 1391 1393 1392    0
 1173 1175 1393    0
 1392 1393 1175    0
 1394 1396 1398    0
 1395 1397 1396    0
 1391 1398 1397    0
 1396 1397 1398    0
 1159 1181 1400    0
 1173 1399 1181    0
 1395 1400 1399    0
 1181 1399 1400    0
 1391 1397 1393    0
 1395 1399 1397    0
 1173 1393 1399    0
 1397 1399 1393    0
  989  994 1403    0
  991 1402  994    0
 1401 1403 1402    0
  994 1402 1403    0
  980 1405 1000    0
 1404 1406 1405    0
  991 1000 1406    0
 1405 1406 1000    0
 1394 1407 1409    0
 1401 1408 1407    0
 1404 1409 1408    0
 1407 1408 1409    0
  991 1406 1402    0
 1404 1408 1406    0
 1401 1402 1408    0
 1406 1408 1402    0
 1159 1400 1387    0
 1395 1410 1400    0
 1386 1387 1410    0
 1400 1410 1387    0
 1394 1409 1396    0
 1404 1411 1409    0
 1395 1396 1411    0
 1409 1411 1396    0
  980 1390 1405    0
 1386 1412 1390    0
 1404 1405 1412    0
 1390 1412 1405    0
 1395 1411 1410    0
 1404 1412 1411    0
 1386 1410 1412    0
 1411 1412 1410    0
 1324 1374 1327    0
 1371 1413 1374    0
 1325 1327 1413    0
 1374 1413 1327    0
 1363 1415 1379    0
 1414 1416 1415    0
 1371 1379 1416    0
 1415 1416 1379    0
 1330 1334 1418    0
 1325 1417 1334    0
 1414 1418 1417    0
 1334 1417 1418    0
 1371 1416 1413    0
 1414 1417 1416    0
 1325 1413 1417    0
 1416 1417 1413    0
  989 1403 1361    0
 1401 1419 1403    0
 1360 1361 1419    0
 1403 1419 1361    0
 1394 1421 1407    0
 1420 1422 1421    0
 1401 1407 1422    0
 1421 1422 1407    0
 1363 1367 1424    0
 1360 1423 1367    0
 1420 1424 1423    0
 1367 1423 1424    0
 1401 1422 1419    0
 1420 1423 1422    0
 1360 1419 1423    0
 1422 1423 1419    0
 1124 1340 1392    0
 1338 1425 1340    0
 1391 1392 1425    0
 1340 1425 1392    0
 1330 1427 1344    0
 1426 1428 1427    0
 1338 1344 1428    0
 1427 1428 1344    0
 1394 1398 1430    0
 1391 1429 1398    0
 1426 1430 1429    0
 1398 1429 1430    0
 1338 1428 1425    0
 1426 1429 1428    0
 1391 1425 1429    0
 1428 1429 1425    0
 1363 1424 1415    0
 1420 1431 1424    0
 1414 1415 1431    0
 1424 1431 1415    0
 1394 1430 1421    0
 1426 1432 1430    0
 1420 1421 1432    0
 1430 1432 1421    0
 1330 1418 1427    0
 1414 1433 1418    0
 1426 1427 1433    0
 1418 1433 1427    0
 1420 1432 1431    0
 1426 1433 1432    0
 1414 1431 1433    0
 1432 1433 1431    0
  378  383 1315    0
  380 1434  383    0
 1314 1315 1434    0
  383 1434 1315    0
  389 1436  390    0
 1435 1437 1436    0
  380  390 1437    0
 1436 1437  390    0
 1317 1321 1439    0
 1314 1438 1321    0
 1435 1439 1438    0
 1321 1438 1439    0
  380 1437 1434    0
 1435 1438 1437    0
 1314 1434 1438    0
 1437 1438 1434    0
  349 1441  408    0
 1440 1442 1441    0
  406  408 1442    0
 1441 1442  408    0
 1443 1445 1447    0
 1444 1446 1445    0
 1440 1447 1446    0
 1445 1446 1447    0
  389  414 1449    0
  406 1448  414    0
 1444 1449 1448    0
  414 1448 1449    0
 1440 1446 1442    0
 1444 1448 1446    0
  406 1442 1448    0
 1446 1448 1442    0
 1324 1329 1452    0
 1326 1451 1329    0
 1450 1452 1451    0
 1329 1451 1452    0
 1317 1454 1335    0
 1453 1455 1454    0
 1326 1335 1455    0
 1454 1455 1335    0
 1443 1456 1458    0
 1450 1457 1456    0
 1453 1458 1457    0
 1456 1457 1458    0
 1326 1455 1451    0
 1453 1457 1455    0
 1450 1451 1457    0
 1455 1457 1451    0
  389 1449 1436    0
 1444 1459 1449    0
 1435 1436 1459    0
 1449 1459 1436    0
 1443 1458 1445    0
 1453 1460 1458    0
 1444 1445 1460    0
 1458 1460 1445    0
 1317 1439 1454    0
 1435 1461 1439    0
 1453 1454 1461    0
 1439 1461 1454    0
 1444 1460 1459    0
 1453 1461 1460    0
 1435 1459 1461    0
 1460 1461 1459    0
  334  764  337    0
  762 1462  764    0
  335  337 1462    0
  764 1462  337    0
  768 1464  769    0
 1463 1465 1464    0
  762  769 1465    0
 1464 1465  769    0
  340  344 1467    0
  335 1466  344    0
 1463 1467 1466    0
  344 1466 1467    0
  762 1465 1462    0
 1463 1466 1465    0
  335 1462 1466    0
 1465 1466 1462    0
  733 1469  784    0
 1468 1470 1469    0
  782  784 1470    0
 1469 1470  784    0
 1471 1473 1475    0
 1472 1474 1473    0
 1468 1475 1474    0
 1473 1474 1475    0
  768  790 1477    0
  782 1476  790    0
 1472 1477 1476    0
  790 1476 1477    0
 1468 1474 1470    0
 1472 1476 1474    0
  782 1470 1476    0
 1474 1476 1470    0
  349  354 1480    0
  351 1479  354    0
 1478 1480 1479    0
  354 1479 1480    0
  340 1482  360    0
 1481 1483 1482    0
  351  360 1483    0
 1482 1483  360    0
 1471 1484 1486    0
 1478 1485 1484    0
 1481 1486 1485    0
 1484 1485 1486    0
  351 1483 1479    0
 1481 1485 1483    0
 1478 1479 1485    0
 1483 1485 1479    0
  768 1477 1464    0
 1472 1487 1477    0
 1463 1464 1487    0
 1477 1487 1464    0
 1471 1486 1473    0
 1481 1488 1486    0
 1472 1473 1488    0
 1486 1488 1473    0
  340 1467 1482    0
 1463 1489 1467    0
 1481 1482 1489    0
 1467 1489 1482    0
 1472 1488 1487    0
 1481 1489 1488    0
 1463 1487 1489    0
 1488 1489 1487    0
  718 1352  721    0
 1350 1490 1352    0
  719  721 1490    0
 1352 1490  721    0
 1356 1492 1357    0
 1491 1493 1492    0
 1350 1357 1493    0
 1492 1493 1357    0
  724  728 1495    0
  719 1494  728    0
 1491 1495 1494    0
  728 1494 1495    0
 1350 1493 1490    0
 1491 1494 1493    0
  719 1490 1494    0
 1493 1494 1490    0
 1324 1497 1372    0
 1496 1498 1497    0
 1370 1372 1498    0
 1497 1498 1372    0
 1499 1501 1503    0
 1500 1502 1501    0
 1496 1503 1502    0
 1501 1502 1503    0
 1356 1378 1505    0
 1370 1504 1378    0
 1500 1505 1504    0
 1378 1504 1505    0
 1496 1502 1498    0
 1500 1504 1502    0
 1370 1498 1504    0
 1502 1504 1498    0
  733  738 1508    0
  735 1507  738    0
 1506 1508 1507    0
  738 1507 1508    0
  724 1510  744    0
 1509 1511 1510    0
  735  744 1511    0
 1510 1511  744    0
 1499 1512 1514    0
 1506 1513 1512    0
 1509 1514 1513    0
 1512 1513 1514    0
  735 1511 1507    0
 1509 1513 1511    0
 1506 1507 1513    0
 1511 1513 1507    0
 1356 1505 1492    0
 1500 1515 1505    0
 1491 1492 1515    0
 1505 1515 1492    0
 1499 1514 1501    0
 1509 1516 1514    0
 1500 1501 1516    0
 1514 1516 1501    0
  724 1495 1510    0
 1491 1517 1495    0
 1509 1510 1517    0
 1495 1517 1510    0
 1500 1516 1515    0
 1509 1517 1516    0
 1491 1515 1517    0
 1516 1517 1515    0
  349 1480 1441    0
 1478 1518 1480    0
 1440 1441 1518    0
 1480 1518 1441    0
 1471 1520 1484    0
 1519 1521 1520    0
 1478 1484 1521    0
 1520 1521 1484    0
 1443 1447 1523    0
 1440 1522 1447    0
 1519 1523 1522    0
 1447 1522 1523    0
 1478 1521 1518    0
 1519 1522 1521    0
 1440 1518 1522    0
 1521 1522 1518    0
  733 1508 1469    0
 1506 1524 1508    0
 1468 1469 1524    0
 1508 1524 1469    0
 1499 1526 1512    0
 1525 1527 1526    0
 1506 1512 1527    0
 1526 1527 1512    0
 1471 1475 1529    0
 1468 1528 1475    0
 1525 1529 1528    0
 1475 1528 1529    0
 1506 1527 1524    0
 1525 1528 1527    0
 1468 1524 1528    0
 1527 1528 1524    0
 1324 1452 1497    0
 1450 1530 1452    0
 1496 1497 1530    0
 1452 1530 1497    0
 1443 1532 1456    0
 1531 1533 1532    0
 1450 1456 1533    0
 1532 1533 1456    0
 1499 1503 1535    0
 1496 1534 1503    0
 1531 1535 1534    0
 1503 1534 1535    0
 1450 1533 1530    0
 1531 1534 1533    0
 1496 1530 1534    0
 1533 1534 1530    0
 1471 1529 1520    0
 1525 1536 1529    0
 1519 1520 1536    0
 1529 1536 1520    0
 1499 1535 1526    0
 1531 1537 1535    0
 1525 1526 1537    0
 1535 1537 1526    0
 1443 1523 1532    0
 1519 1538 1523    0
 1531 1532 1538    0
 1523 1538 1532    0
 1525 1537 1536    0
 1531 1538 1537    0
 1519 1536 1538    0
 1537 1538 1536    0
End