MeshVersion
 1
Dimension
 3
Vertices
 1026
                    0                    0                    1     0
    0.195090322016128                    0     0.98078528040323     0
                    0    0.195090322016128     0.98078528040323     0
   0.0980171403295606                    0    0.995184726672197     0
   0.0984867696244087   0.0984867696244087    0.990252852769381     0
                    0   0.0980171403295606    0.995184726672197     0
     0.38268343236509                    0    0.923879532511287     0
    0.198756853415513    0.198756853415513    0.959682982260667     0
    0.293470193670293    0.100318491325106    0.950689984024958     0
    0.197914728701508   0.0998786107280953    0.975117440763949     0
    0.290284677254462                    0    0.956940335732209     0
                    0     0.38268343236509    0.923879532511287     0
                    0    0.290284677254462    0.956940335732209     0
   0.0998786107280953    0.197914728701508    0.975117440763949     0
    0.100318491325106    0.293470193670293    0.950689984024958     0
    0.707106781186547                    0    0.707106781186547     0
    0.577350269189626    0.211324865405187    0.788675134594813     0
    0.555570233019602                    0    0.831469612302545     0
    0.647770289815384    0.106574189669187    0.754344479484572     0
    0.569815223564394    0.106288239281359    0.814870186707507     0
    0.634393284163645                    0    0.773010453362737     0
    0.408248290463863    0.408248290463863    0.816496580927726     0
    0.404615044596354    0.208846598871523    0.890320034496634     0
     0.40874890037998     0.31030659960479    0.858273936852256     0
    0.493467058338738    0.211148778438113    0.843745492253799     0
    0.497051625386297    0.312459714103783    0.809511339490079     0
    0.471396736825998                    0    0.881921264348355     0
    0.484341251861761    0.105347400655483    0.868513371756656     0
    0.395893593484548    0.105018659293459    0.912271529665426     0
                    0    0.707106781186547    0.707106781186547     0
                    0    0.555570233019602    0.831469612302545     0
    0.211324865405187    0.577350269189626    0.788675134594813     0
                    0    0.634393284163645    0.773010453362737     0
    0.106288239281359    0.569815223564394    0.814870186707507     0
    0.106574189669187    0.647770289815384    0.754344479484572     0
    0.208846598871523    0.404615044596354    0.890320034496634     0
    0.105018659293459    0.395893593484548    0.912271529665426     0
    0.105347400655483    0.484341251861761    0.868513371756656     0
                    0    0.471396736825998    0.881921264348355     0
    0.312459714103783    0.497051625386297    0.809511339490079     0
    0.211148778438113    0.493467058338738    0.843745492253799     0
     0.31030659960479     0.40874890037998    0.858273936852256     0
    0.303485283812735    0.205017253551223    0.930518462071235     0
    0.309712631841301    0.309712631841301    0.898975067149178     0
    0.205017253551223    0.303485283812735    0.930518462071235     0
                    1                    0                    0     0
     0.98078528040323    0.195090322016128                    0     0
     0.98078528040323                    0    0.195090322016128     0
    0.995184726672197   0.0980171403295606                    0     0
    0.990252852769381   0.0984867696244087   0.0984867696244087     0
    0.995184726672197                    0   0.0980171403295606     0
    0.923879532511287     0.38268343236509                    0     0
    0.959682982260667    0.198756853415513    0.198756853415513     0
    0.950689984024958    0.293470193670293    0.100318491325106     0
    0.975117440763949    0.197914728701508   0.0998786107280953     0
    0.956940335732209    0.290284677254462                    0     0
    0.923879532511287                    0     0.38268343236509     0
    0.956940335732209                    0    0.290284677254462     0
    0.975117440763949   0.0998786107280953    0.197914728701508     0
    0.950689984024958    0.100318491325106    0.293470193670293     0
    0.707106781186547    0.707106781186547                    0     0
    0.788675134594813    0.577350269189626    0.211324865405187     0
    0.831469612302545    0.555570233019602                    0     0
    0.754344479484572    0.647770289815384    0.106574189669187     0
    0.814870186707507    0.569815223564394    0.106288239281359     0
    0.773010453362737    0.634393284163645                    0     0
    0.816496580927726    0.408248290463863    0.408248290463863     0
    0.890320034496634    0.404615044596354    0.208846598871523     0
    0.858273936852256     0.40874890037998     0.31030659960479     0
    0.843745492253799    0.493467058338738    0.211148778438113     0
    0.809511339490079    0.497051625386297    0.312459714103783     0
    0.881921264348355    0.471396736825998                    0     0
    0.868513371756656    0.484341251861761    0.105347400655483     0
    0.912271529665426    0.395893593484548    0.105018659293459     0
    0.831469612302545                    0    0.555570233019602     0
    0.788675134594813    0.211324865405187    0.577350269189626     0
    0.773010453362737                    0    0.634393284163645     0
    0.814870186707507    0.106288239281359    0.569815223564394     0
    0.754344479484572    0.106574189669187    0.647770289815384     0
    0.890320034496634    0.208846598871523    0.404615044596354     0
    0.912271529665426    0.105018659293459    0.395893593484548     0
    0.868513371756656    0.105347400655483    0.484341251861761     0
    0.881921264348355                    0    0.471396736825998     0
    0.809511339490079    0.312459714103783    0.497051625386297     0
    0.843745492253799    0.211148778438113    0.493467058338738     0
    0.858273936852256     0.31030659960479     0.40874890037998     0
    0.930518462071235    0.303485283812735    0.205017253551223     0
    0.898975067149178    0.309712631841301    0.309712631841301     0
    0.930518462071235    0.205017253551223    0.303485283812735     0
                    0                    1                    0     0
                    0     0.98078528040323    0.195090322016128     0
    0.195090322016128     0.98078528040323                    0     0
                    0    0.995184726672197   0.0980171403295606     0
   0.0984867696244087    0.990252852769381   0.0984867696244087     0
   0.0980171403295606    0.995184726672197                    0     0
                    0    0.923879532511287     0.38268343236509     0
    0.198756853415513    0.959682982260667    0.198756853415513     0
    0.100318491325106    0.950689984024958    0.293470193670293     0
   0.0998786107280953    0.975117440763949    0.197914728701508     0
                    0    0.956940335732209    0.290284677254462     0
     0.38268343236509    0.923879532511287                    0     0
    0.290284677254462    0.956940335732209                    0     0
    0.197914728701508    0.975117440763949   0.0998786107280953     0
    0.293470193670293    0.950689984024958    0.100318491325106     0
    0.211324865405187    0.788675134594813    0.577350269189626     0
                    0    0.831469612302545    0.555570233019602     0
    0.106574189669187    0.754344479484572    0.647770289815384     0
    0.106288239281359    0.814870186707507    0.569815223564394     0
                    0    0.773010453362737    0.634393284163645     0
    0.408248290463863    0.816496580927726    0.408248290463863     0
    0.208846598871523    0.890320034496634    0.404615044596354     0
     0.31030659960479    0.858273936852256     0.40874890037998     0
    0.211148778438113    0.843745492253799    0.493467058338738     0
    0.312459714103783    0.809511339490079    0.497051625386297     0
                    0    0.881921264348355    0.471396736825998     0
    0.105347400655483    0.868513371756656    0.484341251861761     0
    0.105018659293459    0.912271529665426    0.395893593484548     0
    0.555570233019602    0.831469612302545                    0     0
    0.577350269189626    0.788675134594813    0.211324865405187     0
    0.634393284163645    0.773010453362737                    0     0
    0.569815223564394    0.814870186707507    0.106288239281359     0
    0.647770289815384    0.754344479484572    0.106574189669187     0
    0.404615044596354    0.890320034496634    0.208846598871523     0
    0.395893593484548    0.912271529665426    0.105018659293459     0
    0.484341251861761    0.868513371756656    0.105347400655483     0
    0.471396736825998    0.881921264348355                    0     0
    0.497051625386297    0.809511339490079    0.312459714103783     0
    0.493467058338738    0.843745492253799    0.211148778438113     0
     0.40874890037998    0.858273936852256     0.31030659960479     0
    0.205017253551223    0.930518462071235    0.303485283812735     0
    0.309712631841301    0.898975067149178    0.309712631841301     0
    0.303485283812735    0.930518462071235    0.205017253551223     0
    0.690768358169145    0.213724473808237    0.690768358169145     0
    0.639602149066831    0.426401432711221    0.639602149066831     0
    0.735924101061586    0.421838735640695    0.529592105860498     0
    0.720686637243745    0.321786831260907    0.614055377083669     0
    0.614055377083669    0.321786831260907    0.720686637243745     0
    0.529592105860498    0.421838735640695    0.735924101061586     0
    0.690768358169145    0.690768358169145    0.213724473808237     0
    0.639602149066831    0.639602149066831    0.426401432711221     0
    0.529592105860498    0.735924101061586    0.421838735640695     0
    0.614055377083669    0.720686637243745    0.321786831260907     0
    0.720686637243745    0.614055377083669    0.321786831260907     0
    0.735924101061586    0.529592105860498    0.421838735640695     0
    0.213724473808237    0.690768358169145    0.690768358169145     0
    0.426401432711221    0.639602149066831    0.639602149066831     0
    0.421838735640695    0.529592105860498    0.735924101061586     0
    0.321786831260907    0.614055377083669    0.720686637243745     0
    0.321786831260907    0.720686637243745    0.614055377083669     0
    0.421838735640695    0.735924101061586    0.529592105860498     0
    0.646996639220631    0.539163866017192    0.539163866017192     0
    0.539163866017192    0.646996639220631    0.539163866017192     0
    0.539163866017192    0.539163866017192    0.646996639220631     0
   -0.195090322016128                    0     0.98078528040323     0
  -0.0984867696244087   0.0984867696244087    0.990252852769381     0
  -0.0980171403295606                    0    0.995184726672197     0
   -0.198756853415513    0.198756853415513    0.959682982260667     0
   -0.100318491325106    0.293470193670293    0.950689984024958     0
  -0.0998786107280953    0.197914728701508    0.975117440763949     0
    -0.38268343236509                    0    0.923879532511287     0
   -0.290284677254462                    0    0.956940335732209     0
   -0.197914728701508   0.0998786107280953    0.975117440763949     0
   -0.293470193670293    0.100318491325106    0.950689984024958     0
   -0.211324865405187    0.577350269189626    0.788675134594813     0
   -0.106574189669187    0.647770289815384    0.754344479484572     0
   -0.106288239281359    0.569815223564394    0.814870186707507     0
   -0.408248290463863    0.408248290463863    0.816496580927726     0
   -0.208846598871523    0.404615044596354    0.890320034496634     0
    -0.31030659960479     0.40874890037998    0.858273936852256     0
   -0.211148778438113    0.493467058338738    0.843745492253799     0
   -0.312459714103783    0.497051625386297    0.809511339490079     0
   -0.105347400655483    0.484341251861761    0.868513371756656     0
   -0.105018659293459    0.395893593484548    0.912271529665426     0
   -0.707106781186547                    0    0.707106781186547     0
   -0.555570233019602                    0    0.831469612302545     0
   -0.577350269189626    0.211324865405187    0.788675134594813     0
   -0.634393284163645                    0    0.773010453362737     0
   -0.569815223564394    0.106288239281359    0.814870186707507     0
   -0.647770289815384    0.106574189669187    0.754344479484572     0
   -0.404615044596354    0.208846598871523    0.890320034496634     0
   -0.395893593484548    0.105018659293459    0.912271529665426     0
   -0.484341251861761    0.105347400655483    0.868513371756656     0
   -0.471396736825998                    0    0.881921264348355     0
   -0.497051625386297    0.312459714103783    0.809511339490079     0
   -0.493467058338738    0.211148778438113    0.843745492253799     0
    -0.40874890037998     0.31030659960479    0.858273936852256     0
   -0.205017253551223    0.303485283812735    0.930518462071235     0
   -0.309712631841301    0.309712631841301    0.898975067149178     0
   -0.303485283812735    0.205017253551223    0.930518462071235     0
   -0.195090322016128     0.98078528040323                    0     0
  -0.0980171403295606    0.995184726672197                    0     0
  -0.0984867696244087    0.990252852769381   0.0984867696244087     0
    -0.38268343236509    0.923879532511287                    0     0
   -0.198756853415513    0.959682982260667    0.198756853415513     0
   -0.293470193670293    0.950689984024958    0.100318491325106     0
   -0.197914728701508    0.975117440763949   0.0998786107280953     0
   -0.290284677254462    0.956940335732209                    0     0
  -0.0998786107280953    0.975117440763949    0.197914728701508     0
   -0.100318491325106    0.950689984024958    0.293470193670293     0
   -0.707106781186547    0.707106781186547                    0     0
   -0.577350269189626    0.788675134594813    0.211324865405187     0
   -0.555570233019602    0.831469612302545                    0     0
   -0.647770289815384    0.754344479484572    0.106574189669187     0
   -0.569815223564394    0.814870186707507    0.106288239281359     0
   -0.634393284163645    0.773010453362737                    0     0
   -0.408248290463863    0.816496580927726    0.408248290463863     0
   -0.404615044596354    0.890320034496634    0.208846598871523     0
    -0.40874890037998    0.858273936852256     0.31030659960479     0
   -0.493467058338738    0.843745492253799    0.211148778438113     0
   -0.497051625386297    0.809511339490079    0.312459714103783     0
   -0.471396736825998    0.881921264348355                    0     0
   -0.484341251861761    0.868513371756656    0.105347400655483     0
   -0.395893593484548    0.912271529665426    0.105018659293459     0
   -0.211324865405187    0.788675134594813    0.577350269189626     0
   -0.106288239281359    0.814870186707507    0.569815223564394     0
   -0.106574189669187    0.754344479484572    0.647770289815384     0
   -0.208846598871523    0.890320034496634    0.404615044596354     0
   -0.105018659293459    0.912271529665426    0.395893593484548     0
   -0.105347400655483    0.868513371756656    0.484341251861761     0
   -0.312459714103783    0.809511339490079    0.497051625386297     0
   -0.211148778438113    0.843745492253799    0.493467058338738     0
    -0.31030659960479    0.858273936852256     0.40874890037998     0
   -0.303485283812735    0.930518462071235    0.205017253551223     0
   -0.309712631841301    0.898975067149178    0.309712631841301     0
   -0.205017253551223    0.930518462071235    0.303485283812735     0
                   -1                    0                    0     0
    -0.98078528040323                    0    0.195090322016128     0
    -0.98078528040323    0.195090322016128                    0     0
   -0.995184726672197                    0   0.0980171403295606     0
   -0.990252852769381   0.0984867696244087   0.0984867696244087     0
   -0.995184726672197   0.0980171403295606                    0     0
   -0.923879532511287                    0     0.38268343236509     0
   -0.959682982260667    0.198756853415513    0.198756853415513     0
   -0.950689984024958    0.100318491325106    0.293470193670293     0
   -0.975117440763949   0.0998786107280953    0.197914728701508     0
   -0.956940335732209                    0    0.290284677254462     0
   -0.923879532511287     0.38268343236509                    0     0
   -0.956940335732209    0.290284677254462                    0     0
   -0.975117440763949    0.197914728701508   0.0998786107280953     0
   -0.950689984024958    0.293470193670293    0.100318491325106     0
   -0.788675134594813    0.211324865405187    0.577350269189626     0
   -0.831469612302545                    0    0.555570233019602     0
   -0.754344479484572    0.106574189669187    0.647770289815384     0
   -0.814870186707507    0.106288239281359    0.569815223564394     0
   -0.773010453362737                    0    0.634393284163645     0
   -0.816496580927726    0.408248290463863    0.408248290463863     0
   -0.890320034496634    0.208846598871523    0.404615044596354     0
   -0.858273936852256     0.31030659960479     0.40874890037998     0
   -0.843745492253799    0.211148778438113    0.493467058338738     0
   -0.809511339490079    0.312459714103783    0.497051625386297     0
   -0.881921264348355                    0    0.471396736825998     0
   -0.868513371756656    0.105347400655483    0.484341251861761     0
   -0.912271529665426    0.105018659293459    0.395893593484548     0
   -0.831469612302545    0.555570233019602                    0     0
   -0.788675134594813    0.577350269189626    0.211324865405187     0
   -0.773010453362737    0.634393284163645                    0     0
   -0.814870186707507    0.569815223564394    0.106288239281359     0
   -0.754344479484572    0.647770289815384    0.106574189669187     0
   -0.890320034496634    0.404615044596354    0.208846598871523     0
   -0.912271529665426    0.395893593484548    0.105018659293459     0
   -0.868513371756656    0.484341251861761    0.105347400655483     0
   -0.881921264348355    0.471396736825998                    0     0
   -0.809511339490079    0.497051625386297    0.312459714103783     0
   -0.843745492253799    0.493467058338738    0.211148778438113     0
   -0.858273936852256     0.40874890037998     0.31030659960479     0
   -0.930518462071235    0.205017253551223    0.303485283812735     0
   -0.898975067149178    0.309712631841301    0.309712631841301     0
   -0.930518462071235    0.303485283812735    0.205017253551223     0
   -0.213724473808237    0.690768358169145    0.690768358169145     0
   -0.426401432711221    0.639602149066831    0.639602149066831     0
   -0.421838735640695    0.735924101061586    0.529592105860498     0
   -0.321786831260907    0.720686637243745    0.614055377083669     0
   -0.321786831260907    0.614055377083669    0.720686637243745     0
   -0.421838735640695    0.529592105860498    0.735924101061586     0
   -0.690768358169145    0.690768358169145    0.213724473808237     0
   -0.639602149066831    0.639602149066831    0.426401432711221     0
   -0.735924101061586    0.529592105860498    0.421838735640695     0
   -0.720686637243745    0.614055377083669    0.321786831260907     0
   -0.614055377083669    0.720686637243745    0.321786831260907     0
   -0.529592105860498    0.735924101061586    0.421838735640695     0
   -0.690768358169145    0.213724473808237    0.690768358169145     0
   -0.639602149066831    0.426401432711221    0.639602149066831     0
   -0.529592105860498    0.421838735640695    0.735924101061586     0
   -0.614055377083669    0.321786831260907    0.720686637243745     0
   -0.720686637243745    0.321786831260907    0.614055377083669     0
   -0.735924101061586    0.421838735640695    0.529592105860498     0
   -0.539163866017192    0.646996639220631    0.539163866017192     0
   -0.646996639220631    0.539163866017192    0.539163866017192     0
   -0.539163866017192    0.539163866017192    0.646996639220631     0
                    0   -0.195090322016128     0.98078528040323     0
  -0.0984867696244087  -0.0984867696244087    0.990252852769381     0
                    0  -0.0980171403295606    0.995184726672197     0
   -0.198756853415513   -0.198756853415513    0.959682982260667     0
   -0.293470193670293   -0.100318491325106    0.950689984024958     0
   -0.197914728701508  -0.0998786107280953    0.975117440763949     0
                    0    -0.38268343236509    0.923879532511287     0
                    0   -0.290284677254462    0.956940335732209     0
  -0.0998786107280953   -0.197914728701508    0.975117440763949     0
   -0.100318491325106   -0.293470193670293    0.950689984024958     0
   -0.577350269189626   -0.211324865405187    0.788675134594813     0
   -0.647770289815384   -0.106574189669187    0.754344479484572     0
   -0.569815223564394   -0.106288239281359    0.814870186707507     0
   -0.408248290463863   -0.408248290463863    0.816496580927726     0
   -0.404615044596354   -0.208846598871523    0.890320034496634     0
    -0.40874890037998    -0.31030659960479    0.858273936852256     0
   -0.493467058338738   -0.211148778438113    0.843745492253799     0
   -0.497051625386297   -0.312459714103783    0.809511339490079     0
   -0.484341251861761   -0.105347400655483    0.868513371756656     0
   -0.395893593484548   -0.105018659293459    0.912271529665426     0
                    0   -0.707106781186547    0.707106781186547     0
                    0   -0.555570233019602    0.831469612302545     0
   -0.211324865405187   -0.577350269189626    0.788675134594813     0
                    0   -0.634393284163645    0.773010453362737     0
   -0.106288239281359   -0.569815223564394    0.814870186707507     0
   -0.106574189669187   -0.647770289815384    0.754344479484572     0
   -0.208846598871523   -0.404615044596354    0.890320034496634     0
   -0.105018659293459   -0.395893593484548    0.912271529665426     0
   -0.105347400655483   -0.484341251861761    0.868513371756656     0
                    0   -0.471396736825998    0.881921264348355     0
   -0.312459714103783   -0.497051625386297    0.809511339490079     0
   -0.211148778438113   -0.493467058338738    0.843745492253799     0
    -0.31030659960479    -0.40874890037998    0.858273936852256     0
   -0.303485283812735   -0.205017253551223    0.930518462071235     0
   -0.309712631841301   -0.309712631841301    0.898975067149178     0
   -0.205017253551223   -0.303485283812735    0.930518462071235     0
    -0.98078528040323   -0.195090322016128                    0     0
   -0.995184726672197  -0.0980171403295606                    0     0
   -0.990252852769381  -0.0984867696244087   0.0984867696244087     0
   -0.923879532511287    -0.38268343236509                    0     0
   -0.959682982260667   -0.198756853415513    0.198756853415513     0
   -0.950689984024958   -0.293470193670293    0.100318491325106     0
   -0.975117440763949   -0.197914728701508   0.0998786107280953     0
   -0.956940335732209   -0.290284677254462                    0     0
   -0.975117440763949  -0.0998786107280953    0.197914728701508     0
   -0.950689984024958   -0.100318491325106    0.293470193670293     0
   -0.707106781186547   -0.707106781186547                    0     0
   -0.788675134594813   -0.577350269189626    0.211324865405187     0
   -0.831469612302545   -0.555570233019602                    0     0
   -0.754344479484572   -0.647770289815384    0.106574189669187     0
   -0.814870186707507   -0.569815223564394    0.106288239281359     0
   -0.773010453362737   -0.634393284163645                    0     0
   -0.816496580927726   -0.408248290463863    0.408248290463863     0
   -0.890320034496634   -0.404615044596354    0.208846598871523     0
   -0.858273936852256    -0.40874890037998     0.31030659960479     0
   -0.843745492253799   -0.493467058338738    0.211148778438113     0
   -0.809511339490079   -0.497051625386297    0.312459714103783     0
   -0.881921264348355   -0.471396736825998                    0     0
   -0.868513371756656   -0.484341251861761    0.105347400655483     0
   -0.912271529665426   -0.395893593484548    0.105018659293459     0
   -0.788675134594813   -0.211324865405187    0.577350269189626     0
   -0.814870186707507   -0.106288239281359    0.569815223564394     0
   -0.754344479484572   -0.106574189669187    0.647770289815384     0
   -0.890320034496634   -0.208846598871523    0.404615044596354     0
   -0.912271529665426   -0.105018659293459    0.395893593484548     0
   -0.868513371756656   -0.105347400655483    0.484341251861761     0
   -0.809511339490079   -0.312459714103783    0.497051625386297     0
   -0.843745492253799   -0.211148778438113    0.493467058338738     0
   -0.858273936852256    -0.31030659960479     0.40874890037998     0
   -0.930518462071235   -0.303485283812735    0.205017253551223     0
   -0.898975067149178   -0.309712631841301    0.309712631841301     0
   -0.930518462071235   -0.205017253551223    0.303485283812735     0
                    0                   -1                    0     0
                    0    -0.98078528040323    0.195090322016128     0
   -0.195090322016128    -0.98078528040323                    0     0
                    0   -0.995184726672197   0.0980171403295606     0
  -0.0984867696244087   -0.990252852769381   0.0984867696244087     0
  -0.0980171403295606   -0.995184726672197                    0     0
                    0   -0.923879532511287     0.38268343236509     0
   -0.198756853415513   -0.959682982260667    0.198756853415513     0
   -0.100318491325106   -0.950689984024958    0.293470193670293     0
  -0.0998786107280953   -0.975117440763949    0.197914728701508     0
                    0   -0.956940335732209    0.290284677254462     0
    -0.38268343236509   -0.923879532511287                    0     0
   -0.290284677254462   -0.956940335732209                    0     0
   -0.197914728701508   -0.975117440763949   0.0998786107280953     0
   -0.293470193670293   -0.950689984024958    0.100318491325106     0
   -0.211324865405187   -0.788675134594813    0.577350269189626     0
                    0   -0.831469612302545    0.555570233019602     0
   -0.106574189669187   -0.754344479484572    0.647770289815384     0
   -0.106288239281359   -0.814870186707507    0.569815223564394     0
                    0   -0.773010453362737    0.634393284163645     0
   -0.408248290463863   -0.816496580927726    0.408248290463863     0
   -0.208846598871523   -0.890320034496634    0.404615044596354     0
    -0.31030659960479   -0.858273936852256     0.40874890037998     0
   -0.211148778438113   -0.843745492253799    0.493467058338738     0
   -0.312459714103783   -0.809511339490079    0.497051625386297     0
                    0   -0.881921264348355    0.471396736825998     0
   -0.105347400655483   -0.868513371756656    0.484341251861761     0
   -0.105018659293459   -0.912271529665426    0.395893593484548     0
   -0.555570233019602   -0.831469612302545                    0     0
   -0.577350269189626   -0.788675134594813    0.211324865405187     0
   -0.634393284163645   -0.773010453362737                    0     0
   -0.569815223564394   -0.814870186707507    0.106288239281359     0
   -0.647770289815384   -0.754344479484572    0.106574189669187     0
   -0.404615044596354   -0.890320034496634    0.208846598871523     0
   -0.395893593484548   -0.912271529665426    0.105018659293459     0
   -0.484341251861761   -0.868513371756656    0.105347400655483     0
   -0.471396736825998   -0.881921264348355                    0     0
   -0.497051625386297   -0.809511339490079    0.312459714103783     0
   -0.493467058338738   -0.843745492253799    0.211148778438113     0
    -0.40874890037998   -0.858273936852256     0.31030659960479     0
   -0.205017253551223   -0.930518462071235    0.303485283812735     0
   -0.309712631841301   -0.898975067149178    0.309712631841301     0
   -0.303485283812735   -0.930518462071235    0.205017253551223     0
   -0.690768358169145   -0.213724473808237    0.690768358169145     0
   -0.639602149066831   -0.426401432711221    0.639602149066831     0
   -0.735924101061586   -0.421838735640695    0.529592105860498     0
   -0.720686637243745   -0.321786831260907    0.614055377083669     0
   -0.614055377083669   -0.321786831260907    0.720686637243745     0
   -0.529592105860498   -0.421838735640695    0.735924101061586     0
   -0.690768358169145   -0.690768358169145    0.213724473808237     0
   -0.639602149066831   -0.639602149066831    0.426401432711221     0
   -0.529592105860498   -0.735924101061586    0.421838735640695     0
   -0.614055377083669   -0.720686637243745    0.321786831260907     0
   -0.720686637243745   -0.614055377083669    0.321786831260907     0
   -0.735924101061586   -0.529592105860498    0.421838735640695     0
   -0.213724473808237   -0.690768358169145    0.690768358169145     0
   -0.426401432711221   -0.639602149066831    0.639602149066831     0
   -0.421838735640695   -0.529592105860498    0.735924101061586     0
   -0.321786831260907   -0.614055377083669    0.720686637243745     0
   -0.321786831260907   -0.720686637243745    0.614055377083669     0
   -0.421838735640695   -0.735924101061586    0.529592105860498     0
   -0.646996639220631   -0.539163866017192    0.539163866017192     0
   -0.539163866017192   -0.646996639220631    0.539163866017192     0
   -0.539163866017192   -0.539163866017192    0.646996639220631     0
   0.0984867696244087  -0.0984867696244087    0.990252852769381     0
    0.198756853415513   -0.198756853415513    0.959682982260667     0
    0.100318491325106   -0.293470193670293    0.950689984024958     0
   0.0998786107280953   -0.197914728701508    0.975117440763949     0
    0.197914728701508  -0.0998786107280953    0.975117440763949     0
    0.293470193670293   -0.100318491325106    0.950689984024958     0
    0.211324865405187   -0.577350269189626    0.788675134594813     0
    0.106574189669187   -0.647770289815384    0.754344479484572     0
    0.106288239281359   -0.569815223564394    0.814870186707507     0
    0.408248290463863   -0.408248290463863    0.816496580927726     0
    0.208846598871523   -0.404615044596354    0.890320034496634     0
     0.31030659960479    -0.40874890037998    0.858273936852256     0
    0.211148778438113   -0.493467058338738    0.843745492253799     0
    0.312459714103783   -0.497051625386297    0.809511339490079     0
    0.105347400655483   -0.484341251861761    0.868513371756656     0
    0.105018659293459   -0.395893593484548    0.912271529665426     0
    0.577350269189626   -0.211324865405187    0.788675134594813     0
    0.569815223564394   -0.106288239281359    0.814870186707507     0
    0.647770289815384   -0.106574189669187    0.754344479484572     0
    0.404615044596354   -0.208846598871523    0.890320034496634     0
    0.395893593484548   -0.105018659293459    0.912271529665426     0
    0.484341251861761   -0.105347400655483    0.868513371756656     0
    0.497051625386297   -0.312459714103783    0.809511339490079     0
    0.493467058338738   -0.211148778438113    0.843745492253799     0
     0.40874890037998    -0.31030659960479    0.858273936852256     0
    0.205017253551223   -0.303485283812735    0.930518462071235     0
    0.309712631841301   -0.309712631841301    0.898975067149178     0
    0.303485283812735   -0.205017253551223    0.930518462071235     0
    0.195090322016128    -0.98078528040323                    0     0
   0.0980171403295606   -0.995184726672197                    0     0
   0.0984867696244087   -0.990252852769381   0.0984867696244087     0
     0.38268343236509   -0.923879532511287                    0     0
    0.198756853415513   -0.959682982260667    0.198756853415513     0
    0.293470193670293   -0.950689984024958    0.100318491325106     0
    0.197914728701508   -0.975117440763949   0.0998786107280953     0
    0.290284677254462   -0.956940335732209                    0     0
   0.0998786107280953   -0.975117440763949    0.197914728701508     0
    0.100318491325106   -0.950689984024958    0.293470193670293     0
    0.707106781186547   -0.707106781186547                    0     0
    0.577350269189626   -0.788675134594813    0.211324865405187     0
    0.555570233019602   -0.831469612302545                    0     0
    0.647770289815384   -0.754344479484572    0.106574189669187     0
    0.569815223564394   -0.814870186707507    0.106288239281359     0
    0.634393284163645   -0.773010453362737                    0     0
    0.408248290463863   -0.816496580927726    0.408248290463863     0
    0.404615044596354   -0.890320034496634    0.208846598871523     0
     0.40874890037998   -0.858273936852256     0.31030659960479     0
    0.493467058338738   -0.843745492253799    0.211148778438113     0
    0.497051625386297   -0.809511339490079    0.312459714103783     0
    0.471396736825998   -0.881921264348355                    0     0
    0.484341251861761   -0.868513371756656    0.105347400655483     0
    0.395893593484548   -0.912271529665426    0.105018659293459     0
    0.211324865405187   -0.788675134594813    0.577350269189626     0
    0.106288239281359   -0.814870186707507    0.569815223564394     0
    0.106574189669187   -0.754344479484572    0.647770289815384     0
    0.208846598871523   -0.890320034496634    0.404615044596354     0
    0.105018659293459   -0.912271529665426    0.395893593484548     0
    0.105347400655483   -0.868513371756656    0.484341251861761     0
    0.312459714103783   -0.809511339490079    0.497051625386297     0
    0.211148778438113   -0.843745492253799    0.493467058338738     0
     0.31030659960479   -0.858273936852256     0.40874890037998     0
    0.303485283812735   -0.930518462071235    0.205017253551223     0
    0.309712631841301   -0.898975067149178    0.309712631841301     0
    0.205017253551223   -0.930518462071235    0.303485283812735     0
     0.98078528040323   -0.195090322016128                    0     0
    0.990252852769381  -0.0984867696244087   0.0984867696244087     0
    0.995184726672197  -0.0980171403295606                    0     0
    0.959682982260667   -0.198756853415513    0.198756853415513     0
    0.950689984024958   -0.100318491325106    0.293470193670293     0
    0.975117440763949  -0.0998786107280953    0.197914728701508     0
    0.923879532511287    -0.38268343236509                    0     0
    0.956940335732209   -0.290284677254462                    0     0
    0.975117440763949   -0.197914728701508   0.0998786107280953     0
    0.950689984024958   -0.293470193670293    0.100318491325106     0
    0.788675134594813   -0.211324865405187    0.577350269189626     0
    0.754344479484572   -0.106574189669187    0.647770289815384     0
    0.814870186707507   -0.106288239281359    0.569815223564394     0
    0.816496580927726   -0.408248290463863    0.408248290463863     0
    0.890320034496634   -0.208846598871523    0.404615044596354     0
    0.858273936852256    -0.31030659960479     0.40874890037998     0
    0.843745492253799   -0.211148778438113    0.493467058338738     0
    0.809511339490079   -0.312459714103783    0.497051625386297     0
    0.868513371756656   -0.105347400655483    0.484341251861761     0
    0.912271529665426   -0.105018659293459    0.395893593484548     0
    0.831469612302545   -0.555570233019602                    0     0
    0.788675134594813   -0.577350269189626    0.211324865405187     0
    0.773010453362737   -0.634393284163645                    0     0
    0.814870186707507   -0.569815223564394    0.106288239281359     0
    0.754344479484572   -0.647770289815384    0.106574189669187     0
    0.890320034496634   -0.404615044596354    0.208846598871523     0
    0.912271529665426   -0.395893593484548    0.105018659293459     0
    0.868513371756656   -0.484341251861761    0.105347400655483     0
    0.881921264348355   -0.471396736825998                    0     0
    0.809511339490079   -0.497051625386297    0.312459714103783     0
    0.843745492253799   -0.493467058338738    0.211148778438113     0
    0.858273936852256    -0.40874890037998     0.31030659960479     0
    0.930518462071235   -0.205017253551223    0.303485283812735     0
    0.898975067149178   -0.309712631841301    0.309712631841301     0
    0.930518462071235   -0.303485283812735    0.205017253551223     0
    0.213724473808237   -0.690768358169145    0.690768358169145     0
    0.426401432711221   -0.639602149066831    0.639602149066831     0
    0.421838735640695   -0.735924101061586    0.529592105860498     0
    0.321786831260907   -0.720686637243745    0.614055377083669     0
    0.321786831260907   -0.614055377083669    0.720686637243745     0
    0.421838735640695   -0.529592105860498    0.735924101061586     0
    0.690768358169145   -0.690768358169145    0.213724473808237     0
    0.639602149066831   -0.639602149066831    0.426401432711221     0
    0.735924101061586   -0.529592105860498    0.421838735640695     0
    0.720686637243745   -0.614055377083669    0.321786831260907     0
    0.614055377083669   -0.720686637243745    0.321786831260907     0
    0.529592105860498   -0.735924101061586    0.421838735640695     0
    0.690768358169145   -0.213724473808237    0.690768358169145     0
    0.639602149066831   -0.426401432711221    0.639602149066831     0
    0.529592105860498   -0.421838735640695    0.735924101061586     0
    0.614055377083669   -0.321786831260907    0.720686637243745     0
    0.720686637243745   -0.321786831260907    0.614055377083669     0
    0.735924101061586   -0.421838735640695    0.529592105860498     0
    0.539163866017192   -0.646996639220631    0.539163866017192     0
    0.646996639220631   -0.539163866017192    0.539163866017192     0
    0.539163866017192   -0.539163866017192    0.646996639220631     0
                    0                    0                   -1     0
                    0    0.195090322016128    -0.98078528040323     0
    0.195090322016128                    0    -0.98078528040323     0
                    0   0.0980171403295606   -0.995184726672197     0
   0.0984867696244087   0.0984867696244087   -0.990252852769381     0
   0.0980171403295606                    0   -0.995184726672197     0
                    0     0.38268343236509   -0.923879532511287     0
    0.198756853415513    0.198756853415513   -0.959682982260667     0
    0.100318491325106    0.293470193670293   -0.950689984024958     0
   0.0998786107280953    0.197914728701508   -0.975117440763949     0
                    0    0.290284677254462   -0.956940335732209     0
     0.38268343236509                    0   -0.923879532511287     0
    0.290284677254462                    0   -0.956940335732209     0
    0.197914728701508   0.0998786107280953   -0.975117440763949     0
    0.293470193670293    0.100318491325106   -0.950689984024958     0
                    0    0.707106781186547   -0.707106781186547     0
    0.211324865405187    0.577350269189626   -0.788675134594813     0
                    0    0.555570233019602   -0.831469612302545     0
    0.106574189669187    0.647770289815384   -0.754344479484572     0
    0.106288239281359    0.569815223564394   -0.814870186707507     0
                    0    0.634393284163645   -0.773010453362737     0
    0.408248290463863    0.408248290463863   -0.816496580927726     0
    0.208846598871523    0.404615044596354   -0.890320034496634     0
     0.31030659960479     0.40874890037998   -0.858273936852256     0
    0.211148778438113    0.493467058338738   -0.843745492253799     0
    0.312459714103783    0.497051625386297   -0.809511339490079     0
                    0    0.471396736825998   -0.881921264348355     0
    0.105347400655483    0.484341251861761   -0.868513371756656     0
    0.105018659293459    0.395893593484548   -0.912271529665426     0
    0.707106781186547                    0   -0.707106781186547     0
    0.555570233019602                    0   -0.831469612302545     0
    0.577350269189626    0.211324865405187   -0.788675134594813     0
    0.634393284163645                    0   -0.773010453362737     0
    0.569815223564394    0.106288239281359   -0.814870186707507     0
    0.647770289815384    0.106574189669187   -0.754344479484572     0
    0.404615044596354    0.208846598871523   -0.890320034496634     0
    0.395893593484548    0.105018659293459   -0.912271529665426     0
    0.484341251861761    0.105347400655483   -0.868513371756656     0
    0.471396736825998                    0   -0.881921264348355     0
    0.497051625386297    0.312459714103783   -0.809511339490079     0
    0.493467058338738    0.211148778438113   -0.843745492253799     0
     0.40874890037998     0.31030659960479   -0.858273936852256     0
    0.205017253551223    0.303485283812735   -0.930518462071235     0
    0.309712631841301    0.309712631841301   -0.898975067149178     0
    0.303485283812735    0.205017253551223   -0.930518462071235     0
                    0     0.98078528040323   -0.195090322016128     0
   0.0984867696244087    0.990252852769381  -0.0984867696244087     0
                    0    0.995184726672197  -0.0980171403295606     0
    0.198756853415513    0.959682982260667   -0.198756853415513     0
    0.293470193670293    0.950689984024958   -0.100318491325106     0
    0.197914728701508    0.975117440763949  -0.0998786107280953     0
                    0    0.923879532511287    -0.38268343236509     0
                    0    0.956940335732209   -0.290284677254462     0
   0.0998786107280953    0.975117440763949   -0.197914728701508     0
    0.100318491325106    0.950689984024958   -0.293470193670293     0
    0.577350269189626    0.788675134594813   -0.211324865405187     0
    0.647770289815384    0.754344479484572   -0.106574189669187     0
    0.569815223564394    0.814870186707507   -0.106288239281359     0
    0.408248290463863    0.816496580927726   -0.408248290463863     0
    0.404615044596354    0.890320034496634   -0.208846598871523     0
     0.40874890037998    0.858273936852256    -0.31030659960479     0
    0.493467058338738    0.843745492253799   -0.211148778438113     0
    0.497051625386297    0.809511339490079   -0.312459714103783     0
    0.484341251861761    0.868513371756656   -0.105347400655483     0
    0.395893593484548    0.912271529665426   -0.105018659293459     0
                    0    0.831469612302545   -0.555570233019602     0
    0.211324865405187    0.788675134594813   -0.577350269189626     0
                    0    0.773010453362737   -0.634393284163645     0
    0.106288239281359    0.814870186707507   -0.569815223564394     0
    0.106574189669187    0.754344479484572   -0.647770289815384     0
    0.208846598871523    0.890320034496634   -0.404615044596354     0
    0.105018659293459    0.912271529665426   -0.395893593484548     0
    0.105347400655483    0.868513371756656   -0.484341251861761     0
                    0    0.881921264348355   -0.471396736825998     0
    0.312459714103783    0.809511339490079   -0.497051625386297     0
    0.211148778438113    0.843745492253799   -0.493467058338738     0
     0.31030659960479    0.858273936852256    -0.40874890037998     0
    0.303485283812735    0.930518462071235   -0.205017253551223     0
    0.309712631841301    0.898975067149178   -0.309712631841301     0
    0.205017253551223    0.930518462071235   -0.303485283812735     0
     0.98078528040323                    0   -0.195090322016128     0
    0.995184726672197                    0  -0.0980171403295606     0
    0.990252852769381   0.0984867696244087  -0.0984867696244087     0
    0.923879532511287                    0    -0.38268343236509     0
    0.959682982260667    0.198756853415513   -0.198756853415513     0
    0.950689984024958    0.100318491325106   -0.293470193670293     0
    0.975117440763949   0.0998786107280953   -0.197914728701508     0
    0.956940335732209                    0   -0.290284677254462     0
    0.975117440763949    0.197914728701508  -0.0998786107280953     0
    0.950689984024958    0.293470193670293   -0.100318491325106     0
    0.788675134594813    0.211324865405187   -0.577350269189626     0
    0.831469612302545                    0   -0.555570233019602     0
    0.754344479484572    0.106574189669187   -0.647770289815384     0
    0.814870186707507    0.106288239281359   -0.569815223564394     0
    0.773010453362737                    0   -0.634393284163645     0
    0.816496580927726    0.408248290463863   -0.408248290463863     0
    0.890320034496634    0.208846598871523   -0.404615044596354     0
    0.858273936852256     0.31030659960479    -0.40874890037998     0
    0.843745492253799    0.211148778438113   -0.493467058338738     0
    0.809511339490079    0.312459714103783   -0.497051625386297     0
    0.881921264348355                    0   -0.471396736825998     0
    0.868513371756656    0.105347400655483   -0.484341251861761     0
    0.912271529665426    0.105018659293459   -0.395893593484548     0
    0.788675134594813    0.577350269189626   -0.211324865405187     0
    0.814870186707507    0.569815223564394   -0.106288239281359     0
    0.754344479484572    0.647770289815384   -0.106574189669187     0
    0.890320034496634    0.404615044596354   -0.208846598871523     0
    0.912271529665426    0.395893593484548   -0.105018659293459     0
    0.868513371756656    0.484341251861761   -0.105347400655483     0
    0.809511339490079    0.497051625386297   -0.312459714103783     0
    0.843745492253799    0.493467058338738   -0.211148778438113     0
    0.858273936852256     0.40874890037998    -0.31030659960479     0
    0.930518462071235    0.205017253551223   -0.303485283812735     0
    0.898975067149178    0.309712631841301   -0.309712631841301     0
    0.930518462071235    0.303485283812735   -0.205017253551223     0
    0.213724473808237    0.690768358169145   -0.690768358169145     0
    0.426401432711221    0.639602149066831   -0.639602149066831     0
    0.421838735640695    0.735924101061586   -0.529592105860498     0
    0.321786831260907    0.720686637243745   -0.614055377083669     0
    0.321786831260907    0.614055377083669   -0.720686637243745     0
    0.421838735640695    0.529592105860498   -0.735924101061586     0
    0.690768358169145    0.690768358169145   -0.213724473808237     0
    0.639602149066831    0.639602149066831   -0.426401432711221     0
    0.735924101061586    0.529592105860498   -0.421838735640695     0
    0.720686637243745    0.614055377083669   -0.321786831260907     0
    0.614055377083669    0.720686637243745   -0.321786831260907     0
    0.529592105860498    0.735924101061586   -0.421838735640695     0
    0.690768358169145    0.213724473808237   -0.690768358169145     0
    0.639602149066831    0.426401432711221   -0.639602149066831     0
    0.529592105860498    0.421838735640695   -0.735924101061586     0
    0.614055377083669    0.321786831260907   -0.720686637243745     0
    0.720686637243745    0.321786831260907   -0.614055377083669     0
    0.735924101061586    0.421838735640695   -0.529592105860498     0
    0.539163866017192    0.646996639220631   -0.539163866017192     0
    0.646996639220631    0.539163866017192   -0.539163866017192     0
    0.539163866017192    0.539163866017192   -0.646996639220631     0
   -0.195090322016128                    0    -0.98078528040323     0
  -0.0980171403295606                    0   -0.995184726672197     0
  -0.0984867696244087   0.0984867696244087   -0.990252852769381     0
    -0.38268343236509                    0   -0.923879532511287     0
   -0.198756853415513    0.198756853415513   -0.959682982260667     0
   -0.293470193670293    0.100318491325106   -0.950689984024958     0
   -0.197914728701508   0.0998786107280953   -0.975117440763949     0
   -0.290284677254462                    0   -0.956940335732209     0
  -0.0998786107280953    0.197914728701508   -0.975117440763949     0
   -0.100318491325106    0.293470193670293   -0.950689984024958     0
   -0.707106781186547                    0   -0.707106781186547     0
   -0.577350269189626    0.211324865405187   -0.788675134594813     0
   -0.555570233019602                    0   -0.831469612302545     0
   -0.647770289815384    0.106574189669187   -0.754344479484572     0
   -0.569815223564394    0.106288239281359   -0.814870186707507     0
   -0.634393284163645                    0   -0.773010453362737     0
   -0.408248290463863    0.408248290463863   -0.816496580927726     0
   -0.404615044596354    0.208846598871523   -0.890320034496634     0
    -0.40874890037998     0.31030659960479   -0.858273936852256     0
   -0.493467058338738    0.211148778438113   -0.843745492253799     0
   -0.497051625386297    0.312459714103783   -0.809511339490079     0
   -0.471396736825998                    0   -0.881921264348355     0
   -0.484341251861761    0.105347400655483   -0.868513371756656     0
   -0.395893593484548    0.105018659293459   -0.912271529665426     0
   -0.211324865405187    0.577350269189626   -0.788675134594813     0
   -0.106288239281359    0.569815223564394   -0.814870186707507     0
   -0.106574189669187    0.647770289815384   -0.754344479484572     0
   -0.208846598871523    0.404615044596354   -0.890320034496634     0
   -0.105018659293459    0.395893593484548   -0.912271529665426     0
   -0.105347400655483    0.484341251861761   -0.868513371756656     0
   -0.312459714103783    0.497051625386297   -0.809511339490079     0
   -0.211148778438113    0.493467058338738   -0.843745492253799     0
    -0.31030659960479     0.40874890037998   -0.858273936852256     0
   -0.303485283812735    0.205017253551223   -0.930518462071235     0
   -0.309712631841301    0.309712631841301   -0.898975067149178     0
   -0.205017253551223    0.303485283812735   -0.930518462071235     0
    -0.98078528040323                    0   -0.195090322016128     0
   -0.990252852769381   0.0984867696244087  -0.0984867696244087     0
   -0.995184726672197                    0  -0.0980171403295606     0
   -0.959682982260667    0.198756853415513   -0.198756853415513     0
   -0.950689984024958    0.293470193670293   -0.100318491325106     0
   -0.975117440763949    0.197914728701508  -0.0998786107280953     0
   -0.923879532511287                    0    -0.38268343236509     0
   -0.956940335732209                    0   -0.290284677254462     0
   -0.975117440763949   0.0998786107280953   -0.197914728701508     0
   -0.950689984024958    0.100318491325106   -0.293470193670293     0
   -0.788675134594813    0.577350269189626   -0.211324865405187     0
   -0.754344479484572    0.647770289815384   -0.106574189669187     0
   -0.814870186707507    0.569815223564394   -0.106288239281359     0
   -0.816496580927726    0.408248290463863   -0.408248290463863     0
   -0.890320034496634    0.404615044596354   -0.208846598871523     0
   -0.858273936852256     0.40874890037998    -0.31030659960479     0
   -0.843745492253799    0.493467058338738   -0.211148778438113     0
   -0.809511339490079    0.497051625386297   -0.312459714103783     0
   -0.868513371756656    0.484341251861761   -0.105347400655483     0
   -0.912271529665426    0.395893593484548   -0.105018659293459     0
   -0.831469612302545                    0   -0.555570233019602     0
   -0.788675134594813    0.211324865405187   -0.577350269189626     0
   -0.773010453362737                    0   -0.634393284163645     0
   -0.814870186707507    0.106288239281359   -0.569815223564394     0
   -0.754344479484572    0.106574189669187   -0.647770289815384     0
   -0.890320034496634    0.208846598871523   -0.404615044596354     0
   -0.912271529665426    0.105018659293459   -0.395893593484548     0
   -0.868513371756656    0.105347400655483   -0.484341251861761     0
   -0.881921264348355                    0   -0.471396736825998     0
   -0.809511339490079    0.312459714103783   -0.497051625386297     0
   -0.843745492253799    0.211148778438113   -0.493467058338738     0
   -0.858273936852256     0.31030659960479    -0.40874890037998     0
   -0.930518462071235    0.303485283812735   -0.205017253551223     0
   -0.898975067149178    0.309712631841301   -0.309712631841301     0
   -0.930518462071235    0.205017253551223   -0.303485283812735     0
  -0.0984867696244087    0.990252852769381  -0.0984867696244087     0
   -0.198756853415513    0.959682982260667   -0.198756853415513     0
   -0.100318491325106    0.950689984024958   -0.293470193670293     0
  -0.0998786107280953    0.975117440763949   -0.197914728701508     0
   -0.197914728701508    0.975117440763949  -0.0998786107280953     0
   -0.293470193670293    0.950689984024958   -0.100318491325106     0
   -0.211324865405187    0.788675134594813   -0.577350269189626     0
   -0.106574189669187    0.754344479484572   -0.647770289815384     0
   -0.106288239281359    0.814870186707507   -0.569815223564394     0
   -0.408248290463863    0.816496580927726   -0.408248290463863     0
   -0.208846598871523    0.890320034496634   -0.404615044596354     0
    -0.31030659960479    0.858273936852256    -0.40874890037998     0
   -0.211148778438113    0.843745492253799   -0.493467058338738     0
   -0.312459714103783    0.809511339490079   -0.497051625386297     0
   -0.105347400655483    0.868513371756656   -0.484341251861761     0
   -0.105018659293459    0.912271529665426   -0.395893593484548     0
   -0.577350269189626    0.788675134594813   -0.211324865405187     0
   -0.569815223564394    0.814870186707507   -0.106288239281359     0
   -0.647770289815384    0.754344479484572   -0.106574189669187     0
   -0.404615044596354    0.890320034496634   -0.208846598871523     0
   -0.395893593484548    0.912271529665426   -0.105018659293459     0
   -0.484341251861761    0.868513371756656   -0.105347400655483     0
   -0.497051625386297    0.809511339490079   -0.312459714103783     0
   -0.493467058338738    0.843745492253799   -0.211148778438113     0
    -0.40874890037998    0.858273936852256    -0.31030659960479     0
   -0.205017253551223    0.930518462071235   -0.303485283812735     0
   -0.309712631841301    0.898975067149178   -0.309712631841301     0
   -0.303485283812735    0.930518462071235   -0.205017253551223     0
   -0.690768358169145    0.213724473808237   -0.690768358169145     0
   -0.639602149066831    0.426401432711221   -0.639602149066831     0
   -0.735924101061586    0.421838735640695   -0.529592105860498     0
   -0.720686637243745    0.321786831260907   -0.614055377083669     0
   -0.614055377083669    0.321786831260907   -0.720686637243745     0
   -0.529592105860498    0.421838735640695   -0.735924101061586     0
   -0.690768358169145    0.690768358169145   -0.213724473808237     0
   -0.639602149066831    0.639602149066831   -0.426401432711221     0
   -0.529592105860498    0.735924101061586   -0.421838735640695     0
   -0.614055377083669    0.720686637243745   -0.321786831260907     0
   -0.720686637243745    0.614055377083669   -0.321786831260907     0
   -0.735924101061586    0.529592105860498   -0.421838735640695     0
   -0.213724473808237    0.690768358169145   -0.690768358169145     0
   -0.426401432711221    0.639602149066831   -0.639602149066831     0
   -0.421838735640695    0.529592105860498   -0.735924101061586     0
   -0.321786831260907    0.614055377083669   -0.720686637243745     0
   -0.321786831260907    0.720686637243745   -0.614055377083669     0
   -0.421838735640695    0.735924101061586   -0.529592105860498     0
   -0.646996639220631    0.539163866017192   -0.539163866017192     0
   -0.539163866017192    0.646996639220631   -0.539163866017192     0
   -0.539163866017192    0.539163866017192   -0.646996639220631     0
                    0   -0.195090322016128    -0.98078528040323     0
                    0  -0.0980171403295606   -0.995184726672197     0
  -0.0984867696244087  -0.0984867696244087   -0.990252852769381     0
                    0    -0.38268343236509   -0.923879532511287     0
   -0.198756853415513   -0.198756853415513   -0.959682982260667     0
   -0.100318491325106   -0.293470193670293   -0.950689984024958     0
  -0.0998786107280953   -0.197914728701508   -0.975117440763949     0
                    0   -0.290284677254462   -0.956940335732209     0
   -0.197914728701508  -0.0998786107280953   -0.975117440763949     0
   -0.293470193670293   -0.100318491325106   -0.950689984024958     0
                    0   -0.707106781186547   -0.707106781186547     0
   -0.211324865405187   -0.577350269189626   -0.788675134594813     0
                    0   -0.555570233019602   -0.831469612302545     0
   -0.106574189669187   -0.647770289815384   -0.754344479484572     0
   -0.106288239281359   -0.569815223564394   -0.814870186707507     0
                    0   -0.634393284163645   -0.773010453362737     0
   -0.408248290463863   -0.408248290463863   -0.816496580927726     0
   -0.208846598871523   -0.404615044596354   -0.890320034496634     0
    -0.31030659960479    -0.40874890037998   -0.858273936852256     0
   -0.211148778438113   -0.493467058338738   -0.843745492253799     0
   -0.312459714103783   -0.497051625386297   -0.809511339490079     0
                    0   -0.471396736825998   -0.881921264348355     0
   -0.105347400655483   -0.484341251861761   -0.868513371756656     0
   -0.105018659293459   -0.395893593484548   -0.912271529665426     0
   -0.577350269189626   -0.211324865405187   -0.788675134594813     0
   -0.569815223564394   -0.106288239281359   -0.814870186707507     0
   -0.647770289815384   -0.106574189669187   -0.754344479484572     0
   -0.404615044596354   -0.208846598871523   -0.890320034496634     0
   -0.395893593484548   -0.105018659293459   -0.912271529665426     0
   -0.484341251861761   -0.105347400655483   -0.868513371756656     0
   -0.497051625386297   -0.312459714103783   -0.809511339490079     0
   -0.493467058338738   -0.211148778438113   -0.843745492253799     0
    -0.40874890037998    -0.31030659960479   -0.858273936852256     0
   -0.205017253551223   -0.303485283812735   -0.930518462071235     0
   -0.309712631841301   -0.309712631841301   -0.898975067149178     0
   -0.303485283812735   -0.205017253551223   -0.930518462071235     0
                    0    -0.98078528040323   -0.195090322016128     0
  -0.0984867696244087   -0.990252852769381  -0.0984867696244087     0
                    0   -0.995184726672197  -0.0980171403295606     0
   -0.198756853415513   -0.959682982260667   -0.198756853415513     0
   -0.293470193670293   -0.950689984024958   -0.100318491325106     0
   -0.197914728701508   -0.975117440763949  -0.0998786107280953     0
                    0   -0.923879532511287    -0.38268343236509     0
                    0   -0.956940335732209   -0.290284677254462     0
  -0.0998786107280953   -0.975117440763949   -0.197914728701508     0
   -0.100318491325106   -0.950689984024958   -0.293470193670293     0
   -0.577350269189626   -0.788675134594813   -0.211324865405187     0
   -0.647770289815384   -0.754344479484572   -0.106574189669187     0
   -0.569815223564394   -0.814870186707507   -0.106288239281359     0
   -0.408248290463863   -0.816496580927726   -0.408248290463863     0
   -0.404615044596354   -0.890320034496634   -0.208846598871523     0
    -0.40874890037998   -0.858273936852256    -0.31030659960479     0
   -0.493467058338738   -0.843745492253799   -0.211148778438113     0
   -0.497051625386297   -0.809511339490079   -0.312459714103783     0
   -0.484341251861761   -0.868513371756656   -0.105347400655483     0
   -0.395893593484548   -0.912271529665426   -0.105018659293459     0
                    0   -0.831469612302545   -0.555570233019602     0
   -0.211324865405187   -0.788675134594813   -0.577350269189626     0
                    0   -0.773010453362737   -0.634393284163645     0
   -0.106288239281359   -0.814870186707507   -0.569815223564394     0
   -0.106574189669187   -0.754344479484572   -0.647770289815384     0
   -0.208846598871523   -0.890320034496634   -0.404615044596354     0
   -0.105018659293459   -0.912271529665426   -0.395893593484548     0
   -0.105347400655483   -0.868513371756656   -0.484341251861761     0
                    0   -0.881921264348355   -0.471396736825998     0
   -0.312459714103783   -0.809511339490079   -0.497051625386297     0
   -0.211148778438113   -0.843745492253799   -0.493467058338738     0
    -0.31030659960479   -0.858273936852256    -0.40874890037998     0
   -0.303485283812735   -0.930518462071235   -0.205017253551223     0
   -0.309712631841301   -0.898975067149178   -0.309712631841301     0
   -0.205017253551223   -0.930518462071235   -0.303485283812735     0
   -0.990252852769381  -0.0984867696244087  -0.0984867696244087     0
   -0.959682982260667   -0.198756853415513   -0.198756853415513     0
   -0.950689984024958   -0.100318491325106   -0.293470193670293     0
   -0.975117440763949  -0.0998786107280953   -0.197914728701508     0
   -0.975117440763949   -0.197914728701508  -0.0998786107280953     0
   -0.950689984024958   -0.293470193670293   -0.100318491325106     0
   -0.788675134594813   -0.211324865405187   -0.577350269189626     0
   -0.754344479484572   -0.106574189669187   -0.647770289815384     0
   -0.814870186707507   -0.106288239281359   -0.569815223564394     0
   -0.816496580927726   -0.408248290463863   -0.408248290463863     0
   -0.890320034496634   -0.208846598871523   -0.404615044596354     0
   -0.858273936852256    -0.31030659960479    -0.40874890037998     0
   -0.843745492253799   -0.211148778438113   -0.493467058338738     0
   -0.809511339490079   -0.312459714103783   -0.497051625386297     0
   -0.868513371756656   -0.105347400655483   -0.484341251861761     0
   -0.912271529665426   -0.105018659293459   -0.395893593484548     0
   -0.788675134594813   -0.577350269189626   -0.211324865405187     0
   -0.814870186707507   -0.569815223564394   -0.106288239281359     0
   -0.754344479484572   -0.647770289815384   -0.106574189669187     0
   -0.890320034496634   -0.404615044596354   -0.208846598871523     0
   -0.912271529665426   -0.395893593484548   -0.105018659293459     0
   -0.868513371756656   -0.484341251861761   -0.105347400655483     0
   -0.809511339490079   -0.497051625386297   -0.312459714103783     0
   -0.843745492253799   -0.493467058338738   -0.211148778438113     0
   -0.858273936852256    -0.40874890037998    -0.31030659960479     0
   -0.930518462071235   -0.205017253551223   -0.303485283812735     0
   -0.898975067149178   -0.309712631841301   -0.309712631841301     0
   -0.930518462071235   -0.303485283812735   -0.205017253551223     0
   -0.213724473808237   -0.690768358169145   -0.690768358169145     0
   -0.426401432711221   -0.639602149066831   -0.639602149066831     0
   -0.421838735640695   -0.735924101061586   -0.529592105860498     0
   -0.321786831260907   -0.720686637243745   -0.614055377083669     0
   -0.321786831260907   -0.614055377083669   -0.720686637243745     0
   -0.421838735640695   -0.529592105860498   -0.735924101061586     0
   -0.690768358169145   -0.690768358169145   -0.213724473808237     0
   -0.639602149066831   -0.639602149066831   -0.426401432711221     0
   -0.735924101061586   -0.529592105860498   -0.421838735640695     0
   -0.720686637243745   -0.614055377083669   -0.321786831260907     0
   -0.614055377083669   -0.720686637243745   -0.321786831260907     0
   -0.529592105860498   -0.735924101061586   -0.421838735640695     0
   -0.690768358169145   -0.213724473808237   -0.690768358169145     0
   -0.639602149066831   -0.426401432711221   -0.639602149066831     0
   -0.529592105860498   -0.421838735640695   -0.735924101061586     0
   -0.614055377083669   -0.321786831260907   -0.720686637243745     0
   -0.720686637243745   -0.321786831260907   -0.614055377083669     0
   -0.735924101061586   -0.421838735640695   -0.529592105860498     0
   -0.539163866017192   -0.646996639220631   -0.539163866017192     0
   -0.646996639220631   -0.539163866017192   -0.539163866017192     0
   -0.539163866017192   -0.539163866017192   -0.646996639220631     0
   0.0984867696244087  -0.0984867696244087   -0.990252852769381     0
    0.198756853415513   -0.198756853415513   -0.959682982260667     0
    0.293470193670293   -0.100318491325106   -0.950689984024958     0
    0.197914728701508  -0.0998786107280953   -0.975117440763949     0
   0.0998786107280953   -0.197914728701508   -0.975117440763949     0
    0.100318491325106   -0.293470193670293   -0.950689984024958     0
    0.577350269189626   -0.211324865405187   -0.788675134594813     0
    0.647770289815384   -0.106574189669187   -0.754344479484572     0
    0.569815223564394   -0.106288239281359   -0.814870186707507     0
    0.408248290463863   -0.408248290463863   -0.816496580927726     0
    0.404615044596354   -0.208846598871523   -0.890320034496634     0
     0.40874890037998    -0.31030659960479   -0.858273936852256     0
    0.493467058338738   -0.211148778438113   -0.843745492253799     0
    0.497051625386297   -0.312459714103783   -0.809511339490079     0
    0.484341251861761   -0.105347400655483   -0.868513371756656     0
    0.395893593484548   -0.105018659293459   -0.912271529665426     0
    0.211324865405187   -0.577350269189626   -0.788675134594813     0
    0.106288239281359   -0.569815223564394   -0.814870186707507     0
    0.106574189669187   -0.647770289815384   -0.754344479484572     0
    0.208846598871523   -0.404615044596354   -0.890320034496634     0
    0.105018659293459   -0.395893593484548   -0.912271529665426     0
    0.105347400655483   -0.484341251861761   -0.868513371756656     0
    0.312459714103783   -0.497051625386297   -0.809511339490079     0
    0.211148778438113   -0.493467058338738   -0.843745492253799     0
     0.31030659960479    -0.40874890037998   -0.858273936852256     0
    0.303485283812735   -0.205017253551223   -0.930518462071235     0
    0.309712631841301   -0.309712631841301   -0.898975067149178     0
    0.205017253551223   -0.303485283812735   -0.930518462071235     0
    0.990252852769381  -0.0984867696244087  -0.0984867696244087     0
    0.959682982260667   -0.198756853415513   -0.198756853415513     0
    0.950689984024958   -0.293470193670293   -0.100318491325106     0
    0.975117440763949   -0.197914728701508  -0.0998786107280953     0
    0.975117440763949  -0.0998786107280953   -0.197914728701508     0
    0.950689984024958   -0.100318491325106   -0.293470193670293     0
    0.788675134594813   -0.577350269189626   -0.211324865405187     0
    0.754344479484572   -0.647770289815384   -0.106574189669187     0
    0.814870186707507   -0.569815223564394   -0.106288239281359     0
    0.816496580927726   -0.408248290463863   -0.408248290463863     0
    0.890320034496634   -0.404615044596354   -0.208846598871523     0
    0.858273936852256    -0.40874890037998    -0.31030659960479     0
    0.843745492253799   -0.493467058338738   -0.211148778438113     0
    0.809511339490079   -0.497051625386297   -0.312459714103783     0
    0.868513371756656   -0.484341251861761   -0.105347400655483     0
    0.912271529665426   -0.395893593484548   -0.105018659293459     0
    0.788675134594813   -0.211324865405187   -0.577350269189626     0
    0.814870186707507   -0.106288239281359   -0.569815223564394     0
    0.754344479484572   -0.106574189669187   -0.647770289815384     0
    0.890320034496634   -0.208846598871523   -0.404615044596354     0
    0.912271529665426   -0.105018659293459   -0.395893593484548     0
    0.868513371756656   -0.105347400655483   -0.484341251861761     0
    0.809511339490079   -0.312459714103783   -0.497051625386297     0
    0.843745492253799   -0.211148778438113   -0.493467058338738     0
    0.858273936852256    -0.31030659960479    -0.40874890037998     0
    0.930518462071235   -0.303485283812735   -0.205017253551223     0
    0.898975067149178   -0.309712631841301   -0.309712631841301     0
    0.930518462071235   -0.205017253551223   -0.303485283812735     0
   0.0984867696244087   -0.990252852769381  -0.0984867696244087     0
    0.198756853415513   -0.959682982260667   -0.198756853415513     0
    0.100318491325106   -0.950689984024958   -0.293470193670293     0
   0.0998786107280953   -0.975117440763949   -0.197914728701508     0
    0.197914728701508   -0.975117440763949  -0.0998786107280953     0
    0.293470193670293   -0.950689984024958   -0.100318491325106     0
    0.211324865405187   -0.788675134594813   -0.577350269189626     0
    0.106574189669187   -0.754344479484572   -0.647770289815384     0
    0.106288239281359   -0.814870186707507   -0.569815223564394     0
    0.408248290463863   -0.816496580927726   -0.408248290463863     0
    0.208846598871523   -0.890320034496634   -0.404615044596354     0
     0.31030659960479   -0.858273936852256    -0.40874890037998     0
    0.211148778438113   -0.843745492253799   -0.493467058338738     0
    0.312459714103783   -0.809511339490079   -0.497051625386297     0
    0.105347400655483   -0.868513371756656   -0.484341251861761     0
    0.105018659293459   -0.912271529665426   -0.395893593484548     0
    0.577350269189626   -0.788675134594813   -0.211324865405187     0
    0.569815223564394   -0.814870186707507   -0.106288239281359     0
    0.647770289815384   -0.754344479484572   -0.106574189669187     0
    0.404615044596354   -0.890320034496634   -0.208846598871523     0
    0.395893593484548   -0.912271529665426   -0.105018659293459     0
    0.484341251861761   -0.868513371756656   -0.105347400655483     0
    0.497051625386297   -0.809511339490079   -0.312459714103783     0
    0.493467058338738   -0.843745492253799   -0.211148778438113     0
     0.40874890037998   -0.858273936852256    -0.31030659960479     0
    0.205017253551223   -0.930518462071235   -0.303485283812735     0
    0.309712631841301   -0.898975067149178   -0.309712631841301     0
    0.303485283812735   -0.930518462071235   -0.205017253551223     0
    0.690768358169145   -0.213724473808237   -0.690768358169145     0
    0.639602149066831   -0.426401432711221   -0.639602149066831     0
    0.735924101061586   -0.421838735640695   -0.529592105860498     0
    0.720686637243745   -0.321786831260907   -0.614055377083669     0
    0.614055377083669   -0.321786831260907   -0.720686637243745     0
    0.529592105860498   -0.421838735640695   -0.735924101061586     0
    0.690768358169145   -0.690768358169145   -0.213724473808237     0
    0.639602149066831   -0.639602149066831   -0.426401432711221     0
    0.529592105860498   -0.735924101061586   -0.421838735640695     0
    0.614055377083669   -0.720686637243745   -0.321786831260907     0
    0.720686637243745   -0.614055377083669   -0.321786831260907     0
    0.735924101061586   -0.529592105860498   -0.421838735640695     0
    0.213724473808237   -0.690768358169145   -0.690768358169145     0
    0.426401432711221   -0.639602149066831   -0.639602149066831     0
    0.421838735640695   -0.529592105860498   -0.735924101061586     0
    0.321786831260907   -0.614055377083669   -0.720686637243745     0
    0.321786831260907   -0.720686637243745   -0.614055377083669     0
    0.421838735640695   -0.735924101061586   -0.529592105860498     0
    0.646996639220631   -0.539163866017192   -0.539163866017192     0
    0.539163866017192   -0.646996639220631   -0.539163866017192     0
    0.539163866017192   -0.539163866017192   -0.646996639220631     0
Triangles
 2048
     1     4     6     0
     2     5     4     0
     3     6     5     0
     4     5     6     0
     7     9    11     0
     8    10     9     0
     2    11    10     0
     9    10    11     0
    12    13    15     0
     3    14    13     0
     8    15    14     0
    13    14    15     0
     2    10     5     0
     8    14    10     0
     3     5    14     0
    10    14     5     0
    16    19    21     0
    17    20    19     0
    18    21    20     0
    19    20    21     0
    22    24    26     0
    23    25    24     0
    17    26    25     0
    24    25    26     0
     7    27    29     0
    18    28    27     0
    23    29    28     0
    27    28    29     0
    17    25    20     0
    23    28    25     0
    18    20    28     0
    25    28    20     0
    30    33    35     0
    31    34    33     0
    32    35    34     0
    33    34    35     0
    12    37    39     0
    36    38    37     0
    31    39    38     0
    37    38    39     0
    22    40    42     0
    32    41    40     0
    36    42    41     0
    40    41    42     0
    31    38    34     0
    36    41    38     0
    32    34    41     0
    38    41    34     0
     7    29     9     0
    23    43    29     0
     8     9    43     0
    29    43     9     0
    22    42    24     0
    36    44    42     0
    23    24    44     0
    42    44    24     0
    12    15    37     0
     8    45    15     0
    36    37    45     0
    15    45    37     0
    23    44    43     0
    36    45    44     0
     8    43    45     0
    44    45    43     0
    46    49    51     0
    47    50    49     0
    48    51    50     0
    49    50    51     0
    52    54    56     0
    53    55    54     0
    47    56    55     0
    54    55    56     0
    57    58    60     0
    48    59    58     0
    53    60    59     0
    58    59    60     0
    47    55    50     0
    53    59    55     0
    48    50    59     0
    55    59    50     0
    61    64    66     0
    62    65    64     0
    63    66    65     0
    64    65    66     0
    67    69    71     0
    68    70    69     0
    62    71    70     0
    69    70    71     0
    52    72    74     0
    63    73    72     0
    68    74    73     0
    72    73    74     0
    62    70    65     0
    68    73    70     0
    63    65    73     0
    70    73    65     0
    16    77    79     0
    75    78    77     0
    76    79    78     0
    77    78    79     0
    57    81    83     0
    80    82    81     0
    75    83    82     0
    81    82    83     0
    67    84    86     0
    76    85    84     0
    80    86    85     0
    84    85    86     0
    75    82    78     0
    80    85    82     0
    76    78    85     0
    82    85    78     0
    52    74    54     0
    68    87    74     0
    53    54    87     0
    74    87    54     0
    67    86    69     0
    80    88    86     0
    68    69    88     0
    86    88    69     0
    57    60    81     0
    53    89    60     0
    80    81    89     0
    60    89    81     0
    68    88    87     0
    80    89    88     0
    53    87    89     0
    88    89    87     0
    90    93    95     0
    91    94    93     0
    92    95    94     0
    93    94    95     0
    96    98   100     0
    97    99    98     0
    91   100    99     0
    98    99   100     0
   101   102   104     0
    92   103   102     0
    97   104   103     0
   102   103   104     0
    91    99    94     0
    97   103    99     0
    92    94   103     0
    99   103    94     0
    30   107   109     0
   105   108   107     0
   106   109   108     0
   107   108   109     0
   110   112   114     0
   111   113   112     0
   105   114   113     0
   112   113   114     0
    96   115   117     0
   106   116   115     0
   111   117   116     0
   115   116   117     0
   105   113   108     0
   111   116   113     0
   106   108   116     0
   113   116   108     0
    61   120   122     0
   118   121   120     0
   119   122   121     0
   120   121   122     0
   101   124   126     0
   123   125   124     0
   118   126   125     0
   124   125   126     0
   110   127   129     0
   119   128   127     0
   123   129   128     0
   127   128   129     0
   118   125   121     0
   123   128   125     0
   119   121   128     0
   125   128   121     0
    96   117    98     0
   111   130   117     0
    97    98   130     0
   117   130    98     0
   110   129   112     0
   123   131   129     0
   111   112   131     0
   129   131   112     0
   101   104   124     0
    97   132   104     0
   123   124   132     0
   104   132   124     0
   111   131   130     0
   123   132   131     0
    97   130   132     0
   131   132   130     0
    16    79    19     0
    76   133    79     0
    17    19   133     0
    79   133    19     0
    67   135    84     0
   134   136   135     0
    76    84   136     0
   135   136    84     0
    22    26   138     0
    17   137    26     0
   134   138   137     0
    26   137   138     0
    76   136   133     0
   134   137   136     0
    17   133   137     0
   136   137   133     0
    61   122    64     0
   119   139   122     0
    62    64   139     0
   122   139    64     0
   110   141   127     0
   140   142   141     0
   119   127   142     0
   141   142   127     0
    67    71   144     0
    62   143    71     0
   140   144   143     0
    71   143   144     0
   119   142   139     0
   140   143   142     0
    62   139   143     0
   142   143   139     0
    30    35   107     0
    32   145    35     0
   105   107   145     0
    35   145   107     0
    22   147    40     0
   146   148   147     0
    32    40   148     0
   147   148    40     0
   110   114   150     0
   105   149   114     0
   146   150   149     0
   114   149   150     0
    32   148   145     0
   146   149   148     0
   105   145   149     0
   148   149   145     0
    67   144   135     0
   140   151   144     0
   134   135   151     0
   144   151   135     0
   110   150   141     0
   146   152   150     0
   140   141   152     0
   150   152   141     0
    22   138   147     0
   134   153   138     0
   146   147   153     0
   138   153   147     0
   140   152   151     0
   146   153   152     0
   134   151   153     0
   152   153   151     0
     1     6   156     0
     3   155     6     0
   154   156   155     0
     6   155   156     0
    12   158    13     0
   157   159   158     0
     3    13   159     0
   158   159    13     0
   160   161   163     0
   154   162   161     0
   157   163   162     0
   161   162   163     0
     3   159   155     0
   157   162   159     0
   154   155   162     0
   159   162   155     0
    30   165    33     0
   164   166   165     0
    31    33   166     0
   165   166    33     0
   167   169   171     0
   168   170   169     0
   164   171   170     0
   169   170   171     0
    12    39   173     0
    31   172    39     0
   168   173   172     0
    39   172   173     0
   164   170   166     0
   168   172   170     0
    31   166   172     0
   170   172   166     0
   174   177   179     0
   175   178   177     0
   176   179   178     0
   177   178   179     0
   160   181   183     0
   180   182   181     0
   175   183   182     0
   181   182   183     0
   167   184   186     0
   176   185   184     0
   180   186   185     0
   184   185   186     0
   175   182   178     0
   180   185   182     0
   176   178   185     0
   182   185   178     0
    12   173   158     0
   168   187   173     0
   157   158   187     0
   173   187   158     0
   167   186   169     0
   180   188   186     0
   168   169   188     0
   186   188   169     0
   160   163   181     0
   157   189   163     0
   180   181   189     0
   163   189   181     0
   168   188   187     0
   180   189   188     0
   157   187   189     0
   188   189   187     0
    90   191    93     0
   190   192   191     0
    91    93   192     0
   191   192    93     0
   193   195   197     0
   194   196   195     0
   190   197   196     0
   195   196   197     0
    96   100   199     0
    91   198   100     0
   194   199   198     0
   100   198   199     0
   190   196   192     0
   194   198   196     0
    91   192   198     0
   196   198   192     0
   200   203   205     0
   201   204   203     0
   202   205   204     0
   203   204   205     0
   206   208   210     0
   207   209   208     0
   201   210   209     0
   208   209   210     0
   193   211   213     0
   202   212   211     0
   207   213   212     0
   211   212   213     0
   201   209   204     0
   207   212   209     0
   202   204   212     0
   209   212   204     0
    30   109   216     0
   106   215   109     0
   214   216   215     0
   109   215   216     0
    96   218   115     0
   217   219   218     0
   106   115   219     0
   218   219   115     0
   206   220   222     0
   214   221   220     0
   217   222   221     0
   220   221   222     0
   106   219   215     0
   217   221   219     0
   214   215   221     0
   219   221   215     0
   193   213   195     0
   207   223   213     0
   194   195   223     0
   213   223   195     0
   206   222   208     0
   217   224   222     0
   207   208   224     0
   222   224   208     0
    96   199   218     0
   194   225   199     0
   217   218   225     0
   199   225   218     0
   207   224   223     0
   217   225   224     0
   194   223   225     0
   224   225   223     0
   226   229   231     0
   227   230   229     0
   228   231   230     0
   229   230   231     0
   232   234   236     0
   233   235   234     0
   227   236   235     0
   234   235   236     0
   237   238   240     0
   228   239   238     0
   233   240   239     0
   238   239   240     0
   227   235   230     0
   233   239   235     0
   228   230   239     0
   235   239   230     0
   174   243   245     0
   241   244   243     0
   242   245   244     0
   243   244   245     0
   246   248   250     0
   247   249   248     0
   241   250   249     0
   248   249   250     0
   232   251   253     0
   242   252   251     0
   247   253   252     0
   251   252   253     0
   241   249   244     0
   247   252   249     0
   242   244   252     0
   249   252   244     0
   200   256   258     0
   254   257   256     0
   255   258   257     0
   256   257   258     0
   237   260   262     0
   259   261   260     0
   254   262   261     0
   260   261   262     0
   246   263   265     0
   255   264   263     0
   259   265   264     0
   263   264   265     0
   254   261   257     0
   259   264   261     0
   255   257   264     0
   261   264   257     0
   232   253   234     0
   247   266   253     0
   233   234   266     0
   253   266   234     0
   246   265   248     0
   259   267   265     0
   247   248   267     0
   265   267   248     0
   237   240   260     0
   233   268   240     0
   259   260   268     0
   240   268   260     0
   247   267   266     0
   259   268   267     0
   233   266   268     0
   267   268   266     0
    30   216   165     0
   214   269   216     0
   164   165   269     0
   216   269   165     0
   206   271   220     0
   270   272   271     0
   214   220   272     0
   271   272   220     0
   167   171   274     0
   164   273   171     0
   270   274   273     0
   171   273   274     0
   214   272   269     0
   270   273   272     0
   164   269   273     0
   272   273   269     0
   200   258   203     0
   255   275   258     0
   201   203   275     0
   258   275   203     0
   246   277   263     0
   276   278   277     0
   255   263   278     0
   277   278   263     0
   206   210   280     0
   201   279   210     0
   276   280   279     0
   210   279   280     0
   255   278   275     0
   276   279   278     0
   201   275   279     0
   278   279   275     0
   174   179   243     0
   176   281   179     0
   241   243   281     0
   179   281   243     0
   167   283   184     0
   282   284   283     0
   176   184   284     0
   283   284   184     0
   246   250   286     0
   241   285   250     0
   282   286   285     0
   250   285   286     0
   176   284   281     0
   282   285   284     0
   241   281   285     0
   284   285   281     0
   206   280   271     0
   276   287   280     0
   270   271   287     0
   280   287   271     0
   246   286   277     0
   282   288   286     0
   276   277   288     0
   286   288   277     0
   167   274   283     0
   270   289   274     0
   282   283   289     0
   274   289   283     0
   276   288   287     0
   282   289   288     0
   270   287   289     0
   288   289   287     0
     1   156   292     0
   154   291   156     0
   290   292   291     0
   156   291   292     0
   160   294   161     0
   293   295   294     0
   154   161   295     0
   294   295   161     0
   296   297   299     0
   290   298   297     0
   293   299   298     0
   297   298   299     0
   154   295   291     0
   293   298   295     0
   290   291   298     0
   295   298   291     0
   174   301   177     0
   300   302   301     0
   175   177   302     0
   301   302   177     0
   303   305   307     0
   304   306   305     0
   300   307   306     0
   305   306   307     0
   160   183   309     0
   175   308   183     0
   304   309   308     0
   183   308   309     0
   300   306   302     0
   304   308   306     0
   175   302   308     0
   306   308   302     0
   310   313   315     0
   311   314   313     0
   312   315   314     0
   313   314   315     0
   296   317   319     0
   316   318   317     0
   311   319   318     0
   317   318   319     0
   303   320   322     0
   312   321   320     0
   316   322   321     0
   320   321   322     0
   311   318   314     0
   316   321   318     0
   312   314   321     0
   318   321   314     0
   160   309   294     0
   304   323   309     0
   293   294   323     0
   309   323   294     0
   303   322   305     0
   316   324   322     0
   304   305   324     0
   322   324   305     0
   296   299   317     0
   293   325   299     0
   316   317   325     0
   299   325   317     0
   304   324   323     0
   316   325   324     0
   293   323   325     0
   324   325   323     0
   226   327   229     0
   326   328   327     0
   227   229   328     0
   327   328   229     0
   329   331   333     0
   330   332   331     0
   326   333   332     0
   331   332   333     0
   232   236   335     0
   227   334   236     0
   330   335   334     0
   236   334   335     0
   326   332   328     0
   330   334   332     0
   227   328   334     0
   332   334   328     0
   336   339   341     0
   337   340   339     0
   338   341   340     0
   339   340   341     0
   342   344   346     0
   343   345   344     0
   337   346   345     0
   344   345   346     0
   329   347   349     0
   338   348   347     0
   343   349   348     0
   347   348   349     0
   337   345   340     0
   343   348   345     0
   338   340   348     0
   345   348   340     0
   174   245   352     0
   242   351   245     0
   350   352   351     0
   245   351   352     0
   232   354   251     0
   353   355   354     0
   242   251   355     0
   354   355   251     0
   342   356   358     0
   350   357   356     0
   353   358   357     0
   356   357   358     0
   242   355   351     0
   353   357   355     0
   350   351   357     0
   355   357   351     0
   329   349   331     0
   343   359   349     0
   330   331   359     0
   349   359   331     0
   342   358   344     0
   353   360   358     0
   343   344   360     0
   358   360   344     0
   232   335   354     0
   330   361   335     0
   353   354   361     0
   335   361   354     0
   343   360   359     0
   353   361   360     0
   330   359   361     0
   360   361   359     0
   362   365   367     0
   363   366   365     0
   364   367   366     0
   365   366   367     0
   368   370   372     0
   369   371   370     0
   363   372   371     0
   370   371   372     0
   373   374   376     0
   364   375   374     0
   369   376   375     0
   374   375   376     0
   363   371   366     0
   369   375   371     0
   364   366   375     0
   371   375   366     0
   310   379   381     0
   377   380   379     0
   378   381   380     0
   379   380   381     0
   382   384   386     0
   383   385   384     0
   377   386   385     0
   384   385   386     0
   368   387   389     0
   378   388   387     0
   383   389   388     0
   387   388   389     0
   377   385   380     0
   383   388   385     0
   378   380   388     0
   385   388   380     0
   336   392   394     0
   390   393   392     0
   391   394   393     0
   392   393   394     0
   373   396   398     0
   395   397   396     0
   390   398   397     0
   396   397   398     0
   382   399   401     0
   391   400   399     0
   395   401   400     0
   399   400   401     0
   390   397   393     0
   395   400   397     0
   391   393   400     0
   397   400   393     0
   368   389   370     0
   383   402   389     0
   369   370   402     0
   389   402   370     0
   382   401   384     0
   395   403   401     0
   383   384   403     0
   401   403   384     0
   373   376   396     0
   369   404   376     0
   395   396   404     0
   376   404   396     0
   383   403   402     0
   395   404   403     0
   369   402   404     0
   403   404   402     0
   174   352   301     0
   350   405   352     0
   300   301   405     0
   352   405   301     0
   342   407   356     0
   406   408   407     0
   350   356   408     0
   407   408   356     0
   303   307   410     0
   300   409   307     0
   406   410   409     0
   307   409   410     0
   350   408   405     0
   406   409   408     0
   300   405   409     0
   408   409   405     0
   336   394   339     0
   391   411   394     0
   337   339   411     0
   394   411   339     0
   382   413   399     0
   412   414   413     0
   391   399   414     0
   413   414   399     0
   342   346   416     0
   337   415   346     0
   412   416   415     0
   346   415   416     0
   391   414   411     0
   412   415   414     0
   337   411   415     0
   414   415   411     0
   310   315   379     0
   312   417   315     0
   377   379   417     0
   315   417   379     0
   303   419   320     0
   418   420   419     0
   312   320   420     0
   419   420   320     0
   382   386   422     0
   377   421   386     0
   418   422   421     0
   386   421   422     0
   312   420   417     0
   418   421   420     0
   377   417   421     0
   420   421   417     0
   342   416   407     0
   412   423   416     0
   406   407   423     0
   416   423   407     0
   382   422   413     0
   418   424   422     0
   412   413   424     0
   422   424   413     0
   303   410   419     0
   406   425   410     0
   418   419   425     0
   410   425   419     0
   412   424   423     0
   418   425   424     0
   406   423   425     0
   424   425   423     0
     1   292     4     0
   290   426   292     0
     2     4   426     0
   292   426     4     0
   296   428   297     0
   427   429   428     0
   290   297   429     0
   428   429   297     0
     7    11   431     0
     2   430    11     0
   427   431   430     0
    11   430   431     0
   290   429   426     0
   427   430   429     0
     2   426   430     0
   429   430   426     0
   310   433   313     0
   432   434   433     0
   311   313   434     0
   433   434   313     0
   435   437   439     0
   436   438   437     0
   432   439   438     0
   437   438   439     0
   296   319   441     0
   311   440   319     0
   436   441   440     0
   319   440   441     0
   432   438   434     0
   436   440   438     0
   311   434   440     0
   438   440   434     0
    16    21   444     0
    18   443    21     0
   442   444   443     0
    21   443   444     0
     7   446    27     0
   445   447   446     0
    18    27   447     0
   446   447    27     0
   435   448   450     0
   442   449   448     0
   445   450   449     0
   448   449   450     0
    18   447   443     0
   445   449   447     0
   442   443   449     0
   447   449   443     0
   296   441   428     0
   436   451   441     0
   427   428   451     0
   441   451   428     0
   435   450   437     0
   445   452   450     0
   436   437   452     0
   450   452   437     0
     7   431   446     0
   427   453   431     0
   445   446   453     0
   431   453   446     0
   436   452   451     0
   445   453   452     0
   427   451   453     0
   452   453   451     0
   362   455   365     0
   454   456   455     0
   363   365   456     0
   455   456   365     0
   457   459   461     0
   458   460   459     0
   454   461   460     0
   459   460   461     0
   368   372   463     0
   363   462   372     0
   458   463   462     0
   372   462   463     0
   454   460   456     0
   458   462   460     0
   363   456   462     0
   460   462   456     0
   464   467   469     0
   465   468   467     0
   466   469   468     0
   467   468   469     0
   470   472   474     0
   471   473   472     0
   465   474   473     0
   472   473   474     0
   457   475   477     0
   466   476   475     0
   471   477   476     0
   475   476   477     0
   465   473   468     0
   471   476   473     0
   466   468   476     0
   473   476   468     0
   310   381   480     0
   378   479   381     0
   478   480   479     0
   381   479   480     0
   368   482   387     0
   481   483   482     0
   378   387   483     0
   482   483   387     0
   470   484   486     0
   478   485   484     0
   481   486   485     0
   484   485   486     0
   378   483   479     0
   481   485   483     0
   478   479   485     0
   483   485   479     0
   457   477   459     0
   471   487   477     0
   458   459   487     0
   477   487   459     0
   470   486   472     0
   481   488   486     0
   471   472   488     0
   486   488   472     0
   368   463   482     0
   458   489   463     0
   481   482   489     0
   463   489   482     0
   471   488   487     0
   481   489   488     0
   458   487   489     0
   488   489   487     0
    46    51   492     0
    48   491    51     0
   490   492   491     0
    51   491   492     0
    57   494    58     0
   493   495   494     0
    48    58   495     0
   494   495    58     0
   496   497   499     0
   490   498   497     0
   493   499   498     0
   497   498   499     0
    48   495   491     0
   493   498   495     0
   490   491   498     0
   495   498   491     0
    16   501    77     0
   500   502   501     0
    75    77   502     0
   501   502    77     0
   503   505   507     0
   504   506   505     0
   500   507   506     0
   505   506   507     0
    57    83   509     0
    75   508    83     0
   504   509   508     0
    83   508   509     0
   500   506   502     0
   504   508   506     0
    75   502   508     0
   506   508   502     0
   464   512   514     0
   510   513   512     0
   511   514   513     0
   512   513   514     0
   496   516   518     0
   515   517   516     0
   510   518   517     0
   516   517   518     0
   503   519   521     0
   511   520   519     0
   515   521   520     0
   519   520   521     0
   510   517   513     0
   515   520   517     0
   511   513   520     0
   517   520   513     0
    57   509   494     0
   504   522   509     0
   493   494   522     0
   509   522   494     0
   503   521   505     0
   515   523   521     0
   504   505   523     0
   521   523   505     0
   496   499   516     0
   493   524   499     0
   515   516   524     0
   499   524   516     0
   504   523   522     0
   515   524   523     0
   493   522   524     0
   523   524   522     0
   310   480   433     0
   478   525   480     0
   432   433   525     0
   480   525   433     0
   470   527   484     0
   526   528   527     0
   478   484   528     0
   527   528   484     0
   435   439   530     0
   432   529   439     0
   526   530   529     0
   439   529   530     0
   478   528   525     0
   526   529   528     0
   432   525   529     0
   528   529   525     0
   464   514   467     0
   511   531   514     0
   465   467   531     0
   514   531   467     0
   503   533   519     0
   532   534   533     0
   511   519   534     0
   533   534   519     0
   470   474   536     0
   465   535   474     0
   532   536   535     0
   474   535   536     0
   511   534   531     0
   532   535   534     0
   465   531   535     0
   534   535   531     0
    16   444   501     0
   442   537   444     0
   500   501   537     0
   444   537   501     0
   435   539   448     0
   538   540   539     0
   442   448   540     0
   539   540   448     0
   503   507   542     0
   500   541   507     0
   538   542   541     0
   507   541   542     0
   442   540   537     0
   538   541   540     0
   500   537   541     0
   540   541   537     0
   470   536   527     0
   532   543   536     0
   526   527   543     0
   536   543   527     0
   503   542   533     0
   538   544   542     0
   532   533   544     0
   542   544   533     0
   435   530   539     0
   526   545   530     0
   538   539   545     0
   530   545   539     0
   532   544   543     0
   538   545   544     0
   526   543   545     0
   544   545   543     0
   546   549   551     0
   547   550   549     0
   548   551   550     0
   549   550   551     0
   552   554   556     0
   553   555   554     0
   547   556   555     0
   554   555   556     0
   557   558   560     0
   548   559   558     0
   553   560   559     0
   558   559   560     0
   547   555   550     0
   553   559   555     0
   548   550   559     0
   555   559   550     0
   561   564   566     0
   562   565   564     0
   563   566   565     0
   564   565   566     0
   567   569   571     0
   568   570   569     0
   562   571   570     0
   569   570   571     0
   552   572   574     0
   563   573   572     0
   568   574   573     0
   572   573   574     0
   562   570   565     0
   568   573   570     0
   563   565   573     0
   570   573   565     0
   575   578   580     0
   576   579   578     0
   577   580   579     0
   578   579   580     0
   557   582   584     0
   581   583   582     0
   576   584   583     0
   582   583   584     0
   567   585   587     0
   577   586   585     0
   581   587   586     0
   585   586   587     0
   576   583   579     0
   581   586   583     0
   577   579   586     0
   583   586   579     0
   552   574   554     0
   568   588   574     0
   553   554   588     0
   574   588   554     0
   567   587   569     0
   581   589   587     0
   568   569   589     0
   587   589   569     0
   557   560   582     0
   553   590   560     0
   581   582   590     0
   560   590   582     0
   568   589   588     0
   581   590   589     0
   553   588   590     0
   589   590   588     0
    90    95   593     0
    92   592    95     0
   591   593   592     0
    95   592   593     0
   101   595   102     0
   594   596   595     0
    92   102   596     0
   595   596   102     0
   597   598   600     0
   591   599   598     0
   594   600   599     0
   598   599   600     0
    92   596   592     0
   594   599   596     0
   591   592   599     0
   596   599   592     0
    61   602   120     0
   601   603   602     0
   118   120   603     0
   602   603   120     0
   604   606   608     0
   605   607   606     0
   601   608   607     0
   606   607   608     0
   101   126   610     0
   118   609   126     0
   605   610   609     0
   126   609   610     0
   601   607   603     0
   605   609   607     0
   118   603   609     0
   607   609   603     0
   561   613   615     0
   611   614   613     0
   612   615   614     0
   613   614   615     0
   597   617   619     0
   616   618   617     0
   611   619   618     0
   617   618   619     0
   604   620   622     0
   612   621   620     0
   616   622   621     0
   620   621   622     0
   611   618   614     0
   616   621   618     0
   612   614   621     0
   618   621   614     0
   101   610   595     0
   605   623   610     0
   594   595   623     0
   610   623   595     0
   604   622   606     0
   616   624   622     0
   605   606   624     0
   622   624   606     0
   597   600   617     0
   594   625   600     0
   616   617   625     0
   600   625   617     0
   605   624   623     0
   616   625   624     0
   594   623   625     0
   624   625   623     0
    46   627    49     0
   626   628   627     0
    47    49   628     0
   627   628    49     0
   629   631   633     0
   630   632   631     0
   626   633   632     0
   631   632   633     0
    52    56   635     0
    47   634    56     0
   630   635   634     0
    56   634   635     0
   626   632   628     0
   630   634   632     0
    47   628   634     0
   632   634   628     0
   575   638   640     0
   636   639   638     0
   637   640   639     0
   638   639   640     0
   641   643   645     0
   642   644   643     0
   636   645   644     0
   643   644   645     0
   629   646   648     0
   637   647   646     0
   642   648   647     0
   646   647   648     0
   636   644   639     0
   642   647   644     0
   637   639   647     0
   644   647   639     0
    61    66   651     0
    63   650    66     0
   649   651   650     0
    66   650   651     0
    52   653    72     0
   652   654   653     0
    63    72   654     0
   653   654    72     0
   641   655   657     0
   649   656   655     0
   652   657   656     0
   655   656   657     0
    63   654   650     0
   652   656   654     0
   649   650   656     0
   654   656   650     0
   629   648   631     0
   642   658   648     0
   630   631   658     0
   648   658   631     0
   641   657   643     0
   652   659   657     0
   642   643   659     0
   657   659   643     0
    52   635   653     0
   630   660   635     0
   652   653   660     0
   635   660   653     0
   642   659   658     0
   652   660   659     0
   630   658   660     0
   659   660   658     0
   561   615   564     0
   612   661   615     0
   562   564   661     0
   615   661   564     0
   604   663   620     0
   662   664   663     0
   612   620   664     0
   663   664   620     0
   567   571   666     0
   562   665   571     0
   662   666   665     0
   571   665   666     0
   612   664   661     0
   662   665   664     0
   562   661   665     0
   664   665   661     0
    61   651   602     0
   649   667   651     0
   601   602   667     0
   651   667   602     0
   641   669   655     0
   668   670   669     0
   649   655   670     0
   669   670   655     0
   604   608   672     0
   601   671   608     0
   668   672   671     0
   608   671   672     0
   649   670   667     0
   668   671   670     0
   601   667   671     0
   670   671   667     0
   575   580   638     0
   577   673   580     0
   636   638   673     0
   580   673   638     0
   567   675   585     0
   674   676   675     0
   577   585   676     0
   675   676   585     0
   641   645   678     0
   636   677   645     0
   674   678   677     0
   645   677   678     0
   577   676   673     0
   674   677   676     0
   636   673   677     0
   676   677   673     0
   604   672   663     0
   668   679   672     0
   662   663   679     0
   672   679   663     0
   641   678   669     0
   674   680   678     0
   668   669   680     0
   678   680   669     0
   567   666   675     0
   662   681   666     0
   674   675   681     0
   666   681   675     0
   668   680   679     0
   674   681   680     0
   662   679   681     0
   680   681   679     0
   546   683   549     0
   682   684   683     0
   547   549   684     0
   683   684   549     0
   685   687   689     0
   686   688   687     0
   682   689   688     0
   687   688   689     0
   552   556   691     0
   547   690   556     0
   686   691   690     0
   556   690   691     0
   682   688   684     0
   686   690   688     0
   547   684   690     0
   688   690   684     0
   692   695   697     0
   693   696   695     0
   694   697   696     0
   695   696   697     0
   698   700   702     0
   699   701   700     0
   693   702   701     0
   700   701   702     0
   685   703   705     0
   694   704   703     0
   699   705   704     0
   703   704   705     0
   693   701   696     0
   699   704   701     0
   694   696   704     0
   701   704   696     0
   561   566   708     0
   563   707   566     0
   706   708   707     0
   566   707   708     0
   552   710   572     0
   709   711   710     0
   563   572   711     0
   710   711   572     0
   698   712   714     0
   706   713   712     0
   709   714   713     0
   712   713   714     0
   563   711   707     0
   709   713   711     0
   706   707   713     0
   711   713   707     0
   685   705   687     0
   699   715   705     0
   686   687   715     0
   705   715   687     0
   698   714   700     0
   709   716   714     0
   699   700   716     0
   714   716   700     0
   552   691   710     0
   686   717   691     0
   709   710   717     0
   691   717   710     0
   699   716   715     0
   709   717   716     0
   686   715   717     0
   716   717   715     0
   226   231   720     0
   228   719   231     0
   718   720   719     0
   231   719   720     0
   237   722   238     0
   721   723   722     0
   228   238   723     0
   722   723   238     0
   724   725   727     0
   718   726   725     0
   721   727   726     0
   725   726   727     0
   228   723   719     0
   721   726   723     0
   718   719   726     0
   723   726   719     0
   200   729   256     0
   728   730   729     0
   254   256   730     0
   729   730   256     0
   731   733   735     0
   732   734   733     0
   728   735   734     0
   733   734   735     0
   237   262   737     0
   254   736   262     0
   732   737   736     0
   262   736   737     0
   728   734   730     0
   732   736   734     0
   254   730   736     0
   734   736   730     0
   692   740   742     0
   738   741   740     0
   739   742   741     0
   740   741   742     0
   724   744   746     0
   743   745   744     0
   738   746   745     0
   744   745   746     0
   731   747   749     0
   739   748   747     0
   743   749   748     0
   747   748   749     0
   738   745   741     0
   743   748   745     0
   739   741   748     0
   745   748   741     0
   237   737   722     0
   732   750   737     0
   721   722   750     0
   737   750   722     0
   731   749   733     0
   743   751   749     0
   732   733   751     0
   749   751   733     0
   724   727   744     0
   721   752   727     0
   743   744   752     0
   727   752   744     0
   732   751   750     0
   743   752   751     0
   721   750   752     0
   751   752   750     0
    90   593   191     0
   591   753   593     0
   190   191   753     0
   593   753   191     0
   597   755   598     0
   754   756   755     0
   591   598   756     0
   755   756   598     0
   193   197   758     0
   190   757   197     0
   754   758   757     0
   197   757   758     0
   591   756   753     0
   754   757   756     0
   190   753   757     0
   756   757   753     0
   561   760   613     0
   759   761   760     0
   611   613   761     0
   760   761   613     0
   762   764   766     0
   763   765   764     0
   759   766   765     0
   764   765   766     0
   597   619   768     0
   611   767   619     0
   763   768   767     0
   619   767   768     0
   759   765   761     0
   763   767   765     0
   611   761   767     0
   765   767   761     0
   200   205   771     0
   202   770   205     0
   769   771   770     0
   205   770   771     0
   193   773   211     0
   772   774   773     0
   202   211   774     0
   773   774   211     0
   762   775   777     0
   769   776   775     0
   772   777   776     0
   775   776   777     0
   202   774   770     0
   772   776   774     0
   769   770   776     0
   774   776   770     0
   597   768   755     0
   763   778   768     0
   754   755   778     0
   768   778   755     0
   762   777   764     0
   772   779   777     0
   763   764   779     0
   777   779   764     0
   193   758   773     0
   754   780   758     0
   772   773   780     0
   758   780   773     0
   763   779   778     0
   772   780   779     0
   754   778   780     0
   779   780   778     0
   692   742   695     0
   739   781   742     0
   693   695   781     0
   742   781   695     0
   731   783   747     0
   782   784   783     0
   739   747   784     0
   783   784   747     0
   698   702   786     0
   693   785   702     0
   782   786   785     0
   702   785   786     0
   739   784   781     0
   782   785   784     0
   693   781   785     0
   784   785   781     0
   200   771   729     0
   769   787   771     0
   728   729   787     0
   771   787   729     0
   762   789   775     0
   788   790   789     0
   769   775   790     0
   789   790   775     0
   731   735   792     0
   728   791   735     0
   788   792   791     0
   735   791   792     0
   769   790   787     0
   788   791   790     0
   728   787   791     0
   790   791   787     0
   561   708   760     0
   706   793   708     0
   759   760   793     0
   708   793   760     0
   698   795   712     0
   794   796   795     0
   706   712   796     0
   795   796   712     0
   762   766   798     0
   759   797   766     0
   794   798   797     0
   766   797   798     0
   706   796   793     0
   794   797   796     0
   759   793   797     0
   796   797   793     0
   731   792   783     0
   788   799   792     0
   782   783   799     0
   792   799   783     0
   762   798   789     0
   794   800   798     0
   788   789   800     0
   798   800   789     0
   698   786   795     0
   782   801   786     0
   794   795   801     0
   786   801   795     0
   788   800   799     0
   794   801   800     0
   782   799   801     0
   800   801   799     0
   546   803   683     0
   802   804   803     0
   682   683   804     0
   803   804   683     0
   805   807   809     0
   806   808   807     0
   802   809   808     0
   807   808   809     0
   685   689   811     0
   682   810   689     0
   806   811   810     0
   689   810   811     0
   802   808   804     0
   806   810   808     0
   682   804   810     0
   808   810   804     0
   812   815   817     0
   813   816   815     0
   814   817   816     0
   815   816   817     0
   818   820   822     0
   819   821   820     0
   813   822   821     0
   820   821   822     0
   805   823   825     0
   814   824   823     0
   819   825   824     0
   823   824   825     0
   813   821   816     0
   819   824   821     0
   814   816   824     0
   821   824   816     0
   692   697   828     0
   694   827   697     0
   826   828   827     0
   697   827   828     0
   685   830   703     0
   829   831   830     0
   694   703   831     0
   830   831   703     0
   818   832   834     0
   826   833   832     0
   829   834   833     0
   832   833   834     0
   694   831   827     0
   829   833   831     0
   826   827   833     0
   831   833   827     0
   805   825   807     0
   819   835   825     0
   806   807   835     0
   825   835   807     0
   818   834   820     0
   829   836   834     0
   819   820   836     0
   834   836   820     0
   685   811   830     0
   806   837   811     0
   829   830   837     0
   811   837   830     0
   819   836   835     0
   829   837   836     0
   806   835   837     0
   836   837   835     0
   362   367   840     0
   364   839   367     0
   838   840   839     0
   367   839   840     0
   373   842   374     0
   841   843   842     0
   364   374   843     0
   842   843   374     0
   844   845   847     0
   838   846   845     0
   841   847   846     0
   845   846   847     0
   364   843   839     0
   841   846   843     0
   838   839   846     0
   843   846   839     0
   336   849   392     0
   848   850   849     0
   390   392   850     0
   849   850   392     0
   851   853   855     0
   852   854   853     0
   848   855   854     0
   853   854   855     0
   373   398   857     0
   390   856   398     0
   852   857   856     0
   398   856   857     0
   848   854   850     0
   852   856   854     0
   390   850   856     0
   854   856   850     0
   812   860   862     0
   858   861   860     0
   859   862   861     0
   860   861   862     0
   844   864   866     0
   863   865   864     0
   858   866   865     0
   864   865   866     0
   851   867   869     0
   859   868   867     0
   863   869   868     0
   867   868   869     0
   858   865   861     0
   863   868   865     0
   859   861   868     0
   865   868   861     0
   373   857   842     0
   852   870   857     0
   841   842   870     0
   857   870   842     0
   851   869   853     0
   863   871   869     0
   852   853   871     0
   869   871   853     0
   844   847   864     0
   841   872   847     0
   863   864   872     0
   847   872   864     0
   852   871   870     0
   863   872   871     0
   841   870   872     0
   871   872   870     0
   226   720   327     0
   718   873   720     0
   326   327   873     0
   720   873   327     0
   724   875   725     0
   874   876   875     0
   718   725   876     0
   875   876   725     0
   329   333   878     0
   326   877   333     0
   874   878   877     0
   333   877   878     0
   718   876   873     0
   874   877   876     0
   326   873   877     0
   876   877   873     0
   692   880   740     0
   879   881   880     0
   738   740   881     0
   880   881   740     0
   882   884   886     0
   883   885   884     0
   879   886   885     0
   884   885   886     0
   724   746   888     0
   738   887   746     0
   883   888   887     0
   746   887   888     0
   879   885   881     0
   883   887   885     0
   738   881   887     0
   885   887   881     0
   336   341   891     0
   338   890   341     0
   889   891   890     0
   341   890   891     0
   329   893   347     0
   892   894   893     0
   338   347   894     0
   893   894   347     0
   882   895   897     0
   889   896   895     0
   892   897   896     0
   895   896   897     0
   338   894   890     0
   892   896   894     0
   889   890   896     0
   894   896   890     0
   724   888   875     0
   883   898   888     0
   874   875   898     0
   888   898   875     0
   882   897   884     0
   892   899   897     0
   883   884   899     0
   897   899   884     0
   329   878   893     0
   874   900   878     0
   892   893   900     0
   878   900   893     0
   883   899   898     0
   892   900   899     0
   874   898   900     0
   899   900   898     0
   812   862   815     0
   859   901   862     0
   813   815   901     0
   862   901   815     0
   851   903   867     0
   902   904   903     0
   859   867   904     0
   903   904   867     0
   818   822   906     0
   813   905   822     0
   902   906   905     0
   822   905   906     0
   859   904   901     0
   902   905   904     0
   813   901   905     0
   904   905   901     0
   336   891   849     0
   889   907   891     0
   848   849   907     0
   891   907   849     0
   882   909   895     0
   908   910   909     0
   889   895   910     0
   909   910   895     0
   851   855   912     0
   848   911   855     0
   908   912   911     0
   855   911   912     0
   889   910   907     0
   908   911   910     0
   848   907   911     0
   910   911   907     0
   692   828   880     0
   826   913   828     0
   879   880   913     0
   828   913   880     0
   818   915   832     0
   914   916   915     0
   826   832   916     0
   915   916   832     0
   882   886   918     0
   879   917   886     0
   914   918   917     0
   886   917   918     0
   826   916   913     0
   914   917   916     0
   879   913   917     0
   916   917   913     0
   851   912   903     0
   908   919   912     0
   902   903   919     0
   912   919   903     0
   882   918   909     0
   914   920   918     0
   908   909   920     0
   918   920   909     0
   818   906   915     0
   902   921   906     0
   914   915   921     0
   906   921   915     0
   908   920   919     0
   914   921   920     0
   902   919   921     0
   920   921   919     0
   546   551   803     0
   548   922   551     0
   802   803   922     0
   551   922   803     0
   557   924   558     0
   923   925   924     0
   548   558   925     0
   924   925   558     0
   805   809   927     0
   802   926   809     0
   923   927   926     0
   809   926   927     0
   548   925   922     0
   923   926   925     0
   802   922   926     0
   925   926   922     0
   575   929   578     0
   928   930   929     0
   576   578   930     0
   929   930   578     0
   931   933   935     0
   932   934   933     0
   928   935   934     0
   933   934   935     0
   557   584   937     0
   576   936   584     0
   932   937   936     0
   584   936   937     0
   928   934   930     0
   932   936   934     0
   576   930   936     0
   934   936   930     0
   812   817   940     0
   814   939   817     0
   938   940   939     0
   817   939   940     0
   805   942   823     0
   941   943   942     0
   814   823   943     0
   942   943   823     0
   931   944   946     0
   938   945   944     0
   941   946   945     0
   944   945   946     0
   814   943   939     0
   941   945   943     0
   938   939   945     0
   943   945   939     0
   557   937   924     0
   932   947   937     0
   923   924   947     0
   937   947   924     0
   931   946   933     0
   941   948   946     0
   932   933   948     0
   946   948   933     0
   805   927   942     0
   923   949   927     0
   941   942   949     0
   927   949   942     0
   932   948   947     0
   941   949   948     0
   923   947   949     0
   948   949   947     0
    46   492   627     0
   490   950   492     0
   626   627   950     0
   492   950   627     0
   496   952   497     0
   951   953   952     0
   490   497   953     0
   952   953   497     0
   629   633   955     0
   626   954   633     0
   951   955   954     0
   633   954   955     0
   490   953   950     0
   951   954   953     0
   626   950   954     0
   953   954   950     0
   464   957   512     0
   956   958   957     0
   510   512   958     0
   957   958   512     0
   959   961   963     0
   960   962   961     0
   956   963   962     0
   961   962   963     0
   496   518   965     0
   510   964   518     0
   960   965   964     0
   518   964   965     0
   956   962   958     0
   960   964   962     0
   510   958   964     0
   962   964   958     0
   575   640   968     0
   637   967   640     0
   966   968   967     0
   640   967   968     0
   629   970   646     0
   969   971   970     0
   637   646   971     0
   970   971   646     0
   959   972   974     0
   966   973   972     0
   969   974   973     0
   972   973   974     0
   637   971   967     0
   969   973   971     0
   966   967   973     0
   971   973   967     0
   496   965   952     0
   960   975   965     0
   951   952   975     0
   965   975   952     0
   959   974   961     0
   969   976   974     0
   960   961   976     0
   974   976   961     0
   629   955   970     0
   951   977   955     0
   969   970   977     0
   955   977   970     0
   960   976   975     0
   969   977   976     0
   951   975   977     0
   976   977   975     0
   362   840   455     0
   838   978   840     0
   454   455   978     0
   840   978   455     0
   844   980   845     0
   979   981   980     0
   838   845   981     0
   980   981   845     0
   457   461   983     0
   454   982   461     0
   979   983   982     0
   461   982   983     0
   838   981   978     0
   979   982   981     0
   454   978   982     0
   981   982   978     0
   812   985   860     0
   984   986   985     0
   858   860   986     0
   985   986   860     0
   987   989   991     0
   988   990   989     0
   984   991   990     0
   989   990   991     0
   844   866   993     0
   858   992   866     0
   988   993   992     0
   866   992   993     0
   984   990   986     0
   988   992   990     0
   858   986   992     0
   990   992   986     0
   464   469   996     0
   466   995   469     0
   994   996   995     0
   469   995   996     0
   457   998   475     0
   997   999   998     0
   466   475   999     0
   998   999   475     0
   987  1000  1002     0
   994  1001  1000     0
   997  1002  1001     0
  1000  1001  1002     0
   466   999   995     0
   997  1001   999     0
   994   995  1001     0
   999  1001   995     0
   844   993   980     0
   988  1003   993     0
   979   980  1003     0
   993  1003   980     0
   987  1002   989     0
   997  1004  1002     0
   988   989  1004     0
  1002  1004   989     0
   457   983   998     0
   979  1005   983     0
   997   998  1005     0
   983  1005   998     0
   988  1004  1003     0
   997  1005  1004     0
   979  1003  1005     0
  1004  1005  1003     0
   575   968   929     0
   966  1006   968     0
   928   929  1006     0
   968  1006   929     0
   959  1008   972     0
  1007  1009  1008     0
   966   972  1009     0
  1008  1009   972     0
   931   935  1011     0
   928  1010   935     0
  1007  1011  1010     0
   935  1010  1011     0
   966  1009  1006     0
  1007  1010  1009     0
   928  1006  1010     0
  1009  1010  1006     0
   464   996   957     0
   994  1012   996     0
   956   957  1012     0
   996  1012   957     0
   987  1014  1000     0
  1013  1015  1014     0
   994  1000  1015     0
  1014  1015  1000     0
   959   963  1017     0
   956  1016   963     0
  1013  1017  1016     0
   963  1016  1017     0
   994  1015  1012     0
  1013  1016  1015     0
   956  1012  1016     0
  1015  1016  1012     0
   812   940   985     0
   938  1018   940     0
   984   985  1018     0
   940  1018   985     0
   931  1020   944     0
  1019  1021  1020     0
   938   944  1021     0
  1020  1021   944     0
   987   991  1023     0
   984  1022   991     0
  1019  1023  1022     0
   991  1022  1023     0
   938  1021  1018     0
  1019  1022  1021     0
   984  1018  1022     0
  1021  1022  1018     0
   959  1017  1008     0
  1013  1024  1017     0
  1007  1008  1024     0
  1017  1024  1008     0
   987  1023  1014     0
  1019  1025  1023     0
  1013  1014  1025     0
  1023  1025  1014     0
   931  1011  1020     0
  1007  1026  1011     0
  1019  1020  1026     0
  1011  1026  1020     0
  1013  1025  1024     0
  1019  1026  1025     0
  1007  1024  1026     0
  1025  1026  1024     0
End