MeshVersion
 1
Dimension
 3
Vertices
 2050
    0.577350269189626    0.577350269189626    0.577350269189626     0
     0.67050872994721    0.524603680441045    0.524603680441045     0
    0.524603680441045     0.67050872994721    0.524603680441045     0
    0.625043295895574    0.551960541278087    0.551960541278087     0
    0.600762057145222    0.600762057145222    0.527418146624936     0
    0.551960541278087    0.625043295895574    0.551960541278087     0
      0.7541171991928    0.464385211802447    0.464385211802447     0
    0.622454150039809    0.622454150039809    0.474448798287485     0
    0.691964791015812    0.546324440287225    0.471926195436632     0
    0.647648214818506    0.574564024770744    0.500427788278834     0
    0.713584537022137    0.495377183832129    0.495377183832129     0
    0.464385211802447      0.7541171991928    0.464385211802447     0
    0.495377183832129    0.713584537022137    0.495377183832129     0
    0.574564024770744    0.647648214818506    0.500427788278834     0
    0.546324440287225    0.691964791015812    0.471926195436632     0
    0.888073833977115    0.325057583671868    0.325057583671868     0
    0.791172117459609    0.503659600713804    0.346949113218769     0
    0.826984849520331    0.397552549145289    0.397552549145289     0
    0.844041264798512    0.416539042342602    0.337771475293038     0
    0.810610156428993    0.451459120888885    0.372955542203624     0
    0.859060144558863    0.361950043535365    0.361950043535365     0
    0.661224832946645    0.661224832946645    0.354349320006915     0
    0.712992212642278    0.567036926872641    0.412445424601001     0
    0.688394127349536    0.615279940691792    0.384114722463192     0
    0.753441332404005    0.536315748353392    0.380383460068153     0
    0.730019898491677    0.585507161645768    0.352494413385117     0
    0.791962262049233    0.431738216683364    0.431738216683364     0
    0.774057324154436    0.484843292188678      0.4071390928694     0
    0.734927212937956    0.516675983143512    0.439235608900204     0
    0.325057583671868    0.888073833977115    0.325057583671868     0
    0.397552549145289    0.826984849520331    0.397552549145289     0
    0.503659600713804    0.791172117459609    0.346949113218769     0
    0.361950043535365    0.859060144558863    0.361950043535365     0
    0.451459120888885    0.810610156428993    0.372955542203624     0
    0.416539042342602    0.844041264798512    0.337771475293038     0
    0.567036926872641    0.712992212642278    0.412445424601001     0
    0.516675983143512    0.734927212937956    0.439235608900204     0
    0.484843292188678    0.774057324154436      0.4071390928694     0
    0.431738216683364    0.791962262049233    0.431738216683364     0
    0.585507161645768    0.730019898491677    0.352494413385117     0
    0.536315748353392    0.753441332404005    0.380383460068153     0
    0.615279940691792    0.688394127349536    0.384114722463192     0
    0.668988148389863    0.595872253133209    0.444287199072689     0
    0.643450592142236    0.643450592142236    0.414659704991469     0
    0.595872253133209    0.668988148389863    0.444287199072689     0
                    1                    0                    0     0
     0.98078528040323    0.195090322016128                    0     0
    0.992878547970027   0.0842383196085103   0.0842383196085103     0
    0.995184726672197   0.0980171403295606                    0     0
    0.989249938612187    0.140006538908682     0.04222236396266     0
    0.998218049318391   0.0421943480515256   0.0421943480515256     0
    0.923879532511287     0.38268343236509                    0     0
    0.956962061813465    0.277653633546999   0.0844515957686419     0
    0.942692806934302    0.330966203674857    0.042327813307321     0
    0.970636530540988    0.236802055079636   0.0423026274528404     0
    0.956940335732209    0.290284677254462                    0     0
    0.971615622038138    0.167276840912665    0.167276840912665     0
    0.984000525411042    0.125982074103407    0.125982074103407     0
    0.979670922927655    0.181827695027501   0.0847559560801604     0
    0.966618515704206    0.223002702154497    0.126168300018631     0
    0.707106781186547    0.707106781186547                    0     0
    0.774368393865042    0.626987404360828   0.0850904539636909     0
    0.831469612302545    0.555570233019602                    0     0
    0.742427011447096    0.668568448425331   0.0426422612425752     0
    0.804489425696555    0.592435296023236   0.0426284408381133     0
    0.773010453362737    0.634393284163645                    0     0
    0.827549182492217    0.535467124046354    0.168633655069179     0
    0.882475722791229    0.462619785184198   0.0849678353274017     0
    0.856654909929294    0.500002104464545     0.12704432622144     0
    0.832459278144894    0.547458632560252   0.0854435244225139     0
    0.802785560519486    0.582552887825767    0.127151392864069     0
    0.881921264348355    0.471396736825998                    0     0
    0.858957104527501    0.510273887963463   0.0425822949638014     0
    0.904912609021323    0.423463511820957   0.0425655281945835     0
    0.936514068018415    0.247932854220251    0.247932854220251     0
    0.865682127580317    0.434210110648896    0.249110485123147     0
    0.913922515847818    0.287006650642799    0.287006650642799     0
    0.905605392423204    0.342777522723501    0.249764775598072     0
    0.878877904451738    0.380499690224821    0.287738796142156     0
     0.91769294921245    0.358445863392062    0.171336551800469     0
     0.94934971957372    0.264167912801489    0.170148240635639     0
    0.929247240348018     0.30389042038495    0.210119439138438     0
    0.955767976425328     0.20797544956056     0.20797544956056     0
    0.848546558454499    0.485944404298242    0.209348451310853     0
      0.8933074716867    0.397047998092085    0.210605432597982     0
    0.876958456407867    0.449178105081178    0.170830019757695     0
    0.924324368622902     0.37199016248548   0.0851338979719587     0
    0.902292241208563    0.411539860544647    0.128466550657049     0
    0.939162831490135    0.318672503015799    0.128144495664382     0
                    0                    1                    0     0
   0.0842383196085103    0.992878547970027   0.0842383196085103     0
    0.195090322016128     0.98078528040323                    0     0
   0.0421943480515256    0.998218049318391   0.0421943480515256     0
    0.140006538908682    0.989249938612187     0.04222236396266     0
   0.0980171403295606    0.995184726672197                    0     0
    0.167276840912665    0.971615622038138    0.167276840912665     0
    0.277653633546999    0.956962061813465   0.0844515957686419     0
    0.223002702154497    0.966618515704206    0.126168300018631     0
    0.181827695027501    0.979670922927655   0.0847559560801604     0
    0.125982074103407    0.984000525411042    0.125982074103407     0
     0.38268343236509    0.923879532511287                    0     0
    0.290284677254462    0.956940335732209                    0     0
    0.236802055079636    0.970636530540988   0.0423026274528404     0
    0.330966203674857    0.942692806934302    0.042327813307321     0
    0.434210110648896    0.865682127580317    0.249110485123147     0
    0.247932854220251    0.936514068018415    0.247932854220251     0
    0.380499690224821    0.878877904451738    0.287738796142156     0
    0.342777522723501    0.905605392423204    0.249764775598072     0
    0.287006650642799    0.913922515847818    0.287006650642799     0
    0.535467124046354    0.827549182492217    0.168633655069179     0
    0.358445863392062     0.91769294921245    0.171336551800469     0
    0.449178105081178    0.876958456407867    0.170830019757695     0
    0.397047998092085      0.8933074716867    0.210605432597982     0
    0.485944404298242    0.848546558454499    0.209348451310853     0
     0.20797544956056    0.955767976425328     0.20797544956056     0
     0.30389042038495    0.929247240348018    0.210119439138438     0
    0.264167912801489     0.94934971957372    0.170148240635639     0
    0.555570233019602    0.831469612302545                    0     0
    0.626987404360828    0.774368393865042   0.0850904539636909     0
    0.634393284163645    0.773010453362737                    0     0
    0.592435296023236    0.804489425696555   0.0426284408381133     0
    0.668568448425331    0.742427011447096   0.0426422612425752     0
    0.462619785184198    0.882475722791229   0.0849678353274017     0
    0.423463511820957    0.904912609021323   0.0425655281945835     0
    0.510273887963463    0.858957104527501   0.0425822949638014     0
    0.471396736825998    0.881921264348355                    0     0
    0.582552887825767    0.802785560519486    0.127151392864069     0
    0.547458632560252    0.832459278144894   0.0854435244225139     0
    0.500002104464545    0.856654909929294     0.12704432622144     0
    0.318672503015799    0.939162831490135    0.128144495664382     0
    0.411539860544647    0.902292241208563    0.128466550657049     0
     0.37199016248548    0.924324368622902   0.0851338979719587     0
    0.830500498285091    0.470108499250908    0.298775703965827     0
    0.751749719301915    0.604264202243722    0.264077892706396     0
     0.79159005758006    0.571266139157592    0.216887480026801     0
    0.813008046531783    0.521992919903065    0.257956019208017     0
    0.773255314439596    0.555250401037294    0.306224118643267     0
    0.708223507217633    0.634299521829123    0.309973515694003     0
    0.704514058226685    0.704514058226685   0.0855563178376324     0
     0.69652552769574     0.69652552769574    0.172349582350353     0
    0.619343697324706    0.766178324742549    0.171418083290135     0
    0.663292874489533    0.737154457406944    0.129018869071491     0
    0.737154457406944    0.663292874489533    0.129018869071491     0
    0.766178324742549    0.619343697324706    0.171418083290135     0
    0.470108499250908    0.830500498285091    0.298775703965827     0
    0.604264202243722    0.751749719301915    0.264077892706396     0
    0.634299521829123    0.708223507217633    0.309973515694003     0
    0.555250401037294    0.773255314439596    0.306224118643267     0
    0.521992919903065    0.813008046531783    0.257956019208017     0
    0.571266139157592     0.79159005758006    0.216887480026801     0
    0.725952591074997    0.652025004812381    0.218760665136382     0
    0.652025004812381    0.725952591074997    0.218760665136382     0
    0.681724308862684    0.681724308862684    0.265525767885891     0
    0.577350269189626   -0.577350269189626   -0.577350269189626     0
    0.524603680441045   -0.524603680441045    -0.67050872994721     0
     0.67050872994721   -0.524603680441045   -0.524603680441045     0
    0.551960541278087   -0.551960541278087   -0.625043295895574     0
    0.600762057145222   -0.527418146624936   -0.600762057145222     0
    0.625043295895574   -0.551960541278087   -0.551960541278087     0
    0.464385211802447   -0.464385211802447     -0.7541171991928     0
    0.622454150039809   -0.474448798287485   -0.622454150039809     0
    0.546324440287225   -0.471926195436632   -0.691964791015812     0
    0.574564024770744   -0.500427788278834   -0.647648214818506     0
    0.495377183832129   -0.495377183832129   -0.713584537022137     0
      0.7541171991928   -0.464385211802447   -0.464385211802447     0
    0.713584537022137   -0.495377183832129   -0.495377183832129     0
    0.647648214818506   -0.500427788278834   -0.574564024770744     0
    0.691964791015812   -0.471926195436632   -0.546324440287225     0
    0.325057583671868   -0.325057583671868   -0.888073833977115     0
    0.503659600713804   -0.346949113218769   -0.791172117459609     0
    0.397552549145289   -0.397552549145289   -0.826984849520331     0
    0.416539042342602   -0.337771475293038   -0.844041264798512     0
    0.451459120888885   -0.372955542203624   -0.810610156428993     0
    0.361950043535365   -0.361950043535365   -0.859060144558863     0
    0.661224832946645   -0.354349320006915   -0.661224832946645     0
    0.567036926872641   -0.412445424601001   -0.712992212642278     0
    0.615279940691792   -0.384114722463192   -0.688394127349536     0
    0.536315748353392   -0.380383460068153   -0.753441332404005     0
    0.585507161645768   -0.352494413385117   -0.730019898491677     0
    0.431738216683364   -0.431738216683364   -0.791962262049233     0
    0.484843292188678     -0.4071390928694   -0.774057324154436     0
    0.516675983143512   -0.439235608900204   -0.734927212937956     0
    0.888073833977115   -0.325057583671868   -0.325057583671868     0
    0.826984849520331   -0.397552549145289   -0.397552549145289     0
    0.791172117459609   -0.346949113218769   -0.503659600713804     0
    0.859060144558863   -0.361950043535365   -0.361950043535365     0
    0.810610156428993   -0.372955542203624   -0.451459120888885     0
    0.844041264798512   -0.337771475293038   -0.416539042342602     0
    0.712992212642278   -0.412445424601001   -0.567036926872641     0
    0.734927212937956   -0.439235608900204   -0.516675983143512     0
    0.774057324154436     -0.4071390928694   -0.484843292188678     0
    0.791962262049233   -0.431738216683364   -0.431738216683364     0
    0.730019898491677   -0.352494413385117   -0.585507161645768     0
    0.753441332404005   -0.380383460068153   -0.536315748353392     0
    0.688394127349536   -0.384114722463192   -0.615279940691792     0
    0.595872253133209   -0.444287199072689   -0.668988148389863     0
    0.643450592142236   -0.414659704991469   -0.643450592142236     0
    0.668988148389863   -0.444287199072689   -0.595872253133209     0
                    0                    0                   -1     0
    0.195090322016128                    0    -0.98078528040323     0
   0.0842383196085103  -0.0842383196085103   -0.992878547970027     0
   0.0980171403295606                    0   -0.995184726672197     0
    0.140006538908682    -0.04222236396266   -0.989249938612187     0
   0.0421943480515256  -0.0421943480515256   -0.998218049318391     0
     0.38268343236509                    0   -0.923879532511287     0
    0.277653633546999  -0.0844515957686419   -0.956962061813465     0
    0.330966203674857   -0.042327813307321   -0.942692806934302     0
    0.236802055079636  -0.0423026274528404   -0.970636530540988     0
    0.290284677254462                    0   -0.956940335732209     0
    0.167276840912665   -0.167276840912665   -0.971615622038138     0
    0.125982074103407   -0.125982074103407   -0.984000525411042     0
    0.181827695027501  -0.0847559560801604   -0.979670922927655     0
    0.223002702154497   -0.126168300018631   -0.966618515704206     0
    0.707106781186547                    0   -0.707106781186547     0
    0.626987404360828  -0.0850904539636909   -0.774368393865042     0
    0.555570233019602                    0   -0.831469612302545     0
    0.668568448425331  -0.0426422612425752   -0.742427011447096     0
    0.592435296023236  -0.0426284408381133   -0.804489425696555     0
    0.634393284163645                    0   -0.773010453362737     0
    0.535467124046354   -0.168633655069179   -0.827549182492217     0
    0.462619785184198  -0.0849678353274017   -0.882475722791229     0
    0.500002104464545    -0.12704432622144   -0.856654909929294     0
    0.547458632560252  -0.0854435244225139   -0.832459278144894     0
    0.582552887825767   -0.127151392864069   -0.802785560519486     0
    0.471396736825998                    0   -0.881921264348355     0
    0.510273887963463  -0.0425822949638014   -0.858957104527501     0
    0.423463511820957  -0.0425655281945835   -0.904912609021323     0
    0.247932854220251   -0.247932854220251   -0.936514068018415     0
    0.434210110648896   -0.249110485123147   -0.865682127580317     0
    0.287006650642799   -0.287006650642799   -0.913922515847818     0
    0.342777522723501   -0.249764775598072   -0.905605392423204     0
    0.380499690224821   -0.287738796142156   -0.878877904451738     0
    0.358445863392062   -0.171336551800469    -0.91769294921245     0
    0.264167912801489   -0.170148240635639    -0.94934971957372     0
     0.30389042038495   -0.210119439138438   -0.929247240348018     0
     0.20797544956056    -0.20797544956056   -0.955767976425328     0
    0.485944404298242   -0.209348451310853   -0.848546558454499     0
    0.397047998092085   -0.210605432597982     -0.8933074716867     0
    0.449178105081178   -0.170830019757695   -0.876958456407867     0
     0.37199016248548  -0.0851338979719587   -0.924324368622902     0
    0.411539860544647   -0.128466550657049   -0.902292241208563     0
    0.318672503015799   -0.128144495664382   -0.939162831490135     0
    0.992878547970027  -0.0842383196085103  -0.0842383196085103     0
     0.98078528040323                    0   -0.195090322016128     0
    0.998218049318391  -0.0421943480515256  -0.0421943480515256     0
    0.989249938612187    -0.04222236396266   -0.140006538908682     0
    0.995184726672197                    0  -0.0980171403295606     0
    0.971615622038138   -0.167276840912665   -0.167276840912665     0
    0.956962061813465  -0.0844515957686419   -0.277653633546999     0
    0.966618515704206   -0.126168300018631   -0.223002702154497     0
    0.979670922927655  -0.0847559560801604   -0.181827695027501     0
    0.984000525411042   -0.125982074103407   -0.125982074103407     0
    0.923879532511287                    0    -0.38268343236509     0
    0.956940335732209                    0   -0.290284677254462     0
    0.970636530540988  -0.0423026274528404   -0.236802055079636     0
    0.942692806934302   -0.042327813307321   -0.330966203674857     0
    0.865682127580317   -0.249110485123147   -0.434210110648896     0
    0.936514068018415   -0.247932854220251   -0.247932854220251     0
    0.878877904451738   -0.287738796142156   -0.380499690224821     0
    0.905605392423204   -0.249764775598072   -0.342777522723501     0
    0.913922515847818   -0.287006650642799   -0.287006650642799     0
    0.827549182492217   -0.168633655069179   -0.535467124046354     0
     0.91769294921245   -0.171336551800469   -0.358445863392062     0
    0.876958456407867   -0.170830019757695   -0.449178105081178     0
      0.8933074716867   -0.210605432597982   -0.397047998092085     0
    0.848546558454499   -0.209348451310853   -0.485944404298242     0
    0.955767976425328    -0.20797544956056    -0.20797544956056     0
    0.929247240348018   -0.210119439138438    -0.30389042038495     0
     0.94934971957372   -0.170148240635639   -0.264167912801489     0
    0.831469612302545                    0   -0.555570233019602     0
    0.774368393865042  -0.0850904539636909   -0.626987404360828     0
    0.773010453362737                    0   -0.634393284163645     0
    0.804489425696555  -0.0426284408381133   -0.592435296023236     0
    0.742427011447096  -0.0426422612425752   -0.668568448425331     0
    0.882475722791229  -0.0849678353274017   -0.462619785184198     0
    0.904912609021323  -0.0425655281945835   -0.423463511820957     0
    0.858957104527501  -0.0425822949638014   -0.510273887963463     0
    0.881921264348355                    0   -0.471396736825998     0
    0.802785560519486   -0.127151392864069   -0.582552887825767     0
    0.832459278144894  -0.0854435244225139   -0.547458632560252     0
    0.856654909929294    -0.12704432622144   -0.500002104464545     0
    0.939162831490135   -0.128144495664382   -0.318672503015799     0
    0.902292241208563   -0.128466550657049   -0.411539860544647     0
    0.924324368622902  -0.0851338979719587    -0.37199016248548     0
    0.470108499250908   -0.298775703965827   -0.830500498285091     0
    0.604264202243722   -0.264077892706396   -0.751749719301915     0
    0.571266139157592   -0.216887480026801    -0.79159005758006     0
    0.521992919903065   -0.257956019208017   -0.813008046531783     0
    0.555250401037294   -0.306224118643267   -0.773255314439596     0
    0.634299521829123   -0.309973515694003   -0.708223507217633     0
    0.704514058226685  -0.0855563178376324   -0.704514058226685     0
     0.69652552769574   -0.172349582350353    -0.69652552769574     0
    0.766178324742549   -0.171418083290135   -0.619343697324706     0
    0.737154457406944   -0.129018869071491   -0.663292874489533     0
    0.663292874489533   -0.129018869071491   -0.737154457406944     0
    0.619343697324706   -0.171418083290135   -0.766178324742549     0
    0.830500498285091   -0.298775703965827   -0.470108499250908     0
    0.751749719301915   -0.264077892706396   -0.604264202243722     0
    0.708223507217633   -0.309973515694003   -0.634299521829123     0
    0.773255314439596   -0.306224118643267   -0.555250401037294     0
    0.813008046531783   -0.257956019208017   -0.521992919903065     0
     0.79159005758006   -0.216887480026801   -0.571266139157592     0
    0.652025004812381   -0.218760665136382   -0.725952591074997     0
    0.725952591074997   -0.218760665136382   -0.652025004812381     0
    0.681724308862684   -0.265525767885891   -0.681724308862684     0
   -0.577350269189626    0.577350269189626   -0.577350269189626     0
   -0.524603680441045     0.67050872994721   -0.524603680441045     0
   -0.524603680441045    0.524603680441045    -0.67050872994721     0
   -0.551960541278087    0.625043295895574   -0.551960541278087     0
   -0.527418146624936    0.600762057145222   -0.600762057145222     0
   -0.551960541278087    0.551960541278087   -0.625043295895574     0
   -0.464385211802447      0.7541171991928   -0.464385211802447     0
   -0.474448798287485    0.622454150039809   -0.622454150039809     0
   -0.471926195436632    0.691964791015812   -0.546324440287225     0
   -0.500427788278834    0.647648214818506   -0.574564024770744     0
   -0.495377183832129    0.713584537022137   -0.495377183832129     0
   -0.464385211802447    0.464385211802447     -0.7541171991928     0
   -0.495377183832129    0.495377183832129   -0.713584537022137     0
   -0.500427788278834    0.574564024770744   -0.647648214818506     0
   -0.471926195436632    0.546324440287225   -0.691964791015812     0
   -0.325057583671868    0.888073833977115   -0.325057583671868     0
   -0.346949113218769    0.791172117459609   -0.503659600713804     0
   -0.397552549145289    0.826984849520331   -0.397552549145289     0
   -0.337771475293038    0.844041264798512   -0.416539042342602     0
   -0.372955542203624    0.810610156428993   -0.451459120888885     0
   -0.361950043535365    0.859060144558863   -0.361950043535365     0
   -0.354349320006915    0.661224832946645   -0.661224832946645     0
   -0.412445424601001    0.712992212642278   -0.567036926872641     0
   -0.384114722463192    0.688394127349536   -0.615279940691792     0
   -0.380383460068153    0.753441332404005   -0.536315748353392     0
   -0.352494413385117    0.730019898491677   -0.585507161645768     0
   -0.431738216683364    0.791962262049233   -0.431738216683364     0
     -0.4071390928694    0.774057324154436   -0.484843292188678     0
   -0.439235608900204    0.734927212937956   -0.516675983143512     0
   -0.325057583671868    0.325057583671868   -0.888073833977115     0
   -0.397552549145289    0.397552549145289   -0.826984849520331     0
   -0.346949113218769    0.503659600713804   -0.791172117459609     0
   -0.361950043535365    0.361950043535365   -0.859060144558863     0
   -0.372955542203624    0.451459120888885   -0.810610156428993     0
   -0.337771475293038    0.416539042342602   -0.844041264798512     0
   -0.412445424601001    0.567036926872641   -0.712992212642278     0
   -0.439235608900204    0.516675983143512   -0.734927212937956     0
     -0.4071390928694    0.484843292188678   -0.774057324154436     0
   -0.431738216683364    0.431738216683364   -0.791962262049233     0
   -0.352494413385117    0.585507161645768   -0.730019898491677     0
   -0.380383460068153    0.536315748353392   -0.753441332404005     0
   -0.384114722463192    0.615279940691792   -0.688394127349536     0
   -0.444287199072689    0.668988148389863   -0.595872253133209     0
   -0.414659704991469    0.643450592142236   -0.643450592142236     0
   -0.444287199072689    0.595872253133209   -0.668988148389863     0
                    0     0.98078528040323   -0.195090322016128     0
  -0.0842383196085103    0.992878547970027  -0.0842383196085103     0
                    0    0.995184726672197  -0.0980171403295606     0
    -0.04222236396266    0.989249938612187   -0.140006538908682     0
  -0.0421943480515256    0.998218049318391  -0.0421943480515256     0
                    0    0.923879532511287    -0.38268343236509     0
  -0.0844515957686419    0.956962061813465   -0.277653633546999     0
   -0.042327813307321    0.942692806934302   -0.330966203674857     0
  -0.0423026274528404    0.970636530540988   -0.236802055079636     0
                    0    0.956940335732209   -0.290284677254462     0
   -0.167276840912665    0.971615622038138   -0.167276840912665     0
   -0.125982074103407    0.984000525411042   -0.125982074103407     0
  -0.0847559560801604    0.979670922927655   -0.181827695027501     0
   -0.126168300018631    0.966618515704206   -0.223002702154497     0
                    0    0.707106781186547   -0.707106781186547     0
  -0.0850904539636909    0.774368393865042   -0.626987404360828     0
                    0    0.831469612302545   -0.555570233019602     0
  -0.0426422612425752    0.742427011447096   -0.668568448425331     0
  -0.0426284408381133    0.804489425696555   -0.592435296023236     0
                    0    0.773010453362737   -0.634393284163645     0
   -0.168633655069179    0.827549182492217   -0.535467124046354     0
  -0.0849678353274017    0.882475722791229   -0.462619785184198     0
    -0.12704432622144    0.856654909929294   -0.500002104464545     0
  -0.0854435244225139    0.832459278144894   -0.547458632560252     0
   -0.127151392864069    0.802785560519486   -0.582552887825767     0
                    0    0.881921264348355   -0.471396736825998     0
  -0.0425822949638014    0.858957104527501   -0.510273887963463     0
  -0.0425655281945835    0.904912609021323   -0.423463511820957     0
   -0.247932854220251    0.936514068018415   -0.247932854220251     0
   -0.249110485123147    0.865682127580317   -0.434210110648896     0
   -0.287006650642799    0.913922515847818   -0.287006650642799     0
   -0.249764775598072    0.905605392423204   -0.342777522723501     0
   -0.287738796142156    0.878877904451738   -0.380499690224821     0
   -0.171336551800469     0.91769294921245   -0.358445863392062     0
   -0.170148240635639     0.94934971957372   -0.264167912801489     0
   -0.210119439138438    0.929247240348018    -0.30389042038495     0
    -0.20797544956056    0.955767976425328    -0.20797544956056     0
   -0.209348451310853    0.848546558454499   -0.485944404298242     0
   -0.210605432597982      0.8933074716867   -0.397047998092085     0
   -0.170830019757695    0.876958456407867   -0.449178105081178     0
  -0.0851338979719587    0.924324368622902    -0.37199016248548     0
   -0.128466550657049    0.902292241208563   -0.411539860544647     0
   -0.128144495664382    0.939162831490135   -0.318672503015799     0
  -0.0842383196085103   0.0842383196085103   -0.992878547970027     0
                    0    0.195090322016128    -0.98078528040323     0
  -0.0421943480515256   0.0421943480515256   -0.998218049318391     0
    -0.04222236396266    0.140006538908682   -0.989249938612187     0
                    0   0.0980171403295606   -0.995184726672197     0
   -0.167276840912665    0.167276840912665   -0.971615622038138     0
  -0.0844515957686419    0.277653633546999   -0.956962061813465     0
   -0.126168300018631    0.223002702154497   -0.966618515704206     0
  -0.0847559560801604    0.181827695027501   -0.979670922927655     0
   -0.125982074103407    0.125982074103407   -0.984000525411042     0
                    0     0.38268343236509   -0.923879532511287     0
                    0    0.290284677254462   -0.956940335732209     0
  -0.0423026274528404    0.236802055079636   -0.970636530540988     0
   -0.042327813307321    0.330966203674857   -0.942692806934302     0
   -0.249110485123147    0.434210110648896   -0.865682127580317     0
   -0.247932854220251    0.247932854220251   -0.936514068018415     0
   -0.287738796142156    0.380499690224821   -0.878877904451738     0
   -0.249764775598072    0.342777522723501   -0.905605392423204     0
   -0.287006650642799    0.287006650642799   -0.913922515847818     0
   -0.168633655069179    0.535467124046354   -0.827549182492217     0
   -0.171336551800469    0.358445863392062    -0.91769294921245     0
   -0.170830019757695    0.449178105081178   -0.876958456407867     0
   -0.210605432597982    0.397047998092085     -0.8933074716867     0
   -0.209348451310853    0.485944404298242   -0.848546558454499     0
    -0.20797544956056     0.20797544956056   -0.955767976425328     0
   -0.210119439138438     0.30389042038495   -0.929247240348018     0
   -0.170148240635639    0.264167912801489    -0.94934971957372     0
                    0    0.555570233019602   -0.831469612302545     0
  -0.0850904539636909    0.626987404360828   -0.774368393865042     0
                    0    0.634393284163645   -0.773010453362737     0
  -0.0426284408381133    0.592435296023236   -0.804489425696555     0
  -0.0426422612425752    0.668568448425331   -0.742427011447096     0
  -0.0849678353274017    0.462619785184198   -0.882475722791229     0
  -0.0425655281945835    0.423463511820957   -0.904912609021323     0
  -0.0425822949638014    0.510273887963463   -0.858957104527501     0
                    0    0.471396736825998   -0.881921264348355     0
   -0.127151392864069    0.582552887825767   -0.802785560519486     0
  -0.0854435244225139    0.547458632560252   -0.832459278144894     0
    -0.12704432622144    0.500002104464545   -0.856654909929294     0
   -0.128144495664382    0.318672503015799   -0.939162831490135     0
   -0.128466550657049    0.411539860544647   -0.902292241208563     0
  -0.0851338979719587     0.37199016248548   -0.924324368622902     0
   -0.298775703965827    0.830500498285091   -0.470108499250908     0
   -0.264077892706396    0.751749719301915   -0.604264202243722     0
   -0.216887480026801     0.79159005758006   -0.571266139157592     0
   -0.257956019208017    0.813008046531783   -0.521992919903065     0
   -0.306224118643267    0.773255314439596   -0.555250401037294     0
   -0.309973515694003    0.708223507217633   -0.634299521829123     0
  -0.0855563178376324    0.704514058226685   -0.704514058226685     0
   -0.172349582350353     0.69652552769574    -0.69652552769574     0
   -0.171418083290135    0.619343697324706   -0.766178324742549     0
   -0.129018869071491    0.663292874489533   -0.737154457406944     0
   -0.129018869071491    0.737154457406944   -0.663292874489533     0
   -0.171418083290135    0.766178324742549   -0.619343697324706     0
   -0.298775703965827    0.470108499250908   -0.830500498285091     0
   -0.264077892706396    0.604264202243722   -0.751749719301915     0
   -0.309973515694003    0.634299521829123   -0.708223507217633     0
   -0.306224118643267    0.555250401037294   -0.773255314439596     0
   -0.257956019208017    0.521992919903065   -0.813008046531783     0
   -0.216887480026801    0.571266139157592    -0.79159005758006     0
   -0.218760665136382    0.725952591074997   -0.652025004812381     0
   -0.218760665136382    0.652025004812381   -0.725952591074997     0
   -0.265525767885891    0.681724308862684   -0.681724308862684     0
    0.990252852769381   0.0984867696244087  -0.0984867696244087     0
    0.959682982260667    0.198756853415513   -0.198756853415513     0
    0.950689984024958    0.100318491325106   -0.293470193670293     0
    0.975117440763949   0.0998786107280953   -0.197914728701508     0
    0.975117440763949    0.197914728701508  -0.0998786107280953     0
    0.950689984024958    0.293470193670293   -0.100318491325106     0
    0.788675134594813    0.211324865405187   -0.577350269189626     0
    0.754344479484572    0.106574189669187   -0.647770289815384     0
    0.814870186707507    0.106288239281359   -0.569815223564394     0
    0.816496580927726    0.408248290463863   -0.408248290463863     0
    0.890320034496634    0.208846598871523   -0.404615044596354     0
    0.858273936852256     0.31030659960479    -0.40874890037998     0
    0.843745492253799    0.211148778438113   -0.493467058338738     0
    0.809511339490079    0.312459714103783   -0.497051625386297     0
    0.868513371756656    0.105347400655483   -0.484341251861761     0
    0.912271529665426    0.105018659293459   -0.395893593484548     0
    0.788675134594813    0.577350269189626   -0.211324865405187     0
    0.814870186707507    0.569815223564394   -0.106288239281359     0
    0.754344479484572    0.647770289815384   -0.106574189669187     0
    0.890320034496634    0.404615044596354   -0.208846598871523     0
    0.912271529665426    0.395893593484548   -0.105018659293459     0
    0.868513371756656    0.484341251861761   -0.105347400655483     0
    0.809511339490079    0.497051625386297   -0.312459714103783     0
    0.843745492253799    0.493467058338738   -0.211148778438113     0
    0.858273936852256     0.40874890037998    -0.31030659960479     0
    0.930518462071235    0.205017253551223   -0.303485283812735     0
    0.898975067149178    0.309712631841301   -0.309712631841301     0
    0.930518462071235    0.303485283812735   -0.205017253551223     0
   0.0984867696244087   0.0984867696244087   -0.990252852769381     0
    0.198756853415513    0.198756853415513   -0.959682982260667     0
    0.100318491325106    0.293470193670293   -0.950689984024958     0
   0.0998786107280953    0.197914728701508   -0.975117440763949     0
    0.197914728701508   0.0998786107280953   -0.975117440763949     0
    0.293470193670293    0.100318491325106   -0.950689984024958     0
    0.211324865405187    0.577350269189626   -0.788675134594813     0
    0.106574189669187    0.647770289815384   -0.754344479484572     0
    0.106288239281359    0.569815223564394   -0.814870186707507     0
    0.408248290463863    0.408248290463863   -0.816496580927726     0
    0.208846598871523    0.404615044596354   -0.890320034496634     0
     0.31030659960479     0.40874890037998   -0.858273936852256     0
    0.211148778438113    0.493467058338738   -0.843745492253799     0
    0.312459714103783    0.497051625386297   -0.809511339490079     0
    0.105347400655483    0.484341251861761   -0.868513371756656     0
    0.105018659293459    0.395893593484548   -0.912271529665426     0
    0.577350269189626    0.211324865405187   -0.788675134594813     0
    0.569815223564394    0.106288239281359   -0.814870186707507     0
    0.647770289815384    0.106574189669187   -0.754344479484572     0
    0.404615044596354    0.208846598871523   -0.890320034496634     0
    0.395893593484548    0.105018659293459   -0.912271529665426     0
    0.484341251861761    0.105347400655483   -0.868513371756656     0
    0.497051625386297    0.312459714103783   -0.809511339490079     0
    0.493467058338738    0.211148778438113   -0.843745492253799     0
     0.40874890037998     0.31030659960479   -0.858273936852256     0
    0.205017253551223    0.303485283812735   -0.930518462071235     0
    0.309712631841301    0.309712631841301   -0.898975067149178     0
    0.303485283812735    0.205017253551223   -0.930518462071235     0
   0.0984867696244087    0.990252852769381  -0.0984867696244087     0
    0.198756853415513    0.959682982260667   -0.198756853415513     0
    0.293470193670293    0.950689984024958   -0.100318491325106     0
    0.197914728701508    0.975117440763949  -0.0998786107280953     0
   0.0998786107280953    0.975117440763949   -0.197914728701508     0
    0.100318491325106    0.950689984024958   -0.293470193670293     0
    0.577350269189626    0.788675134594813   -0.211324865405187     0
    0.647770289815384    0.754344479484572   -0.106574189669187     0
    0.569815223564394    0.814870186707507   -0.106288239281359     0
    0.408248290463863    0.816496580927726   -0.408248290463863     0
    0.404615044596354    0.890320034496634   -0.208846598871523     0
     0.40874890037998    0.858273936852256    -0.31030659960479     0
    0.493467058338738    0.843745492253799   -0.211148778438113     0
    0.497051625386297    0.809511339490079   -0.312459714103783     0
    0.484341251861761    0.868513371756656   -0.105347400655483     0
    0.395893593484548    0.912271529665426   -0.105018659293459     0
    0.211324865405187    0.788675134594813   -0.577350269189626     0
    0.106288239281359    0.814870186707507   -0.569815223564394     0
    0.106574189669187    0.754344479484572   -0.647770289815384     0
    0.208846598871523    0.890320034496634   -0.404615044596354     0
    0.105018659293459    0.912271529665426   -0.395893593484548     0
    0.105347400655483    0.868513371756656   -0.484341251861761     0
    0.312459714103783    0.809511339490079   -0.497051625386297     0
    0.211148778438113    0.843745492253799   -0.493467058338738     0
     0.31030659960479    0.858273936852256    -0.40874890037998     0
    0.303485283812735    0.930518462071235   -0.205017253551223     0
    0.309712631841301    0.898975067149178   -0.309712631841301     0
    0.205017253551223    0.930518462071235   -0.303485283812735     0
    0.690768358169145    0.213724473808237   -0.690768358169145     0
    0.639602149066831    0.426401432711221   -0.639602149066831     0
    0.529592105860498    0.421838735640695   -0.735924101061586     0
    0.614055377083669    0.321786831260907   -0.720686637243745     0
    0.720686637243745    0.321786831260907   -0.614055377083669     0
    0.735924101061586    0.421838735640695   -0.529592105860498     0
    0.213724473808237    0.690768358169145   -0.690768358169145     0
    0.426401432711221    0.639602149066831   -0.639602149066831     0
    0.421838735640695    0.735924101061586   -0.529592105860498     0
    0.321786831260907    0.720686637243745   -0.614055377083669     0
    0.321786831260907    0.614055377083669   -0.720686637243745     0
    0.421838735640695    0.529592105860498   -0.735924101061586     0
    0.690768358169145    0.690768358169145   -0.213724473808237     0
    0.639602149066831    0.639602149066831   -0.426401432711221     0
    0.735924101061586    0.529592105860498   -0.421838735640695     0
    0.720686637243745    0.614055377083669   -0.321786831260907     0
    0.614055377083669    0.720686637243745   -0.321786831260907     0
    0.529592105860498    0.735924101061586   -0.421838735640695     0
    0.539163866017192    0.539163866017192   -0.646996639220631     0
    0.539163866017192    0.646996639220631   -0.539163866017192     0
    0.646996639220631    0.539163866017192   -0.539163866017192     0
   -0.577350269189626   -0.577350269189626    0.577350269189626     0
   -0.524603680441045    -0.67050872994721    0.524603680441045     0
   -0.524603680441045   -0.524603680441045     0.67050872994721     0
   -0.551960541278087   -0.625043295895574    0.551960541278087     0
   -0.527418146624936   -0.600762057145222    0.600762057145222     0
   -0.551960541278087   -0.551960541278087    0.625043295895574     0
   -0.464385211802447     -0.7541171991928    0.464385211802447     0
   -0.474448798287485   -0.622454150039809    0.622454150039809     0
   -0.471926195436632   -0.691964791015812    0.546324440287225     0
   -0.500427788278834   -0.647648214818506    0.574564024770744     0
   -0.495377183832129   -0.713584537022137    0.495377183832129     0
   -0.464385211802447   -0.464385211802447      0.7541171991928     0
   -0.495377183832129   -0.495377183832129    0.713584537022137     0
   -0.500427788278834   -0.574564024770744    0.647648214818506     0
   -0.471926195436632   -0.546324440287225    0.691964791015812     0
   -0.325057583671868   -0.888073833977115    0.325057583671868     0
   -0.346949113218769   -0.791172117459609    0.503659600713804     0
   -0.397552549145289   -0.826984849520331    0.397552549145289     0
   -0.337771475293038   -0.844041264798512    0.416539042342602     0
   -0.372955542203624   -0.810610156428993    0.451459120888885     0
   -0.361950043535365   -0.859060144558863    0.361950043535365     0
   -0.354349320006915   -0.661224832946645    0.661224832946645     0
   -0.412445424601001   -0.712992212642278    0.567036926872641     0
   -0.384114722463192   -0.688394127349536    0.615279940691792     0
   -0.380383460068153   -0.753441332404005    0.536315748353392     0
   -0.352494413385117   -0.730019898491677    0.585507161645768     0
   -0.431738216683364   -0.791962262049233    0.431738216683364     0
     -0.4071390928694   -0.774057324154436    0.484843292188678     0
   -0.439235608900204   -0.734927212937956    0.516675983143512     0
   -0.325057583671868   -0.325057583671868    0.888073833977115     0
   -0.397552549145289   -0.397552549145289    0.826984849520331     0
   -0.346949113218769   -0.503659600713804    0.791172117459609     0
   -0.361950043535365   -0.361950043535365    0.859060144558863     0
   -0.372955542203624   -0.451459120888885    0.810610156428993     0
   -0.337771475293038   -0.416539042342602    0.844041264798512     0
   -0.412445424601001   -0.567036926872641    0.712992212642278     0
   -0.439235608900204   -0.516675983143512    0.734927212937956     0
     -0.4071390928694   -0.484843292188678    0.774057324154436     0
   -0.431738216683364   -0.431738216683364    0.791962262049233     0
   -0.352494413385117   -0.585507161645768    0.730019898491677     0
   -0.380383460068153   -0.536315748353392    0.753441332404005     0
   -0.384114722463192   -0.615279940691792    0.688394127349536     0
   -0.444287199072689   -0.668988148389863    0.595872253133209     0
   -0.414659704991469   -0.643450592142236    0.643450592142236     0
   -0.444287199072689   -0.595872253133209    0.668988148389863     0
                    0                   -1                    0     0
                    0    -0.98078528040323    0.195090322016128     0
  -0.0842383196085103   -0.992878547970027   0.0842383196085103     0
                    0   -0.995184726672197   0.0980171403295606     0
    -0.04222236396266   -0.989249938612187    0.140006538908682     0
  -0.0421943480515256   -0.998218049318391   0.0421943480515256     0
                    0   -0.923879532511287     0.38268343236509     0
  -0.0844515957686419   -0.956962061813465    0.277653633546999     0
   -0.042327813307321   -0.942692806934302    0.330966203674857     0
  -0.0423026274528404   -0.970636530540988    0.236802055079636     0
                    0   -0.956940335732209    0.290284677254462     0
   -0.167276840912665   -0.971615622038138    0.167276840912665     0
   -0.125982074103407   -0.984000525411042    0.125982074103407     0
  -0.0847559560801604   -0.979670922927655    0.181827695027501     0
   -0.126168300018631   -0.966618515704206    0.223002702154497     0
                    0   -0.707106781186547    0.707106781186547     0
  -0.0850904539636909   -0.774368393865042    0.626987404360828     0
                    0   -0.831469612302545    0.555570233019602     0
  -0.0426422612425752   -0.742427011447096    0.668568448425331     0
  -0.0426284408381133   -0.804489425696555    0.592435296023236     0
                    0   -0.773010453362737    0.634393284163645     0
   -0.168633655069179   -0.827549182492217    0.535467124046354     0
  -0.0849678353274017   -0.882475722791229    0.462619785184198     0
    -0.12704432622144   -0.856654909929294    0.500002104464545     0
  -0.0854435244225139   -0.832459278144894    0.547458632560252     0
   -0.127151392864069   -0.802785560519486    0.582552887825767     0
                    0   -0.881921264348355    0.471396736825998     0
  -0.0425822949638014   -0.858957104527501    0.510273887963463     0
  -0.0425655281945835   -0.904912609021323    0.423463511820957     0
   -0.247932854220251   -0.936514068018415    0.247932854220251     0
   -0.249110485123147   -0.865682127580317    0.434210110648896     0
   -0.287006650642799   -0.913922515847818    0.287006650642799     0
   -0.249764775598072   -0.905605392423204    0.342777522723501     0
   -0.287738796142156   -0.878877904451738    0.380499690224821     0
   -0.171336551800469    -0.91769294921245    0.358445863392062     0
   -0.170148240635639    -0.94934971957372    0.264167912801489     0
   -0.210119439138438   -0.929247240348018     0.30389042038495     0
    -0.20797544956056   -0.955767976425328     0.20797544956056     0
   -0.209348451310853   -0.848546558454499    0.485944404298242     0
   -0.210605432597982     -0.8933074716867    0.397047998092085     0
   -0.170830019757695   -0.876958456407867    0.449178105081178     0
  -0.0851338979719587   -0.924324368622902     0.37199016248548     0
   -0.128466550657049   -0.902292241208563    0.411539860544647     0
   -0.128144495664382   -0.939162831490135    0.318672503015799     0
                    0                    0                    1     0
  -0.0842383196085103  -0.0842383196085103    0.992878547970027     0
                    0   -0.195090322016128     0.98078528040323     0
  -0.0421943480515256  -0.0421943480515256    0.998218049318391     0
    -0.04222236396266   -0.140006538908682    0.989249938612187     0
                    0  -0.0980171403295606    0.995184726672197     0
   -0.167276840912665   -0.167276840912665    0.971615622038138     0
  -0.0844515957686419   -0.277653633546999    0.956962061813465     0
   -0.126168300018631   -0.223002702154497    0.966618515704206     0
  -0.0847559560801604   -0.181827695027501    0.979670922927655     0
   -0.125982074103407   -0.125982074103407    0.984000525411042     0
                    0    -0.38268343236509    0.923879532511287     0
                    0   -0.290284677254462    0.956940335732209     0
  -0.0423026274528404   -0.236802055079636    0.970636530540988     0
   -0.042327813307321   -0.330966203674857    0.942692806934302     0
   -0.249110485123147   -0.434210110648896    0.865682127580317     0
   -0.247932854220251   -0.247932854220251    0.936514068018415     0
   -0.287738796142156   -0.380499690224821    0.878877904451738     0
   -0.249764775598072   -0.342777522723501    0.905605392423204     0
   -0.287006650642799   -0.287006650642799    0.913922515847818     0
   -0.168633655069179   -0.535467124046354    0.827549182492217     0
   -0.171336551800469   -0.358445863392062     0.91769294921245     0
   -0.170830019757695   -0.449178105081178    0.876958456407867     0
   -0.210605432597982   -0.397047998092085      0.8933074716867     0
   -0.209348451310853   -0.485944404298242    0.848546558454499     0
    -0.20797544956056    -0.20797544956056    0.955767976425328     0
   -0.210119439138438    -0.30389042038495    0.929247240348018     0
   -0.170148240635639   -0.264167912801489     0.94934971957372     0
                    0   -0.555570233019602    0.831469612302545     0
  -0.0850904539636909   -0.626987404360828    0.774368393865042     0
                    0   -0.634393284163645    0.773010453362737     0
  -0.0426284408381133   -0.592435296023236    0.804489425696555     0
  -0.0426422612425752   -0.668568448425331    0.742427011447096     0
  -0.0849678353274017   -0.462619785184198    0.882475722791229     0
  -0.0425655281945835   -0.423463511820957    0.904912609021323     0
  -0.0425822949638014   -0.510273887963463    0.858957104527501     0
                    0   -0.471396736825998    0.881921264348355     0
   -0.127151392864069   -0.582552887825767    0.802785560519486     0
  -0.0854435244225139   -0.547458632560252    0.832459278144894     0
    -0.12704432622144   -0.500002104464545    0.856654909929294     0
   -0.128144495664382   -0.318672503015799    0.939162831490135     0
   -0.128466550657049   -0.411539860544647    0.902292241208563     0
  -0.0851338979719587    -0.37199016248548    0.924324368622902     0
   -0.298775703965827   -0.830500498285091    0.470108499250908     0
   -0.264077892706396   -0.751749719301915    0.604264202243722     0
   -0.216887480026801    -0.79159005758006    0.571266139157592     0
   -0.257956019208017   -0.813008046531783    0.521992919903065     0
   -0.306224118643267   -0.773255314439596    0.555250401037294     0
   -0.309973515694003   -0.708223507217633    0.634299521829123     0
  -0.0855563178376324   -0.704514058226685    0.704514058226685     0
   -0.172349582350353    -0.69652552769574     0.69652552769574     0
   -0.171418083290135   -0.619343697324706    0.766178324742549     0
   -0.129018869071491   -0.663292874489533    0.737154457406944     0
   -0.129018869071491   -0.737154457406944    0.663292874489533     0
   -0.171418083290135   -0.766178324742549    0.619343697324706     0
   -0.298775703965827   -0.470108499250908    0.830500498285091     0
   -0.264077892706396   -0.604264202243722    0.751749719301915     0
   -0.309973515694003   -0.634299521829123    0.708223507217633     0
   -0.306224118643267   -0.555250401037294    0.773255314439596     0
   -0.257956019208017   -0.521992919903065    0.813008046531783     0
   -0.216887480026801   -0.571266139157592     0.79159005758006     0
   -0.218760665136382   -0.725952591074997    0.652025004812381     0
   -0.218760665136382   -0.652025004812381    0.725952591074997     0
   -0.265525767885891   -0.681724308862684    0.681724308862684     0
    0.524603680441045    -0.67050872994721   -0.524603680441045     0
    0.600762057145222   -0.600762057145222   -0.527418146624936     0
    0.551960541278087   -0.625043295895574   -0.551960541278087     0
    0.622454150039809   -0.622454150039809   -0.474448798287485     0
    0.691964791015812   -0.546324440287225   -0.471926195436632     0
    0.647648214818506   -0.574564024770744   -0.500427788278834     0
    0.464385211802447     -0.7541171991928   -0.464385211802447     0
    0.495377183832129   -0.713584537022137   -0.495377183832129     0
    0.574564024770744   -0.647648214818506   -0.500427788278834     0
    0.546324440287225   -0.691964791015812   -0.471926195436632     0
    0.791172117459609   -0.503659600713804   -0.346949113218769     0
    0.844041264798512   -0.416539042342602   -0.337771475293038     0
    0.810610156428993   -0.451459120888885   -0.372955542203624     0
    0.661224832946645   -0.661224832946645   -0.354349320006915     0
    0.712992212642278   -0.567036926872641   -0.412445424601001     0
    0.688394127349536   -0.615279940691792   -0.384114722463192     0
    0.753441332404005   -0.536315748353392   -0.380383460068153     0
    0.730019898491677   -0.585507161645768   -0.352494413385117     0
    0.774057324154436   -0.484843292188678     -0.4071390928694     0
    0.734927212937956   -0.516675983143512   -0.439235608900204     0
    0.325057583671868   -0.888073833977115   -0.325057583671868     0
    0.397552549145289   -0.826984849520331   -0.397552549145289     0
    0.503659600713804   -0.791172117459609   -0.346949113218769     0
    0.361950043535365   -0.859060144558863   -0.361950043535365     0
    0.451459120888885   -0.810610156428993   -0.372955542203624     0
    0.416539042342602   -0.844041264798512   -0.337771475293038     0
    0.567036926872641   -0.712992212642278   -0.412445424601001     0
    0.516675983143512   -0.734927212937956   -0.439235608900204     0
    0.484843292188678   -0.774057324154436     -0.4071390928694     0
    0.431738216683364   -0.791962262049233   -0.431738216683364     0
    0.585507161645768   -0.730019898491677   -0.352494413385117     0
    0.536315748353392   -0.753441332404005   -0.380383460068153     0
    0.615279940691792   -0.688394127349536   -0.384114722463192     0
    0.668988148389863   -0.595872253133209   -0.444287199072689     0
    0.643450592142236   -0.643450592142236   -0.414659704991469     0
    0.595872253133209   -0.668988148389863   -0.444287199072689     0
     0.98078528040323   -0.195090322016128                    0     0
    0.995184726672197  -0.0980171403295606                    0     0
    0.989249938612187   -0.140006538908682    -0.04222236396266     0
    0.923879532511287    -0.38268343236509                    0     0
    0.956962061813465   -0.277653633546999  -0.0844515957686419     0
    0.942692806934302   -0.330966203674857   -0.042327813307321     0
    0.970636530540988   -0.236802055079636  -0.0423026274528404     0
    0.956940335732209   -0.290284677254462                    0     0
    0.979670922927655   -0.181827695027501  -0.0847559560801604     0
    0.966618515704206   -0.223002702154497   -0.126168300018631     0
    0.707106781186547   -0.707106781186547                    0     0
    0.774368393865042   -0.626987404360828  -0.0850904539636909     0
    0.831469612302545   -0.555570233019602                    0     0
    0.742427011447096   -0.668568448425331  -0.0426422612425752     0
    0.804489425696555   -0.592435296023236  -0.0426284408381133     0
    0.773010453362737   -0.634393284163645                    0     0
    0.827549182492217   -0.535467124046354   -0.168633655069179     0
    0.882475722791229   -0.462619785184198  -0.0849678353274017     0
    0.856654909929294   -0.500002104464545    -0.12704432622144     0
    0.832459278144894   -0.547458632560252  -0.0854435244225139     0
    0.802785560519486   -0.582552887825767   -0.127151392864069     0
    0.881921264348355   -0.471396736825998                    0     0
    0.858957104527501   -0.510273887963463  -0.0425822949638014     0
    0.904912609021323   -0.423463511820957  -0.0425655281945835     0
    0.865682127580317   -0.434210110648896   -0.249110485123147     0
    0.905605392423204   -0.342777522723501   -0.249764775598072     0
    0.878877904451738   -0.380499690224821   -0.287738796142156     0
     0.91769294921245   -0.358445863392062   -0.171336551800469     0
     0.94934971957372   -0.264167912801489   -0.170148240635639     0
    0.929247240348018    -0.30389042038495   -0.210119439138438     0
    0.848546558454499   -0.485944404298242   -0.209348451310853     0
      0.8933074716867   -0.397047998092085   -0.210605432597982     0
    0.876958456407867   -0.449178105081178   -0.170830019757695     0
    0.924324368622902    -0.37199016248548  -0.0851338979719587     0
    0.902292241208563   -0.411539860544647   -0.128466550657049     0
    0.939162831490135   -0.318672503015799   -0.128144495664382     0
   0.0842383196085103   -0.992878547970027  -0.0842383196085103     0
    0.195090322016128    -0.98078528040323                    0     0
   0.0421943480515256   -0.998218049318391  -0.0421943480515256     0
    0.140006538908682   -0.989249938612187    -0.04222236396266     0
   0.0980171403295606   -0.995184726672197                    0     0
    0.167276840912665   -0.971615622038138   -0.167276840912665     0
    0.277653633546999   -0.956962061813465  -0.0844515957686419     0
    0.223002702154497   -0.966618515704206   -0.126168300018631     0
    0.181827695027501   -0.979670922927655  -0.0847559560801604     0
    0.125982074103407   -0.984000525411042   -0.125982074103407     0
     0.38268343236509   -0.923879532511287                    0     0
    0.290284677254462   -0.956940335732209                    0     0
    0.236802055079636   -0.970636530540988  -0.0423026274528404     0
    0.330966203674857   -0.942692806934302   -0.042327813307321     0
    0.434210110648896   -0.865682127580317   -0.249110485123147     0
    0.247932854220251   -0.936514068018415   -0.247932854220251     0
    0.380499690224821   -0.878877904451738   -0.287738796142156     0
    0.342777522723501   -0.905605392423204   -0.249764775598072     0
    0.287006650642799   -0.913922515847818   -0.287006650642799     0
    0.535467124046354   -0.827549182492217   -0.168633655069179     0
    0.358445863392062    -0.91769294921245   -0.171336551800469     0
    0.449178105081178   -0.876958456407867   -0.170830019757695     0
    0.397047998092085     -0.8933074716867   -0.210605432597982     0
    0.485944404298242   -0.848546558454499   -0.209348451310853     0
     0.20797544956056   -0.955767976425328    -0.20797544956056     0
     0.30389042038495   -0.929247240348018   -0.210119439138438     0
    0.264167912801489    -0.94934971957372   -0.170148240635639     0
    0.555570233019602   -0.831469612302545                    0     0
    0.626987404360828   -0.774368393865042  -0.0850904539636909     0
    0.634393284163645   -0.773010453362737                    0     0
    0.592435296023236   -0.804489425696555  -0.0426284408381133     0
    0.668568448425331   -0.742427011447096  -0.0426422612425752     0
    0.462619785184198   -0.882475722791229  -0.0849678353274017     0
    0.423463511820957   -0.904912609021323  -0.0425655281945835     0
    0.510273887963463   -0.858957104527501  -0.0425822949638014     0
    0.471396736825998   -0.881921264348355                    0     0
    0.582552887825767   -0.802785560519486   -0.127151392864069     0
    0.547458632560252   -0.832459278144894  -0.0854435244225139     0
    0.500002104464545   -0.856654909929294    -0.12704432622144     0
    0.318672503015799   -0.939162831490135   -0.128144495664382     0
    0.411539860544647   -0.902292241208563   -0.128466550657049     0
     0.37199016248548   -0.924324368622902  -0.0851338979719587     0
    0.830500498285091   -0.470108499250908   -0.298775703965827     0
    0.751749719301915   -0.604264202243722   -0.264077892706396     0
     0.79159005758006   -0.571266139157592   -0.216887480026801     0
    0.813008046531783   -0.521992919903065   -0.257956019208017     0
    0.773255314439596   -0.555250401037294   -0.306224118643267     0
    0.708223507217633   -0.634299521829123   -0.309973515694003     0
    0.704514058226685   -0.704514058226685  -0.0855563178376324     0
     0.69652552769574    -0.69652552769574   -0.172349582350353     0
    0.619343697324706   -0.766178324742549   -0.171418083290135     0
    0.663292874489533   -0.737154457406944   -0.129018869071491     0
    0.737154457406944   -0.663292874489533   -0.129018869071491     0
    0.766178324742549   -0.619343697324706   -0.171418083290135     0
    0.470108499250908   -0.830500498285091   -0.298775703965827     0
    0.604264202243722   -0.751749719301915   -0.264077892706396     0
    0.634299521829123   -0.708223507217633   -0.309973515694003     0
    0.555250401037294   -0.773255314439596   -0.306224118643267     0
    0.521992919903065   -0.813008046531783   -0.257956019208017     0
    0.571266139157592    -0.79159005758006   -0.216887480026801     0
    0.725952591074997   -0.652025004812381   -0.218760665136382     0
    0.652025004812381   -0.725952591074997   -0.218760665136382     0
    0.681724308862684   -0.681724308862684   -0.265525767885891     0
    0.524603680441045    0.524603680441045     0.67050872994721     0
    0.551960541278087    0.551960541278087    0.625043295895574     0
    0.600762057145222    0.527418146624936    0.600762057145222     0
    0.464385211802447    0.464385211802447      0.7541171991928     0
    0.622454150039809    0.474448798287485    0.622454150039809     0
    0.546324440287225    0.471926195436632    0.691964791015812     0
    0.574564024770744    0.500427788278834    0.647648214818506     0
    0.495377183832129    0.495377183832129    0.713584537022137     0
    0.647648214818506    0.500427788278834    0.574564024770744     0
    0.691964791015812    0.471926195436632    0.546324440287225     0
    0.325057583671868    0.325057583671868    0.888073833977115     0
    0.503659600713804    0.346949113218769    0.791172117459609     0
    0.397552549145289    0.397552549145289    0.826984849520331     0
    0.416539042342602    0.337771475293038    0.844041264798512     0
    0.451459120888885    0.372955542203624    0.810610156428993     0
    0.361950043535365    0.361950043535365    0.859060144558863     0
    0.661224832946645    0.354349320006915    0.661224832946645     0
    0.567036926872641    0.412445424601001    0.712992212642278     0
    0.615279940691792    0.384114722463192    0.688394127349536     0
    0.536315748353392    0.380383460068153    0.753441332404005     0
    0.585507161645768    0.352494413385117    0.730019898491677     0
    0.431738216683364    0.431738216683364    0.791962262049233     0
    0.484843292188678      0.4071390928694    0.774057324154436     0
    0.516675983143512    0.439235608900204    0.734927212937956     0
    0.791172117459609    0.346949113218769    0.503659600713804     0
    0.810610156428993    0.372955542203624    0.451459120888885     0
    0.844041264798512    0.337771475293038    0.416539042342602     0
    0.712992212642278    0.412445424601001    0.567036926872641     0
    0.734927212937956    0.439235608900204    0.516675983143512     0
    0.774057324154436      0.4071390928694    0.484843292188678     0
    0.730019898491677    0.352494413385117    0.585507161645768     0
    0.753441332404005    0.380383460068153    0.536315748353392     0
    0.688394127349536    0.384114722463192    0.615279940691792     0
    0.595872253133209    0.444287199072689    0.668988148389863     0
    0.643450592142236    0.414659704991469    0.643450592142236     0
    0.668988148389863    0.444287199072689    0.595872253133209     0
    0.195090322016128                    0     0.98078528040323     0
   0.0842383196085103   0.0842383196085103    0.992878547970027     0
   0.0980171403295606                    0    0.995184726672197     0
    0.140006538908682     0.04222236396266    0.989249938612187     0
   0.0421943480515256   0.0421943480515256    0.998218049318391     0
     0.38268343236509                    0    0.923879532511287     0
    0.277653633546999   0.0844515957686419    0.956962061813465     0
    0.330966203674857    0.042327813307321    0.942692806934302     0
    0.236802055079636   0.0423026274528404    0.970636530540988     0
    0.290284677254462                    0    0.956940335732209     0
    0.167276840912665    0.167276840912665    0.971615622038138     0
    0.125982074103407    0.125982074103407    0.984000525411042     0
    0.181827695027501   0.0847559560801604    0.979670922927655     0
    0.223002702154497    0.126168300018631    0.966618515704206     0
    0.707106781186547                    0    0.707106781186547     0
    0.626987404360828   0.0850904539636909    0.774368393865042     0
    0.555570233019602                    0    0.831469612302545     0
    0.668568448425331   0.0426422612425752    0.742427011447096     0
    0.592435296023236   0.0426284408381133    0.804489425696555     0
    0.634393284163645                    0    0.773010453362737     0
    0.535467124046354    0.168633655069179    0.827549182492217     0
    0.462619785184198   0.0849678353274017    0.882475722791229     0
    0.500002104464545     0.12704432622144    0.856654909929294     0
    0.547458632560252   0.0854435244225139    0.832459278144894     0
    0.582552887825767    0.127151392864069    0.802785560519486     0
    0.471396736825998                    0    0.881921264348355     0
    0.510273887963463   0.0425822949638014    0.858957104527501     0
    0.423463511820957   0.0425655281945835    0.904912609021323     0
    0.247932854220251    0.247932854220251    0.936514068018415     0
    0.434210110648896    0.249110485123147    0.865682127580317     0
    0.287006650642799    0.287006650642799    0.913922515847818     0
    0.342777522723501    0.249764775598072    0.905605392423204     0
    0.380499690224821    0.287738796142156    0.878877904451738     0
    0.358445863392062    0.171336551800469     0.91769294921245     0
    0.264167912801489    0.170148240635639     0.94934971957372     0
     0.30389042038495    0.210119439138438    0.929247240348018     0
     0.20797544956056     0.20797544956056    0.955767976425328     0
    0.485944404298242    0.209348451310853    0.848546558454499     0
    0.397047998092085    0.210605432597982      0.8933074716867     0
    0.449178105081178    0.170830019757695    0.876958456407867     0
     0.37199016248548   0.0851338979719587    0.924324368622902     0
    0.411539860544647    0.128466550657049    0.902292241208563     0
    0.318672503015799    0.128144495664382    0.939162831490135     0
     0.98078528040323                    0    0.195090322016128     0
    0.989249938612187     0.04222236396266    0.140006538908682     0
    0.995184726672197                    0   0.0980171403295606     0
    0.956962061813465   0.0844515957686419    0.277653633546999     0
    0.966618515704206    0.126168300018631    0.223002702154497     0
    0.979670922927655   0.0847559560801604    0.181827695027501     0
    0.923879532511287                    0     0.38268343236509     0
    0.956940335732209                    0    0.290284677254462     0
    0.970636530540988   0.0423026274528404    0.236802055079636     0
    0.942692806934302    0.042327813307321    0.330966203674857     0
    0.865682127580317    0.249110485123147    0.434210110648896     0
    0.878877904451738    0.287738796142156    0.380499690224821     0
    0.905605392423204    0.249764775598072    0.342777522723501     0
    0.827549182492217    0.168633655069179    0.535467124046354     0
     0.91769294921245    0.171336551800469    0.358445863392062     0
    0.876958456407867    0.170830019757695    0.449178105081178     0
      0.8933074716867    0.210605432597982    0.397047998092085     0
    0.848546558454499    0.209348451310853    0.485944404298242     0
    0.929247240348018    0.210119439138438     0.30389042038495     0
     0.94934971957372    0.170148240635639    0.264167912801489     0
    0.831469612302545                    0    0.555570233019602     0
    0.774368393865042   0.0850904539636909    0.626987404360828     0
    0.773010453362737                    0    0.634393284163645     0
    0.804489425696555   0.0426284408381133    0.592435296023236     0
    0.742427011447096   0.0426422612425752    0.668568448425331     0
    0.882475722791229   0.0849678353274017    0.462619785184198     0
    0.904912609021323   0.0425655281945835    0.423463511820957     0
    0.858957104527501   0.0425822949638014    0.510273887963463     0
    0.881921264348355                    0    0.471396736825998     0
    0.802785560519486    0.127151392864069    0.582552887825767     0
    0.832459278144894   0.0854435244225139    0.547458632560252     0
    0.856654909929294     0.12704432622144    0.500002104464545     0
    0.939162831490135    0.128144495664382    0.318672503015799     0
    0.902292241208563    0.128466550657049    0.411539860544647     0
    0.924324368622902   0.0851338979719587     0.37199016248548     0
    0.470108499250908    0.298775703965827    0.830500498285091     0
    0.604264202243722    0.264077892706396    0.751749719301915     0
    0.571266139157592    0.216887480026801     0.79159005758006     0
    0.521992919903065    0.257956019208017    0.813008046531783     0
    0.555250401037294    0.306224118643267    0.773255314439596     0
    0.634299521829123    0.309973515694003    0.708223507217633     0
    0.704514058226685   0.0855563178376324    0.704514058226685     0
     0.69652552769574    0.172349582350353     0.69652552769574     0
    0.766178324742549    0.171418083290135    0.619343697324706     0
    0.737154457406944    0.129018869071491    0.663292874489533     0
    0.663292874489533    0.129018869071491    0.737154457406944     0
    0.619343697324706    0.171418083290135    0.766178324742549     0
    0.830500498285091    0.298775703965827    0.470108499250908     0
    0.751749719301915    0.264077892706396    0.604264202243722     0
    0.708223507217633    0.309973515694003    0.634299521829123     0
    0.773255314439596    0.306224118643267    0.555250401037294     0
    0.813008046531783    0.257956019208017    0.521992919903065     0
     0.79159005758006    0.216887480026801    0.571266139157592     0
    0.652025004812381    0.218760665136382    0.725952591074997     0
    0.725952591074997    0.218760665136382    0.652025004812381     0
    0.681724308862684    0.265525767885891    0.681724308862684     0
   0.0984867696244087   -0.990252852769381   0.0984867696244087     0
    0.198756853415513   -0.959682982260667    0.198756853415513     0
    0.293470193670293   -0.950689984024958    0.100318491325106     0
    0.197914728701508   -0.975117440763949   0.0998786107280953     0
   0.0998786107280953   -0.975117440763949    0.197914728701508     0
    0.100318491325106   -0.950689984024958    0.293470193670293     0
    0.577350269189626   -0.788675134594813    0.211324865405187     0
    0.647770289815384   -0.754344479484572    0.106574189669187     0
    0.569815223564394   -0.814870186707507    0.106288239281359     0
    0.408248290463863   -0.816496580927726    0.408248290463863     0
    0.404615044596354   -0.890320034496634    0.208846598871523     0
     0.40874890037998   -0.858273936852256     0.31030659960479     0
    0.493467058338738   -0.843745492253799    0.211148778438113     0
    0.497051625386297   -0.809511339490079    0.312459714103783     0
    0.484341251861761   -0.868513371756656    0.105347400655483     0
    0.395893593484548   -0.912271529665426    0.105018659293459     0
    0.211324865405187   -0.788675134594813    0.577350269189626     0
    0.106288239281359   -0.814870186707507    0.569815223564394     0
    0.106574189669187   -0.754344479484572    0.647770289815384     0
    0.208846598871523   -0.890320034496634    0.404615044596354     0
    0.105018659293459   -0.912271529665426    0.395893593484548     0
    0.105347400655483   -0.868513371756656    0.484341251861761     0
    0.312459714103783   -0.809511339490079    0.497051625386297     0
    0.211148778438113   -0.843745492253799    0.493467058338738     0
     0.31030659960479   -0.858273936852256     0.40874890037998     0
    0.303485283812735   -0.930518462071235    0.205017253551223     0
    0.309712631841301   -0.898975067149178    0.309712631841301     0
    0.205017253551223   -0.930518462071235    0.303485283812735     0
    0.990252852769381  -0.0984867696244087   0.0984867696244087     0
    0.959682982260667   -0.198756853415513    0.198756853415513     0
    0.950689984024958   -0.100318491325106    0.293470193670293     0
    0.975117440763949  -0.0998786107280953    0.197914728701508     0
    0.975117440763949   -0.197914728701508   0.0998786107280953     0
    0.950689984024958   -0.293470193670293    0.100318491325106     0
    0.788675134594813   -0.211324865405187    0.577350269189626     0
    0.754344479484572   -0.106574189669187    0.647770289815384     0
    0.814870186707507   -0.106288239281359    0.569815223564394     0
    0.816496580927726   -0.408248290463863    0.408248290463863     0
    0.890320034496634   -0.208846598871523    0.404615044596354     0
    0.858273936852256    -0.31030659960479     0.40874890037998     0
    0.843745492253799   -0.211148778438113    0.493467058338738     0
    0.809511339490079   -0.312459714103783    0.497051625386297     0
    0.868513371756656   -0.105347400655483    0.484341251861761     0
    0.912271529665426   -0.105018659293459    0.395893593484548     0
    0.788675134594813   -0.577350269189626    0.211324865405187     0
    0.814870186707507   -0.569815223564394    0.106288239281359     0
    0.754344479484572   -0.647770289815384    0.106574189669187     0
    0.890320034496634   -0.404615044596354    0.208846598871523     0
    0.912271529665426   -0.395893593484548    0.105018659293459     0
    0.868513371756656   -0.484341251861761    0.105347400655483     0
    0.809511339490079   -0.497051625386297    0.312459714103783     0
    0.843745492253799   -0.493467058338738    0.211148778438113     0
    0.858273936852256    -0.40874890037998     0.31030659960479     0
    0.930518462071235   -0.205017253551223    0.303485283812735     0
    0.898975067149178   -0.309712631841301    0.309712631841301     0
    0.930518462071235   -0.303485283812735    0.205017253551223     0
   0.0984867696244087  -0.0984867696244087    0.990252852769381     0
    0.198756853415513   -0.198756853415513    0.959682982260667     0
    0.100318491325106   -0.293470193670293    0.950689984024958     0
   0.0998786107280953   -0.197914728701508    0.975117440763949     0
    0.197914728701508  -0.0998786107280953    0.975117440763949     0
    0.293470193670293   -0.100318491325106    0.950689984024958     0
    0.211324865405187   -0.577350269189626    0.788675134594813     0
    0.106574189669187   -0.647770289815384    0.754344479484572     0
    0.106288239281359   -0.569815223564394    0.814870186707507     0
    0.408248290463863   -0.408248290463863    0.816496580927726     0
    0.208846598871523   -0.404615044596354    0.890320034496634     0
     0.31030659960479    -0.40874890037998    0.858273936852256     0
    0.211148778438113   -0.493467058338738    0.843745492253799     0
    0.312459714103783   -0.497051625386297    0.809511339490079     0
    0.105347400655483   -0.484341251861761    0.868513371756656     0
    0.105018659293459   -0.395893593484548    0.912271529665426     0
    0.577350269189626   -0.211324865405187    0.788675134594813     0
    0.569815223564394   -0.106288239281359    0.814870186707507     0
    0.647770289815384   -0.106574189669187    0.754344479484572     0
    0.404615044596354   -0.208846598871523    0.890320034496634     0
    0.395893593484548   -0.105018659293459    0.912271529665426     0
    0.484341251861761   -0.105347400655483    0.868513371756656     0
    0.497051625386297   -0.312459714103783    0.809511339490079     0
    0.493467058338738   -0.211148778438113    0.843745492253799     0
     0.40874890037998    -0.31030659960479    0.858273936852256     0
    0.205017253551223   -0.303485283812735    0.930518462071235     0
    0.309712631841301   -0.309712631841301    0.898975067149178     0
    0.303485283812735   -0.205017253551223    0.930518462071235     0
    0.690768358169145   -0.690768358169145    0.213724473808237     0
    0.639602149066831   -0.639602149066831    0.426401432711221     0
    0.735924101061586   -0.529592105860498    0.421838735640695     0
    0.720686637243745   -0.614055377083669    0.321786831260907     0
    0.614055377083669   -0.720686637243745    0.321786831260907     0
    0.529592105860498   -0.735924101061586    0.421838735640695     0
    0.690768358169145   -0.213724473808237    0.690768358169145     0
    0.639602149066831   -0.426401432711221    0.639602149066831     0
    0.529592105860498   -0.421838735640695    0.735924101061586     0
    0.614055377083669   -0.321786831260907    0.720686637243745     0
    0.720686637243745   -0.321786831260907    0.614055377083669     0
    0.735924101061586   -0.421838735640695    0.529592105860498     0
    0.213724473808237   -0.690768358169145    0.690768358169145     0
    0.426401432711221   -0.639602149066831    0.639602149066831     0
    0.421838735640695   -0.735924101061586    0.529592105860498     0
    0.321786831260907   -0.720686637243745    0.614055377083669     0
    0.321786831260907   -0.614055377083669    0.720686637243745     0
    0.421838735640695   -0.529592105860498    0.735924101061586     0
    0.646996639220631   -0.539163866017192    0.539163866017192     0
    0.539163866017192   -0.539163866017192    0.646996639220631     0
    0.539163866017192   -0.646996639220631    0.539163866017192     0
    0.527418146624936    0.600762057145222    0.600762057145222     0
    0.474448798287485    0.622454150039809    0.622454150039809     0
    0.471926195436632    0.691964791015812    0.546324440287225     0
    0.500427788278834    0.647648214818506    0.574564024770744     0
    0.500427788278834    0.574564024770744    0.647648214818506     0
    0.471926195436632    0.546324440287225    0.691964791015812     0
    0.346949113218769    0.791172117459609    0.503659600713804     0
    0.337771475293038    0.844041264798512    0.416539042342602     0
    0.372955542203624    0.810610156428993    0.451459120888885     0
    0.354349320006915    0.661224832946645    0.661224832946645     0
    0.412445424601001    0.712992212642278    0.567036926872641     0
    0.384114722463192    0.688394127349536    0.615279940691792     0
    0.380383460068153    0.753441332404005    0.536315748353392     0
    0.352494413385117    0.730019898491677    0.585507161645768     0
      0.4071390928694    0.774057324154436    0.484843292188678     0
    0.439235608900204    0.734927212937956    0.516675983143512     0
    0.346949113218769    0.503659600713804    0.791172117459609     0
    0.372955542203624    0.451459120888885    0.810610156428993     0
    0.337771475293038    0.416539042342602    0.844041264798512     0
    0.412445424601001    0.567036926872641    0.712992212642278     0
    0.439235608900204    0.516675983143512    0.734927212937956     0
      0.4071390928694    0.484843292188678    0.774057324154436     0
    0.352494413385117    0.585507161645768    0.730019898491677     0
    0.380383460068153    0.536315748353392    0.753441332404005     0
    0.384114722463192    0.615279940691792    0.688394127349536     0
    0.444287199072689    0.668988148389863    0.595872253133209     0
    0.414659704991469    0.643450592142236    0.643450592142236     0
    0.444287199072689    0.595872253133209    0.668988148389863     0
                    0     0.98078528040323    0.195090322016128     0
                    0    0.995184726672197   0.0980171403295606     0
     0.04222236396266    0.989249938612187    0.140006538908682     0
                    0    0.923879532511287     0.38268343236509     0
   0.0844515957686419    0.956962061813465    0.277653633546999     0
    0.042327813307321    0.942692806934302    0.330966203674857     0
   0.0423026274528404    0.970636530540988    0.236802055079636     0
                    0    0.956940335732209    0.290284677254462     0
   0.0847559560801604    0.979670922927655    0.181827695027501     0
    0.126168300018631    0.966618515704206    0.223002702154497     0
                    0    0.707106781186547    0.707106781186547     0
   0.0850904539636909    0.774368393865042    0.626987404360828     0
                    0    0.831469612302545    0.555570233019602     0
   0.0426422612425752    0.742427011447096    0.668568448425331     0
   0.0426284408381133    0.804489425696555    0.592435296023236     0
                    0    0.773010453362737    0.634393284163645     0
    0.168633655069179    0.827549182492217    0.535467124046354     0
   0.0849678353274017    0.882475722791229    0.462619785184198     0
     0.12704432622144    0.856654909929294    0.500002104464545     0
   0.0854435244225139    0.832459278144894    0.547458632560252     0
    0.127151392864069    0.802785560519486    0.582552887825767     0
                    0    0.881921264348355    0.471396736825998     0
   0.0425822949638014    0.858957104527501    0.510273887963463     0
   0.0425655281945835    0.904912609021323    0.423463511820957     0
    0.249110485123147    0.865682127580317    0.434210110648896     0
    0.249764775598072    0.905605392423204    0.342777522723501     0
    0.287738796142156    0.878877904451738    0.380499690224821     0
    0.171336551800469     0.91769294921245    0.358445863392062     0
    0.170148240635639     0.94934971957372    0.264167912801489     0
    0.210119439138438    0.929247240348018     0.30389042038495     0
    0.209348451310853    0.848546558454499    0.485944404298242     0
    0.210605432597982      0.8933074716867    0.397047998092085     0
    0.170830019757695    0.876958456407867    0.449178105081178     0
   0.0851338979719587    0.924324368622902     0.37199016248548     0
    0.128466550657049    0.902292241208563    0.411539860544647     0
    0.128144495664382    0.939162831490135    0.318672503015799     0
                    0    0.195090322016128     0.98078528040323     0
     0.04222236396266    0.140006538908682    0.989249938612187     0
                    0   0.0980171403295606    0.995184726672197     0
   0.0844515957686419    0.277653633546999    0.956962061813465     0
    0.126168300018631    0.223002702154497    0.966618515704206     0
   0.0847559560801604    0.181827695027501    0.979670922927655     0
                    0     0.38268343236509    0.923879532511287     0
                    0    0.290284677254462    0.956940335732209     0
   0.0423026274528404    0.236802055079636    0.970636530540988     0
    0.042327813307321    0.330966203674857    0.942692806934302     0
    0.249110485123147    0.434210110648896    0.865682127580317     0
    0.287738796142156    0.380499690224821    0.878877904451738     0
    0.249764775598072    0.342777522723501    0.905605392423204     0
    0.168633655069179    0.535467124046354    0.827549182492217     0
    0.171336551800469    0.358445863392062     0.91769294921245     0
    0.170830019757695    0.449178105081178    0.876958456407867     0
    0.210605432597982    0.397047998092085      0.8933074716867     0
    0.209348451310853    0.485944404298242    0.848546558454499     0
    0.210119439138438     0.30389042038495    0.929247240348018     0
    0.170148240635639    0.264167912801489     0.94934971957372     0
                    0    0.555570233019602    0.831469612302545     0
   0.0850904539636909    0.626987404360828    0.774368393865042     0
                    0    0.634393284163645    0.773010453362737     0
   0.0426284408381133    0.592435296023236    0.804489425696555     0
   0.0426422612425752    0.668568448425331    0.742427011447096     0
   0.0849678353274017    0.462619785184198    0.882475722791229     0
   0.0425655281945835    0.423463511820957    0.904912609021323     0
   0.0425822949638014    0.510273887963463    0.858957104527501     0
                    0    0.471396736825998    0.881921264348355     0
    0.127151392864069    0.582552887825767    0.802785560519486     0
   0.0854435244225139    0.547458632560252    0.832459278144894     0
     0.12704432622144    0.500002104464545    0.856654909929294     0
    0.128144495664382    0.318672503015799    0.939162831490135     0
    0.128466550657049    0.411539860544647    0.902292241208563     0
   0.0851338979719587     0.37199016248548    0.924324368622902     0
    0.298775703965827    0.830500498285091    0.470108499250908     0
    0.264077892706396    0.751749719301915    0.604264202243722     0
    0.216887480026801     0.79159005758006    0.571266139157592     0
    0.257956019208017    0.813008046531783    0.521992919903065     0
    0.306224118643267    0.773255314439596    0.555250401037294     0
    0.309973515694003    0.708223507217633    0.634299521829123     0
   0.0855563178376324    0.704514058226685    0.704514058226685     0
    0.172349582350353     0.69652552769574     0.69652552769574     0
    0.171418083290135    0.619343697324706    0.766178324742549     0
    0.129018869071491    0.663292874489533    0.737154457406944     0
    0.129018869071491    0.737154457406944    0.663292874489533     0
    0.171418083290135    0.766178324742549    0.619343697324706     0
    0.298775703965827    0.470108499250908    0.830500498285091     0
    0.264077892706396    0.604264202243722    0.751749719301915     0
    0.309973515694003    0.634299521829123    0.708223507217633     0
    0.306224118643267    0.555250401037294    0.773255314439596     0
    0.257956019208017    0.521992919903065    0.813008046531783     0
    0.216887480026801    0.571266139157592     0.79159005758006     0
    0.218760665136382    0.725952591074997    0.652025004812381     0
    0.218760665136382    0.652025004812381    0.725952591074997     0
    0.265525767885891    0.681724308862684    0.681724308862684     0
    -0.67050872994721    0.524603680441045   -0.524603680441045     0
   -0.625043295895574    0.551960541278087   -0.551960541278087     0
   -0.600762057145222    0.600762057145222   -0.527418146624936     0
     -0.7541171991928    0.464385211802447   -0.464385211802447     0
   -0.622454150039809    0.622454150039809   -0.474448798287485     0
   -0.691964791015812    0.546324440287225   -0.471926195436632     0
   -0.647648214818506    0.574564024770744   -0.500427788278834     0
   -0.713584537022137    0.495377183832129   -0.495377183832129     0
   -0.574564024770744    0.647648214818506   -0.500427788278834     0
   -0.546324440287225    0.691964791015812   -0.471926195436632     0
   -0.888073833977115    0.325057583671868   -0.325057583671868     0
   -0.791172117459609    0.503659600713804   -0.346949113218769     0
   -0.826984849520331    0.397552549145289   -0.397552549145289     0
   -0.844041264798512    0.416539042342602   -0.337771475293038     0
   -0.810610156428993    0.451459120888885   -0.372955542203624     0
   -0.859060144558863    0.361950043535365   -0.361950043535365     0
   -0.661224832946645    0.661224832946645   -0.354349320006915     0
   -0.712992212642278    0.567036926872641   -0.412445424601001     0
   -0.688394127349536    0.615279940691792   -0.384114722463192     0
   -0.753441332404005    0.536315748353392   -0.380383460068153     0
   -0.730019898491677    0.585507161645768   -0.352494413385117     0
   -0.791962262049233    0.431738216683364   -0.431738216683364     0
   -0.774057324154436    0.484843292188678     -0.4071390928694     0
   -0.734927212937956    0.516675983143512   -0.439235608900204     0
   -0.503659600713804    0.791172117459609   -0.346949113218769     0
   -0.451459120888885    0.810610156428993   -0.372955542203624     0
   -0.416539042342602    0.844041264798512   -0.337771475293038     0
   -0.567036926872641    0.712992212642278   -0.412445424601001     0
   -0.516675983143512    0.734927212937956   -0.439235608900204     0
   -0.484843292188678    0.774057324154436     -0.4071390928694     0
   -0.585507161645768    0.730019898491677   -0.352494413385117     0
   -0.536315748353392    0.753441332404005   -0.380383460068153     0
   -0.615279940691792    0.688394127349536   -0.384114722463192     0
   -0.668988148389863    0.595872253133209   -0.444287199072689     0
   -0.643450592142236    0.643450592142236   -0.414659704991469     0
   -0.595872253133209    0.668988148389863   -0.444287199072689     0
                   -1                    0                    0     0
    -0.98078528040323    0.195090322016128                    0     0
   -0.992878547970027   0.0842383196085103  -0.0842383196085103     0
   -0.995184726672197   0.0980171403295606                    0     0
   -0.989249938612187    0.140006538908682    -0.04222236396266     0
   -0.998218049318391   0.0421943480515256  -0.0421943480515256     0
   -0.923879532511287     0.38268343236509                    0     0
   -0.956962061813465    0.277653633546999  -0.0844515957686419     0
   -0.942692806934302    0.330966203674857   -0.042327813307321     0
   -0.970636530540988    0.236802055079636  -0.0423026274528404     0
   -0.956940335732209    0.290284677254462                    0     0
   -0.971615622038138    0.167276840912665   -0.167276840912665     0
   -0.984000525411042    0.125982074103407   -0.125982074103407     0
   -0.979670922927655    0.181827695027501  -0.0847559560801604     0
   -0.966618515704206    0.223002702154497   -0.126168300018631     0
   -0.707106781186547    0.707106781186547                    0     0
   -0.774368393865042    0.626987404360828  -0.0850904539636909     0
   -0.831469612302545    0.555570233019602                    0     0
   -0.742427011447096    0.668568448425331  -0.0426422612425752     0
   -0.804489425696555    0.592435296023236  -0.0426284408381133     0
   -0.773010453362737    0.634393284163645                    0     0
   -0.827549182492217    0.535467124046354   -0.168633655069179     0
   -0.882475722791229    0.462619785184198  -0.0849678353274017     0
   -0.856654909929294    0.500002104464545    -0.12704432622144     0
   -0.832459278144894    0.547458632560252  -0.0854435244225139     0
   -0.802785560519486    0.582552887825767   -0.127151392864069     0
   -0.881921264348355    0.471396736825998                    0     0
   -0.858957104527501    0.510273887963463  -0.0425822949638014     0
   -0.904912609021323    0.423463511820957  -0.0425655281945835     0
   -0.936514068018415    0.247932854220251   -0.247932854220251     0
   -0.865682127580317    0.434210110648896   -0.249110485123147     0
   -0.913922515847818    0.287006650642799   -0.287006650642799     0
   -0.905605392423204    0.342777522723501   -0.249764775598072     0
   -0.878877904451738    0.380499690224821   -0.287738796142156     0
    -0.91769294921245    0.358445863392062   -0.171336551800469     0
    -0.94934971957372    0.264167912801489   -0.170148240635639     0
   -0.929247240348018     0.30389042038495   -0.210119439138438     0
   -0.955767976425328     0.20797544956056    -0.20797544956056     0
   -0.848546558454499    0.485944404298242   -0.209348451310853     0
     -0.8933074716867    0.397047998092085   -0.210605432597982     0
   -0.876958456407867    0.449178105081178   -0.170830019757695     0
   -0.924324368622902     0.37199016248548  -0.0851338979719587     0
   -0.902292241208563    0.411539860544647   -0.128466550657049     0
   -0.939162831490135    0.318672503015799   -0.128144495664382     0
   -0.195090322016128     0.98078528040323                    0     0
   -0.140006538908682    0.989249938612187    -0.04222236396266     0
  -0.0980171403295606    0.995184726672197                    0     0
   -0.277653633546999    0.956962061813465  -0.0844515957686419     0
   -0.223002702154497    0.966618515704206   -0.126168300018631     0
   -0.181827695027501    0.979670922927655  -0.0847559560801604     0
    -0.38268343236509    0.923879532511287                    0     0
   -0.290284677254462    0.956940335732209                    0     0
   -0.236802055079636    0.970636530540988  -0.0423026274528404     0
   -0.330966203674857    0.942692806934302   -0.042327813307321     0
   -0.434210110648896    0.865682127580317   -0.249110485123147     0
   -0.380499690224821    0.878877904451738   -0.287738796142156     0
   -0.342777522723501    0.905605392423204   -0.249764775598072     0
   -0.535467124046354    0.827549182492217   -0.168633655069179     0
   -0.358445863392062     0.91769294921245   -0.171336551800469     0
   -0.449178105081178    0.876958456407867   -0.170830019757695     0
   -0.397047998092085      0.8933074716867   -0.210605432597982     0
   -0.485944404298242    0.848546558454499   -0.209348451310853     0
    -0.30389042038495    0.929247240348018   -0.210119439138438     0
   -0.264167912801489     0.94934971957372   -0.170148240635639     0
   -0.555570233019602    0.831469612302545                    0     0
   -0.626987404360828    0.774368393865042  -0.0850904539636909     0
   -0.634393284163645    0.773010453362737                    0     0
   -0.592435296023236    0.804489425696555  -0.0426284408381133     0
   -0.668568448425331    0.742427011447096  -0.0426422612425752     0
   -0.462619785184198    0.882475722791229  -0.0849678353274017     0
   -0.423463511820957    0.904912609021323  -0.0425655281945835     0
   -0.510273887963463    0.858957104527501  -0.0425822949638014     0
   -0.471396736825998    0.881921264348355                    0     0
   -0.582552887825767    0.802785560519486   -0.127151392864069     0
   -0.547458632560252    0.832459278144894  -0.0854435244225139     0
   -0.500002104464545    0.856654909929294    -0.12704432622144     0
   -0.318672503015799    0.939162831490135   -0.128144495664382     0
   -0.411539860544647    0.902292241208563   -0.128466550657049     0
    -0.37199016248548    0.924324368622902  -0.0851338979719587     0
   -0.830500498285091    0.470108499250908   -0.298775703965827     0
   -0.751749719301915    0.604264202243722   -0.264077892706396     0
    -0.79159005758006    0.571266139157592   -0.216887480026801     0
   -0.813008046531783    0.521992919903065   -0.257956019208017     0
   -0.773255314439596    0.555250401037294   -0.306224118643267     0
   -0.708223507217633    0.634299521829123   -0.309973515694003     0
   -0.704514058226685    0.704514058226685  -0.0855563178376324     0
    -0.69652552769574     0.69652552769574   -0.172349582350353     0
   -0.619343697324706    0.766178324742549   -0.171418083290135     0
   -0.663292874489533    0.737154457406944   -0.129018869071491     0
   -0.737154457406944    0.663292874489533   -0.129018869071491     0
   -0.766178324742549    0.619343697324706   -0.171418083290135     0
   -0.470108499250908    0.830500498285091   -0.298775703965827     0
   -0.604264202243722    0.751749719301915   -0.264077892706396     0
   -0.634299521829123    0.708223507217633   -0.309973515694003     0
   -0.555250401037294    0.773255314439596   -0.306224118643267     0
   -0.521992919903065    0.813008046531783   -0.257956019208017     0
   -0.571266139157592     0.79159005758006   -0.216887480026801     0
   -0.725952591074997    0.652025004812381   -0.218760665136382     0
   -0.652025004812381    0.725952591074997   -0.218760665136382     0
   -0.681724308862684    0.681724308862684   -0.265525767885891     0
    -0.67050872994721   -0.524603680441045    0.524603680441045     0
   -0.600762057145222   -0.527418146624936    0.600762057145222     0
   -0.625043295895574   -0.551960541278087    0.551960541278087     0
   -0.622454150039809   -0.474448798287485    0.622454150039809     0
   -0.546324440287225   -0.471926195436632    0.691964791015812     0
   -0.574564024770744   -0.500427788278834    0.647648214818506     0
     -0.7541171991928   -0.464385211802447    0.464385211802447     0
   -0.713584537022137   -0.495377183832129    0.495377183832129     0
   -0.647648214818506   -0.500427788278834    0.574564024770744     0
   -0.691964791015812   -0.471926195436632    0.546324440287225     0
   -0.503659600713804   -0.346949113218769    0.791172117459609     0
   -0.416539042342602   -0.337771475293038    0.844041264798512     0
   -0.451459120888885   -0.372955542203624    0.810610156428993     0
   -0.661224832946645   -0.354349320006915    0.661224832946645     0
   -0.567036926872641   -0.412445424601001    0.712992212642278     0
   -0.615279940691792   -0.384114722463192    0.688394127349536     0
   -0.536315748353392   -0.380383460068153    0.753441332404005     0
   -0.585507161645768   -0.352494413385117    0.730019898491677     0
   -0.484843292188678     -0.4071390928694    0.774057324154436     0
   -0.516675983143512   -0.439235608900204    0.734927212937956     0
   -0.888073833977115   -0.325057583671868    0.325057583671868     0
   -0.826984849520331   -0.397552549145289    0.397552549145289     0
   -0.791172117459609   -0.346949113218769    0.503659600713804     0
   -0.859060144558863   -0.361950043535365    0.361950043535365     0
   -0.810610156428993   -0.372955542203624    0.451459120888885     0
   -0.844041264798512   -0.337771475293038    0.416539042342602     0
   -0.712992212642278   -0.412445424601001    0.567036926872641     0
   -0.734927212937956   -0.439235608900204    0.516675983143512     0
   -0.774057324154436     -0.4071390928694    0.484843292188678     0
   -0.791962262049233   -0.431738216683364    0.431738216683364     0
   -0.730019898491677   -0.352494413385117    0.585507161645768     0
   -0.753441332404005   -0.380383460068153    0.536315748353392     0
   -0.688394127349536   -0.384114722463192    0.615279940691792     0
   -0.595872253133209   -0.444287199072689    0.668988148389863     0
   -0.643450592142236   -0.414659704991469    0.643450592142236     0
   -0.668988148389863   -0.444287199072689    0.595872253133209     0
   -0.195090322016128                    0     0.98078528040323     0
  -0.0980171403295606                    0    0.995184726672197     0
   -0.140006538908682    -0.04222236396266    0.989249938612187     0
    -0.38268343236509                    0    0.923879532511287     0
   -0.277653633546999  -0.0844515957686419    0.956962061813465     0
   -0.330966203674857   -0.042327813307321    0.942692806934302     0
   -0.236802055079636  -0.0423026274528404    0.970636530540988     0
   -0.290284677254462                    0    0.956940335732209     0
   -0.181827695027501  -0.0847559560801604    0.979670922927655     0
   -0.223002702154497   -0.126168300018631    0.966618515704206     0
   -0.707106781186547                    0    0.707106781186547     0
   -0.626987404360828  -0.0850904539636909    0.774368393865042     0
   -0.555570233019602                    0    0.831469612302545     0
   -0.668568448425331  -0.0426422612425752    0.742427011447096     0
   -0.592435296023236  -0.0426284408381133    0.804489425696555     0
   -0.634393284163645                    0    0.773010453362737     0
   -0.535467124046354   -0.168633655069179    0.827549182492217     0
   -0.462619785184198  -0.0849678353274017    0.882475722791229     0
   -0.500002104464545    -0.12704432622144    0.856654909929294     0
   -0.547458632560252  -0.0854435244225139    0.832459278144894     0
   -0.582552887825767   -0.127151392864069    0.802785560519486     0
   -0.471396736825998                    0    0.881921264348355     0
   -0.510273887963463  -0.0425822949638014    0.858957104527501     0
   -0.423463511820957  -0.0425655281945835    0.904912609021323     0
   -0.434210110648896   -0.249110485123147    0.865682127580317     0
   -0.342777522723501   -0.249764775598072    0.905605392423204     0
   -0.380499690224821   -0.287738796142156    0.878877904451738     0
   -0.358445863392062   -0.171336551800469     0.91769294921245     0
   -0.264167912801489   -0.170148240635639     0.94934971957372     0
    -0.30389042038495   -0.210119439138438    0.929247240348018     0
   -0.485944404298242   -0.209348451310853    0.848546558454499     0
   -0.397047998092085   -0.210605432597982      0.8933074716867     0
   -0.449178105081178   -0.170830019757695    0.876958456407867     0
    -0.37199016248548  -0.0851338979719587    0.924324368622902     0
   -0.411539860544647   -0.128466550657049    0.902292241208563     0
   -0.318672503015799   -0.128144495664382    0.939162831490135     0
   -0.992878547970027  -0.0842383196085103   0.0842383196085103     0
    -0.98078528040323                    0    0.195090322016128     0
   -0.998218049318391  -0.0421943480515256   0.0421943480515256     0
   -0.989249938612187    -0.04222236396266    0.140006538908682     0
   -0.995184726672197                    0   0.0980171403295606     0
   -0.971615622038138   -0.167276840912665    0.167276840912665     0
   -0.956962061813465  -0.0844515957686419    0.277653633546999     0
   -0.966618515704206   -0.126168300018631    0.223002702154497     0
   -0.979670922927655  -0.0847559560801604    0.181827695027501     0
   -0.984000525411042   -0.125982074103407    0.125982074103407     0
   -0.923879532511287                    0     0.38268343236509     0
   -0.956940335732209                    0    0.290284677254462     0
   -0.970636530540988  -0.0423026274528404    0.236802055079636     0
   -0.942692806934302   -0.042327813307321    0.330966203674857     0
   -0.865682127580317   -0.249110485123147    0.434210110648896     0
   -0.936514068018415   -0.247932854220251    0.247932854220251     0
   -0.878877904451738   -0.287738796142156    0.380499690224821     0
   -0.905605392423204   -0.249764775598072    0.342777522723501     0
   -0.913922515847818   -0.287006650642799    0.287006650642799     0
   -0.827549182492217   -0.168633655069179    0.535467124046354     0
    -0.91769294921245   -0.171336551800469    0.358445863392062     0
   -0.876958456407867   -0.170830019757695    0.449178105081178     0
     -0.8933074716867   -0.210605432597982    0.397047998092085     0
   -0.848546558454499   -0.209348451310853    0.485944404298242     0
   -0.955767976425328    -0.20797544956056     0.20797544956056     0
   -0.929247240348018   -0.210119439138438     0.30389042038495     0
    -0.94934971957372   -0.170148240635639    0.264167912801489     0
   -0.831469612302545                    0    0.555570233019602     0
   -0.774368393865042  -0.0850904539636909    0.626987404360828     0
   -0.773010453362737                    0    0.634393284163645     0
   -0.804489425696555  -0.0426284408381133    0.592435296023236     0
   -0.742427011447096  -0.0426422612425752    0.668568448425331     0
   -0.882475722791229  -0.0849678353274017    0.462619785184198     0
   -0.904912609021323  -0.0425655281945835    0.423463511820957     0
   -0.858957104527501  -0.0425822949638014    0.510273887963463     0
   -0.881921264348355                    0    0.471396736825998     0
   -0.802785560519486   -0.127151392864069    0.582552887825767     0
   -0.832459278144894  -0.0854435244225139    0.547458632560252     0
   -0.856654909929294    -0.12704432622144    0.500002104464545     0
   -0.939162831490135   -0.128144495664382    0.318672503015799     0
   -0.902292241208563   -0.128466550657049    0.411539860544647     0
   -0.924324368622902  -0.0851338979719587     0.37199016248548     0
   -0.470108499250908   -0.298775703965827    0.830500498285091     0
   -0.604264202243722   -0.264077892706396    0.751749719301915     0
   -0.571266139157592   -0.216887480026801     0.79159005758006     0
   -0.521992919903065   -0.257956019208017    0.813008046531783     0
   -0.555250401037294   -0.306224118643267    0.773255314439596     0
   -0.634299521829123   -0.309973515694003    0.708223507217633     0
   -0.704514058226685  -0.0855563178376324    0.704514058226685     0
    -0.69652552769574   -0.172349582350353     0.69652552769574     0
   -0.766178324742549   -0.171418083290135    0.619343697324706     0
   -0.737154457406944   -0.129018869071491    0.663292874489533     0
   -0.663292874489533   -0.129018869071491    0.737154457406944     0
   -0.619343697324706   -0.171418083290135    0.766178324742549     0
   -0.830500498285091   -0.298775703965827    0.470108499250908     0
   -0.751749719301915   -0.264077892706396    0.604264202243722     0
   -0.708223507217633   -0.309973515694003    0.634299521829123     0
   -0.773255314439596   -0.306224118643267    0.555250401037294     0
   -0.813008046531783   -0.257956019208017    0.521992919903065     0
    -0.79159005758006   -0.216887480026801    0.571266139157592     0
   -0.652025004812381   -0.218760665136382    0.725952591074997     0
   -0.725952591074997   -0.218760665136382    0.652025004812381     0
   -0.681724308862684   -0.265525767885891    0.681724308862684     0
  -0.0984867696244087    0.990252852769381   0.0984867696244087     0
   -0.198756853415513    0.959682982260667    0.198756853415513     0
   -0.293470193670293    0.950689984024958    0.100318491325106     0
   -0.197914728701508    0.975117440763949   0.0998786107280953     0
  -0.0998786107280953    0.975117440763949    0.197914728701508     0
   -0.100318491325106    0.950689984024958    0.293470193670293     0
   -0.577350269189626    0.788675134594813    0.211324865405187     0
   -0.647770289815384    0.754344479484572    0.106574189669187     0
   -0.569815223564394    0.814870186707507    0.106288239281359     0
   -0.408248290463863    0.816496580927726    0.408248290463863     0
   -0.404615044596354    0.890320034496634    0.208846598871523     0
    -0.40874890037998    0.858273936852256     0.31030659960479     0
   -0.493467058338738    0.843745492253799    0.211148778438113     0
   -0.497051625386297    0.809511339490079    0.312459714103783     0
   -0.484341251861761    0.868513371756656    0.105347400655483     0
   -0.395893593484548    0.912271529665426    0.105018659293459     0
   -0.211324865405187    0.788675134594813    0.577350269189626     0
   -0.106288239281359    0.814870186707507    0.569815223564394     0
   -0.106574189669187    0.754344479484572    0.647770289815384     0
   -0.208846598871523    0.890320034496634    0.404615044596354     0
   -0.105018659293459    0.912271529665426    0.395893593484548     0
   -0.105347400655483    0.868513371756656    0.484341251861761     0
   -0.312459714103783    0.809511339490079    0.497051625386297     0
   -0.211148778438113    0.843745492253799    0.493467058338738     0
    -0.31030659960479    0.858273936852256     0.40874890037998     0
   -0.303485283812735    0.930518462071235    0.205017253551223     0
   -0.309712631841301    0.898975067149178    0.309712631841301     0
   -0.205017253551223    0.930518462071235    0.303485283812735     0
   -0.990252852769381   0.0984867696244087   0.0984867696244087     0
   -0.959682982260667    0.198756853415513    0.198756853415513     0
   -0.950689984024958    0.100318491325106    0.293470193670293     0
   -0.975117440763949   0.0998786107280953    0.197914728701508     0
   -0.975117440763949    0.197914728701508   0.0998786107280953     0
   -0.950689984024958    0.293470193670293    0.100318491325106     0
   -0.788675134594813    0.211324865405187    0.577350269189626     0
   -0.754344479484572    0.106574189669187    0.647770289815384     0
   -0.814870186707507    0.106288239281359    0.569815223564394     0
   -0.816496580927726    0.408248290463863    0.408248290463863     0
   -0.890320034496634    0.208846598871523    0.404615044596354     0
   -0.858273936852256     0.31030659960479     0.40874890037998     0
   -0.843745492253799    0.211148778438113    0.493467058338738     0
   -0.809511339490079    0.312459714103783    0.497051625386297     0
   -0.868513371756656    0.105347400655483    0.484341251861761     0
   -0.912271529665426    0.105018659293459    0.395893593484548     0
   -0.788675134594813    0.577350269189626    0.211324865405187     0
   -0.814870186707507    0.569815223564394    0.106288239281359     0
   -0.754344479484572    0.647770289815384    0.106574189669187     0
   -0.890320034496634    0.404615044596354    0.208846598871523     0
   -0.912271529665426    0.395893593484548    0.105018659293459     0
   -0.868513371756656    0.484341251861761    0.105347400655483     0
   -0.809511339490079    0.497051625386297    0.312459714103783     0
   -0.843745492253799    0.493467058338738    0.211148778438113     0
   -0.858273936852256     0.40874890037998     0.31030659960479     0
   -0.930518462071235    0.205017253551223    0.303485283812735     0
   -0.898975067149178    0.309712631841301    0.309712631841301     0
   -0.930518462071235    0.303485283812735    0.205017253551223     0
  -0.0984867696244087   0.0984867696244087    0.990252852769381     0
   -0.198756853415513    0.198756853415513    0.959682982260667     0
   -0.100318491325106    0.293470193670293    0.950689984024958     0
  -0.0998786107280953    0.197914728701508    0.975117440763949     0
   -0.197914728701508   0.0998786107280953    0.975117440763949     0
   -0.293470193670293    0.100318491325106    0.950689984024958     0
   -0.211324865405187    0.577350269189626    0.788675134594813     0
   -0.106574189669187    0.647770289815384    0.754344479484572     0
   -0.106288239281359    0.569815223564394    0.814870186707507     0
   -0.408248290463863    0.408248290463863    0.816496580927726     0
   -0.208846598871523    0.404615044596354    0.890320034496634     0
    -0.31030659960479     0.40874890037998    0.858273936852256     0
   -0.211148778438113    0.493467058338738    0.843745492253799     0
   -0.312459714103783    0.497051625386297    0.809511339490079     0
   -0.105347400655483    0.484341251861761    0.868513371756656     0
   -0.105018659293459    0.395893593484548    0.912271529665426     0
   -0.577350269189626    0.211324865405187    0.788675134594813     0
   -0.569815223564394    0.106288239281359    0.814870186707507     0
   -0.647770289815384    0.106574189669187    0.754344479484572     0
   -0.404615044596354    0.208846598871523    0.890320034496634     0
   -0.395893593484548    0.105018659293459    0.912271529665426     0
   -0.484341251861761    0.105347400655483    0.868513371756656     0
   -0.497051625386297    0.312459714103783    0.809511339490079     0
   -0.493467058338738    0.211148778438113    0.843745492253799     0
    -0.40874890037998     0.31030659960479    0.858273936852256     0
   -0.205017253551223    0.303485283812735    0.930518462071235     0
   -0.309712631841301    0.309712631841301    0.898975067149178     0
   -0.303485283812735    0.205017253551223    0.930518462071235     0
   -0.690768358169145    0.690768358169145    0.213724473808237     0
   -0.639602149066831    0.639602149066831    0.426401432711221     0
   -0.735924101061586    0.529592105860498    0.421838735640695     0
   -0.720686637243745    0.614055377083669    0.321786831260907     0
   -0.614055377083669    0.720686637243745    0.321786831260907     0
   -0.529592105860498    0.735924101061586    0.421838735640695     0
   -0.690768358169145    0.213724473808237    0.690768358169145     0
   -0.639602149066831    0.426401432711221    0.639602149066831     0
   -0.529592105860498    0.421838735640695    0.735924101061586     0
   -0.614055377083669    0.321786831260907    0.720686637243745     0
   -0.720686637243745    0.321786831260907    0.614055377083669     0
   -0.735924101061586    0.421838735640695    0.529592105860498     0
   -0.213724473808237    0.690768358169145    0.690768358169145     0
   -0.426401432711221    0.639602149066831    0.639602149066831     0
   -0.421838735640695    0.735924101061586    0.529592105860498     0
   -0.321786831260907    0.720686637243745    0.614055377083669     0
   -0.321786831260907    0.614055377083669    0.720686637243745     0
   -0.421838735640695    0.529592105860498    0.735924101061586     0
   -0.646996639220631    0.539163866017192    0.539163866017192     0
   -0.539163866017192    0.539163866017192    0.646996639220631     0
   -0.539163866017192    0.646996639220631    0.539163866017192     0
   -0.600762057145222   -0.600762057145222    0.527418146624936     0
   -0.622454150039809   -0.622454150039809    0.474448798287485     0
   -0.691964791015812   -0.546324440287225    0.471926195436632     0
   -0.647648214818506   -0.574564024770744    0.500427788278834     0
   -0.574564024770744   -0.647648214818506    0.500427788278834     0
   -0.546324440287225   -0.691964791015812    0.471926195436632     0
   -0.791172117459609   -0.503659600713804    0.346949113218769     0
   -0.844041264798512   -0.416539042342602    0.337771475293038     0
   -0.810610156428993   -0.451459120888885    0.372955542203624     0
   -0.661224832946645   -0.661224832946645    0.354349320006915     0
   -0.712992212642278   -0.567036926872641    0.412445424601001     0
   -0.688394127349536   -0.615279940691792    0.384114722463192     0
   -0.753441332404005   -0.536315748353392    0.380383460068153     0
   -0.730019898491677   -0.585507161645768    0.352494413385117     0
   -0.774057324154436   -0.484843292188678      0.4071390928694     0
   -0.734927212937956   -0.516675983143512    0.439235608900204     0
   -0.503659600713804   -0.791172117459609    0.346949113218769     0
   -0.451459120888885   -0.810610156428993    0.372955542203624     0
   -0.416539042342602   -0.844041264798512    0.337771475293038     0
   -0.567036926872641   -0.712992212642278    0.412445424601001     0
   -0.516675983143512   -0.734927212937956    0.439235608900204     0
   -0.484843292188678   -0.774057324154436      0.4071390928694     0
   -0.585507161645768   -0.730019898491677    0.352494413385117     0
   -0.536315748353392   -0.753441332404005    0.380383460068153     0
   -0.615279940691792   -0.688394127349536    0.384114722463192     0
   -0.668988148389863   -0.595872253133209    0.444287199072689     0
   -0.643450592142236   -0.643450592142236    0.414659704991469     0
   -0.595872253133209   -0.668988148389863    0.444287199072689     0
    -0.98078528040323   -0.195090322016128                    0     0
   -0.995184726672197  -0.0980171403295606                    0     0
   -0.989249938612187   -0.140006538908682     0.04222236396266     0
   -0.923879532511287    -0.38268343236509                    0     0
   -0.956962061813465   -0.277653633546999   0.0844515957686419     0
   -0.942692806934302   -0.330966203674857    0.042327813307321     0
   -0.970636530540988   -0.236802055079636   0.0423026274528404     0
   -0.956940335732209   -0.290284677254462                    0     0
   -0.979670922927655   -0.181827695027501   0.0847559560801604     0
   -0.966618515704206   -0.223002702154497    0.126168300018631     0
   -0.707106781186547   -0.707106781186547                    0     0
   -0.774368393865042   -0.626987404360828   0.0850904539636909     0
   -0.831469612302545   -0.555570233019602                    0     0
   -0.742427011447096   -0.668568448425331   0.0426422612425752     0
   -0.804489425696555   -0.592435296023236   0.0426284408381133     0
   -0.773010453362737   -0.634393284163645                    0     0
   -0.827549182492217   -0.535467124046354    0.168633655069179     0
   -0.882475722791229   -0.462619785184198   0.0849678353274017     0
   -0.856654909929294   -0.500002104464545     0.12704432622144     0
   -0.832459278144894   -0.547458632560252   0.0854435244225139     0
   -0.802785560519486   -0.582552887825767    0.127151392864069     0
   -0.881921264348355   -0.471396736825998                    0     0
   -0.858957104527501   -0.510273887963463   0.0425822949638014     0
   -0.904912609021323   -0.423463511820957   0.0425655281945835     0
   -0.865682127580317   -0.434210110648896    0.249110485123147     0
   -0.905605392423204   -0.342777522723501    0.249764775598072     0
   -0.878877904451738   -0.380499690224821    0.287738796142156     0
    -0.91769294921245   -0.358445863392062    0.171336551800469     0
    -0.94934971957372   -0.264167912801489    0.170148240635639     0
   -0.929247240348018    -0.30389042038495    0.210119439138438     0
   -0.848546558454499   -0.485944404298242    0.209348451310853     0
     -0.8933074716867   -0.397047998092085    0.210605432597982     0
   -0.876958456407867   -0.449178105081178    0.170830019757695     0
   -0.924324368622902    -0.37199016248548   0.0851338979719587     0
   -0.902292241208563   -0.411539860544647    0.128466550657049     0
   -0.939162831490135   -0.318672503015799    0.128144495664382     0
   -0.195090322016128    -0.98078528040323                    0     0
   -0.140006538908682   -0.989249938612187     0.04222236396266     0
  -0.0980171403295606   -0.995184726672197                    0     0
   -0.277653633546999   -0.956962061813465   0.0844515957686419     0
   -0.223002702154497   -0.966618515704206    0.126168300018631     0
   -0.181827695027501   -0.979670922927655   0.0847559560801604     0
    -0.38268343236509   -0.923879532511287                    0     0
   -0.290284677254462   -0.956940335732209                    0     0
   -0.236802055079636   -0.970636530540988   0.0423026274528404     0
   -0.330966203674857   -0.942692806934302    0.042327813307321     0
   -0.434210110648896   -0.865682127580317    0.249110485123147     0
   -0.380499690224821   -0.878877904451738    0.287738796142156     0
   -0.342777522723501   -0.905605392423204    0.249764775598072     0
   -0.535467124046354   -0.827549182492217    0.168633655069179     0
   -0.358445863392062    -0.91769294921245    0.171336551800469     0
   -0.449178105081178   -0.876958456407867    0.170830019757695     0
   -0.397047998092085     -0.8933074716867    0.210605432597982     0
   -0.485944404298242   -0.848546558454499    0.209348451310853     0
    -0.30389042038495   -0.929247240348018    0.210119439138438     0
   -0.264167912801489    -0.94934971957372    0.170148240635639     0
   -0.555570233019602   -0.831469612302545                    0     0
   -0.626987404360828   -0.774368393865042   0.0850904539636909     0
   -0.634393284163645   -0.773010453362737                    0     0
   -0.592435296023236   -0.804489425696555   0.0426284408381133     0
   -0.668568448425331   -0.742427011447096   0.0426422612425752     0
   -0.462619785184198   -0.882475722791229   0.0849678353274017     0
   -0.423463511820957   -0.904912609021323   0.0425655281945835     0
   -0.510273887963463   -0.858957104527501   0.0425822949638014     0
   -0.471396736825998   -0.881921264348355                    0     0
   -0.582552887825767   -0.802785560519486    0.127151392864069     0
   -0.547458632560252   -0.832459278144894   0.0854435244225139     0
   -0.500002104464545   -0.856654909929294     0.12704432622144     0
   -0.318672503015799   -0.939162831490135    0.128144495664382     0
   -0.411539860544647   -0.902292241208563    0.128466550657049     0
    -0.37199016248548   -0.924324368622902   0.0851338979719587     0
   -0.830500498285091   -0.470108499250908    0.298775703965827     0
   -0.751749719301915   -0.604264202243722    0.264077892706396     0
    -0.79159005758006   -0.571266139157592    0.216887480026801     0
   -0.813008046531783   -0.521992919903065    0.257956019208017     0
   -0.773255314439596   -0.555250401037294    0.306224118643267     0
   -0.708223507217633   -0.634299521829123    0.309973515694003     0
   -0.704514058226685   -0.704514058226685   0.0855563178376324     0
    -0.69652552769574    -0.69652552769574    0.172349582350353     0
   -0.619343697324706   -0.766178324742549    0.171418083290135     0
   -0.663292874489533   -0.737154457406944    0.129018869071491     0
   -0.737154457406944   -0.663292874489533    0.129018869071491     0
   -0.766178324742549   -0.619343697324706    0.171418083290135     0
   -0.470108499250908   -0.830500498285091    0.298775703965827     0
   -0.604264202243722   -0.751749719301915    0.264077892706396     0
   -0.634299521829123   -0.708223507217633    0.309973515694003     0
   -0.555250401037294   -0.773255314439596    0.306224118643267     0
   -0.521992919903065   -0.813008046531783    0.257956019208017     0
   -0.571266139157592    -0.79159005758006    0.216887480026801     0
   -0.725952591074997   -0.652025004812381    0.218760665136382     0
   -0.652025004812381   -0.725952591074997    0.218760665136382     0
   -0.681724308862684   -0.681724308862684    0.265525767885891     0
   -0.600762057145222    0.527418146624936   -0.600762057145222     0
   -0.622454150039809    0.474448798287485   -0.622454150039809     0
   -0.546324440287225    0.471926195436632   -0.691964791015812     0
   -0.574564024770744    0.500427788278834   -0.647648214818506     0
   -0.647648214818506    0.500427788278834   -0.574564024770744     0
   -0.691964791015812    0.471926195436632   -0.546324440287225     0
   -0.503659600713804    0.346949113218769   -0.791172117459609     0
   -0.416539042342602    0.337771475293038   -0.844041264798512     0
   -0.451459120888885    0.372955542203624   -0.810610156428993     0
   -0.661224832946645    0.354349320006915   -0.661224832946645     0
   -0.567036926872641    0.412445424601001   -0.712992212642278     0
   -0.615279940691792    0.384114722463192   -0.688394127349536     0
   -0.536315748353392    0.380383460068153   -0.753441332404005     0
   -0.585507161645768    0.352494413385117   -0.730019898491677     0
   -0.484843292188678      0.4071390928694   -0.774057324154436     0
   -0.516675983143512    0.439235608900204   -0.734927212937956     0
   -0.791172117459609    0.346949113218769   -0.503659600713804     0
   -0.810610156428993    0.372955542203624   -0.451459120888885     0
   -0.844041264798512    0.337771475293038   -0.416539042342602     0
   -0.712992212642278    0.412445424601001   -0.567036926872641     0
   -0.734927212937956    0.439235608900204   -0.516675983143512     0
   -0.774057324154436      0.4071390928694   -0.484843292188678     0
   -0.730019898491677    0.352494413385117   -0.585507161645768     0
   -0.753441332404005    0.380383460068153   -0.536315748353392     0
   -0.688394127349536    0.384114722463192   -0.615279940691792     0
   -0.595872253133209    0.444287199072689   -0.668988148389863     0
   -0.643450592142236    0.414659704991469   -0.643450592142236     0
   -0.668988148389863    0.444287199072689   -0.595872253133209     0
   -0.195090322016128                    0    -0.98078528040323     0
  -0.0980171403295606                    0   -0.995184726672197     0
   -0.140006538908682     0.04222236396266   -0.989249938612187     0
    -0.38268343236509                    0   -0.923879532511287     0
   -0.277653633546999   0.0844515957686419   -0.956962061813465     0
   -0.330966203674857    0.042327813307321   -0.942692806934302     0
   -0.236802055079636   0.0423026274528404   -0.970636530540988     0
   -0.290284677254462                    0   -0.956940335732209     0
   -0.181827695027501   0.0847559560801604   -0.979670922927655     0
   -0.223002702154497    0.126168300018631   -0.966618515704206     0
   -0.707106781186547                    0   -0.707106781186547     0
   -0.626987404360828   0.0850904539636909   -0.774368393865042     0
   -0.555570233019602                    0   -0.831469612302545     0
   -0.668568448425331   0.0426422612425752   -0.742427011447096     0
   -0.592435296023236   0.0426284408381133   -0.804489425696555     0
   -0.634393284163645                    0   -0.773010453362737     0
   -0.535467124046354    0.168633655069179   -0.827549182492217     0
   -0.462619785184198   0.0849678353274017   -0.882475722791229     0
   -0.500002104464545     0.12704432622144   -0.856654909929294     0
   -0.547458632560252   0.0854435244225139   -0.832459278144894     0
   -0.582552887825767    0.127151392864069   -0.802785560519486     0
   -0.471396736825998                    0   -0.881921264348355     0
   -0.510273887963463   0.0425822949638014   -0.858957104527501     0
   -0.423463511820957   0.0425655281945835   -0.904912609021323     0
   -0.434210110648896    0.249110485123147   -0.865682127580317     0
   -0.342777522723501    0.249764775598072   -0.905605392423204     0
   -0.380499690224821    0.287738796142156   -0.878877904451738     0
   -0.358445863392062    0.171336551800469    -0.91769294921245     0
   -0.264167912801489    0.170148240635639    -0.94934971957372     0
    -0.30389042038495    0.210119439138438   -0.929247240348018     0
   -0.485944404298242    0.209348451310853   -0.848546558454499     0
   -0.397047998092085    0.210605432597982     -0.8933074716867     0
   -0.449178105081178    0.170830019757695   -0.876958456407867     0
    -0.37199016248548   0.0851338979719587   -0.924324368622902     0
   -0.411539860544647    0.128466550657049   -0.902292241208563     0
   -0.318672503015799    0.128144495664382   -0.939162831490135     0
    -0.98078528040323                    0   -0.195090322016128     0
   -0.989249938612187     0.04222236396266   -0.140006538908682     0
   -0.995184726672197                    0  -0.0980171403295606     0
   -0.956962061813465   0.0844515957686419   -0.277653633546999     0
   -0.966618515704206    0.126168300018631   -0.223002702154497     0
   -0.979670922927655   0.0847559560801604   -0.181827695027501     0
   -0.923879532511287                    0    -0.38268343236509     0
   -0.956940335732209                    0   -0.290284677254462     0
   -0.970636530540988   0.0423026274528404   -0.236802055079636     0
   -0.942692806934302    0.042327813307321   -0.330966203674857     0
   -0.865682127580317    0.249110485123147   -0.434210110648896     0
   -0.878877904451738    0.287738796142156   -0.380499690224821     0
   -0.905605392423204    0.249764775598072   -0.342777522723501     0
   -0.827549182492217    0.168633655069179   -0.535467124046354     0
    -0.91769294921245    0.171336551800469   -0.358445863392062     0
   -0.876958456407867    0.170830019757695   -0.449178105081178     0
     -0.8933074716867    0.210605432597982   -0.397047998092085     0
   -0.848546558454499    0.209348451310853   -0.485944404298242     0
   -0.929247240348018    0.210119439138438    -0.30389042038495     0
    -0.94934971957372    0.170148240635639   -0.264167912801489     0
   -0.831469612302545                    0   -0.555570233019602     0
   -0.774368393865042   0.0850904539636909   -0.626987404360828     0
   -0.773010453362737                    0   -0.634393284163645     0
   -0.804489425696555   0.0426284408381133   -0.592435296023236     0
   -0.742427011447096   0.0426422612425752   -0.668568448425331     0
   -0.882475722791229   0.0849678353274017   -0.462619785184198     0
   -0.904912609021323   0.0425655281945835   -0.423463511820957     0
   -0.858957104527501   0.0425822949638014   -0.510273887963463     0
   -0.881921264348355                    0   -0.471396736825998     0
   -0.802785560519486    0.127151392864069   -0.582552887825767     0
   -0.832459278144894   0.0854435244225139   -0.547458632560252     0
   -0.856654909929294     0.12704432622144   -0.500002104464545     0
   -0.939162831490135    0.128144495664382   -0.318672503015799     0
   -0.902292241208563    0.128466550657049   -0.411539860544647     0
   -0.924324368622902   0.0851338979719587    -0.37199016248548     0
   -0.470108499250908    0.298775703965827   -0.830500498285091     0
   -0.604264202243722    0.264077892706396   -0.751749719301915     0
   -0.571266139157592    0.216887480026801    -0.79159005758006     0
   -0.521992919903065    0.257956019208017   -0.813008046531783     0
   -0.555250401037294    0.306224118643267   -0.773255314439596     0
   -0.634299521829123    0.309973515694003   -0.708223507217633     0
   -0.704514058226685   0.0855563178376324   -0.704514058226685     0
    -0.69652552769574    0.172349582350353    -0.69652552769574     0
   -0.766178324742549    0.171418083290135   -0.619343697324706     0
   -0.737154457406944    0.129018869071491   -0.663292874489533     0
   -0.663292874489533    0.129018869071491   -0.737154457406944     0
   -0.619343697324706    0.171418083290135   -0.766178324742549     0
   -0.830500498285091    0.298775703965827   -0.470108499250908     0
   -0.751749719301915    0.264077892706396   -0.604264202243722     0
   -0.708223507217633    0.309973515694003   -0.634299521829123     0
   -0.773255314439596    0.306224118643267   -0.555250401037294     0
   -0.813008046531783    0.257956019208017   -0.521992919903065     0
    -0.79159005758006    0.216887480026801   -0.571266139157592     0
   -0.652025004812381    0.218760665136382   -0.725952591074997     0
   -0.725952591074997    0.218760665136382   -0.652025004812381     0
   -0.681724308862684    0.265525767885891   -0.681724308862684     0
    0.527418146624936   -0.600762057145222   -0.600762057145222     0
    0.474448798287485   -0.622454150039809   -0.622454150039809     0
    0.471926195436632   -0.691964791015812   -0.546324440287225     0
    0.500427788278834   -0.647648214818506   -0.574564024770744     0
    0.500427788278834   -0.574564024770744   -0.647648214818506     0
    0.471926195436632   -0.546324440287225   -0.691964791015812     0
    0.346949113218769   -0.791172117459609   -0.503659600713804     0
    0.337771475293038   -0.844041264798512   -0.416539042342602     0
    0.372955542203624   -0.810610156428993   -0.451459120888885     0
    0.354349320006915   -0.661224832946645   -0.661224832946645     0
    0.412445424601001   -0.712992212642278   -0.567036926872641     0
    0.384114722463192   -0.688394127349536   -0.615279940691792     0
    0.380383460068153   -0.753441332404005   -0.536315748353392     0
    0.352494413385117   -0.730019898491677   -0.585507161645768     0
      0.4071390928694   -0.774057324154436   -0.484843292188678     0
    0.439235608900204   -0.734927212937956   -0.516675983143512     0
    0.346949113218769   -0.503659600713804   -0.791172117459609     0
    0.372955542203624   -0.451459120888885   -0.810610156428993     0
    0.337771475293038   -0.416539042342602   -0.844041264798512     0
    0.412445424601001   -0.567036926872641   -0.712992212642278     0
    0.439235608900204   -0.516675983143512   -0.734927212937956     0
      0.4071390928694   -0.484843292188678   -0.774057324154436     0
    0.352494413385117   -0.585507161645768   -0.730019898491677     0
    0.380383460068153   -0.536315748353392   -0.753441332404005     0
    0.384114722463192   -0.615279940691792   -0.688394127349536     0
    0.444287199072689   -0.668988148389863   -0.595872253133209     0
    0.414659704991469   -0.643450592142236   -0.643450592142236     0
    0.444287199072689   -0.595872253133209   -0.668988148389863     0
                    0    -0.98078528040323   -0.195090322016128     0
                    0   -0.995184726672197  -0.0980171403295606     0
     0.04222236396266   -0.989249938612187   -0.140006538908682     0
                    0   -0.923879532511287    -0.38268343236509     0
   0.0844515957686419   -0.956962061813465   -0.277653633546999     0
    0.042327813307321   -0.942692806934302   -0.330966203674857     0
   0.0423026274528404   -0.970636530540988   -0.236802055079636     0
                    0   -0.956940335732209   -0.290284677254462     0
   0.0847559560801604   -0.979670922927655   -0.181827695027501     0
    0.126168300018631   -0.966618515704206   -0.223002702154497     0
                    0   -0.707106781186547   -0.707106781186547     0
   0.0850904539636909   -0.774368393865042   -0.626987404360828     0
                    0   -0.831469612302545   -0.555570233019602     0
   0.0426422612425752   -0.742427011447096   -0.668568448425331     0
   0.0426284408381133   -0.804489425696555   -0.592435296023236     0
                    0   -0.773010453362737   -0.634393284163645     0
    0.168633655069179   -0.827549182492217   -0.535467124046354     0
   0.0849678353274017   -0.882475722791229   -0.462619785184198     0
     0.12704432622144   -0.856654909929294   -0.500002104464545     0
   0.0854435244225139   -0.832459278144894   -0.547458632560252     0
    0.127151392864069   -0.802785560519486   -0.582552887825767     0
                    0   -0.881921264348355   -0.471396736825998     0
   0.0425822949638014   -0.858957104527501   -0.510273887963463     0
   0.0425655281945835   -0.904912609021323   -0.423463511820957     0
    0.249110485123147   -0.865682127580317   -0.434210110648896     0
    0.249764775598072   -0.905605392423204   -0.342777522723501     0
    0.287738796142156   -0.878877904451738   -0.380499690224821     0
    0.171336551800469    -0.91769294921245   -0.358445863392062     0
    0.170148240635639    -0.94934971957372   -0.264167912801489     0
    0.210119439138438   -0.929247240348018    -0.30389042038495     0
    0.209348451310853   -0.848546558454499   -0.485944404298242     0
    0.210605432597982     -0.8933074716867   -0.397047998092085     0
    0.170830019757695   -0.876958456407867   -0.449178105081178     0
   0.0851338979719587   -0.924324368622902    -0.37199016248548     0
    0.128466550657049   -0.902292241208563   -0.411539860544647     0
    0.128144495664382   -0.939162831490135   -0.318672503015799     0
                    0   -0.195090322016128    -0.98078528040323     0
     0.04222236396266   -0.140006538908682   -0.989249938612187     0
                    0  -0.0980171403295606   -0.995184726672197     0
   0.0844515957686419   -0.277653633546999   -0.956962061813465     0
    0.126168300018631   -0.223002702154497   -0.966618515704206     0
   0.0847559560801604   -0.181827695027501   -0.979670922927655     0
                    0    -0.38268343236509   -0.923879532511287     0
                    0   -0.290284677254462   -0.956940335732209     0
   0.0423026274528404   -0.236802055079636   -0.970636530540988     0
    0.042327813307321   -0.330966203674857   -0.942692806934302     0
    0.249110485123147   -0.434210110648896   -0.865682127580317     0
    0.287738796142156   -0.380499690224821   -0.878877904451738     0
    0.249764775598072   -0.342777522723501   -0.905605392423204     0
    0.168633655069179   -0.535467124046354   -0.827549182492217     0
    0.171336551800469   -0.358445863392062    -0.91769294921245     0
    0.170830019757695   -0.449178105081178   -0.876958456407867     0
    0.210605432597982   -0.397047998092085     -0.8933074716867     0
    0.209348451310853   -0.485944404298242   -0.848546558454499     0
    0.210119439138438    -0.30389042038495   -0.929247240348018     0
    0.170148240635639   -0.264167912801489    -0.94934971957372     0
                    0   -0.555570233019602   -0.831469612302545     0
   0.0850904539636909   -0.626987404360828   -0.774368393865042     0
                    0   -0.634393284163645   -0.773010453362737     0
   0.0426284408381133   -0.592435296023236   -0.804489425696555     0
   0.0426422612425752   -0.668568448425331   -0.742427011447096     0
   0.0849678353274017   -0.462619785184198   -0.882475722791229     0
   0.0425655281945835   -0.423463511820957   -0.904912609021323     0
   0.0425822949638014   -0.510273887963463   -0.858957104527501     0
                    0   -0.471396736825998   -0.881921264348355     0
    0.127151392864069   -0.582552887825767   -0.802785560519486     0
   0.0854435244225139   -0.547458632560252   -0.832459278144894     0
     0.12704432622144   -0.500002104464545   -0.856654909929294     0
    0.128144495664382   -0.318672503015799   -0.939162831490135     0
    0.128466550657049   -0.411539860544647   -0.902292241208563     0
   0.0851338979719587    -0.37199016248548   -0.924324368622902     0
    0.298775703965827   -0.830500498285091   -0.470108499250908     0
    0.264077892706396   -0.751749719301915   -0.604264202243722     0
    0.216887480026801    -0.79159005758006   -0.571266139157592     0
    0.257956019208017   -0.813008046531783   -0.521992919903065     0
    0.306224118643267   -0.773255314439596   -0.555250401037294     0
    0.309973515694003   -0.708223507217633   -0.634299521829123     0
   0.0855563178376324   -0.704514058226685   -0.704514058226685     0
    0.172349582350353    -0.69652552769574    -0.69652552769574     0
    0.171418083290135   -0.619343697324706   -0.766178324742549     0
    0.129018869071491   -0.663292874489533   -0.737154457406944     0
    0.129018869071491   -0.737154457406944   -0.663292874489533     0
    0.171418083290135   -0.766178324742549   -0.619343697324706     0
    0.298775703965827   -0.470108499250908   -0.830500498285091     0
    0.264077892706396   -0.604264202243722   -0.751749719301915     0
    0.309973515694003   -0.634299521829123   -0.708223507217633     0
    0.306224118643267   -0.555250401037294   -0.773255314439596     0
    0.257956019208017   -0.521992919903065   -0.813008046531783     0
    0.216887480026801   -0.571266139157592    -0.79159005758006     0
    0.218760665136382   -0.725952591074997   -0.652025004812381     0
    0.218760665136382   -0.652025004812381   -0.725952591074997     0
    0.265525767885891   -0.681724308862684   -0.681724308862684     0
   -0.990252852769381  -0.0984867696244087  -0.0984867696244087     0
   -0.959682982260667   -0.198756853415513   -0.198756853415513     0
   -0.950689984024958   -0.100318491325106   -0.293470193670293     0
   -0.975117440763949  -0.0998786107280953   -0.197914728701508     0
   -0.975117440763949   -0.197914728701508  -0.0998786107280953     0
   -0.950689984024958   -0.293470193670293   -0.100318491325106     0
   -0.788675134594813   -0.211324865405187   -0.577350269189626     0
   -0.754344479484572   -0.106574189669187   -0.647770289815384     0
   -0.814870186707507   -0.106288239281359   -0.569815223564394     0
   -0.816496580927726   -0.408248290463863   -0.408248290463863     0
   -0.890320034496634   -0.208846598871523   -0.404615044596354     0
   -0.858273936852256    -0.31030659960479    -0.40874890037998     0
   -0.843745492253799   -0.211148778438113   -0.493467058338738     0
   -0.809511339490079   -0.312459714103783   -0.497051625386297     0
   -0.868513371756656   -0.105347400655483   -0.484341251861761     0
   -0.912271529665426   -0.105018659293459   -0.395893593484548     0
   -0.788675134594813   -0.577350269189626   -0.211324865405187     0
   -0.814870186707507   -0.569815223564394   -0.106288239281359     0
   -0.754344479484572   -0.647770289815384   -0.106574189669187     0
   -0.890320034496634   -0.404615044596354   -0.208846598871523     0
   -0.912271529665426   -0.395893593484548   -0.105018659293459     0
   -0.868513371756656   -0.484341251861761   -0.105347400655483     0
   -0.809511339490079   -0.497051625386297   -0.312459714103783     0
   -0.843745492253799   -0.493467058338738   -0.211148778438113     0
   -0.858273936852256    -0.40874890037998    -0.31030659960479     0
   -0.930518462071235   -0.205017253551223   -0.303485283812735     0
   -0.898975067149178   -0.309712631841301   -0.309712631841301     0
   -0.930518462071235   -0.303485283812735   -0.205017253551223     0
  -0.0984867696244087  -0.0984867696244087   -0.990252852769381     0
   -0.198756853415513   -0.198756853415513   -0.959682982260667     0
   -0.100318491325106   -0.293470193670293   -0.950689984024958     0
  -0.0998786107280953   -0.197914728701508   -0.975117440763949     0
   -0.197914728701508  -0.0998786107280953   -0.975117440763949     0
   -0.293470193670293   -0.100318491325106   -0.950689984024958     0
   -0.211324865405187   -0.577350269189626   -0.788675134594813     0
   -0.106574189669187   -0.647770289815384   -0.754344479484572     0
   -0.106288239281359   -0.569815223564394   -0.814870186707507     0
   -0.408248290463863   -0.408248290463863   -0.816496580927726     0
   -0.208846598871523   -0.404615044596354   -0.890320034496634     0
    -0.31030659960479    -0.40874890037998   -0.858273936852256     0
   -0.211148778438113   -0.493467058338738   -0.843745492253799     0
   -0.312459714103783   -0.497051625386297   -0.809511339490079     0
   -0.105347400655483   -0.484341251861761   -0.868513371756656     0
   -0.105018659293459   -0.395893593484548   -0.912271529665426     0
   -0.577350269189626   -0.211324865405187   -0.788675134594813     0
   -0.569815223564394   -0.106288239281359   -0.814870186707507     0
   -0.647770289815384   -0.106574189669187   -0.754344479484572     0
   -0.404615044596354   -0.208846598871523   -0.890320034496634     0
   -0.395893593484548   -0.105018659293459   -0.912271529665426     0
   -0.484341251861761   -0.105347400655483   -0.868513371756656     0
   -0.497051625386297   -0.312459714103783   -0.809511339490079     0
   -0.493467058338738   -0.211148778438113   -0.843745492253799     0
    -0.40874890037998    -0.31030659960479   -0.858273936852256     0
   -0.205017253551223   -0.303485283812735   -0.930518462071235     0
   -0.309712631841301   -0.309712631841301   -0.898975067149178     0
   -0.303485283812735   -0.205017253551223   -0.930518462071235     0
  -0.0984867696244087   -0.990252852769381  -0.0984867696244087     0
   -0.198756853415513   -0.959682982260667   -0.198756853415513     0
   -0.293470193670293   -0.950689984024958   -0.100318491325106     0
   -0.197914728701508   -0.975117440763949  -0.0998786107280953     0
  -0.0998786107280953   -0.975117440763949   -0.197914728701508     0
   -0.100318491325106   -0.950689984024958   -0.293470193670293     0
   -0.577350269189626   -0.788675134594813   -0.211324865405187     0
   -0.647770289815384   -0.754344479484572   -0.106574189669187     0
   -0.569815223564394   -0.814870186707507   -0.106288239281359     0
   -0.408248290463863   -0.816496580927726   -0.408248290463863     0
   -0.404615044596354   -0.890320034496634   -0.208846598871523     0
    -0.40874890037998   -0.858273936852256    -0.31030659960479     0
   -0.493467058338738   -0.843745492253799   -0.211148778438113     0
   -0.497051625386297   -0.809511339490079   -0.312459714103783     0
   -0.484341251861761   -0.868513371756656   -0.105347400655483     0
   -0.395893593484548   -0.912271529665426   -0.105018659293459     0
   -0.211324865405187   -0.788675134594813   -0.577350269189626     0
   -0.106288239281359   -0.814870186707507   -0.569815223564394     0
   -0.106574189669187   -0.754344479484572   -0.647770289815384     0
   -0.208846598871523   -0.890320034496634   -0.404615044596354     0
   -0.105018659293459   -0.912271529665426   -0.395893593484548     0
   -0.105347400655483   -0.868513371756656   -0.484341251861761     0
   -0.312459714103783   -0.809511339490079   -0.497051625386297     0
   -0.211148778438113   -0.843745492253799   -0.493467058338738     0
    -0.31030659960479   -0.858273936852256    -0.40874890037998     0
   -0.303485283812735   -0.930518462071235   -0.205017253551223     0
   -0.309712631841301   -0.898975067149178   -0.309712631841301     0
   -0.205017253551223   -0.930518462071235   -0.303485283812735     0
   -0.690768358169145   -0.213724473808237   -0.690768358169145     0
   -0.639602149066831   -0.426401432711221   -0.639602149066831     0
   -0.529592105860498   -0.421838735640695   -0.735924101061586     0
   -0.614055377083669   -0.321786831260907   -0.720686637243745     0
   -0.720686637243745   -0.321786831260907   -0.614055377083669     0
   -0.735924101061586   -0.421838735640695   -0.529592105860498     0
   -0.213724473808237   -0.690768358169145   -0.690768358169145     0
   -0.426401432711221   -0.639602149066831   -0.639602149066831     0
   -0.421838735640695   -0.735924101061586   -0.529592105860498     0
   -0.321786831260907   -0.720686637243745   -0.614055377083669     0
   -0.321786831260907   -0.614055377083669   -0.720686637243745     0
   -0.421838735640695   -0.529592105860498   -0.735924101061586     0
   -0.690768358169145   -0.690768358169145   -0.213724473808237     0
   -0.639602149066831   -0.639602149066831   -0.426401432711221     0
   -0.735924101061586   -0.529592105860498   -0.421838735640695     0
   -0.720686637243745   -0.614055377083669   -0.321786831260907     0
   -0.614055377083669   -0.720686637243745   -0.321786831260907     0
   -0.529592105860498   -0.735924101061586   -0.421838735640695     0
   -0.539163866017192   -0.539163866017192   -0.646996639220631     0
   -0.539163866017192   -0.646996639220631   -0.539163866017192     0
   -0.646996639220631   -0.539163866017192   -0.539163866017192     0
Triangles
 4096
     1     4     6     0
     2     5     4     0
     3     6     5     0
     4     5     6     0
     7     9    11     0
     8    10     9     0
     2    11    10     0
     9    10    11     0
    12    13    15     0
     3    14    13     0
     8    15    14     0
    13    14    15     0
     2    10     5     0
     8    14    10     0
     3     5    14     0
    10    14     5     0
    16    19    21     0
    17    20    19     0
    18    21    20     0
    19    20    21     0
    22    24    26     0
    23    25    24     0
    17    26    25     0
    24    25    26     0
     7    27    29     0
    18    28    27     0
    23    29    28     0
    27    28    29     0
    17    25    20     0
    23    28    25     0
    18    20    28     0
    25    28    20     0
    30    33    35     0
    31    34    33     0
    32    35    34     0
    33    34    35     0
    12    37    39     0
    36    38    37     0
    31    39    38     0
    37    38    39     0
    22    40    42     0
    32    41    40     0
    36    42    41     0
    40    41    42     0
    31    38    34     0
    36    41    38     0
    32    34    41     0
    38    41    34     0
     7    29     9     0
    23    43    29     0
     8     9    43     0
    29    43     9     0
    22    42    24     0
    36    44    42     0
    23    24    44     0
    42    44    24     0
    12    15    37     0
     8    45    15     0
    36    37    45     0
    15    45    37     0
    23    44    43     0
    36    45    44     0
     8    43    45     0
    44    45    43     0
    46    49    51     0
    47    50    49     0
    48    51    50     0
    49    50    51     0
    52    54    56     0
    53    55    54     0
    47    56    55     0
    54    55    56     0
    57    58    60     0
    48    59    58     0
    53    60    59     0
    58    59    60     0
    47    55    50     0
    53    59    55     0
    48    50    59     0
    55    59    50     0
    61    64    66     0
    62    65    64     0
    63    66    65     0
    64    65    66     0
    67    69    71     0
    68    70    69     0
    62    71    70     0
    69    70    71     0
    52    72    74     0
    63    73    72     0
    68    74    73     0
    72    73    74     0
    62    70    65     0
    68    73    70     0
    63    65    73     0
    70    73    65     0
    16    77    79     0
    75    78    77     0
    76    79    78     0
    77    78    79     0
    57    81    83     0
    80    82    81     0
    75    83    82     0
    81    82    83     0
    67    84    86     0
    76    85    84     0
    80    86    85     0
    84    85    86     0
    75    82    78     0
    80    85    82     0
    76    78    85     0
    82    85    78     0
    52    74    54     0
    68    87    74     0
    53    54    87     0
    74    87    54     0
    67    86    69     0
    80    88    86     0
    68    69    88     0
    86    88    69     0
    57    60    81     0
    53    89    60     0
    80    81    89     0
    60    89    81     0
    68    88    87     0
    80    89    88     0
    53    87    89     0
    88    89    87     0
    90    93    95     0
    91    94    93     0
    92    95    94     0
    93    94    95     0
    96    98   100     0
    97    99    98     0
    91   100    99     0
    98    99   100     0
   101   102   104     0
    92   103   102     0
    97   104   103     0
   102   103   104     0
    91    99    94     0
    97   103    99     0
    92    94   103     0
    99   103    94     0
    30   107   109     0
   105   108   107     0
   106   109   108     0
   107   108   109     0
   110   112   114     0
   111   113   112     0
   105   114   113     0
   112   113   114     0
    96   115   117     0
   106   116   115     0
   111   117   116     0
   115   116   117     0
   105   113   108     0
   111   116   113     0
   106   108   116     0
   113   116   108     0
    61   120   122     0
   118   121   120     0
   119   122   121     0
   120   121   122     0
   101   124   126     0
   123   125   124     0
   118   126   125     0
   124   125   126     0
   110   127   129     0
   119   128   127     0
   123   129   128     0
   127   128   129     0
   118   125   121     0
   123   128   125     0
   119   121   128     0
   125   128   121     0
    96   117    98     0
   111   130   117     0
    97    98   130     0
   117   130    98     0
   110   129   112     0
   123   131   129     0
   111   112   131     0
   129   131   112     0
   101   104   124     0
    97   132   104     0
   123   124   132     0
   104   132   124     0
   111   131   130     0
   123   132   131     0
    97   130   132     0
   131   132   130     0
    16    79    19     0
    76   133    79     0
    17    19   133     0
    79   133    19     0
    67   135    84     0
   134   136   135     0
    76    84   136     0
   135   136    84     0
    22    26   138     0
    17   137    26     0
   134   138   137     0
    26   137   138     0
    76   136   133     0
   134   137   136     0
    17   133   137     0
   136   137   133     0
    61   122    64     0
   119   139   122     0
    62    64   139     0
   122   139    64     0
   110   141   127     0
   140   142   141     0
   119   127   142     0
   141   142   127     0
    67    71   144     0
    62   143    71     0
   140   144   143     0
    71   143   144     0
   119   142   139     0
   140   143   142     0
    62   139   143     0
   142   143   139     0
    30    35   107     0
    32   145    35     0
   105   107   145     0
    35   145   107     0
    22   147    40     0
   146   148   147     0
    32    40   148     0
   147   148    40     0
   110   114   150     0
   105   149   114     0
   146   150   149     0
   114   149   150     0
    32   148   145     0
   146   149   148     0
   105   145   149     0
   148   149   145     0
    67   144   135     0
   140   151   144     0
   134   135   151     0
   144   151   135     0
   110   150   141     0
   146   152   150     0
   140   141   152     0
   150   152   141     0
    22   138   147     0
   134   153   138     0
   146   147   153     0
   138   153   147     0
   140   152   151     0
   146   153   152     0
   134   151   153     0
   152   153   151     0
   154   157   159     0
   155   158   157     0
   156   159   158     0
   157   158   159     0
   160   162   164     0
   161   163   162     0
   155   164   163     0
   162   163   164     0
   165   166   168     0
   156   167   166     0
   161   168   167     0
   166   167   168     0
   155   163   158     0
   161   167   163     0
   156   158   167     0
   163   167   158     0
   169   172   174     0
   170   173   172     0
   171   174   173     0
   172   173   174     0
   175   177   179     0
   176   178   177     0
   170   179   178     0
   177   178   179     0
   160   180   182     0
   171   181   180     0
   176   182   181     0
   180   181   182     0
   170   178   173     0
   176   181   178     0
   171   173   181     0
   178   181   173     0
   183   186   188     0
   184   187   186     0
   185   188   187     0
   186   187   188     0
   165   190   192     0
   189   191   190     0
   184   192   191     0
   190   191   192     0
   175   193   195     0
   185   194   193     0
   189   195   194     0
   193   194   195     0
   184   191   187     0
   189   194   191     0
   185   187   194     0
   191   194   187     0
   160   182   162     0
   176   196   182     0
   161   162   196     0
   182   196   162     0
   175   195   177     0
   189   197   195     0
   176   177   197     0
   195   197   177     0
   165   168   190     0
   161   198   168     0
   189   190   198     0
   168   198   190     0
   176   197   196     0
   189   198   197     0
   161   196   198     0
   197   198   196     0
   199   202   204     0
   200   203   202     0
   201   204   203     0
   202   203   204     0
   205   207   209     0
   206   208   207     0
   200   209   208     0
   207   208   209     0
   210   211   213     0
   201   212   211     0
   206   213   212     0
   211   212   213     0
   200   208   203     0
   206   212   208     0
   201   203   212     0
   208   212   203     0
   214   217   219     0
   215   218   217     0
   216   219   218     0
   217   218   219     0
   220   222   224     0
   221   223   222     0
   215   224   223     0
   222   223   224     0
   205   225   227     0
   216   226   225     0
   221   227   226     0
   225   226   227     0
   215   223   218     0
   221   226   223     0
   216   218   226     0
   223   226   218     0
   169   230   232     0
   228   231   230     0
   229   232   231     0
   230   231   232     0
   210   234   236     0
   233   235   234     0
   228   236   235     0
   234   235   236     0
   220   237   239     0
   229   238   237     0
   233   239   238     0
   237   238   239     0
   228   235   231     0
   233   238   235     0
   229   231   238     0
   235   238   231     0
   205   227   207     0
   221   240   227     0
   206   207   240     0
   227   240   207     0
   220   239   222     0
   233   241   239     0
   221   222   241     0
   239   241   222     0
   210   213   234     0
   206   242   213     0
   233   234   242     0
   213   242   234     0
   221   241   240     0
   233   242   241     0
   206   240   242     0
   241   242   240     0
    46   245   247     0
   243   246   245     0
   244   247   246     0
   245   246   247     0
   248   250   252     0
   249   251   250     0
   243   252   251     0
   250   251   252     0
   253   254   256     0
   244   255   254     0
   249   256   255     0
   254   255   256     0
   243   251   246     0
   249   255   251     0
   244   246   255     0
   251   255   246     0
   183   259   261     0
   257   260   259     0
   258   261   260     0
   259   260   261     0
   262   264   266     0
   263   265   264     0
   257   266   265     0
   264   265   266     0
   248   267   269     0
   258   268   267     0
   263   269   268     0
   267   268   269     0
   257   265   260     0
   263   268   265     0
   258   260   268     0
   265   268   260     0
   214   272   274     0
   270   273   272     0
   271   274   273     0
   272   273   274     0
   253   276   278     0
   275   277   276     0
   270   278   277     0
   276   277   278     0
   262   279   281     0
   271   280   279     0
   275   281   280     0
   279   280   281     0
   270   277   273     0
   275   280   277     0
   271   273   280     0
   277   280   273     0
   248   269   250     0
   263   282   269     0
   249   250   282     0
   269   282   250     0
   262   281   264     0
   275   283   281     0
   263   264   283     0
   281   283   264     0
   253   256   276     0
   249   284   256     0
   275   276   284     0
   256   284   276     0
   263   283   282     0
   275   284   283     0
   249   282   284     0
   283   284   282     0
   169   232   172     0
   229   285   232     0
   170   172   285     0
   232   285   172     0
   220   287   237     0
   286   288   287     0
   229   237   288     0
   287   288   237     0
   175   179   290     0
   170   289   179     0
   286   290   289     0
   179   289   290     0
   229   288   285     0
   286   289   288     0
   170   285   289     0
   288   289   285     0
   214   274   217     0
   271   291   274     0
   215   217   291     0
   274   291   217     0
   262   293   279     0
   292   294   293     0
   271   279   294     0
   293   294   279     0
   220   224   296     0
   215   295   224     0
   292   296   295     0
   224   295   296     0
   271   294   291     0
   292   295   294     0
   215   291   295     0
   294   295   291     0
   183   188   259     0
   185   297   188     0
   257   259   297     0
   188   297   259     0
   175   299   193     0
   298   300   299     0
   185   193   300     0
   299   300   193     0
   262   266   302     0
   257   301   266     0
   298   302   301     0
   266   301   302     0
   185   300   297     0
   298   301   300     0
   257   297   301     0
   300   301   297     0
   220   296   287     0
   292   303   296     0
   286   287   303     0
   296   303   287     0
   262   302   293     0
   298   304   302     0
   292   293   304     0
   302   304   293     0
   175   290   299     0
   286   305   290     0
   298   299   305     0
   290   305   299     0
   292   304   303     0
   298   305   304     0
   286   303   305     0
   304   305   303     0
   306   309   311     0
   307   310   309     0
   308   311   310     0
   309   310   311     0
   312   314   316     0
   313   315   314     0
   307   316   315     0
   314   315   316     0
   317   318   320     0
   308   319   318     0
   313   320   319     0
   318   319   320     0
   307   315   310     0
   313   319   315     0
   308   310   319     0
   315   319   310     0
   321   324   326     0
   322   325   324     0
   323   326   325     0
   324   325   326     0
   327   329   331     0
   328   330   329     0
   322   331   330     0
   329   330   331     0
   312   332   334     0
   323   333   332     0
   328   334   333     0
   332   333   334     0
   322   330   325     0
   328   333   330     0
   323   325   333     0
   330   333   325     0
   335   338   340     0
   336   339   338     0
   337   340   339     0
   338   339   340     0
   317   342   344     0
   341   343   342     0
   336   344   343     0
   342   343   344     0
   327   345   347     0
   337   346   345     0
   341   347   346     0
   345   346   347     0
   336   343   339     0
   341   346   343     0
   337   339   346     0
   343   346   339     0
   312   334   314     0
   328   348   334     0
   313   314   348     0
   334   348   314     0
   327   347   329     0
   341   349   347     0
   328   329   349     0
   347   349   329     0
   317   320   342     0
   313   350   320     0
   341   342   350     0
   320   350   342     0
   328   349   348     0
   341   350   349     0
   313   348   350     0
   349   350   348     0
    90   353   355     0
   351   354   353     0
   352   355   354     0
   353   354   355     0
   356   358   360     0
   357   359   358     0
   351   360   359     0
   358   359   360     0
   361   362   364     0
   352   363   362     0
   357   364   363     0
   362   363   364     0
   351   359   354     0
   357   363   359     0
   352   354   363     0
   359   363   354     0
   365   368   370     0
   366   369   368     0
   367   370   369     0
   368   369   370     0
   371   373   375     0
   372   374   373     0
   366   375   374     0
   373   374   375     0
   356   376   378     0
   367   377   376     0
   372   378   377     0
   376   377   378     0
   366   374   369     0
   372   377   374     0
   367   369   377     0
   374   377   369     0
   321   381   383     0
   379   382   381     0
   380   383   382     0
   381   382   383     0
   361   385   387     0
   384   386   385     0
   379   387   386     0
   385   386   387     0
   371   388   390     0
   380   389   388     0
   384   390   389     0
   388   389   390     0
   379   386   382     0
   384   389   386     0
   380   382   389     0
   386   389   382     0
   356   378   358     0
   372   391   378     0
   357   358   391     0
   378   391   358     0
   371   390   373     0
   384   392   390     0
   372   373   392     0
   390   392   373     0
   361   364   385     0
   357   393   364     0
   384   385   393     0
   364   393   385     0
   372   392   391     0
   384   393   392     0
   357   391   393     0
   392   393   391     0
   199   396   398     0
   394   397   396     0
   395   398   397     0
   396   397   398     0
   399   401   403     0
   400   402   401     0
   394   403   402     0
   401   402   403     0
   404   405   407     0
   395   406   405     0
   400   407   406     0
   405   406   407     0
   394   402   397     0
   400   406   402     0
   395   397   406     0
   402   406   397     0
   335   410   412     0
   408   411   410     0
   409   412   411     0
   410   411   412     0
   413   415   417     0
   414   416   415     0
   408   417   416     0
   415   416   417     0
   399   418   420     0
   409   419   418     0
   414   420   419     0
   418   419   420     0
   408   416   411     0
   414   419   416     0
   409   411   419     0
   416   419   411     0
   365   423   425     0
   421   424   423     0
   422   425   424     0
   423   424   425     0
   404   427   429     0
   426   428   427     0
   421   429   428     0
   427   428   429     0
   413   430   432     0
   422   431   430     0
   426   432   431     0
   430   431   432     0
   421   428   424     0
   426   431   428     0
   422   424   431     0
   428   431   424     0
   399   420   401     0
   414   433   420     0
   400   401   433     0
   420   433   401     0
   413   432   415     0
   426   434   432     0
   414   415   434     0
   432   434   415     0
   404   407   427     0
   400   435   407     0
   426   427   435     0
   407   435   427     0
   414   434   433     0
   426   435   434     0
   400   433   435     0
   434   435   433     0
   321   383   324     0
   380   436   383     0
   322   324   436     0
   383   436   324     0
   371   438   388     0
   437   439   438     0
   380   388   439     0
   438   439   388     0
   327   331   441     0
   322   440   331     0
   437   441   440     0
   331   440   441     0
   380   439   436     0
   437   440   439     0
   322   436   440     0
   439   440   436     0
   365   425   368     0
   422   442   425     0
   366   368   442     0
   425   442   368     0
   413   444   430     0
   443   445   444     0
   422   430   445     0
   444   445   430     0
   371   375   447     0
   366   446   375     0
   443   447   446     0
   375   446   447     0
   422   445   442     0
   443   446   445     0
   366   442   446     0
   445   446   442     0
   335   340   410     0
   337   448   340     0
   408   410   448     0
   340   448   410     0
   327   450   345     0
   449   451   450     0
   337   345   451     0
   450   451   345     0
   413   417   453     0
   408   452   417     0
   449   453   452     0
   417   452   453     0
   337   451   448     0
   449   452   451     0
   408   448   452     0
   451   452   448     0
   371   447   438     0
   443   454   447     0
   437   438   454     0
   447   454   438     0
   413   453   444     0
   449   455   453     0
   443   444   455     0
   453   455   444     0
   327   441   450     0
   437   456   441     0
   449   450   456     0
   441   456   450     0
   443   455   454     0
   449   456   455     0
   437   454   456     0
   455   456   454     0
    46   247    49     0
   244   457   247     0
    47    49   457     0
   247   457    49     0
   253   459   254     0
   458   460   459     0
   244   254   460     0
   459   460   254     0
    52    56   462     0
    47   461    56     0
   458   462   461     0
    56   461   462     0
   244   460   457     0
   458   461   460     0
    47   457   461     0
   460   461   457     0
   214   464   272     0
   463   465   464     0
   270   272   465     0
   464   465   272     0
   466   468   470     0
   467   469   468     0
   463   470   469     0
   468   469   470     0
   253   278   472     0
   270   471   278     0
   467   472   471     0
   278   471   472     0
   463   469   465     0
   467   471   469     0
   270   465   471     0
   469   471   465     0
    61    66   475     0
    63   474    66     0
   473   475   474     0
    66   474   475     0
    52   477    72     0
   476   478   477     0
    63    72   478     0
   477   478    72     0
   466   479   481     0
   473   480   479     0
   476   481   480     0
   479   480   481     0
    63   478   474     0
   476   480   478     0
   473   474   480     0
   478   480   474     0
   253   472   459     0
   467   482   472     0
   458   459   482     0
   472   482   459     0
   466   481   468     0
   476   483   481     0
   467   468   483     0
   481   483   468     0
    52   462   477     0
   458   484   462     0
   476   477   484     0
   462   484   477     0
   467   483   482     0
   476   484   483     0
   458   482   484     0
   483   484   482     0
   199   398   202     0
   395   485   398     0
   200   202   485     0
   398   485   202     0
   404   487   405     0
   486   488   487     0
   395   405   488     0
   487   488   405     0
   205   209   490     0
   200   489   209     0
   486   490   489     0
   209   489   490     0
   395   488   485     0
   486   489   488     0
   200   485   489     0
   488   489   485     0
   365   492   423     0
   491   493   492     0
   421   423   493     0
   492   493   423     0
   494   496   498     0
   495   497   496     0
   491   498   497     0
   496   497   498     0
   404   429   500     0
   421   499   429     0
   495   500   499     0
   429   499   500     0
   491   497   493     0
   495   499   497     0
   421   493   499     0
   497   499   493     0
   214   219   503     0
   216   502   219     0
   501   503   502     0
   219   502   503     0
   205   505   225     0
   504   506   505     0
   216   225   506     0
   505   506   225     0
   494   507   509     0
   501   508   507     0
   504   509   508     0
   507   508   509     0
   216   506   502     0
   504   508   506     0
   501   502   508     0
   506   508   502     0
   404   500   487     0
   495   510   500     0
   486   487   510     0
   500   510   487     0
   494   509   496     0
   504   511   509     0
   495   496   511     0
   509   511   496     0
   205   490   505     0
   486   512   490     0
   504   505   512     0
   490   512   505     0
   495   511   510     0
   504   512   511     0
   486   510   512     0
   511   512   510     0
    90    95   353     0
    92   513    95     0
   351   353   513     0
    95   513   353     0
   101   515   102     0
   514   516   515     0
    92   102   516     0
   515   516   102     0
   356   360   518     0
   351   517   360     0
   514   518   517     0
   360   517   518     0
    92   516   513     0
   514   517   516     0
   351   513   517     0
   516   517   513     0
    61   520   120     0
   519   521   520     0
   118   120   521     0
   520   521   120     0
   522   524   526     0
   523   525   524     0
   519   526   525     0
   524   525   526     0
   101   126   528     0
   118   527   126     0
   523   528   527     0
   126   527   528     0
   519   525   521     0
   523   527   525     0
   118   521   527     0
   525   527   521     0
   365   370   531     0
   367   530   370     0
   529   531   530     0
   370   530   531     0
   356   533   376     0
   532   534   533     0
   367   376   534     0
   533   534   376     0
   522   535   537     0
   529   536   535     0
   532   537   536     0
   535   536   537     0
   367   534   530     0
   532   536   534     0
   529   530   536     0
   534   536   530     0
   101   528   515     0
   523   538   528     0
   514   515   538     0
   528   538   515     0
   522   537   524     0
   532   539   537     0
   523   524   539     0
   537   539   524     0
   356   518   533     0
   514   540   518     0
   532   533   540     0
   518   540   533     0
   523   539   538     0
   532   540   539     0
   514   538   540     0
   539   540   538     0
   214   503   464     0
   501   541   503     0
   463   464   541     0
   503   541   464     0
   494   543   507     0
   542   544   543     0
   501   507   544     0
   543   544   507     0
   466   470   546     0
   463   545   470     0
   542   546   545     0
   470   545   546     0
   501   544   541     0
   542   545   544     0
   463   541   545     0
   544   545   541     0
   365   531   492     0
   529   547   531     0
   491   492   547     0
   531   547   492     0
   522   549   535     0
   548   550   549     0
   529   535   550     0
   549   550   535     0
   494   498   552     0
   491   551   498     0
   548   552   551     0
   498   551   552     0
   529   550   547     0
   548   551   550     0
   491   547   551     0
   550   551   547     0
    61   475   520     0
   473   553   475     0
   519   520   553     0
   475   553   520     0
   466   555   479     0
   554   556   555     0
   473   479   556     0
   555   556   479     0
   522   526   558     0
   519   557   526     0
   554   558   557     0
   526   557   558     0
   473   556   553     0
   554   557   556     0
   519   553   557     0
   556   557   553     0
   494   552   543     0
   548   559   552     0
   542   543   559     0
   552   559   543     0
   522   558   549     0
   554   560   558     0
   548   549   560     0
   558   560   549     0
   466   546   555     0
   542   561   546     0
   554   555   561     0
   546   561   555     0
   548   560   559     0
   554   561   560     0
   542   559   561     0
   560   561   559     0
   562   565   567     0
   563   566   565     0
   564   567   566     0
   565   566   567     0
   568   570   572     0
   569   571   570     0
   563   572   571     0
   570   571   572     0
   573   574   576     0
   564   575   574     0
   569   576   575     0
   574   575   576     0
   563   571   566     0
   569   575   571     0
   564   566   575     0
   571   575   566     0
   577   580   582     0
   578   581   580     0
   579   582   581     0
   580   581   582     0
   583   585   587     0
   584   586   585     0
   578   587   586     0
   585   586   587     0
   568   588   590     0
   579   589   588     0
   584   590   589     0
   588   589   590     0
   578   586   581     0
   584   589   586     0
   579   581   589     0
   586   589   581     0
   591   594   596     0
   592   595   594     0
   593   596   595     0
   594   595   596     0
   573   598   600     0
   597   599   598     0
   592   600   599     0
   598   599   600     0
   583   601   603     0
   593   602   601     0
   597   603   602     0
   601   602   603     0
   592   599   595     0
   597   602   599     0
   593   595   602     0
   599   602   595     0
   568   590   570     0
   584   604   590     0
   569   570   604     0
   590   604   570     0
   583   603   585     0
   597   605   603     0
   584   585   605     0
   603   605   585     0
   573   576   598     0
   569   606   576     0
   597   598   606     0
   576   606   598     0
   584   605   604     0
   597   606   605     0
   569   604   606     0
   605   606   604     0
   607   610   612     0
   608   611   610     0
   609   612   611     0
   610   611   612     0
   613   615   617     0
   614   616   615     0
   608   617   616     0
   615   616   617     0
   618   619   621     0
   609   620   619     0
   614   621   620     0
   619   620   621     0
   608   616   611     0
   614   620   616     0
   609   611   620     0
   616   620   611     0
   622   625   627     0
   623   626   625     0
   624   627   626     0
   625   626   627     0
   628   630   632     0
   629   631   630     0
   623   632   631     0
   630   631   632     0
   613   633   635     0
   624   634   633     0
   629   635   634     0
   633   634   635     0
   623   631   626     0
   629   634   631     0
   624   626   634     0
   631   634   626     0
   577   638   640     0
   636   639   638     0
   637   640   639     0
   638   639   640     0
   618   642   644     0
   641   643   642     0
   636   644   643     0
   642   643   644     0
   628   645   647     0
   637   646   645     0
   641   647   646     0
   645   646   647     0
   636   643   639     0
   641   646   643     0
   637   639   646     0
   643   646   639     0
   613   635   615     0
   629   648   635     0
   614   615   648     0
   635   648   615     0
   628   647   630     0
   641   649   647     0
   629   630   649     0
   647   649   630     0
   618   621   642     0
   614   650   621     0
   641   642   650     0
   621   650   642     0
   629   649   648     0
   641   650   649     0
   614   648   650     0
   649   650   648     0
   651   654   656     0
   652   655   654     0
   653   656   655     0
   654   655   656     0
   657   659   661     0
   658   660   659     0
   652   661   660     0
   659   660   661     0
   662   663   665     0
   653   664   663     0
   658   665   664     0
   663   664   665     0
   652   660   655     0
   658   664   660     0
   653   655   664     0
   660   664   655     0
   591   668   670     0
   666   669   668     0
   667   670   669     0
   668   669   670     0
   671   673   675     0
   672   674   673     0
   666   675   674     0
   673   674   675     0
   657   676   678     0
   667   677   676     0
   672   678   677     0
   676   677   678     0
   666   674   669     0
   672   677   674     0
   667   669   677     0
   674   677   669     0
   622   681   683     0
   679   682   681     0
   680   683   682     0
   681   682   683     0
   662   685   687     0
   684   686   685     0
   679   687   686     0
   685   686   687     0
   671   688   690     0
   680   689   688     0
   684   690   689     0
   688   689   690     0
   679   686   682     0
   684   689   686     0
   680   682   689     0
   686   689   682     0
   657   678   659     0
   672   691   678     0
   658   659   691     0
   678   691   659     0
   671   690   673     0
   684   692   690     0
   672   673   692     0
   690   692   673     0
   662   665   685     0
   658   693   665     0
   684   685   693     0
   665   693   685     0
   672   692   691     0
   684   693   692     0
   658   691   693     0
   692   693   691     0
   577   640   580     0
   637   694   640     0
   578   580   694     0
   640   694   580     0
   628   696   645     0
   695   697   696     0
   637   645   697     0
   696   697   645     0
   583   587   699     0
   578   698   587     0
   695   699   698     0
   587   698   699     0
   637   697   694     0
   695   698   697     0
   578   694   698     0
   697   698   694     0
   622   683   625     0
   680   700   683     0
   623   625   700     0
   683   700   625     0
   671   702   688     0
   701   703   702     0
   680   688   703     0
   702   703   688     0
   628   632   705     0
   623   704   632     0
   701   705   704     0
   632   704   705     0
   680   703   700     0
   701   704   703     0
   623   700   704     0
   703   704   700     0
   591   596   668     0
   593   706   596     0
   666   668   706     0
   596   706   668     0
   583   708   601     0
   707   709   708     0
   593   601   709     0
   708   709   601     0
   671   675   711     0
   666   710   675     0
   707   711   710     0
   675   710   711     0
   593   709   706     0
   707   710   709     0
   666   706   710     0
   709   710   706     0
   628   705   696     0
   701   712   705     0
   695   696   712     0
   705   712   696     0
   671   711   702     0
   707   713   711     0
   701   702   713     0
   711   713   702     0
   583   699   708     0
   695   714   699     0
   707   708   714     0
   699   714   708     0
   701   713   712     0
   707   714   713     0
   695   712   714     0
   713   714   712     0
   154   159   717     0
   156   716   159     0
   715   717   716     0
   159   716   717     0
   165   719   166     0
   718   720   719     0
   156   166   720     0
   719   720   166     0
   721   722   724     0
   715   723   722     0
   718   724   723     0
   722   723   724     0
   156   720   716     0
   718   723   720     0
   715   716   723     0
   720   723   716     0
   183   726   186     0
   725   727   726     0
   184   186   727     0
   726   727   186     0
   728   730   732     0
   729   731   730     0
   725   732   731     0
   730   731   732     0
   165   192   734     0
   184   733   192     0
   729   734   733     0
   192   733   734     0
   725   731   727     0
   729   733   731     0
   184   727   733     0
   731   733   727     0
   735   738   740     0
   736   739   738     0
   737   740   739     0
   738   739   740     0
   721   742   744     0
   741   743   742     0
   736   744   743     0
   742   743   744     0
   728   745   747     0
   737   746   745     0
   741   747   746     0
   745   746   747     0
   736   743   739     0
   741   746   743     0
   737   739   746     0
   743   746   739     0
   165   734   719     0
   729   748   734     0
   718   719   748     0
   734   748   719     0
   728   747   730     0
   741   749   747     0
   729   730   749     0
   747   749   730     0
   721   724   742     0
   718   750   724     0
   741   742   750     0
   724   750   742     0
   729   749   748     0
   741   750   749     0
   718   748   750     0
   749   750   748     0
    46   752   245     0
   751   753   752     0
   243   245   753     0
   752   753   245     0
   754   756   758     0
   755   757   756     0
   751   758   757     0
   756   757   758     0
   248   252   760     0
   243   759   252     0
   755   760   759     0
   252   759   760     0
   751   757   753     0
   755   759   757     0
   243   753   759     0
   757   759   753     0
   761   764   766     0
   762   765   764     0
   763   766   765     0
   764   765   766     0
   767   769   771     0
   768   770   769     0
   762   771   770     0
   769   770   771     0
   754   772   774     0
   763   773   772     0
   768   774   773     0
   772   773   774     0
   762   770   765     0
   768   773   770     0
   763   765   773     0
   770   773   765     0
   183   261   777     0
   258   776   261     0
   775   777   776     0
   261   776   777     0
   248   779   267     0
   778   780   779     0
   258   267   780     0
   779   780   267     0
   767   781   783     0
   775   782   781     0
   778   783   782     0
   781   782   783     0
   258   780   776     0
   778   782   780     0
   775   776   782     0
   780   782   776     0
   754   774   756     0
   768   784   774     0
   755   756   784     0
   774   784   756     0
   767   783   769     0
   778   785   783     0
   768   769   785     0
   783   785   769     0
   248   760   779     0
   755   786   760     0
   778   779   786     0
   760   786   779     0
   768   785   784     0
   778   786   785     0
   755   784   786     0
   785   786   784     0
   607   789   791     0
   787   790   789     0
   788   791   790     0
   789   790   791     0
   792   794   796     0
   793   795   794     0
   787   796   795     0
   794   795   796     0
   797   798   800     0
   788   799   798     0
   793   800   799     0
   798   799   800     0
   787   795   790     0
   793   799   795     0
   788   790   799     0
   795   799   790     0
   735   803   805     0
   801   804   803     0
   802   805   804     0
   803   804   805     0
   806   808   810     0
   807   809   808     0
   801   810   809     0
   808   809   810     0
   792   811   813     0
   802   812   811     0
   807   813   812     0
   811   812   813     0
   801   809   804     0
   807   812   809     0
   802   804   812     0
   809   812   804     0
   761   816   818     0
   814   817   816     0
   815   818   817     0
   816   817   818     0
   797   820   822     0
   819   821   820     0
   814   822   821     0
   820   821   822     0
   806   823   825     0
   815   824   823     0
   819   825   824     0
   823   824   825     0
   814   821   817     0
   819   824   821     0
   815   817   824     0
   821   824   817     0
   792   813   794     0
   807   826   813     0
   793   794   826     0
   813   826   794     0
   806   825   808     0
   819   827   825     0
   807   808   827     0
   825   827   808     0
   797   800   820     0
   793   828   800     0
   819   820   828     0
   800   828   820     0
   807   827   826     0
   819   828   827     0
   793   826   828     0
   827   828   826     0
   183   777   726     0
   775   829   777     0
   725   726   829     0
   777   829   726     0
   767   831   781     0
   830   832   831     0
   775   781   832     0
   831   832   781     0
   728   732   834     0
   725   833   732     0
   830   834   833     0
   732   833   834     0
   775   832   829     0
   830   833   832     0
   725   829   833     0
   832   833   829     0
   761   818   764     0
   815   835   818     0
   762   764   835     0
   818   835   764     0
   806   837   823     0
   836   838   837     0
   815   823   838     0
   837   838   823     0
   767   771   840     0
   762   839   771     0
   836   840   839     0
   771   839   840     0
   815   838   835     0
   836   839   838     0
   762   835   839     0
   838   839   835     0
   735   740   803     0
   737   841   740     0
   801   803   841     0
   740   841   803     0
   728   843   745     0
   842   844   843     0
   737   745   844     0
   843   844   745     0
   806   810   846     0
   801   845   810     0
   842   846   845     0
   810   845   846     0
   737   844   841     0
   842   845   844     0
   801   841   845     0
   844   845   841     0
   767   840   831     0
   836   847   840     0
   830   831   847     0
   840   847   831     0
   806   846   837     0
   842   848   846     0
   836   837   848     0
   846   848   837     0
   728   834   843     0
   830   849   834     0
   842   843   849     0
   834   849   843     0
   836   848   847     0
   842   849   848     0
   830   847   849     0
   848   849   847     0
     1   851     4     0
   850   852   851     0
     2     4   852     0
   851   852     4     0
   853   855   857     0
   854   856   855     0
   850   857   856     0
   855   856   857     0
     7    11   859     0
     2   858    11     0
   854   859   858     0
    11   858   859     0
   850   856   852     0
   854   858   856     0
     2   852   858     0
   856   858   852     0
   860   863   865     0
   861   864   863     0
   862   865   864     0
   863   864   865     0
   866   868   870     0
   867   869   868     0
   861   870   869     0
   868   869   870     0
   853   871   873     0
   862   872   871     0
   867   873   872     0
   871   872   873     0
   861   869   864     0
   867   872   869     0
   862   864   872     0
   869   872   864     0
    16    21   876     0
    18   875    21     0
   874   876   875     0
    21   875   876     0
     7   878    27     0
   877   879   878     0
    18    27   879     0
   878   879    27     0
   866   880   882     0
   874   881   880     0
   877   882   881     0
   880   881   882     0
    18   879   875     0
   877   881   879     0
   874   875   881     0
   879   881   875     0
   853   873   855     0
   867   883   873     0
   854   855   883     0
   873   883   855     0
   866   882   868     0
   877   884   882     0
   867   868   884     0
   882   884   868     0
     7   859   878     0
   854   885   859     0
   877   878   885     0
   859   885   878     0
   867   884   883     0
   877   885   884     0
   854   883   885     0
   884   885   883     0
   651   888   890     0
   886   889   888     0
   887   890   889     0
   888   889   890     0
   891   893   895     0
   892   894   893     0
   886   895   894     0
   893   894   895     0
   896   897   899     0
   887   898   897     0
   892   899   898     0
   897   898   899     0
   886   894   889     0
   892   898   894     0
   887   889   898     0
   894   898   889     0
   900   903   905     0
   901   904   903     0
   902   905   904     0
   903   904   905     0
   906   908   910     0
   907   909   908     0
   901   910   909     0
   908   909   910     0
   891   911   913     0
   902   912   911     0
   907   913   912     0
   911   912   913     0
   901   909   904     0
   907   912   909     0
   902   904   912     0
   909   912   904     0
   860   916   918     0
   914   917   916     0
   915   918   917     0
   916   917   918     0
   896   920   922     0
   919   921   920     0
   914   922   921     0
   920   921   922     0
   906   923   925     0
   915   924   923     0
   919   925   924     0
   923   924   925     0
   914   921   917     0
   919   924   921     0
   915   917   924     0
   921   924   917     0
   891   913   893     0
   907   926   913     0
   892   893   926     0
   913   926   893     0
   906   925   908     0
   919   927   925     0
   907   908   927     0
   925   927   908     0
   896   899   920     0
   892   928   899     0
   919   920   928     0
   899   928   920     0
   907   927   926     0
   919   928   927     0
   892   926   928     0
   927   928   926     0
    46    51   931     0
    48   930    51     0
   929   931   930     0
    51   930   931     0
    57   933    58     0
   932   934   933     0
    48    58   934     0
   933   934    58     0
   935   936   938     0
   929   937   936     0
   932   938   937     0
   936   937   938     0
    48   934   930     0
   932   937   934     0
   929   930   937     0
   934   937   930     0
    16   940    77     0
   939   941   940     0
    75    77   941     0
   940   941    77     0
   942   944   946     0
   943   945   944     0
   939   946   945     0
   944   945   946     0
    57    83   948     0
    75   947    83     0
   943   948   947     0
    83   947   948     0
   939   945   941     0
   943   947   945     0
    75   941   947     0
   945   947   941     0
   900   951   953     0
   949   952   951     0
   950   953   952     0
   951   952   953     0
   935   955   957     0
   954   956   955     0
   949   957   956     0
   955   956   957     0
   942   958   960     0
   950   959   958     0
   954   960   959     0
   958   959   960     0
   949   956   952     0
   954   959   956     0
   950   952   959     0
   956   959   952     0
    57   948   933     0
   943   961   948     0
   932   933   961     0
   948   961   933     0
   942   960   944     0
   954   962   960     0
   943   944   962     0
   960   962   944     0
   935   938   955     0
   932   963   938     0
   954   955   963     0
   938   963   955     0
   943   962   961     0
   954   963   962     0
   932   961   963     0
   962   963   961     0
   860   918   863     0
   915   964   918     0
   861   863   964     0
   918   964   863     0
   906   966   923     0
   965   967   966     0
   915   923   967     0
   966   967   923     0
   866   870   969     0
   861   968   870     0
   965   969   968     0
   870   968   969     0
   915   967   964     0
   965   968   967     0
   861   964   968     0
   967   968   964     0
   900   953   903     0
   950   970   953     0
   901   903   970     0
   953   970   903     0
   942   972   958     0
   971   973   972     0
   950   958   973     0
   972   973   958     0
   906   910   975     0
   901   974   910     0
   971   975   974     0
   910   974   975     0
   950   973   970     0
   971   974   973     0
   901   970   974     0
   973   974   970     0
    16   876   940     0
   874   976   876     0
   939   940   976     0
   876   976   940     0
   866   978   880     0
   977   979   978     0
   874   880   979     0
   978   979   880     0
   942   946   981     0
   939   980   946     0
   977   981   980     0
   946   980   981     0
   874   979   976     0
   977   980   979     0
   939   976   980     0
   979   980   976     0
   906   975   966     0
   971   982   975     0
   965   966   982     0
   975   982   966     0
   942   981   972     0
   977   983   981     0
   971   972   983     0
   981   983   972     0
   866   969   978     0
   965   984   969     0
   977   978   984     0
   969   984   978     0
   971   983   982     0
   977   984   983     0
   965   982   984     0
   983   984   982     0
   607   791   610     0
   788   985   791     0
   608   610   985     0
   791   985   610     0
   797   987   798     0
   986   988   987     0
   788   798   988     0
   987   988   798     0
   613   617   990     0
   608   989   617     0
   986   990   989     0
   617   989   990     0
   788   988   985     0
   986   989   988     0
   608   985   989     0
   988   989   985     0
   761   992   816     0
   991   993   992     0
   814   816   993     0
   992   993   816     0
   994   996   998     0
   995   997   996     0
   991   998   997     0
   996   997   998     0
   797   822  1000     0
   814   999   822     0
   995  1000   999     0
   822   999  1000     0
   991   997   993     0
   995   999   997     0
   814   993   999     0
   997   999   993     0
   622   627  1003     0
   624  1002   627     0
  1001  1003  1002     0
   627  1002  1003     0
   613  1005   633     0
  1004  1006  1005     0
   624   633  1006     0
  1005  1006   633     0
   994  1007  1009     0
  1001  1008  1007     0
  1004  1009  1008     0
  1007  1008  1009     0
   624  1006  1002     0
  1004  1008  1006     0
  1001  1002  1008     0
  1006  1008  1002     0
   797  1000   987     0
   995  1010  1000     0
   986   987  1010     0
  1000  1010   987     0
   994  1009   996     0
  1004  1011  1009     0
   995   996  1011     0
  1009  1011   996     0
   613   990  1005     0
   986  1012   990     0
  1004  1005  1012     0
   990  1012  1005     0
   995  1011  1010     0
  1004  1012  1011     0
   986  1010  1012     0
  1011  1012  1010     0
    46   931   752     0
   929  1013   931     0
   751   752  1013     0
   931  1013   752     0
   935  1015   936     0
  1014  1016  1015     0
   929   936  1016     0
  1015  1016   936     0
   754   758  1018     0
   751  1017   758     0
  1014  1018  1017     0
   758  1017  1018     0
   929  1016  1013     0
  1014  1017  1016     0
   751  1013  1017     0
  1016  1017  1013     0
   900  1020   951     0
  1019  1021  1020     0
   949   951  1021     0
  1020  1021   951     0
  1022  1024  1026     0
  1023  1025  1024     0
  1019  1026  1025     0
  1024  1025  1026     0
   935   957  1028     0
   949  1027   957     0
  1023  1028  1027     0
   957  1027  1028     0
  1019  1025  1021     0
  1023  1027  1025     0
   949  1021  1027     0
  1025  1027  1021     0
   761   766  1031     0
   763  1030   766     0
  1029  1031  1030     0
   766  1030  1031     0
   754  1033   772     0
  1032  1034  1033     0
   763   772  1034     0
  1033  1034   772     0
  1022  1035  1037     0
  1029  1036  1035     0
  1032  1037  1036     0
  1035  1036  1037     0
   763  1034  1030     0
  1032  1036  1034     0
  1029  1030  1036     0
  1034  1036  1030     0
   935  1028  1015     0
  1023  1038  1028     0
  1014  1015  1038     0
  1028  1038  1015     0
  1022  1037  1024     0
  1032  1039  1037     0
  1023  1024  1039     0
  1037  1039  1024     0
   754  1018  1033     0
  1014  1040  1018     0
  1032  1033  1040     0
  1018  1040  1033     0
  1023  1039  1038     0
  1032  1040  1039     0
  1014  1038  1040     0
  1039  1040  1038     0
   651   656   888     0
   653  1041   656     0
   886   888  1041     0
   656  1041   888     0
   662  1043   663     0
  1042  1044  1043     0
   653   663  1044     0
  1043  1044   663     0
   891   895  1046     0
   886  1045   895     0
  1042  1046  1045     0
   895  1045  1046     0
   653  1044  1041     0
  1042  1045  1044     0
   886  1041  1045     0
  1044  1045  1041     0
   622  1048   681     0
  1047  1049  1048     0
   679   681  1049     0
  1048  1049   681     0
  1050  1052  1054     0
  1051  1053  1052     0
  1047  1054  1053     0
  1052  1053  1054     0
   662   687  1056     0
   679  1055   687     0
  1051  1056  1055     0
   687  1055  1056     0
  1047  1053  1049     0
  1051  1055  1053     0
   679  1049  1055     0
  1053  1055  1049     0
   900   905  1059     0
   902  1058   905     0
  1057  1059  1058     0
   905  1058  1059     0
   891  1061   911     0
  1060  1062  1061     0
   902   911  1062     0
  1061  1062   911     0
  1050  1063  1065     0
  1057  1064  1063     0
  1060  1065  1064     0
  1063  1064  1065     0
   902  1062  1058     0
  1060  1064  1062     0
  1057  1058  1064     0
  1062  1064  1058     0
   662  1056  1043     0
  1051  1066  1056     0
  1042  1043  1066     0
  1056  1066  1043     0
  1050  1065  1052     0
  1060  1067  1065     0
  1051  1052  1067     0
  1065  1067  1052     0
   891  1046  1061     0
  1042  1068  1046     0
  1060  1061  1068     0
  1046  1068  1061     0
  1051  1067  1066     0
  1060  1068  1067     0
  1042  1066  1068     0
  1067  1068  1066     0
   761  1031   992     0
  1029  1069  1031     0
   991   992  1069     0
  1031  1069   992     0
  1022  1071  1035     0
  1070  1072  1071     0
  1029  1035  1072     0
  1071  1072  1035     0
   994   998  1074     0
   991  1073   998     0
  1070  1074  1073     0
   998  1073  1074     0
  1029  1072  1069     0
  1070  1073  1072     0
   991  1069  1073     0
  1072  1073  1069     0
   900  1059  1020     0
  1057  1075  1059     0
  1019  1020  1075     0
  1059  1075  1020     0
  1050  1077  1063     0
  1076  1078  1077     0
  1057  1063  1078     0
  1077  1078  1063     0
  1022  1026  1080     0
  1019  1079  1026     0
  1076  1080  1079     0
  1026  1079  1080     0
  1057  1078  1075     0
  1076  1079  1078     0
  1019  1075  1079     0
  1078  1079  1075     0
   622  1003  1048     0
  1001  1081  1003     0
  1047  1048  1081     0
  1003  1081  1048     0
   994  1083  1007     0
  1082  1084  1083     0
  1001  1007  1084     0
  1083  1084  1007     0
  1050  1054  1086     0
  1047  1085  1054     0
  1082  1086  1085     0
  1054  1085  1086     0
  1001  1084  1081     0
  1082  1085  1084     0
  1047  1081  1085     0
  1084  1085  1081     0
  1022  1080  1071     0
  1076  1087  1080     0
  1070  1071  1087     0
  1080  1087  1071     0
  1050  1086  1077     0
  1082  1088  1086     0
  1076  1077  1088     0
  1086  1088  1077     0
   994  1074  1083     0
  1070  1089  1074     0
  1082  1083  1089     0
  1074  1089  1083     0
  1076  1088  1087     0
  1082  1089  1088     0
  1070  1087  1089     0
  1088  1089  1087     0
     1     6   851     0
     3  1090     6     0
   850   851  1090     0
     6  1090   851     0
    12  1092    13     0
  1091  1093  1092     0
     3    13  1093     0
  1092  1093    13     0
   853   857  1095     0
   850  1094   857     0
  1091  1095  1094     0
   857  1094  1095     0
     3  1093  1090     0
  1091  1094  1093     0
   850  1090  1094     0
  1093  1094  1090     0
    30  1097    33     0
  1096  1098  1097     0
    31    33  1098     0
  1097  1098    33     0
  1099  1101  1103     0
  1100  1102  1101     0
  1096  1103  1102     0
  1101  1102  1103     0
    12    39  1105     0
    31  1104    39     0
  1100  1105  1104     0
    39  1104  1105     0
  1096  1102  1098     0
  1100  1104  1102     0
    31  1098  1104     0
  1102  1104  1098     0
   860   865  1108     0
   862  1107   865     0
  1106  1108  1107     0
   865  1107  1108     0
   853  1110   871     0
  1109  1111  1110     0
   862   871  1111     0
  1110  1111   871     0
  1099  1112  1114     0
  1106  1113  1112     0
  1109  1114  1113     0
  1112  1113  1114     0
   862  1111  1107     0
  1109  1113  1111     0
  1106  1107  1113     0
  1111  1113  1107     0
    12  1105  1092     0
  1100  1115  1105     0
  1091  1092  1115     0
  1105  1115  1092     0
  1099  1114  1101     0
  1109  1116  1114     0
  1100  1101  1116     0
  1114  1116  1101     0
   853  1095  1110     0
  1091  1117  1095     0
  1109  1110  1117     0
  1095  1117  1110     0
  1100  1116  1115     0
  1109  1117  1116     0
  1091  1115  1117     0
  1116  1117  1115     0
    90  1119    93     0
  1118  1120  1119     0
    91    93  1120     0
  1119  1120    93     0
  1121  1123  1125     0
  1122  1124  1123     0
  1118  1125  1124     0
  1123  1124  1125     0
    96   100  1127     0
    91  1126   100     0
  1122  1127  1126     0
   100  1126  1127     0
  1118  1124  1120     0
  1122  1126  1124     0
    91  1120  1126     0
  1124  1126  1120     0
  1128  1131  1133     0
  1129  1132  1131     0
  1130  1133  1132     0
  1131  1132  1133     0
  1134  1136  1138     0
  1135  1137  1136     0
  1129  1138  1137     0
  1136  1137  1138     0
  1121  1139  1141     0
  1130  1140  1139     0
  1135  1141  1140     0
  1139  1140  1141     0
  1129  1137  1132     0
  1135  1140  1137     0
  1130  1132  1140     0
  1137  1140  1132     0
    30   109  1144     0
   106  1143   109     0
  1142  1144  1143     0
   109  1143  1144     0
    96  1146   115     0
  1145  1147  1146     0
   106   115  1147     0
  1146  1147   115     0
  1134  1148  1150     0
  1142  1149  1148     0
  1145  1150  1149     0
  1148  1149  1150     0
   106  1147  1143     0
  1145  1149  1147     0
  1142  1143  1149     0
  1147  1149  1143     0
  1121  1141  1123     0
  1135  1151  1141     0
  1122  1123  1151     0
  1141  1151  1123     0
  1134  1150  1136     0
  1145  1152  1150     0
  1135  1136  1152     0
  1150  1152  1136     0
    96  1127  1146     0
  1122  1153  1127     0
  1145  1146  1153     0
  1127  1153  1146     0
  1135  1152  1151     0
  1145  1153  1152     0
  1122  1151  1153     0
  1152  1153  1151     0
   651   890  1156     0
   887  1155   890     0
  1154  1156  1155     0
   890  1155  1156     0
   896  1158   897     0
  1157  1159  1158     0
   887   897  1159     0
  1158  1159   897     0
  1160  1161  1163     0
  1154  1162  1161     0
  1157  1163  1162     0
  1161  1162  1163     0
   887  1159  1155     0
  1157  1162  1159     0
  1154  1155  1162     0
  1159  1162  1155     0
   860  1165   916     0
  1164  1166  1165     0
   914   916  1166     0
  1165  1166   916     0
  1167  1169  1171     0
  1168  1170  1169     0
  1164  1171  1170     0
  1169  1170  1171     0
   896   922  1173     0
   914  1172   922     0
  1168  1173  1172     0
   922  1172  1173     0
  1164  1170  1166     0
  1168  1172  1170     0
   914  1166  1172     0
  1170  1172  1166     0
  1128  1176  1178     0
  1174  1177  1176     0
  1175  1178  1177     0
  1176  1177  1178     0
  1160  1180  1182     0
  1179  1181  1180     0
  1174  1182  1181     0
  1180  1181  1182     0
  1167  1183  1185     0
  1175  1184  1183     0
  1179  1185  1184     0
  1183  1184  1185     0
  1174  1181  1177     0
  1179  1184  1181     0
  1175  1177  1184     0
  1181  1184  1177     0
   896  1173  1158     0
  1168  1186  1173     0
  1157  1158  1186     0
  1173  1186  1158     0
  1167  1185  1169     0
  1179  1187  1185     0
  1168  1169  1187     0
  1185  1187  1169     0
  1160  1163  1180     0
  1157  1188  1163     0
  1179  1180  1188     0
  1163  1188  1180     0
  1168  1187  1186     0
  1179  1188  1187     0
  1157  1186  1188     0
  1187  1188  1186     0
    30  1144  1097     0
  1142  1189  1144     0
  1096  1097  1189     0
  1144  1189  1097     0
  1134  1191  1148     0
  1190  1192  1191     0
  1142  1148  1192     0
  1191  1192  1148     0
  1099  1103  1194     0
  1096  1193  1103     0
  1190  1194  1193     0
  1103  1193  1194     0
  1142  1192  1189     0
  1190  1193  1192     0
  1096  1189  1193     0
  1192  1193  1189     0
  1128  1178  1131     0
  1175  1195  1178     0
  1129  1131  1195     0
  1178  1195  1131     0
  1167  1197  1183     0
  1196  1198  1197     0
  1175  1183  1198     0
  1197  1198  1183     0
  1134  1138  1200     0
  1129  1199  1138     0
  1196  1200  1199     0
  1138  1199  1200     0
  1175  1198  1195     0
  1196  1199  1198     0
  1129  1195  1199     0
  1198  1199  1195     0
   860  1108  1165     0
  1106  1201  1108     0
  1164  1165  1201     0
  1108  1201  1165     0
  1099  1203  1112     0
  1202  1204  1203     0
  1106  1112  1204     0
  1203  1204  1112     0
  1167  1171  1206     0
  1164  1205  1171     0
  1202  1206  1205     0
  1171  1205  1206     0
  1106  1204  1201     0
  1202  1205  1204     0
  1164  1201  1205     0
  1204  1205  1201     0
  1134  1200  1191     0
  1196  1207  1200     0
  1190  1191  1207     0
  1200  1207  1191     0
  1167  1206  1197     0
  1202  1208  1206     0
  1196  1197  1208     0
  1206  1208  1197     0
  1099  1194  1203     0
  1190  1209  1194     0
  1202  1203  1209     0
  1194  1209  1203     0
  1196  1208  1207     0
  1202  1209  1208     0
  1190  1207  1209     0
  1208  1209  1207     0
   306  1211   309     0
  1210  1212  1211     0
   307   309  1212     0
  1211  1212   309     0
  1213  1215  1217     0
  1214  1216  1215     0
  1210  1217  1216     0
  1215  1216  1217     0
   312   316  1219     0
   307  1218   316     0
  1214  1219  1218     0
   316  1218  1219     0
  1210  1216  1212     0
  1214  1218  1216     0
   307  1212  1218     0
  1216  1218  1212     0
  1220  1223  1225     0
  1221  1224  1223     0
  1222  1225  1224     0
  1223  1224  1225     0
  1226  1228  1230     0
  1227  1229  1228     0
  1221  1230  1229     0
  1228  1229  1230     0
  1213  1231  1233     0
  1222  1232  1231     0
  1227  1233  1232     0
  1231  1232  1233     0
  1221  1229  1224     0
  1227  1232  1229     0
  1222  1224  1232     0
  1229  1232  1224     0
   321   326  1236     0
   323  1235   326     0
  1234  1236  1235     0
   326  1235  1236     0
   312  1238   332     0
  1237  1239  1238     0
   323   332  1239     0
  1238  1239   332     0
  1226  1240  1242     0
  1234  1241  1240     0
  1237  1242  1241     0
  1240  1241  1242     0
   323  1239  1235     0
  1237  1241  1239     0
  1234  1235  1241     0
  1239  1241  1235     0
  1213  1233  1215     0
  1227  1243  1233     0
  1214  1215  1243     0
  1233  1243  1215     0
  1226  1242  1228     0
  1237  1244  1242     0
  1227  1228  1244     0
  1242  1244  1228     0
   312  1219  1238     0
  1214  1245  1219     0
  1237  1238  1245     0
  1219  1245  1238     0
  1227  1244  1243     0
  1237  1245  1244     0
  1214  1243  1245     0
  1244  1245  1243     0
  1246  1249  1251     0
  1247  1250  1249     0
  1248  1251  1250     0
  1249  1250  1251     0
  1252  1254  1256     0
  1253  1255  1254     0
  1247  1256  1255     0
  1254  1255  1256     0
  1257  1258  1260     0
  1248  1259  1258     0
  1253  1260  1259     0
  1258  1259  1260     0
  1247  1255  1250     0
  1253  1259  1255     0
  1248  1250  1259     0
  1255  1259  1250     0
  1261  1264  1266     0
  1262  1265  1264     0
  1263  1266  1265     0
  1264  1265  1266     0
  1267  1269  1271     0
  1268  1270  1269     0
  1262  1271  1270     0
  1269  1270  1271     0
  1252  1272  1274     0
  1263  1273  1272     0
  1268  1274  1273     0
  1272  1273  1274     0
  1262  1270  1265     0
  1268  1273  1270     0
  1263  1265  1273     0
  1270  1273  1265     0
  1220  1277  1279     0
  1275  1278  1277     0
  1276  1279  1278     0
  1277  1278  1279     0
  1257  1281  1283     0
  1280  1282  1281     0
  1275  1283  1282     0
  1281  1282  1283     0
  1267  1284  1286     0
  1276  1285  1284     0
  1280  1286  1285     0
  1284  1285  1286     0
  1275  1282  1278     0
  1280  1285  1282     0
  1276  1278  1285     0
  1282  1285  1278     0
  1252  1274  1254     0
  1268  1287  1274     0
  1253  1254  1287     0
  1274  1287  1254     0
  1267  1286  1269     0
  1280  1288  1286     0
  1268  1269  1288     0
  1286  1288  1269     0
  1257  1260  1281     0
  1253  1289  1260     0
  1280  1281  1289     0
  1260  1289  1281     0
  1268  1288  1287     0
  1280  1289  1288     0
  1253  1287  1289     0
  1288  1289  1287     0
    90   355  1292     0
   352  1291   355     0
  1290  1292  1291     0
   355  1291  1292     0
   361  1294   362     0
  1293  1295  1294     0
   352   362  1295     0
  1294  1295   362     0
  1296  1297  1299     0
  1290  1298  1297     0
  1293  1299  1298     0
  1297  1298  1299     0
   352  1295  1291     0
  1293  1298  1295     0
  1290  1291  1298     0
  1295  1298  1291     0
   321  1301   381     0
  1300  1302  1301     0
   379   381  1302     0
  1301  1302   381     0
  1303  1305  1307     0
  1304  1306  1305     0
  1300  1307  1306     0
  1305  1306  1307     0
   361   387  1309     0
   379  1308   387     0
  1304  1309  1308     0
   387  1308  1309     0
  1300  1306  1302     0
  1304  1308  1306     0
   379  1302  1308     0
  1306  1308  1302     0
  1261  1312  1314     0
  1310  1313  1312     0
  1311  1314  1313     0
  1312  1313  1314     0
  1296  1316  1318     0
  1315  1317  1316     0
  1310  1318  1317     0
  1316  1317  1318     0
  1303  1319  1321     0
  1311  1320  1319     0
  1315  1321  1320     0
  1319  1320  1321     0
  1310  1317  1313     0
  1315  1320  1317     0
  1311  1313  1320     0
  1317  1320  1313     0
   361  1309  1294     0
  1304  1322  1309     0
  1293  1294  1322     0
  1309  1322  1294     0
  1303  1321  1305     0
  1315  1323  1321     0
  1304  1305  1323     0
  1321  1323  1305     0
  1296  1299  1316     0
  1293  1324  1299     0
  1315  1316  1324     0
  1299  1324  1316     0
  1304  1323  1322     0
  1315  1324  1323     0
  1293  1322  1324     0
  1323  1324  1322     0
  1220  1279  1223     0
  1276  1325  1279     0
  1221  1223  1325     0
  1279  1325  1223     0
  1267  1327  1284     0
  1326  1328  1327     0
  1276  1284  1328     0
  1327  1328  1284     0
  1226  1230  1330     0
  1221  1329  1230     0
  1326  1330  1329     0
  1230  1329  1330     0
  1276  1328  1325     0
  1326  1329  1328     0
  1221  1325  1329     0
  1328  1329  1325     0
  1261  1314  1264     0
  1311  1331  1314     0
  1262  1264  1331     0
  1314  1331  1264     0
  1303  1333  1319     0
  1332  1334  1333     0
  1311  1319  1334     0
  1333  1334  1319     0
  1267  1271  1336     0
  1262  1335  1271     0
  1332  1336  1335     0
  1271  1335  1336     0
  1311  1334  1331     0
  1332  1335  1334     0
  1262  1331  1335     0
  1334  1335  1331     0
   321  1236  1301     0
  1234  1337  1236     0
  1300  1301  1337     0
  1236  1337  1301     0
  1226  1339  1240     0
  1338  1340  1339     0
  1234  1240  1340     0
  1339  1340  1240     0
  1303  1307  1342     0
  1300  1341  1307     0
  1338  1342  1341     0
  1307  1341  1342     0
  1234  1340  1337     0
  1338  1341  1340     0
  1300  1337  1341     0
  1340  1341  1337     0
  1267  1336  1327     0
  1332  1343  1336     0
  1326  1327  1343     0
  1336  1343  1327     0
  1303  1342  1333     0
  1338  1344  1342     0
  1332  1333  1344     0
  1342  1344  1333     0
  1226  1330  1339     0
  1326  1345  1330     0
  1338  1339  1345     0
  1330  1345  1339     0
  1332  1344  1343     0
  1338  1345  1344     0
  1326  1343  1345     0
  1344  1345  1343     0
   562   567  1348     0
   564  1347   567     0
  1346  1348  1347     0
   567  1347  1348     0
   573  1350   574     0
  1349  1351  1350     0
   564   574  1351     0
  1350  1351   574     0
  1352  1353  1355     0
  1346  1354  1353     0
  1349  1355  1354     0
  1353  1354  1355     0
   564  1351  1347     0
  1349  1354  1351     0
  1346  1347  1354     0
  1351  1354  1347     0
   591  1357   594     0
  1356  1358  1357     0
   592   594  1358     0
  1357  1358   594     0
  1359  1361  1363     0
  1360  1362  1361     0
  1356  1363  1362     0
  1361  1362  1363     0
   573   600  1365     0
   592  1364   600     0
  1360  1365  1364     0
   600  1364  1365     0
  1356  1362  1358     0
  1360  1364  1362     0
   592  1358  1364     0
  1362  1364  1358     0
  1366  1369  1371     0
  1367  1370  1369     0
  1368  1371  1370     0
  1369  1370  1371     0
  1352  1373  1375     0
  1372  1374  1373     0
  1367  1375  1374     0
  1373  1374  1375     0
  1359  1376  1378     0
  1368  1377  1376     0
  1372  1378  1377     0
  1376  1377  1378     0
  1367  1374  1370     0
  1372  1377  1374     0
  1368  1370  1377     0
  1374  1377  1370     0
   573  1365  1350     0
  1360  1379  1365     0
  1349  1350  1379     0
  1365  1379  1350     0
  1359  1378  1361     0
  1372  1380  1378     0
  1360  1361  1380     0
  1378  1380  1361     0
  1352  1355  1373     0
  1349  1381  1355     0
  1372  1373  1381     0
  1355  1381  1373     0
  1360  1380  1379     0
  1372  1381  1380     0
  1349  1379  1381     0
  1380  1381  1379     0
   651  1383   654     0
  1382  1384  1383     0
   652   654  1384     0
  1383  1384   654     0
  1385  1387  1389     0
  1386  1388  1387     0
  1382  1389  1388     0
  1387  1388  1389     0
   657   661  1391     0
   652  1390   661     0
  1386  1391  1390     0
   661  1390  1391     0
  1382  1388  1384     0
  1386  1390  1388     0
   652  1384  1390     0
  1388  1390  1384     0
  1392  1395  1397     0
  1393  1396  1395     0
  1394  1397  1396     0
  1395  1396  1397     0
  1398  1400  1402     0
  1399  1401  1400     0
  1393  1402  1401     0
  1400  1401  1402     0
  1385  1403  1405     0
  1394  1404  1403     0
  1399  1405  1404     0
  1403  1404  1405     0
  1393  1401  1396     0
  1399  1404  1401     0
  1394  1396  1404     0
  1401  1404  1396     0
   591   670  1408     0
   667  1407   670     0
  1406  1408  1407     0
   670  1407  1408     0
   657  1410   676     0
  1409  1411  1410     0
   667   676  1411     0
  1410  1411   676     0
  1398  1412  1414     0
  1406  1413  1412     0
  1409  1414  1413     0
  1412  1413  1414     0
   667  1411  1407     0
  1409  1413  1411     0
  1406  1407  1413     0
  1411  1413  1407     0
  1385  1405  1387     0
  1399  1415  1405     0
  1386  1387  1415     0
  1405  1415  1387     0
  1398  1414  1400     0
  1409  1416  1414     0
  1399  1400  1416     0
  1414  1416  1400     0
   657  1391  1410     0
  1386  1417  1391     0
  1409  1410  1417     0
  1391  1417  1410     0
  1399  1416  1415     0
  1409  1417  1416     0
  1386  1415  1417     0
  1416  1417  1415     0
  1246  1420  1422     0
  1418  1421  1420     0
  1419  1422  1421     0
  1420  1421  1422     0
  1423  1425  1427     0
  1424  1426  1425     0
  1418  1427  1426     0
  1425  1426  1427     0
  1428  1429  1431     0
  1419  1430  1429     0
  1424  1431  1430     0
  1429  1430  1431     0
  1418  1426  1421     0
  1424  1430  1426     0
  1419  1421  1430     0
  1426  1430  1421     0
  1366  1434  1436     0
  1432  1435  1434     0
  1433  1436  1435     0
  1434  1435  1436     0
  1437  1439  1441     0
  1438  1440  1439     0
  1432  1441  1440     0
  1439  1440  1441     0
  1423  1442  1444     0
  1433  1443  1442     0
  1438  1444  1443     0
  1442  1443  1444     0
  1432  1440  1435     0
  1438  1443  1440     0
  1433  1435  1443     0
  1440  1443  1435     0
  1392  1447  1449     0
  1445  1448  1447     0
  1446  1449  1448     0
  1447  1448  1449     0
  1428  1451  1453     0
  1450  1452  1451     0
  1445  1453  1452     0
  1451  1452  1453     0
  1437  1454  1456     0
  1446  1455  1454     0
  1450  1456  1455     0
  1454  1455  1456     0
  1445  1452  1448     0
  1450  1455  1452     0
  1446  1448  1455     0
  1452  1455  1448     0
  1423  1444  1425     0
  1438  1457  1444     0
  1424  1425  1457     0
  1444  1457  1425     0
  1437  1456  1439     0
  1450  1458  1456     0
  1438  1439  1458     0
  1456  1458  1439     0
  1428  1431  1451     0
  1424  1459  1431     0
  1450  1451  1459     0
  1431  1459  1451     0
  1438  1458  1457     0
  1450  1459  1458     0
  1424  1457  1459     0
  1458  1459  1457     0
   591  1408  1357     0
  1406  1460  1408     0
  1356  1357  1460     0
  1408  1460  1357     0
  1398  1462  1412     0
  1461  1463  1462     0
  1406  1412  1463     0
  1462  1463  1412     0
  1359  1363  1465     0
  1356  1464  1363     0
  1461  1465  1464     0
  1363  1464  1465     0
  1406  1463  1460     0
  1461  1464  1463     0
  1356  1460  1464     0
  1463  1464  1460     0
  1392  1449  1395     0
  1446  1466  1449     0
  1393  1395  1466     0
  1449  1466  1395     0
  1437  1468  1454     0
  1467  1469  1468     0
  1446  1454  1469     0
  1468  1469  1454     0
  1398  1402  1471     0
  1393  1470  1402     0
  1467  1471  1470     0
  1402  1470  1471     0
  1446  1469  1466     0
  1467  1470  1469     0
  1393  1466  1470     0
  1469  1470  1466     0
  1366  1371  1434     0
  1368  1472  1371     0
  1432  1434  1472     0
  1371  1472  1434     0
  1359  1474  1376     0
  1473  1475  1474     0
  1368  1376  1475     0
  1474  1475  1376     0
  1437  1441  1477     0
  1432  1476  1441     0
  1473  1477  1476     0
  1441  1476  1477     0
  1368  1475  1472     0
  1473  1476  1475     0
  1432  1472  1476     0
  1475  1476  1472     0
  1398  1471  1462     0
  1467  1478  1471     0
  1461  1462  1478     0
  1471  1478  1462     0
  1437  1477  1468     0
  1473  1479  1477     0
  1467  1468  1479     0
  1477  1479  1468     0
  1359  1465  1474     0
  1461  1480  1465     0
  1473  1474  1480     0
  1465  1480  1474     0
  1467  1479  1478     0
  1473  1480  1479     0
  1461  1478  1480     0
  1479  1480  1478     0
    90  1292  1119     0
  1290  1481  1292     0
  1118  1119  1481     0
  1292  1481  1119     0
  1296  1483  1297     0
  1482  1484  1483     0
  1290  1297  1484     0
  1483  1484  1297     0
  1121  1125  1486     0
  1118  1485  1125     0
  1482  1486  1485     0
  1125  1485  1486     0
  1290  1484  1481     0
  1482  1485  1484     0
  1118  1481  1485     0
  1484  1485  1481     0
  1261  1488  1312     0
  1487  1489  1488     0
  1310  1312  1489     0
  1488  1489  1312     0
  1490  1492  1494     0
  1491  1493  1492     0
  1487  1494  1493     0
  1492  1493  1494     0
  1296  1318  1496     0
  1310  1495  1318     0
  1491  1496  1495     0
  1318  1495  1496     0
  1487  1493  1489     0
  1491  1495  1493     0
  1310  1489  1495     0
  1493  1495  1489     0
  1128  1133  1499     0
  1130  1498  1133     0
  1497  1499  1498     0
  1133  1498  1499     0
  1121  1501  1139     0
  1500  1502  1501     0
  1130  1139  1502     0
  1501  1502  1139     0
  1490  1503  1505     0
  1497  1504  1503     0
  1500  1505  1504     0
  1503  1504  1505     0
  1130  1502  1498     0
  1500  1504  1502     0
  1497  1498  1504     0
  1502  1504  1498     0
  1296  1496  1483     0
  1491  1506  1496     0
  1482  1483  1506     0
  1496  1506  1483     0
  1490  1505  1492     0
  1500  1507  1505     0
  1491  1492  1507     0
  1505  1507  1492     0
  1121  1486  1501     0
  1482  1508  1486     0
  1500  1501  1508     0
  1486  1508  1501     0
  1491  1507  1506     0
  1500  1508  1507     0
  1482  1506  1508     0
  1507  1508  1506     0
  1246  1422  1249     0
  1419  1509  1422     0
  1247  1249  1509     0
  1422  1509  1249     0
  1428  1511  1429     0
  1510  1512  1511     0
  1419  1429  1512     0
  1511  1512  1429     0
  1252  1256  1514     0
  1247  1513  1256     0
  1510  1514  1513     0
  1256  1513  1514     0
  1419  1512  1509     0
  1510  1513  1512     0
  1247  1509  1513     0
  1512  1513  1509     0
  1392  1516  1447     0
  1515  1517  1516     0
  1445  1447  1517     0
  1516  1517  1447     0
  1518  1520  1522     0
  1519  1521  1520     0
  1515  1522  1521     0
  1520  1521  1522     0
  1428  1453  1524     0
  1445  1523  1453     0
  1519  1524  1523     0
  1453  1523  1524     0
  1515  1521  1517     0
  1519  1523  1521     0
  1445  1517  1523     0
  1521  1523  1517     0
  1261  1266  1527     0
  1263  1526  1266     0
  1525  1527  1526     0
  1266  1526  1527     0
  1252  1529  1272     0
  1528  1530  1529     0
  1263  1272  1530     0
  1529  1530  1272     0
  1518  1531  1533     0
  1525  1532  1531     0
  1528  1533  1532     0
  1531  1532  1533     0
  1263  1530  1526     0
  1528  1532  1530     0
  1525  1526  1532     0
  1530  1532  1526     0
  1428  1524  1511     0
  1519  1534  1524     0
  1510  1511  1534     0
  1524  1534  1511     0
  1518  1533  1520     0
  1528  1535  1533     0
  1519  1520  1535     0
  1533  1535  1520     0
  1252  1514  1529     0
  1510  1536  1514     0
  1528  1529  1536     0
  1514  1536  1529     0
  1519  1535  1534     0
  1528  1536  1535     0
  1510  1534  1536     0
  1535  1536  1534     0
   651  1156  1383     0
  1154  1537  1156     0
  1382  1383  1537     0
  1156  1537  1383     0
  1160  1539  1161     0
  1538  1540  1539     0
  1154  1161  1540     0
  1539  1540  1161     0
  1385  1389  1542     0
  1382  1541  1389     0
  1538  1542  1541     0
  1389  1541  1542     0
  1154  1540  1537     0
  1538  1541  1540     0
  1382  1537  1541     0
  1540  1541  1537     0
  1128  1544  1176     0
  1543  1545  1544     0
  1174  1176  1545     0
  1544  1545  1176     0
  1546  1548  1550     0
  1547  1549  1548     0
  1543  1550  1549     0
  1548  1549  1550     0
  1160  1182  1552     0
  1174  1551  1182     0
  1547  1552  1551     0
  1182  1551  1552     0
  1543  1549  1545     0
  1547  1551  1549     0
  1174  1545  1551     0
  1549  1551  1545     0
  1392  1397  1555     0
  1394  1554  1397     0
  1553  1555  1554     0
  1397  1554  1555     0
  1385  1557  1403     0
  1556  1558  1557     0
  1394  1403  1558     0
  1557  1558  1403     0
  1546  1559  1561     0
  1553  1560  1559     0
  1556  1561  1560     0
  1559  1560  1561     0
  1394  1558  1554     0
  1556  1560  1558     0
  1553  1554  1560     0
  1558  1560  1554     0
  1160  1552  1539     0
  1547  1562  1552     0
  1538  1539  1562     0
  1552  1562  1539     0
  1546  1561  1548     0
  1556  1563  1561     0
  1547  1548  1563     0
  1561  1563  1548     0
  1385  1542  1557     0
  1538  1564  1542     0
  1556  1557  1564     0
  1542  1564  1557     0
  1547  1563  1562     0
  1556  1564  1563     0
  1538  1562  1564     0
  1563  1564  1562     0
  1261  1527  1488     0
  1525  1565  1527     0
  1487  1488  1565     0
  1527  1565  1488     0
  1518  1567  1531     0
  1566  1568  1567     0
  1525  1531  1568     0
  1567  1568  1531     0
  1490  1494  1570     0
  1487  1569  1494     0
  1566  1570  1569     0
  1494  1569  1570     0
  1525  1568  1565     0
  1566  1569  1568     0
  1487  1565  1569     0
  1568  1569  1565     0
  1392  1555  1516     0
  1553  1571  1555     0
  1515  1516  1571     0
  1555  1571  1516     0
  1546  1573  1559     0
  1572  1574  1573     0
  1553  1559  1574     0
  1573  1574  1559     0
  1518  1522  1576     0
  1515  1575  1522     0
  1572  1576  1575     0
  1522  1575  1576     0
  1553  1574  1571     0
  1572  1575  1574     0
  1515  1571  1575     0
  1574  1575  1571     0
  1128  1499  1544     0
  1497  1577  1499     0
  1543  1544  1577     0
  1499  1577  1544     0
  1490  1579  1503     0
  1578  1580  1579     0
  1497  1503  1580     0
  1579  1580  1503     0
  1546  1550  1582     0
  1543  1581  1550     0
  1578  1582  1581     0
  1550  1581  1582     0
  1497  1580  1577     0
  1578  1581  1580     0
  1543  1577  1581     0
  1580  1581  1577     0
  1518  1576  1567     0
  1572  1583  1576     0
  1566  1567  1583     0
  1576  1583  1567     0
  1546  1582  1573     0
  1578  1584  1582     0
  1572  1573  1584     0
  1582  1584  1573     0
  1490  1570  1579     0
  1566  1585  1570     0
  1578  1579  1585     0
  1570  1585  1579     0
  1572  1584  1583     0
  1578  1585  1584     0
  1566  1583  1585     0
  1584  1585  1583     0
   562  1348   565     0
  1346  1586  1348     0
   563   565  1586     0
  1348  1586   565     0
  1352  1588  1353     0
  1587  1589  1588     0
  1346  1353  1589     0
  1588  1589  1353     0
   568   572  1591     0
   563  1590   572     0
  1587  1591  1590     0
   572  1590  1591     0
  1346  1589  1586     0
  1587  1590  1589     0
   563  1586  1590     0
  1589  1590  1586     0
  1366  1593  1369     0
  1592  1594  1593     0
  1367  1369  1594     0
  1593  1594  1369     0
  1595  1597  1599     0
  1596  1598  1597     0
  1592  1599  1598     0
  1597  1598  1599     0
  1352  1375  1601     0
  1367  1600  1375     0
  1596  1601  1600     0
  1375  1600  1601     0
  1592  1598  1594     0
  1596  1600  1598     0
  1367  1594  1600     0
  1598  1600  1594     0
   577   582  1604     0
   579  1603   582     0
  1602  1604  1603     0
   582  1603  1604     0
   568  1606   588     0
  1605  1607  1606     0
   579   588  1607     0
  1606  1607   588     0
  1595  1608  1610     0
  1602  1609  1608     0
  1605  1610  1609     0
  1608  1609  1610     0
   579  1607  1603     0
  1605  1609  1607     0
  1602  1603  1609     0
  1607  1609  1603     0
  1352  1601  1588     0
  1596  1611  1601     0
  1587  1588  1611     0
  1601  1611  1588     0
  1595  1610  1597     0
  1605  1612  1610     0
  1596  1597  1612     0
  1610  1612  1597     0
   568  1591  1606     0
  1587  1613  1591     0
  1605  1606  1613     0
  1591  1613  1606     0
  1596  1612  1611     0
  1605  1613  1612     0
  1587  1611  1613     0
  1612  1613  1611     0
  1246  1615  1420     0
  1614  1616  1615     0
  1418  1420  1616     0
  1615  1616  1420     0
  1617  1619  1621     0
  1618  1620  1619     0
  1614  1621  1620     0
  1619  1620  1621     0
  1423  1427  1623     0
  1418  1622  1427     0
  1618  1623  1622     0
  1427  1622  1623     0
  1614  1620  1616     0
  1618  1622  1620     0
  1418  1616  1622     0
  1620  1622  1616     0
  1624  1627  1629     0
  1625  1628  1627     0
  1626  1629  1628     0
  1627  1628  1629     0
  1630  1632  1634     0
  1631  1633  1632     0
  1625  1634  1633     0
  1632  1633  1634     0
  1617  1635  1637     0
  1626  1636  1635     0
  1631  1637  1636     0
  1635  1636  1637     0
  1625  1633  1628     0
  1631  1636  1633     0
  1626  1628  1636     0
  1633  1636  1628     0
  1366  1436  1640     0
  1433  1639  1436     0
  1638  1640  1639     0
  1436  1639  1640     0
  1423  1642  1442     0
  1641  1643  1642     0
  1433  1442  1643     0
  1642  1643  1442     0
  1630  1644  1646     0
  1638  1645  1644     0
  1641  1646  1645     0
  1644  1645  1646     0
  1433  1643  1639     0
  1641  1645  1643     0
  1638  1639  1645     0
  1643  1645  1639     0
  1617  1637  1619     0
  1631  1647  1637     0
  1618  1619  1647     0
  1637  1647  1619     0
  1630  1646  1632     0
  1641  1648  1646     0
  1631  1632  1648     0
  1646  1648  1632     0
  1423  1623  1642     0
  1618  1649  1623     0
  1641  1642  1649     0
  1623  1649  1642     0
  1631  1648  1647     0
  1641  1649  1648     0
  1618  1647  1649     0
  1648  1649  1647     0
   607   612  1652     0
   609  1651   612     0
  1650  1652  1651     0
   612  1651  1652     0
   618  1654   619     0
  1653  1655  1654     0
   609   619  1655     0
  1654  1655   619     0
  1656  1657  1659     0
  1650  1658  1657     0
  1653  1659  1658     0
  1657  1658  1659     0
   609  1655  1651     0
  1653  1658  1655     0
  1650  1651  1658     0
  1655  1658  1651     0
   577  1661   638     0
  1660  1662  1661     0
   636   638  1662     0
  1661  1662   638     0
  1663  1665  1667     0
  1664  1666  1665     0
  1660  1667  1666     0
  1665  1666  1667     0
   618   644  1669     0
   636  1668   644     0
  1664  1669  1668     0
   644  1668  1669     0
  1660  1666  1662     0
  1664  1668  1666     0
   636  1662  1668     0
  1666  1668  1662     0
  1624  1672  1674     0
  1670  1673  1672     0
  1671  1674  1673     0
  1672  1673  1674     0
  1656  1676  1678     0
  1675  1677  1676     0
  1670  1678  1677     0
  1676  1677  1678     0
  1663  1679  1681     0
  1671  1680  1679     0
  1675  1681  1680     0
  1679  1680  1681     0
  1670  1677  1673     0
  1675  1680  1677     0
  1671  1673  1680     0
  1677  1680  1673     0
   618  1669  1654     0
  1664  1682  1669     0
  1653  1654  1682     0
  1669  1682  1654     0
  1663  1681  1665     0
  1675  1683  1681     0
  1664  1665  1683     0
  1681  1683  1665     0
  1656  1659  1676     0
  1653  1684  1659     0
  1675  1676  1684     0
  1659  1684  1676     0
  1664  1683  1682     0
  1675  1684  1683     0
  1653  1682  1684     0
  1683  1684  1682     0
  1366  1640  1593     0
  1638  1685  1640     0
  1592  1593  1685     0
  1640  1685  1593     0
  1630  1687  1644     0
  1686  1688  1687     0
  1638  1644  1688     0
  1687  1688  1644     0
  1595  1599  1690     0
  1592  1689  1599     0
  1686  1690  1689     0
  1599  1689  1690     0
  1638  1688  1685     0
  1686  1689  1688     0
  1592  1685  1689     0
  1688  1689  1685     0
  1624  1674  1627     0
  1671  1691  1674     0
  1625  1627  1691     0
  1674  1691  1627     0
  1663  1693  1679     0
  1692  1694  1693     0
  1671  1679  1694     0
  1693  1694  1679     0
  1630  1634  1696     0
  1625  1695  1634     0
  1692  1696  1695     0
  1634  1695  1696     0
  1671  1694  1691     0
  1692  1695  1694     0
  1625  1691  1695     0
  1694  1695  1691     0
   577  1604  1661     0
  1602  1697  1604     0
  1660  1661  1697     0
  1604  1697  1661     0
  1595  1699  1608     0
  1698  1700  1699     0
  1602  1608  1700     0
  1699  1700  1608     0
  1663  1667  1702     0
  1660  1701  1667     0
  1698  1702  1701     0
  1667  1701  1702     0
  1602  1700  1697     0
  1698  1701  1700     0
  1660  1697  1701     0
  1700  1701  1697     0
  1630  1696  1687     0
  1692  1703  1696     0
  1686  1687  1703     0
  1696  1703  1687     0
  1663  1702  1693     0
  1698  1704  1702     0
  1692  1693  1704     0
  1702  1704  1693     0
  1595  1690  1699     0
  1686  1705  1690     0
  1698  1699  1705     0
  1690  1705  1699     0
  1692  1704  1703     0
  1698  1705  1704     0
  1686  1703  1705     0
  1704  1705  1703     0
   306   311  1211     0
   308  1706   311     0
  1210  1211  1706     0
   311  1706  1211     0
   317  1708   318     0
  1707  1709  1708     0
   308   318  1709     0
  1708  1709   318     0
  1213  1217  1711     0
  1210  1710  1217     0
  1707  1711  1710     0
  1217  1710  1711     0
   308  1709  1706     0
  1707  1710  1709     0
  1210  1706  1710     0
  1709  1710  1706     0
   335  1713   338     0
  1712  1714  1713     0
   336   338  1714     0
  1713  1714   338     0
  1715  1717  1719     0
  1716  1718  1717     0
  1712  1719  1718     0
  1717  1718  1719     0
   317   344  1721     0
   336  1720   344     0
  1716  1721  1720     0
   344  1720  1721     0
  1712  1718  1714     0
  1716  1720  1718     0
   336  1714  1720     0
  1718  1720  1714     0
  1220  1225  1724     0
  1222  1723  1225     0
  1722  1724  1723     0
  1225  1723  1724     0
  1213  1726  1231     0
  1725  1727  1726     0
  1222  1231  1727     0
  1726  1727  1231     0
  1715  1728  1730     0
  1722  1729  1728     0
  1725  1730  1729     0
  1728  1729  1730     0
  1222  1727  1723     0
  1725  1729  1727     0
  1722  1723  1729     0
  1727  1729  1723     0
   317  1721  1708     0
  1716  1731  1721     0
  1707  1708  1731     0
  1721  1731  1708     0
  1715  1730  1717     0
  1725  1732  1730     0
  1716  1717  1732     0
  1730  1732  1717     0
  1213  1711  1726     0
  1707  1733  1711     0
  1725  1726  1733     0
  1711  1733  1726     0
  1716  1732  1731     0
  1725  1733  1732     0
  1707  1731  1733     0
  1732  1733  1731     0
   199  1735   396     0
  1734  1736  1735     0
   394   396  1736     0
  1735  1736   396     0
  1737  1739  1741     0
  1738  1740  1739     0
  1734  1741  1740     0
  1739  1740  1741     0
   399   403  1743     0
   394  1742   403     0
  1738  1743  1742     0
   403  1742  1743     0
  1734  1740  1736     0
  1738  1742  1740     0
   394  1736  1742     0
  1740  1742  1736     0
  1744  1747  1749     0
  1745  1748  1747     0
  1746  1749  1748     0
  1747  1748  1749     0
  1750  1752  1754     0
  1751  1753  1752     0
  1745  1754  1753     0
  1752  1753  1754     0
  1737  1755  1757     0
  1746  1756  1755     0
  1751  1757  1756     0
  1755  1756  1757     0
  1745  1753  1748     0
  1751  1756  1753     0
  1746  1748  1756     0
  1753  1756  1748     0
   335   412  1760     0
   409  1759   412     0
  1758  1760  1759     0
   412  1759  1760     0
   399  1762   418     0
  1761  1763  1762     0
   409   418  1763     0
  1762  1763   418     0
  1750  1764  1766     0
  1758  1765  1764     0
  1761  1766  1765     0
  1764  1765  1766     0
   409  1763  1759     0
  1761  1765  1763     0
  1758  1759  1765     0
  1763  1765  1759     0
  1737  1757  1739     0
  1751  1767  1757     0
  1738  1739  1767     0
  1757  1767  1739     0
  1750  1766  1752     0
  1761  1768  1766     0
  1751  1752  1768     0
  1766  1768  1752     0
   399  1743  1762     0
  1738  1769  1743     0
  1761  1762  1769     0
  1743  1769  1762     0
  1751  1768  1767     0
  1761  1769  1768     0
  1738  1767  1769     0
  1768  1769  1767     0
  1246  1251  1772     0
  1248  1771  1251     0
  1770  1772  1771     0
  1251  1771  1772     0
  1257  1774  1258     0
  1773  1775  1774     0
  1248  1258  1775     0
  1774  1775  1258     0
  1776  1777  1779     0
  1770  1778  1777     0
  1773  1779  1778     0
  1777  1778  1779     0
  1248  1775  1771     0
  1773  1778  1775     0
  1770  1771  1778     0
  1775  1778  1771     0
  1220  1781  1277     0
  1780  1782  1781     0
  1275  1277  1782     0
  1781  1782  1277     0
  1783  1785  1787     0
  1784  1786  1785     0
  1780  1787  1786     0
  1785  1786  1787     0
  1257  1283  1789     0
  1275  1788  1283     0
  1784  1789  1788     0
  1283  1788  1789     0
  1780  1786  1782     0
  1784  1788  1786     0
  1275  1782  1788     0
  1786  1788  1782     0
  1744  1792  1794     0
  1790  1793  1792     0
  1791  1794  1793     0
  1792  1793  1794     0
  1776  1796  1798     0
  1795  1797  1796     0
  1790  1798  1797     0
  1796  1797  1798     0
  1783  1799  1801     0
  1791  1800  1799     0
  1795  1801  1800     0
  1799  1800  1801     0
  1790  1797  1793     0
  1795  1800  1797     0
  1791  1793  1800     0
  1797  1800  1793     0
  1257  1789  1774     0
  1784  1802  1789     0
  1773  1774  1802     0
  1789  1802  1774     0
  1783  1801  1785     0
  1795  1803  1801     0
  1784  1785  1803     0
  1801  1803  1785     0
  1776  1779  1796     0
  1773  1804  1779     0
  1795  1796  1804     0
  1779  1804  1796     0
  1784  1803  1802     0
  1795  1804  1803     0
  1773  1802  1804     0
  1803  1804  1802     0
   335  1760  1713     0
  1758  1805  1760     0
  1712  1713  1805     0
  1760  1805  1713     0
  1750  1807  1764     0
  1806  1808  1807     0
  1758  1764  1808     0
  1807  1808  1764     0
  1715  1719  1810     0
  1712  1809  1719     0
  1806  1810  1809     0
  1719  1809  1810     0
  1758  1808  1805     0
  1806  1809  1808     0
  1712  1805  1809     0
  1808  1809  1805     0
  1744  1794  1747     0
  1791  1811  1794     0
  1745  1747  1811     0
  1794  1811  1747     0
  1783  1813  1799     0
  1812  1814  1813     0
  1791  1799  1814     0
  1813  1814  1799     0
  1750  1754  1816     0
  1745  1815  1754     0
  1812  1816  1815     0
  1754  1815  1816     0
  1791  1814  1811     0
  1812  1815  1814     0
  1745  1811  1815     0
  1814  1815  1811     0
  1220  1724  1781     0
  1722  1817  1724     0
  1780  1781  1817     0
  1724  1817  1781     0
  1715  1819  1728     0
  1818  1820  1819     0
  1722  1728  1820     0
  1819  1820  1728     0
  1783  1787  1822     0
  1780  1821  1787     0
  1818  1822  1821     0
  1787  1821  1822     0
  1722  1820  1817     0
  1818  1821  1820     0
  1780  1817  1821     0
  1820  1821  1817     0
  1750  1816  1807     0
  1812  1823  1816     0
  1806  1807  1823     0
  1816  1823  1807     0
  1783  1822  1813     0
  1818  1824  1822     0
  1812  1813  1824     0
  1822  1824  1813     0
  1715  1810  1819     0
  1806  1825  1810     0
  1818  1819  1825     0
  1810  1825  1819     0
  1812  1824  1823     0
  1818  1825  1824     0
  1806  1823  1825     0
  1824  1825  1823     0
   154   717   157     0
   715  1826   717     0
   155   157  1826     0
   717  1826   157     0
   721  1828   722     0
  1827  1829  1828     0
   715   722  1829     0
  1828  1829   722     0
   160   164  1831     0
   155  1830   164     0
  1827  1831  1830     0
   164  1830  1831     0
   715  1829  1826     0
  1827  1830  1829     0
   155  1826  1830     0
  1829  1830  1826     0
   735  1833   738     0
  1832  1834  1833     0
   736   738  1834     0
  1833  1834   738     0
  1835  1837  1839     0
  1836  1838  1837     0
  1832  1839  1838     0
  1837  1838  1839     0
   721   744  1841     0
   736  1840   744     0
  1836  1841  1840     0
   744  1840  1841     0
  1832  1838  1834     0
  1836  1840  1838     0
   736  1834  1840     0
  1838  1840  1834     0
   169   174  1844     0
   171  1843   174     0
  1842  1844  1843     0
   174  1843  1844     0
   160  1846   180     0
  1845  1847  1846     0
   171   180  1847     0
  1846  1847   180     0
  1835  1848  1850     0
  1842  1849  1848     0
  1845  1850  1849     0
  1848  1849  1850     0
   171  1847  1843     0
  1845  1849  1847     0
  1842  1843  1849     0
  1847  1849  1843     0
   721  1841  1828     0
  1836  1851  1841     0
  1827  1828  1851     0
  1841  1851  1828     0
  1835  1850  1837     0
  1845  1852  1850     0
  1836  1837  1852     0
  1850  1852  1837     0
   160  1831  1846     0
  1827  1853  1831     0
  1845  1846  1853     0
  1831  1853  1846     0
  1836  1852  1851     0
  1845  1853  1852     0
  1827  1851  1853     0
  1852  1853  1851     0
   607  1855   789     0
  1854  1856  1855     0
   787   789  1856     0
  1855  1856   789     0
  1857  1859  1861     0
  1858  1860  1859     0
  1854  1861  1860     0
  1859  1860  1861     0
   792   796  1863     0
   787  1862   796     0
  1858  1863  1862     0
   796  1862  1863     0
  1854  1860  1856     0
  1858  1862  1860     0
   787  1856  1862     0
  1860  1862  1856     0
  1864  1867  1869     0
  1865  1868  1867     0
  1866  1869  1868     0
  1867  1868  1869     0
  1870  1872  1874     0
  1871  1873  1872     0
  1865  1874  1873     0
  1872  1873  1874     0
  1857  1875  1877     0
  1866  1876  1875     0
  1871  1877  1876     0
  1875  1876  1877     0
  1865  1873  1868     0
  1871  1876  1873     0
  1866  1868  1876     0
  1873  1876  1868     0
   735   805  1880     0
   802  1879   805     0
  1878  1880  1879     0
   805  1879  1880     0
   792  1882   811     0
  1881  1883  1882     0
   802   811  1883     0
  1882  1883   811     0
  1870  1884  1886     0
  1878  1885  1884     0
  1881  1886  1885     0
  1884  1885  1886     0
   802  1883  1879     0
  1881  1885  1883     0
  1878  1879  1885     0
  1883  1885  1879     0
  1857  1877  1859     0
  1871  1887  1877     0
  1858  1859  1887     0
  1877  1887  1859     0
  1870  1886  1872     0
  1881  1888  1886     0
  1871  1872  1888     0
  1886  1888  1872     0
   792  1863  1882     0
  1858  1889  1863     0
  1881  1882  1889     0
  1863  1889  1882     0
  1871  1888  1887     0
  1881  1889  1888     0
  1858  1887  1889     0
  1888  1889  1887     0
   199   204  1892     0
   201  1891   204     0
  1890  1892  1891     0
   204  1891  1892     0
   210  1894   211     0
  1893  1895  1894     0
   201   211  1895     0
  1894  1895   211     0
  1896  1897  1899     0
  1890  1898  1897     0
  1893  1899  1898     0
  1897  1898  1899     0
   201  1895  1891     0
  1893  1898  1895     0
  1890  1891  1898     0
  1895  1898  1891     0
   169  1901   230     0
  1900  1902  1901     0
   228   230  1902     0
  1901  1902   230     0
  1903  1905  1907     0
  1904  1906  1905     0
  1900  1907  1906     0
  1905  1906  1907     0
   210   236  1909     0
   228  1908   236     0
  1904  1909  1908     0
   236  1908  1909     0
  1900  1906  1902     0
  1904  1908  1906     0
   228  1902  1908     0
  1906  1908  1902     0
  1864  1912  1914     0
  1910  1913  1912     0
  1911  1914  1913     0
  1912  1913  1914     0
  1896  1916  1918     0
  1915  1917  1916     0
  1910  1918  1917     0
  1916  1917  1918     0
  1903  1919  1921     0
  1911  1920  1919     0
  1915  1921  1920     0
  1919  1920  1921     0
  1910  1917  1913     0
  1915  1920  1917     0
  1911  1913  1920     0
  1917  1920  1913     0
   210  1909  1894     0
  1904  1922  1909     0
  1893  1894  1922     0
  1909  1922  1894     0
  1903  1921  1905     0
  1915  1923  1921     0
  1904  1905  1923     0
  1921  1923  1905     0
  1896  1899  1916     0
  1893  1924  1899     0
  1915  1916  1924     0
  1899  1924  1916     0
  1904  1923  1922     0
  1915  1924  1923     0
  1893  1922  1924     0
  1923  1924  1922     0
   735  1880  1833     0
  1878  1925  1880     0
  1832  1833  1925     0
  1880  1925  1833     0
  1870  1927  1884     0
  1926  1928  1927     0
  1878  1884  1928     0
  1927  1928  1884     0
  1835  1839  1930     0
  1832  1929  1839     0
  1926  1930  1929     0
  1839  1929  1930     0
  1878  1928  1925     0
  1926  1929  1928     0
  1832  1925  1929     0
  1928  1929  1925     0
  1864  1914  1867     0
  1911  1931  1914     0
  1865  1867  1931     0
  1914  1931  1867     0
  1903  1933  1919     0
  1932  1934  1933     0
  1911  1919  1934     0
  1933  1934  1919     0
  1870  1874  1936     0
  1865  1935  1874     0
  1932  1936  1935     0
  1874  1935  1936     0
  1911  1934  1931     0
  1932  1935  1934     0
  1865  1931  1935     0
  1934  1935  1931     0
   169  1844  1901     0
  1842  1937  1844     0
  1900  1901  1937     0
  1844  1937  1901     0
  1835  1939  1848     0
  1938  1940  1939     0
  1842  1848  1940     0
  1939  1940  1848     0
  1903  1907  1942     0
  1900  1941  1907     0
  1938  1942  1941     0
  1907  1941  1942     0
  1842  1940  1937     0
  1938  1941  1940     0
  1900  1937  1941     0
  1940  1941  1937     0
  1870  1936  1927     0
  1932  1943  1936     0
  1926  1927  1943     0
  1936  1943  1927     0
  1903  1942  1933     0
  1938  1944  1942     0
  1932  1933  1944     0
  1942  1944  1933     0
  1835  1930  1939     0
  1926  1945  1930     0
  1938  1939  1945     0
  1930  1945  1939     0
  1932  1944  1943     0
  1938  1945  1944     0
  1926  1943  1945     0
  1944  1945  1943     0
  1246  1772  1615     0
  1770  1946  1772     0
  1614  1615  1946     0
  1772  1946  1615     0
  1776  1948  1777     0
  1947  1949  1948     0
  1770  1777  1949     0
  1948  1949  1777     0
  1617  1621  1951     0
  1614  1950  1621     0
  1947  1951  1950     0
  1621  1950  1951     0
  1770  1949  1946     0
  1947  1950  1949     0
  1614  1946  1950     0
  1949  1950  1946     0
  1744  1953  1792     0
  1952  1954  1953     0
  1790  1792  1954     0
  1953  1954  1792     0
  1955  1957  1959     0
  1956  1958  1957     0
  1952  1959  1958     0
  1957  1958  1959     0
  1776  1798  1961     0
  1790  1960  1798     0
  1956  1961  1960     0
  1798  1960  1961     0
  1952  1958  1954     0
  1956  1960  1958     0
  1790  1954  1960     0
  1958  1960  1954     0
  1624  1629  1964     0
  1626  1963  1629     0
  1962  1964  1963     0
  1629  1963  1964     0
  1617  1966  1635     0
  1965  1967  1966     0
  1626  1635  1967     0
  1966  1967  1635     0
  1955  1968  1970     0
  1962  1969  1968     0
  1965  1970  1969     0
  1968  1969  1970     0
  1626  1967  1963     0
  1965  1969  1967     0
  1962  1963  1969     0
  1967  1969  1963     0
  1776  1961  1948     0
  1956  1971  1961     0
  1947  1948  1971     0
  1961  1971  1948     0
  1955  1970  1957     0
  1965  1972  1970     0
  1956  1957  1972     0
  1970  1972  1957     0
  1617  1951  1966     0
  1947  1973  1951     0
  1965  1966  1973     0
  1951  1973  1966     0
  1956  1972  1971     0
  1965  1973  1972     0
  1947  1971  1973     0
  1972  1973  1971     0
   199  1892  1735     0
  1890  1974  1892     0
  1734  1735  1974     0
  1892  1974  1735     0
  1896  1976  1897     0
  1975  1977  1976     0
  1890  1897  1977     0
  1976  1977  1897     0
  1737  1741  1979     0
  1734  1978  1741     0
  1975  1979  1978     0
  1741  1978  1979     0
  1890  1977  1974     0
  1975  1978  1977     0
  1734  1974  1978     0
  1977  1978  1974     0
  1864  1981  1912     0
  1980  1982  1981     0
  1910  1912  1982     0
  1981  1982  1912     0
  1983  1985  1987     0
  1984  1986  1985     0
  1980  1987  1986     0
  1985  1986  1987     0
  1896  1918  1989     0
  1910  1988  1918     0
  1984  1989  1988     0
  1918  1988  1989     0
  1980  1986  1982     0
  1984  1988  1986     0
  1910  1982  1988     0
  1986  1988  1982     0
  1744  1749  1992     0
  1746  1991  1749     0
  1990  1992  1991     0
  1749  1991  1992     0
  1737  1994  1755     0
  1993  1995  1994     0
  1746  1755  1995     0
  1994  1995  1755     0
  1983  1996  1998     0
  1990  1997  1996     0
  1993  1998  1997     0
  1996  1997  1998     0
  1746  1995  1991     0
  1993  1997  1995     0
  1990  1991  1997     0
  1995  1997  1991     0
  1896  1989  1976     0
  1984  1999  1989     0
  1975  1976  1999     0
  1989  1999  1976     0
  1983  1998  1985     0
  1993  2000  1998     0
  1984  1985  2000     0
  1998  2000  1985     0
  1737  1979  1994     0
  1975  2001  1979     0
  1993  1994  2001     0
  1979  2001  1994     0
  1984  2000  1999     0
  1993  2001  2000     0
  1975  1999  2001     0
  2000  2001  1999     0
   607  1652  1855     0
  1650  2002  1652     0
  1854  1855  2002     0
  1652  2002  1855     0
  1656  2004  1657     0
  2003  2005  2004     0
  1650  1657  2005     0
  2004  2005  1657     0
  1857  1861  2007     0
  1854  2006  1861     0
  2003  2007  2006     0
  1861  2006  2007     0
  1650  2005  2002     0
  2003  2006  2005     0
  1854  2002  2006     0
  2005  2006  2002     0
  1624  2009  1672     0
  2008  2010  2009     0
  1670  1672  2010     0
  2009  2010  1672     0
  2011  2013  2015     0
  2012  2014  2013     0
  2008  2015  2014     0
  2013  2014  2015     0
  1656  1678  2017     0
  1670  2016  1678     0
  2012  2017  2016     0
  1678  2016  2017     0
  2008  2014  2010     0
  2012  2016  2014     0
  1670  2010  2016     0
  2014  2016  2010     0
  1864  1869  2020     0
  1866  2019  1869     0
  2018  2020  2019     0
  1869  2019  2020     0
  1857  2022  1875     0
  2021  2023  2022     0
  1866  1875  2023     0
  2022  2023  1875     0
  2011  2024  2026     0
  2018  2025  2024     0
  2021  2026  2025     0
  2024  2025  2026     0
  1866  2023  2019     0
  2021  2025  2023     0
  2018  2019  2025     0
  2023  2025  2019     0
  1656  2017  2004     0
  2012  2027  2017     0
  2003  2004  2027     0
  2017  2027  2004     0
  2011  2026  2013     0
  2021  2028  2026     0
  2012  2013  2028     0
  2026  2028  2013     0
  1857  2007  2022     0
  2003  2029  2007     0
  2021  2022  2029     0
  2007  2029  2022     0
  2012  2028  2027     0
  2021  2029  2028     0
  2003  2027  2029     0
  2028  2029  2027     0
  1744  1992  1953     0
  1990  2030  1992     0
  1952  1953  2030     0
  1992  2030  1953     0
  1983  2032  1996     0
  2031  2033  2032     0
  1990  1996  2033     0
  2032  2033  1996     0
  1955  1959  2035     0
  1952  2034  1959     0
  2031  2035  2034     0
  1959  2034  2035     0
  1990  2033  2030     0
  2031  2034  2033     0
  1952  2030  2034     0
  2033  2034  2030     0
  1864  2020  1981     0
  2018  2036  2020     0
  1980  1981  2036     0
  2020  2036  1981     0
  2011  2038  2024     0
  2037  2039  2038     0
  2018  2024  2039     0
  2038  2039  2024     0
  1983  1987  2041     0
  1980  2040  1987     0
  2037  2041  2040     0
  1987  2040  2041     0
  2018  2039  2036     0
  2037  2040  2039     0
  1980  2036  2040     0
  2039  2040  2036     0
  1624  1964  2009     0
  1962  2042  1964     0
  2008  2009  2042     0
  1964  2042  2009     0
  1955  2044  1968     0
  2043  2045  2044     0
  1962  1968  2045     0
  2044  2045  1968     0
  2011  2015  2047     0
  2008  2046  2015     0
  2043  2047  2046     0
  2015  2046  2047     0
  1962  2045  2042     0
  2043  2046  2045     0
  2008  2042  2046     0
  2045  2046  2042     0
  1983  2041  2032     0
  2037  2048  2041     0
  2031  2032  2048     0
  2041  2048  2032     0
  2011  2047  2038     0
  2043  2049  2047     0
  2037  2038  2049     0
  2047  2049  2038     0
  1955  2035  2044     0
  2031  2050  2035     0
  2043  2044  2050     0
  2035  2050  2044     0
  2037  2049  2048     0
  2043  2050  2049     0
  2031  2048  2050     0
  2049  2050  2048     0
End