MeshVersion
 1
Dimension
 3
Vertices
 4098
                    0                    0                    1     0
   0.0980171403295606                    0    0.995184726672197     0
                    0   0.0980171403295606    0.995184726672197     0
    0.049067674327418                    0    0.998795456205172     0
   0.0491267066948187   0.0491267066948187    0.997583647309158     0
                    0    0.049067674327418    0.998795456205172     0
    0.195090322016128                    0     0.98078528040323     0
   0.0984867696244087   0.0984867696244087    0.990252852769381     0
    0.147140661366339   0.0493615095693959    0.987883124233685     0
   0.0983716007263489   0.0493033506589752    0.993927667279835     0
    0.146730474455362                    0    0.989176509964781     0
                    0    0.195090322016128     0.98078528040323     0
                    0    0.146730474455362    0.989176509964781     0
   0.0493033506589752   0.0983716007263489    0.993927667279835     0
   0.0493615095693959    0.147140661366339    0.987883124233685     0
     0.38268343236509                    0    0.923879532511287     0
    0.293470193670293    0.100318491325106    0.950689984024958     0
    0.290284677254462                    0    0.956940335732209     0
    0.338871619734745   0.0502771682879443    0.939488281825429     0
    0.292247106655137    0.050222773794293    0.955023194296405     0
     0.33688985339222                    0    0.941544065183021     0
    0.198756853415513    0.198756853415513    0.959682982260667     0
    0.197914728701508   0.0998786107280953    0.975117440763949     0
    0.198584570764875    0.149505026666196    0.968613656343782     0
    0.245991761284734    0.100220490080289    0.964076712066058     0
    0.246692127795361    0.149889230187575    0.957432093026745     0
    0.242980179903264                    0    0.970031253194544     0
     0.24467654579688   0.0500573191482857     0.96831175389778     0
    0.196749005534169   0.0500019460284389     0.97917804010031     0
                    0     0.38268343236509    0.923879532511287     0
                    0    0.290284677254462    0.956940335732209     0
    0.100318491325106    0.293470193670293    0.950689984024958     0
                    0     0.33688985339222    0.941544065183021     0
    0.050222773794293    0.292247106655137    0.955023194296405     0
   0.0502771682879443    0.338871619734745    0.939488281825429     0
   0.0998786107280953    0.197914728701508    0.975117440763949     0
   0.0500019460284389    0.196749005534169     0.97917804010031     0
   0.0500573191482857     0.24467654579688     0.96831175389778     0
                    0    0.242980179903264    0.970031253194544     0
    0.149889230187575    0.246692127795361    0.957432093026745     0
    0.100220490080289    0.245991761284734    0.964076712066058     0
    0.149505026666196    0.198584570764875    0.968613656343782     0
    0.148388522635121   0.0993083567347409    0.983930229555334     0
    0.149255728805963    0.149255728805963    0.977468902235361     0
   0.0993083567347409    0.148388522635121    0.983930229555334     0
    0.707106781186547                    0    0.707106781186547     0
    0.647770289815384    0.106574189669187    0.754344479484572     0
    0.634393284163645                    0    0.773010453362737     0
     0.67889209559033    0.053401431398386    0.732293526988716     0
    0.642036355636785   0.0533664391414598    0.764814579629597     0
    0.671558954847018                    0    0.740951125354959     0
    0.577350269189626    0.211324865405187    0.788675134594813     0
    0.569815223564394    0.106288239281359    0.814870186707507     0
    0.574428903840176    0.159040826038418    0.802955447136385     0
    0.609535351501347    0.106561037418759    0.785564383468578     0
    0.613874632211945    0.159290580898258    0.773165213110203     0
    0.555570233019602                    0    0.831469612302545     0
    0.595699304492433                    0    0.803207531480645     0
    0.603404464183302   0.0532588813822261    0.795654789564907     0
    0.563522820644882   0.0532225186053302    0.824384251502745     0
    0.408248290463863    0.408248290463863    0.816496580927726     0
     0.40874890037998     0.31030659960479    0.858273936852256     0
    0.497051625386297    0.312459714103783    0.809511339490079     0
    0.409078782600267    0.359787723819648    0.838574590251195     0
    0.453477669371393    0.311780141951968    0.834955775155727     0
    0.453621195725725    0.361127203346817    0.814748399072542     0
    0.404615044596354    0.208846598871523    0.890320034496634     0
    0.493467058338738    0.211148778438113    0.843745492253799     0
    0.449607304503891    0.210262501478585    0.868126115382272     0
     0.45208216497947    0.261290740833947    0.852847503872716     0
    0.407259579531976    0.259945273736341    0.875538742456082     0
    0.538353603678211    0.262454224395268    0.800807828073479     0
    0.495969628390016    0.262179718297925     0.82781394227682     0
    0.536083828719705    0.211503197326327    0.817239576933205     0
    0.471396736825998                    0    0.881921264348355     0
    0.395893593484548    0.105018659293459    0.912271529665426     0
    0.427555093430282                    0    0.903989293123443     0
    0.434605115339654   0.0526255683246314     0.89908227837007     0
    0.389841416181788   0.0525839082135741    0.919379466176162     0
    0.484341251861761    0.105347400655483    0.868513371756656     0
    0.521099762366612   0.0527895943506918    0.851861665054691     0
    0.478554140662764   0.0527492214272663    0.876472163901023     0
    0.514102744193222                    0    0.857728610000272     0
      0.4008227969412     0.15715551919834    0.902575885030025     0
    0.440654128748456    0.105311296587647    0.891478249666231     0
     0.44545610042135     0.15744264860121    0.881351618253941     0
    0.532818542750995    0.159070015625371    0.831144470371818     0
    0.489632453362312    0.158483824521413    0.857404769044043     0
    0.527750510527338    0.105952787490393    0.842765332379749     0
                    0    0.707106781186547    0.707106781186547     0
                    0    0.634393284163645    0.773010453362737     0
    0.106574189669187    0.647770289815384    0.754344479484572     0
                    0    0.671558954847018    0.740951125354959     0
   0.0533664391414598    0.642036355636785    0.764814579629597     0
    0.053401431398386     0.67889209559033    0.732293526988716     0
                    0    0.555570233019602    0.831469612302545     0
    0.106288239281359    0.569815223564394    0.814870186707507     0
   0.0532225186053302    0.563522820644882    0.824384251502745     0
   0.0532588813822261    0.603404464183302    0.795654789564907     0
                    0    0.595699304492433    0.803207531480645     0
    0.211324865405187    0.577350269189626    0.788675134594813     0
    0.159290580898258    0.613874632211945    0.773165213110203     0
    0.106561037418759    0.609535351501347    0.785564383468578     0
    0.159040826038418    0.574428903840176    0.802955447136385     0
    0.105018659293459    0.395893593484548    0.912271529665426     0
                    0    0.471396736825998    0.881921264348355     0
   0.0525839082135741    0.389841416181788    0.919379466176162     0
   0.0526255683246314    0.434605115339654     0.89908227837007     0
                    0    0.427555093430282    0.903989293123443     0
    0.208846598871523    0.404615044596354    0.890320034496634     0
    0.105347400655483    0.484341251861761    0.868513371756656     0
     0.15744264860121     0.44545610042135    0.881351618253941     0
    0.105311296587647    0.440654128748456    0.891478249666231     0
     0.15715551919834      0.4008227969412    0.902575885030025     0
                    0    0.514102744193222    0.857728610000272     0
   0.0527492214272663    0.478554140662764    0.876472163901023     0
   0.0527895943506918    0.521099762366612    0.851861665054691     0
    0.312459714103783    0.497051625386297    0.809511339490079     0
     0.31030659960479     0.40874890037998    0.858273936852256     0
    0.361127203346817    0.453621195725725    0.814748399072542     0
    0.311780141951968    0.453477669371393    0.834955775155727     0
    0.359787723819648    0.409078782600267    0.838574590251195     0
    0.211148778438113    0.493467058338738    0.843745492253799     0
    0.211503197326327    0.536083828719705    0.817239576933205     0
    0.262179718297925    0.495969628390016     0.82781394227682     0
    0.262454224395268    0.538353603678211    0.800807828073479     0
    0.259945273736341    0.407259579531976    0.875538742456082     0
    0.261290740833947     0.45208216497947    0.852847503872716     0
    0.210262501478585    0.449607304503891    0.868126115382272     0
    0.105952787490393    0.527750510527338    0.842765332379749     0
    0.158483824521413    0.489632453362312    0.857404769044043     0
    0.159070015625371    0.532818542750995    0.831144470371818     0
    0.345199590199904    0.102822778868168    0.932879798833508     0
    0.303485283812735    0.205017253551223    0.930518462071235     0
     0.35457611613243    0.207239329671492     0.91177170284329     0
    0.350517284991854    0.155384942193638    0.923576284159256     0
    0.298906567144267    0.152887213150693    0.941955606264459     0
    0.251494116344428    0.202186962636731    0.946504697074382     0
    0.360401963905832    0.360401963905832     0.86036088290068     0
    0.309712631841301    0.309712631841301    0.898975067149178     0
    0.259905941993649    0.358026618061456    0.896808698706625     0
    0.310454860173925    0.359746703349629    0.879886407000053     0
    0.359746703349629    0.310454860173925    0.879886407000053     0
    0.358026618061456    0.259905941993649    0.896808698706625     0
    0.102822778868168    0.345199590199904    0.932879798833508     0
    0.205017253551223    0.303485283812735    0.930518462071235     0
    0.202186962636731    0.251494116344428    0.946504697074382     0
    0.152887213150693    0.298906567144267    0.941955606264459     0
    0.155384942193638    0.350517284991854    0.923576284159256     0
    0.207239329671492     0.35457611613243     0.91177170284329     0
    0.307059696822177    0.257751695690883     0.91612139258722     0
    0.257751695690883    0.307059696822177     0.91612139258722     0
    0.254869820723905    0.254869820723905     0.93278226235726     0
                    1                    0                    0     0
    0.995184726672197   0.0980171403295606                    0     0
    0.995184726672197                    0   0.0980171403295606     0
    0.998795456205172    0.049067674327418                    0     0
    0.997583647309158   0.0491267066948187   0.0491267066948187     0
    0.998795456205172                    0    0.049067674327418     0
     0.98078528040323    0.195090322016128                    0     0
    0.990252852769381   0.0984867696244087   0.0984867696244087     0
    0.987883124233685    0.147140661366339   0.0493615095693959     0
    0.993927667279835   0.0983716007263489   0.0493033506589752     0
    0.989176509964781    0.146730474455362                    0     0
     0.98078528040323                    0    0.195090322016128     0
    0.989176509964781                    0    0.146730474455362     0
    0.993927667279835   0.0493033506589752   0.0983716007263489     0
    0.987883124233685   0.0493615095693959    0.147140661366339     0
    0.923879532511287     0.38268343236509                    0     0
    0.950689984024958    0.293470193670293    0.100318491325106     0
    0.956940335732209    0.290284677254462                    0     0
    0.939488281825429    0.338871619734745   0.0502771682879443     0
    0.955023194296405    0.292247106655137    0.050222773794293     0
    0.941544065183021     0.33688985339222                    0     0
    0.959682982260667    0.198756853415513    0.198756853415513     0
    0.975117440763949    0.197914728701508   0.0998786107280953     0
    0.968613656343782    0.198584570764875    0.149505026666196     0
    0.964076712066058    0.245991761284734    0.100220490080289     0
    0.957432093026745    0.246692127795361    0.149889230187575     0
    0.970031253194544    0.242980179903264                    0     0
     0.96831175389778     0.24467654579688   0.0500573191482857     0
     0.97917804010031    0.196749005534169   0.0500019460284389     0
    0.923879532511287                    0     0.38268343236509     0
    0.956940335732209                    0    0.290284677254462     0
    0.950689984024958    0.100318491325106    0.293470193670293     0
    0.941544065183021                    0     0.33688985339222     0
    0.955023194296405    0.050222773794293    0.292247106655137     0
    0.939488281825429   0.0502771682879443    0.338871619734745     0
    0.975117440763949   0.0998786107280953    0.197914728701508     0
     0.97917804010031   0.0500019460284389    0.196749005534169     0
     0.96831175389778   0.0500573191482857     0.24467654579688     0
    0.970031253194544                    0    0.242980179903264     0
    0.957432093026745    0.149889230187575    0.246692127795361     0
    0.964076712066058    0.100220490080289    0.245991761284734     0
    0.968613656343782    0.149505026666196    0.198584570764875     0
    0.983930229555334    0.148388522635121   0.0993083567347409     0
    0.977468902235361    0.149255728805963    0.149255728805963     0
    0.983930229555334   0.0993083567347409    0.148388522635121     0
    0.707106781186547    0.707106781186547                    0     0
    0.754344479484572    0.647770289815384    0.106574189669187     0
    0.773010453362737    0.634393284163645                    0     0
    0.732293526988716     0.67889209559033    0.053401431398386     0
    0.764814579629597    0.642036355636785   0.0533664391414598     0
    0.740951125354959    0.671558954847018                    0     0
    0.788675134594813    0.577350269189626    0.211324865405187     0
    0.814870186707507    0.569815223564394    0.106288239281359     0
    0.802955447136385    0.574428903840176    0.159040826038418     0
    0.785564383468578    0.609535351501347    0.106561037418759     0
    0.773165213110203    0.613874632211945    0.159290580898258     0
    0.831469612302545    0.555570233019602                    0     0
    0.803207531480645    0.595699304492433                    0     0
    0.795654789564907    0.603404464183302   0.0532588813822261     0
    0.824384251502745    0.563522820644882   0.0532225186053302     0
    0.816496580927726    0.408248290463863    0.408248290463863     0
    0.858273936852256     0.40874890037998     0.31030659960479     0
    0.809511339490079    0.497051625386297    0.312459714103783     0
    0.838574590251195    0.409078782600267    0.359787723819648     0
    0.834955775155727    0.453477669371393    0.311780141951968     0
    0.814748399072542    0.453621195725725    0.361127203346817     0
    0.890320034496634    0.404615044596354    0.208846598871523     0
    0.843745492253799    0.493467058338738    0.211148778438113     0
    0.868126115382272    0.449607304503891    0.210262501478585     0
    0.852847503872716     0.45208216497947    0.261290740833947     0
    0.875538742456082    0.407259579531976    0.259945273736341     0
    0.800807828073479    0.538353603678211    0.262454224395268     0
     0.82781394227682    0.495969628390016    0.262179718297925     0
    0.817239576933205    0.536083828719705    0.211503197326327     0
    0.881921264348355    0.471396736825998                    0     0
    0.912271529665426    0.395893593484548    0.105018659293459     0
    0.903989293123443    0.427555093430282                    0     0
     0.89908227837007    0.434605115339654   0.0526255683246314     0
    0.919379466176162    0.389841416181788   0.0525839082135741     0
    0.868513371756656    0.484341251861761    0.105347400655483     0
    0.851861665054691    0.521099762366612   0.0527895943506918     0
    0.876472163901023    0.478554140662764   0.0527492214272663     0
    0.857728610000272    0.514102744193222                    0     0
    0.902575885030025      0.4008227969412     0.15715551919834     0
    0.891478249666231    0.440654128748456    0.105311296587647     0
    0.881351618253941     0.44545610042135     0.15744264860121     0
    0.831144470371818    0.532818542750995    0.159070015625371     0
    0.857404769044043    0.489632453362312    0.158483824521413     0
    0.842765332379749    0.527750510527338    0.105952787490393     0
    0.773010453362737                    0    0.634393284163645     0
    0.754344479484572    0.106574189669187    0.647770289815384     0
    0.740951125354959                    0    0.671558954847018     0
    0.764814579629597   0.0533664391414598    0.642036355636785     0
    0.732293526988716    0.053401431398386     0.67889209559033     0
    0.831469612302545                    0    0.555570233019602     0
    0.814870186707507    0.106288239281359    0.569815223564394     0
    0.824384251502745   0.0532225186053302    0.563522820644882     0
    0.795654789564907   0.0532588813822261    0.603404464183302     0
    0.803207531480645                    0    0.595699304492433     0
    0.788675134594813    0.211324865405187    0.577350269189626     0
    0.773165213110203    0.159290580898258    0.613874632211945     0
    0.785564383468578    0.106561037418759    0.609535351501347     0
    0.802955447136385    0.159040826038418    0.574428903840176     0
    0.912271529665426    0.105018659293459    0.395893593484548     0
    0.881921264348355                    0    0.471396736825998     0
    0.919379466176162   0.0525839082135741    0.389841416181788     0
     0.89908227837007   0.0526255683246314    0.434605115339654     0
    0.903989293123443                    0    0.427555093430282     0
    0.890320034496634    0.208846598871523    0.404615044596354     0
    0.868513371756656    0.105347400655483    0.484341251861761     0
    0.881351618253941     0.15744264860121     0.44545610042135     0
    0.891478249666231    0.105311296587647    0.440654128748456     0
    0.902575885030025     0.15715551919834      0.4008227969412     0
    0.857728610000272                    0    0.514102744193222     0
    0.876472163901023   0.0527492214272663    0.478554140662764     0
    0.851861665054691   0.0527895943506918    0.521099762366612     0
    0.809511339490079    0.312459714103783    0.497051625386297     0
    0.858273936852256     0.31030659960479     0.40874890037998     0
    0.814748399072542    0.361127203346817    0.453621195725725     0
    0.834955775155727    0.311780141951968    0.453477669371393     0
    0.838574590251195    0.359787723819648    0.409078782600267     0
    0.843745492253799    0.211148778438113    0.493467058338738     0
    0.817239576933205    0.211503197326327    0.536083828719705     0
     0.82781394227682    0.262179718297925    0.495969628390016     0
    0.800807828073479    0.262454224395268    0.538353603678211     0
    0.875538742456082    0.259945273736341    0.407259579531976     0
    0.852847503872716    0.261290740833947     0.45208216497947     0
    0.868126115382272    0.210262501478585    0.449607304503891     0
    0.842765332379749    0.105952787490393    0.527750510527338     0
    0.857404769044043    0.158483824521413    0.489632453362312     0
    0.831144470371818    0.159070015625371    0.532818542750995     0
    0.932879798833508    0.345199590199904    0.102822778868168     0
    0.930518462071235    0.303485283812735    0.205017253551223     0
     0.91177170284329     0.35457611613243    0.207239329671492     0
    0.923576284159256    0.350517284991854    0.155384942193638     0
    0.941955606264459    0.298906567144267    0.152887213150693     0
    0.946504697074382    0.251494116344428    0.202186962636731     0
     0.86036088290068    0.360401963905832    0.360401963905832     0
    0.898975067149178    0.309712631841301    0.309712631841301     0
    0.896808698706625    0.259905941993649    0.358026618061456     0
    0.879886407000053    0.310454860173925    0.359746703349629     0
    0.879886407000053    0.359746703349629    0.310454860173925     0
    0.896808698706625    0.358026618061456    0.259905941993649     0
    0.932879798833508    0.102822778868168    0.345199590199904     0
    0.930518462071235    0.205017253551223    0.303485283812735     0
    0.946504697074382    0.202186962636731    0.251494116344428     0
    0.941955606264459    0.152887213150693    0.298906567144267     0
    0.923576284159256    0.155384942193638    0.350517284991854     0
     0.91177170284329    0.207239329671492     0.35457611613243     0
     0.91612139258722    0.307059696822177    0.257751695690883     0
     0.91612139258722    0.257751695690883    0.307059696822177     0
     0.93278226235726    0.254869820723905    0.254869820723905     0
                    0                    1                    0     0
                    0    0.995184726672197   0.0980171403295606     0
   0.0980171403295606    0.995184726672197                    0     0
                    0    0.998795456205172    0.049067674327418     0
   0.0491267066948187    0.997583647309158   0.0491267066948187     0
    0.049067674327418    0.998795456205172                    0     0
                    0     0.98078528040323    0.195090322016128     0
   0.0984867696244087    0.990252852769381   0.0984867696244087     0
   0.0493615095693959    0.987883124233685    0.147140661366339     0
   0.0493033506589752    0.993927667279835   0.0983716007263489     0
                    0    0.989176509964781    0.146730474455362     0
    0.195090322016128     0.98078528040323                    0     0
    0.146730474455362    0.989176509964781                    0     0
   0.0983716007263489    0.993927667279835   0.0493033506589752     0
    0.147140661366339    0.987883124233685   0.0493615095693959     0
                    0    0.923879532511287     0.38268343236509     0
    0.100318491325106    0.950689984024958    0.293470193670293     0
                    0    0.956940335732209    0.290284677254462     0
   0.0502771682879443    0.939488281825429    0.338871619734745     0
    0.050222773794293    0.955023194296405    0.292247106655137     0
                    0    0.941544065183021     0.33688985339222     0
    0.198756853415513    0.959682982260667    0.198756853415513     0
   0.0998786107280953    0.975117440763949    0.197914728701508     0
    0.149505026666196    0.968613656343782    0.198584570764875     0
    0.100220490080289    0.964076712066058    0.245991761284734     0
    0.149889230187575    0.957432093026745    0.246692127795361     0
                    0    0.970031253194544    0.242980179903264     0
   0.0500573191482857     0.96831175389778     0.24467654579688     0
   0.0500019460284389     0.97917804010031    0.196749005534169     0
     0.38268343236509    0.923879532511287                    0     0
    0.290284677254462    0.956940335732209                    0     0
    0.293470193670293    0.950689984024958    0.100318491325106     0
     0.33688985339222    0.941544065183021                    0     0
    0.292247106655137    0.955023194296405    0.050222773794293     0
    0.338871619734745    0.939488281825429   0.0502771682879443     0
    0.197914728701508    0.975117440763949   0.0998786107280953     0
    0.196749005534169     0.97917804010031   0.0500019460284389     0
     0.24467654579688     0.96831175389778   0.0500573191482857     0
    0.242980179903264    0.970031253194544                    0     0
    0.246692127795361    0.957432093026745    0.149889230187575     0
    0.245991761284734    0.964076712066058    0.100220490080289     0
    0.198584570764875    0.968613656343782    0.149505026666196     0
   0.0993083567347409    0.983930229555334    0.148388522635121     0
    0.149255728805963    0.977468902235361    0.149255728805963     0
    0.148388522635121    0.983930229555334   0.0993083567347409     0
    0.106574189669187    0.754344479484572    0.647770289815384     0
                    0    0.773010453362737    0.634393284163645     0
    0.053401431398386    0.732293526988716     0.67889209559033     0
   0.0533664391414598    0.764814579629597    0.642036355636785     0
                    0    0.740951125354959    0.671558954847018     0
    0.211324865405187    0.788675134594813    0.577350269189626     0
    0.106288239281359    0.814870186707507    0.569815223564394     0
    0.159040826038418    0.802955447136385    0.574428903840176     0
    0.106561037418759    0.785564383468578    0.609535351501347     0
    0.159290580898258    0.773165213110203    0.613874632211945     0
                    0    0.831469612302545    0.555570233019602     0
                    0    0.803207531480645    0.595699304492433     0
   0.0532588813822261    0.795654789564907    0.603404464183302     0
   0.0532225186053302    0.824384251502745    0.563522820644882     0
    0.408248290463863    0.816496580927726    0.408248290463863     0
     0.31030659960479    0.858273936852256     0.40874890037998     0
    0.312459714103783    0.809511339490079    0.497051625386297     0
    0.359787723819648    0.838574590251195    0.409078782600267     0
    0.311780141951968    0.834955775155727    0.453477669371393     0
    0.361127203346817    0.814748399072542    0.453621195725725     0
    0.208846598871523    0.890320034496634    0.404615044596354     0
    0.211148778438113    0.843745492253799    0.493467058338738     0
    0.210262501478585    0.868126115382272    0.449607304503891     0
    0.261290740833947    0.852847503872716     0.45208216497947     0
    0.259945273736341    0.875538742456082    0.407259579531976     0
    0.262454224395268    0.800807828073479    0.538353603678211     0
    0.262179718297925     0.82781394227682    0.495969628390016     0
    0.211503197326327    0.817239576933205    0.536083828719705     0
                    0    0.881921264348355    0.471396736825998     0
    0.105018659293459    0.912271529665426    0.395893593484548     0
                    0    0.903989293123443    0.427555093430282     0
   0.0526255683246314     0.89908227837007    0.434605115339654     0
   0.0525839082135741    0.919379466176162    0.389841416181788     0
    0.105347400655483    0.868513371756656    0.484341251861761     0
   0.0527895943506918    0.851861665054691    0.521099762366612     0
   0.0527492214272663    0.876472163901023    0.478554140662764     0
                    0    0.857728610000272    0.514102744193222     0
     0.15715551919834    0.902575885030025      0.4008227969412     0
    0.105311296587647    0.891478249666231    0.440654128748456     0
     0.15744264860121    0.881351618253941     0.44545610042135     0
    0.159070015625371    0.831144470371818    0.532818542750995     0
    0.158483824521413    0.857404769044043    0.489632453362312     0
    0.105952787490393    0.842765332379749    0.527750510527338     0
    0.634393284163645    0.773010453362737                    0     0
    0.647770289815384    0.754344479484572    0.106574189669187     0
    0.671558954847018    0.740951125354959                    0     0
    0.642036355636785    0.764814579629597   0.0533664391414598     0
     0.67889209559033    0.732293526988716    0.053401431398386     0
    0.555570233019602    0.831469612302545                    0     0
    0.569815223564394    0.814870186707507    0.106288239281359     0
    0.563522820644882    0.824384251502745   0.0532225186053302     0
    0.603404464183302    0.795654789564907   0.0532588813822261     0
    0.595699304492433    0.803207531480645                    0     0
    0.577350269189626    0.788675134594813    0.211324865405187     0
    0.613874632211945    0.773165213110203    0.159290580898258     0
    0.609535351501347    0.785564383468578    0.106561037418759     0
    0.574428903840176    0.802955447136385    0.159040826038418     0
    0.395893593484548    0.912271529665426    0.105018659293459     0
    0.471396736825998    0.881921264348355                    0     0
    0.389841416181788    0.919379466176162   0.0525839082135741     0
    0.434605115339654     0.89908227837007   0.0526255683246314     0
    0.427555093430282    0.903989293123443                    0     0
    0.404615044596354    0.890320034496634    0.208846598871523     0
    0.484341251861761    0.868513371756656    0.105347400655483     0
     0.44545610042135    0.881351618253941     0.15744264860121     0
    0.440654128748456    0.891478249666231    0.105311296587647     0
      0.4008227969412    0.902575885030025     0.15715551919834     0
    0.514102744193222    0.857728610000272                    0     0
    0.478554140662764    0.876472163901023   0.0527492214272663     0
    0.521099762366612    0.851861665054691   0.0527895943506918     0
    0.497051625386297    0.809511339490079    0.312459714103783     0
     0.40874890037998    0.858273936852256     0.31030659960479     0
    0.453621195725725    0.814748399072542    0.361127203346817     0
    0.453477669371393    0.834955775155727    0.311780141951968     0
    0.409078782600267    0.838574590251195    0.359787723819648     0
    0.493467058338738    0.843745492253799    0.211148778438113     0
    0.536083828719705    0.817239576933205    0.211503197326327     0
    0.495969628390016     0.82781394227682    0.262179718297925     0
    0.538353603678211    0.800807828073479    0.262454224395268     0
    0.407259579531976    0.875538742456082    0.259945273736341     0
     0.45208216497947    0.852847503872716    0.261290740833947     0
    0.449607304503891    0.868126115382272    0.210262501478585     0
    0.527750510527338    0.842765332379749    0.105952787490393     0
    0.489632453362312    0.857404769044043    0.158483824521413     0
    0.532818542750995    0.831144470371818    0.159070015625371     0
    0.102822778868168    0.932879798833508    0.345199590199904     0
    0.205017253551223    0.930518462071235    0.303485283812735     0
    0.207239329671492     0.91177170284329     0.35457611613243     0
    0.155384942193638    0.923576284159256    0.350517284991854     0
    0.152887213150693    0.941955606264459    0.298906567144267     0
    0.202186962636731    0.946504697074382    0.251494116344428     0
    0.360401963905832     0.86036088290068    0.360401963905832     0
    0.309712631841301    0.898975067149178    0.309712631841301     0
    0.358026618061456    0.896808698706625    0.259905941993649     0
    0.359746703349629    0.879886407000053    0.310454860173925     0
    0.310454860173925    0.879886407000053    0.359746703349629     0
    0.259905941993649    0.896808698706625    0.358026618061456     0
    0.345199590199904    0.932879798833508    0.102822778868168     0
    0.303485283812735    0.930518462071235    0.205017253551223     0
    0.251494116344428    0.946504697074382    0.202186962636731     0
    0.298906567144267    0.941955606264459    0.152887213150693     0
    0.350517284991854    0.923576284159256    0.155384942193638     0
     0.35457611613243     0.91177170284329    0.207239329671492     0
    0.257751695690883     0.91612139258722    0.307059696822177     0
    0.307059696822177     0.91612139258722    0.257751695690883     0
    0.254869820723905     0.93278226235726    0.254869820723905     0
     0.70305656634142    0.106878103690253     0.70305656634142     0
    0.690768358169145    0.213724473808237    0.690768358169145     0
     0.74180685057948    0.213123727404914      0.6358465799628     0
    0.724130573973053    0.160498231683612    0.670727388335895     0
    0.670727388335895    0.160498231683612    0.724130573973053     0
      0.6358465799628    0.213123727404914     0.74180685057948     0
    0.735924101061586    0.421838735640695    0.529592105860498     0
    0.778295164933487    0.416158278736229    0.470179671275199     0
    0.774504796268762    0.367998336453836    0.514509032888532     0
    0.639602149066831    0.426401432711221    0.639602149066831     0
    0.720686637243745    0.321786831260907    0.614055377083669     0
    0.681694586366843    0.374946771792734    0.628257438666942     0
    0.729892476624202    0.372623029910077     0.57306984752997     0
    0.689610388559232    0.425259228629117     0.58616729732812     0
    0.767179591007761    0.317985654581484    0.557064267945405     0
    0.756400963593984    0.267163385601228    0.597060556114856     0
    0.529592105860498    0.421838735640695    0.735924101061586     0
    0.514509032888532    0.367998336453836    0.774504796268762     0
    0.470179671275199    0.416158278736229    0.778295164933487     0
    0.614055377083669    0.321786831260907    0.720686637243745     0
    0.597060556114856    0.267163385601228    0.756400963593984     0
    0.557064267945405    0.317985654581484    0.767179591007761     0
     0.58616729732812    0.425259228629117    0.689610388559232     0
     0.57306984752997    0.372623029910077    0.729892476624202     0
    0.628257438666942    0.374946771792734    0.681694586366843     0
    0.707361396393885    0.268375559808488    0.653922330089113     0
    0.669276174074624    0.322705447168261    0.669276174074624     0
    0.653922330089113    0.268375559808488    0.707361396393885     0
     0.70305656634142     0.70305656634142    0.106878103690253     0
    0.690768358169145    0.690768358169145    0.213724473808237     0
      0.6358465799628     0.74180685057948    0.213123727404914     0
    0.670727388335895    0.724130573973053    0.160498231683612     0
    0.724130573973053    0.670727388335895    0.160498231683612     0
     0.74180685057948      0.6358465799628    0.213123727404914     0
    0.529592105860498    0.735924101061586    0.421838735640695     0
    0.470179671275199    0.778295164933487    0.416158278736229     0
    0.514509032888532    0.774504796268762    0.367998336453836     0
    0.639602149066831    0.639602149066831    0.426401432711221     0
    0.614055377083669    0.720686637243745    0.321786831260907     0
    0.628257438666942    0.681694586366843    0.374946771792734     0
     0.57306984752997    0.729892476624202    0.372623029910077     0
     0.58616729732812    0.689610388559232    0.425259228629117     0
    0.557064267945405    0.767179591007761    0.317985654581484     0
    0.597060556114856    0.756400963593984    0.267163385601228     0
    0.735924101061586    0.529592105860498    0.421838735640695     0
    0.774504796268762    0.514509032888532    0.367998336453836     0
    0.778295164933487    0.470179671275199    0.416158278736229     0
    0.720686637243745    0.614055377083669    0.321786831260907     0
    0.756400963593984    0.597060556114856    0.267163385601228     0
    0.767179591007761    0.557064267945405    0.317985654581484     0
    0.689610388559232     0.58616729732812    0.425259228629117     0
    0.729892476624202     0.57306984752997    0.372623029910077     0
    0.681694586366843    0.628257438666942    0.374946771792734     0
    0.653922330089113    0.707361396393885    0.268375559808488     0
    0.669276174074624    0.669276174074624    0.322705447168261     0
    0.707361396393885    0.653922330089113    0.268375559808488     0
    0.106878103690253     0.70305656634142     0.70305656634142     0
    0.213724473808237    0.690768358169145    0.690768358169145     0
    0.213123727404914      0.6358465799628     0.74180685057948     0
    0.160498231683612    0.670727388335895    0.724130573973053     0
    0.160498231683612    0.724130573973053    0.670727388335895     0
    0.213123727404914     0.74180685057948      0.6358465799628     0
    0.421838735640695    0.529592105860498    0.735924101061586     0
    0.416158278736229    0.470179671275199    0.778295164933487     0
    0.367998336453836    0.514509032888532    0.774504796268762     0
    0.426401432711221    0.639602149066831    0.639602149066831     0
    0.321786831260907    0.614055377083669    0.720686637243745     0
    0.374946771792734    0.628257438666942    0.681694586366843     0
    0.372623029910077     0.57306984752997    0.729892476624202     0
    0.425259228629117     0.58616729732812    0.689610388559232     0
    0.317985654581484    0.557064267945405    0.767179591007761     0
    0.267163385601228    0.597060556114856    0.756400963593984     0
    0.421838735640695    0.735924101061586    0.529592105860498     0
    0.367998336453836    0.774504796268762    0.514509032888532     0
    0.416158278736229    0.778295164933487    0.470179671275199     0
    0.321786831260907    0.720686637243745    0.614055377083669     0
    0.267163385601228    0.756400963593984    0.597060556114856     0
    0.317985654581484    0.767179591007761    0.557064267945405     0
    0.425259228629117    0.689610388559232     0.58616729732812     0
    0.372623029910077    0.729892476624202     0.57306984752997     0
    0.374946771792734    0.681694586366843    0.628257438666942     0
    0.268375559808488    0.653922330089113    0.707361396393885     0
    0.322705447168261    0.669276174074624    0.669276174074624     0
    0.268375559808488    0.707361396393885    0.653922330089113     0
      0.7380696120737    0.477102320122937    0.477102320122937     0
    0.646996639220631    0.539163866017192    0.539163866017192     0
    0.645145368133153    0.591074266249286    0.484168013972636     0
    0.693349277701198    0.535837781266493    0.481813917688799     0
    0.693349277701198    0.481813917688799    0.535837781266493     0
    0.645145368133153    0.484168013972636    0.591074266249286     0
    0.477102320122937      0.7380696120737    0.477102320122937     0
    0.539163866017192    0.646996639220631    0.539163866017192     0
    0.484168013972636    0.645145368133153    0.591074266249286     0
    0.481813917688799    0.693349277701198    0.535837781266493     0
    0.535837781266493    0.693349277701198    0.481813917688799     0
    0.591074266249286    0.645145368133153    0.484168013972636     0
    0.477102320122937    0.477102320122937      0.7380696120737     0
    0.539163866017192    0.539163866017192    0.646996639220631     0
    0.591074266249286    0.484168013972636    0.645145368133153     0
    0.535837781266493    0.481813917688799    0.693349277701198     0
    0.481813917688799    0.535837781266493    0.693349277701198     0
    0.484168013972636    0.591074266249286    0.645145368133153     0
    0.594811877479463    0.594811877479463    0.540738070435875     0
    0.540738070435875    0.594811877479463    0.594811877479463     0
    0.594811877479463    0.540738070435875    0.594811877479463     0
  -0.0980171403295606                    0    0.995184726672197     0
  -0.0491267066948187   0.0491267066948187    0.997583647309158     0
   -0.049067674327418                    0    0.998795456205172     0
  -0.0984867696244087   0.0984867696244087    0.990252852769381     0
  -0.0493615095693959    0.147140661366339    0.987883124233685     0
  -0.0493033506589752   0.0983716007263489    0.993927667279835     0
   -0.195090322016128                    0     0.98078528040323     0
   -0.146730474455362                    0    0.989176509964781     0
  -0.0983716007263489   0.0493033506589752    0.993927667279835     0
   -0.147140661366339   0.0493615095693959    0.987883124233685     0
   -0.100318491325106    0.293470193670293    0.950689984024958     0
  -0.0502771682879443    0.338871619734745    0.939488281825429     0
   -0.050222773794293    0.292247106655137    0.955023194296405     0
   -0.198756853415513    0.198756853415513    0.959682982260667     0
  -0.0998786107280953    0.197914728701508    0.975117440763949     0
   -0.149505026666196    0.198584570764875    0.968613656343782     0
   -0.100220490080289    0.245991761284734    0.964076712066058     0
   -0.149889230187575    0.246692127795361    0.957432093026745     0
  -0.0500573191482857     0.24467654579688     0.96831175389778     0
  -0.0500019460284389    0.196749005534169     0.97917804010031     0
    -0.38268343236509                    0    0.923879532511287     0
   -0.290284677254462                    0    0.956940335732209     0
   -0.293470193670293    0.100318491325106    0.950689984024958     0
    -0.33688985339222                    0    0.941544065183021     0
   -0.292247106655137    0.050222773794293    0.955023194296405     0
   -0.338871619734745   0.0502771682879443    0.939488281825429     0
   -0.197914728701508   0.0998786107280953    0.975117440763949     0
   -0.196749005534169   0.0500019460284389     0.97917804010031     0
    -0.24467654579688   0.0500573191482857     0.96831175389778     0
   -0.242980179903264                    0    0.970031253194544     0
   -0.246692127795361    0.149889230187575    0.957432093026745     0
   -0.245991761284734    0.100220490080289    0.964076712066058     0
   -0.198584570764875    0.149505026666196    0.968613656343782     0
  -0.0993083567347409    0.148388522635121    0.983930229555334     0
   -0.149255728805963    0.149255728805963    0.977468902235361     0
   -0.148388522635121   0.0993083567347409    0.983930229555334     0
   -0.106574189669187    0.647770289815384    0.754344479484572     0
   -0.053401431398386     0.67889209559033    0.732293526988716     0
  -0.0533664391414598    0.642036355636785    0.764814579629597     0
   -0.211324865405187    0.577350269189626    0.788675134594813     0
   -0.106288239281359    0.569815223564394    0.814870186707507     0
   -0.159040826038418    0.574428903840176    0.802955447136385     0
   -0.106561037418759    0.609535351501347    0.785564383468578     0
   -0.159290580898258    0.613874632211945    0.773165213110203     0
  -0.0532588813822261    0.603404464183302    0.795654789564907     0
  -0.0532225186053302    0.563522820644882    0.824384251502745     0
   -0.408248290463863    0.408248290463863    0.816496580927726     0
    -0.31030659960479     0.40874890037998    0.858273936852256     0
   -0.312459714103783    0.497051625386297    0.809511339490079     0
   -0.359787723819648    0.409078782600267    0.838574590251195     0
   -0.311780141951968    0.453477669371393    0.834955775155727     0
   -0.361127203346817    0.453621195725725    0.814748399072542     0
   -0.208846598871523    0.404615044596354    0.890320034496634     0
   -0.211148778438113    0.493467058338738    0.843745492253799     0
   -0.210262501478585    0.449607304503891    0.868126115382272     0
   -0.261290740833947     0.45208216497947    0.852847503872716     0
   -0.259945273736341    0.407259579531976    0.875538742456082     0
   -0.262454224395268    0.538353603678211    0.800807828073479     0
   -0.262179718297925    0.495969628390016     0.82781394227682     0
   -0.211503197326327    0.536083828719705    0.817239576933205     0
   -0.105018659293459    0.395893593484548    0.912271529665426     0
  -0.0526255683246314    0.434605115339654     0.89908227837007     0
  -0.0525839082135741    0.389841416181788    0.919379466176162     0
   -0.105347400655483    0.484341251861761    0.868513371756656     0
  -0.0527895943506918    0.521099762366612    0.851861665054691     0
  -0.0527492214272663    0.478554140662764    0.876472163901023     0
    -0.15715551919834      0.4008227969412    0.902575885030025     0
   -0.105311296587647    0.440654128748456    0.891478249666231     0
    -0.15744264860121     0.44545610042135    0.881351618253941     0
   -0.159070015625371    0.532818542750995    0.831144470371818     0
   -0.158483824521413    0.489632453362312    0.857404769044043     0
   -0.105952787490393    0.527750510527338    0.842765332379749     0
   -0.707106781186547                    0    0.707106781186547     0
   -0.634393284163645                    0    0.773010453362737     0
   -0.647770289815384    0.106574189669187    0.754344479484572     0
   -0.671558954847018                    0    0.740951125354959     0
   -0.642036355636785   0.0533664391414598    0.764814579629597     0
    -0.67889209559033    0.053401431398386    0.732293526988716     0
   -0.555570233019602                    0    0.831469612302545     0
   -0.569815223564394    0.106288239281359    0.814870186707507     0
   -0.563522820644882   0.0532225186053302    0.824384251502745     0
   -0.603404464183302   0.0532588813822261    0.795654789564907     0
   -0.595699304492433                    0    0.803207531480645     0
   -0.577350269189626    0.211324865405187    0.788675134594813     0
   -0.613874632211945    0.159290580898258    0.773165213110203     0
   -0.609535351501347    0.106561037418759    0.785564383468578     0
   -0.574428903840176    0.159040826038418    0.802955447136385     0
   -0.395893593484548    0.105018659293459    0.912271529665426     0
   -0.471396736825998                    0    0.881921264348355     0
   -0.389841416181788   0.0525839082135741    0.919379466176162     0
   -0.434605115339654   0.0526255683246314     0.89908227837007     0
   -0.427555093430282                    0    0.903989293123443     0
   -0.404615044596354    0.208846598871523    0.890320034496634     0
   -0.484341251861761    0.105347400655483    0.868513371756656     0
    -0.44545610042135     0.15744264860121    0.881351618253941     0
   -0.440654128748456    0.105311296587647    0.891478249666231     0
     -0.4008227969412     0.15715551919834    0.902575885030025     0
   -0.514102744193222                    0    0.857728610000272     0
   -0.478554140662764   0.0527492214272663    0.876472163901023     0
   -0.521099762366612   0.0527895943506918    0.851861665054691     0
   -0.497051625386297    0.312459714103783    0.809511339490079     0
    -0.40874890037998     0.31030659960479    0.858273936852256     0
   -0.453621195725725    0.361127203346817    0.814748399072542     0
   -0.453477669371393    0.311780141951968    0.834955775155727     0
   -0.409078782600267    0.359787723819648    0.838574590251195     0
   -0.493467058338738    0.211148778438113    0.843745492253799     0
   -0.536083828719705    0.211503197326327    0.817239576933205     0
   -0.495969628390016    0.262179718297925     0.82781394227682     0
   -0.538353603678211    0.262454224395268    0.800807828073479     0
   -0.407259579531976    0.259945273736341    0.875538742456082     0
    -0.45208216497947    0.261290740833947    0.852847503872716     0
   -0.449607304503891    0.210262501478585    0.868126115382272     0
   -0.527750510527338    0.105952787490393    0.842765332379749     0
   -0.489632453362312    0.158483824521413    0.857404769044043     0
   -0.532818542750995    0.159070015625371    0.831144470371818     0
   -0.102822778868168    0.345199590199904    0.932879798833508     0
   -0.205017253551223    0.303485283812735    0.930518462071235     0
   -0.207239329671492     0.35457611613243     0.91177170284329     0
   -0.155384942193638    0.350517284991854    0.923576284159256     0
   -0.152887213150693    0.298906567144267    0.941955606264459     0
   -0.202186962636731    0.251494116344428    0.946504697074382     0
   -0.360401963905832    0.360401963905832     0.86036088290068     0
   -0.309712631841301    0.309712631841301    0.898975067149178     0
   -0.358026618061456    0.259905941993649    0.896808698706625     0
   -0.359746703349629    0.310454860173925    0.879886407000053     0
   -0.310454860173925    0.359746703349629    0.879886407000053     0
   -0.259905941993649    0.358026618061456    0.896808698706625     0
   -0.345199590199904    0.102822778868168    0.932879798833508     0
   -0.303485283812735    0.205017253551223    0.930518462071235     0
   -0.251494116344428    0.202186962636731    0.946504697074382     0
   -0.298906567144267    0.152887213150693    0.941955606264459     0
   -0.350517284991854    0.155384942193638    0.923576284159256     0
    -0.35457611613243    0.207239329671492     0.91177170284329     0
   -0.257751695690883    0.307059696822177     0.91612139258722     0
   -0.307059696822177    0.257751695690883     0.91612139258722     0
   -0.254869820723905    0.254869820723905     0.93278226235726     0
  -0.0980171403295606    0.995184726672197                    0     0
   -0.049067674327418    0.998795456205172                    0     0
  -0.0491267066948187    0.997583647309158   0.0491267066948187     0
   -0.195090322016128     0.98078528040323                    0     0
  -0.0984867696244087    0.990252852769381   0.0984867696244087     0
   -0.147140661366339    0.987883124233685   0.0493615095693959     0
  -0.0983716007263489    0.993927667279835   0.0493033506589752     0
   -0.146730474455362    0.989176509964781                    0     0
  -0.0493033506589752    0.993927667279835   0.0983716007263489     0
  -0.0493615095693959    0.987883124233685    0.147140661366339     0
    -0.38268343236509    0.923879532511287                    0     0
   -0.293470193670293    0.950689984024958    0.100318491325106     0
   -0.290284677254462    0.956940335732209                    0     0
   -0.338871619734745    0.939488281825429   0.0502771682879443     0
   -0.292247106655137    0.955023194296405    0.050222773794293     0
    -0.33688985339222    0.941544065183021                    0     0
   -0.198756853415513    0.959682982260667    0.198756853415513     0
   -0.197914728701508    0.975117440763949   0.0998786107280953     0
   -0.198584570764875    0.968613656343782    0.149505026666196     0
   -0.245991761284734    0.964076712066058    0.100220490080289     0
   -0.246692127795361    0.957432093026745    0.149889230187575     0
   -0.242980179903264    0.970031253194544                    0     0
    -0.24467654579688     0.96831175389778   0.0500573191482857     0
   -0.196749005534169     0.97917804010031   0.0500019460284389     0
   -0.100318491325106    0.950689984024958    0.293470193670293     0
   -0.050222773794293    0.955023194296405    0.292247106655137     0
  -0.0502771682879443    0.939488281825429    0.338871619734745     0
  -0.0998786107280953    0.975117440763949    0.197914728701508     0
  -0.0500019460284389     0.97917804010031    0.196749005534169     0
  -0.0500573191482857     0.96831175389778     0.24467654579688     0
   -0.149889230187575    0.957432093026745    0.246692127795361     0
   -0.100220490080289    0.964076712066058    0.245991761284734     0
   -0.149505026666196    0.968613656343782    0.198584570764875     0
   -0.148388522635121    0.983930229555334   0.0993083567347409     0
   -0.149255728805963    0.977468902235361    0.149255728805963     0
  -0.0993083567347409    0.983930229555334    0.148388522635121     0
   -0.707106781186547    0.707106781186547                    0     0
   -0.647770289815384    0.754344479484572    0.106574189669187     0
   -0.634393284163645    0.773010453362737                    0     0
    -0.67889209559033    0.732293526988716    0.053401431398386     0
   -0.642036355636785    0.764814579629597   0.0533664391414598     0
   -0.671558954847018    0.740951125354959                    0     0
   -0.577350269189626    0.788675134594813    0.211324865405187     0
   -0.569815223564394    0.814870186707507    0.106288239281359     0
   -0.574428903840176    0.802955447136385    0.159040826038418     0
   -0.609535351501347    0.785564383468578    0.106561037418759     0
   -0.613874632211945    0.773165213110203    0.159290580898258     0
   -0.555570233019602    0.831469612302545                    0     0
   -0.595699304492433    0.803207531480645                    0     0
   -0.603404464183302    0.795654789564907   0.0532588813822261     0
   -0.563522820644882    0.824384251502745   0.0532225186053302     0
   -0.408248290463863    0.816496580927726    0.408248290463863     0
    -0.40874890037998    0.858273936852256     0.31030659960479     0
   -0.497051625386297    0.809511339490079    0.312459714103783     0
   -0.409078782600267    0.838574590251195    0.359787723819648     0
   -0.453477669371393    0.834955775155727    0.311780141951968     0
   -0.453621195725725    0.814748399072542    0.361127203346817     0
   -0.404615044596354    0.890320034496634    0.208846598871523     0
   -0.493467058338738    0.843745492253799    0.211148778438113     0
   -0.449607304503891    0.868126115382272    0.210262501478585     0
    -0.45208216497947    0.852847503872716    0.261290740833947     0
   -0.407259579531976    0.875538742456082    0.259945273736341     0
   -0.538353603678211    0.800807828073479    0.262454224395268     0
   -0.495969628390016     0.82781394227682    0.262179718297925     0
   -0.536083828719705    0.817239576933205    0.211503197326327     0
   -0.471396736825998    0.881921264348355                    0     0
   -0.395893593484548    0.912271529665426    0.105018659293459     0
   -0.427555093430282    0.903989293123443                    0     0
   -0.434605115339654     0.89908227837007   0.0526255683246314     0
   -0.389841416181788    0.919379466176162   0.0525839082135741     0
   -0.484341251861761    0.868513371756656    0.105347400655483     0
   -0.521099762366612    0.851861665054691   0.0527895943506918     0
   -0.478554140662764    0.876472163901023   0.0527492214272663     0
   -0.514102744193222    0.857728610000272                    0     0
     -0.4008227969412    0.902575885030025     0.15715551919834     0
   -0.440654128748456    0.891478249666231    0.105311296587647     0
    -0.44545610042135    0.881351618253941     0.15744264860121     0
   -0.532818542750995    0.831144470371818    0.159070015625371     0
   -0.489632453362312    0.857404769044043    0.158483824521413     0
   -0.527750510527338    0.842765332379749    0.105952787490393     0
   -0.106574189669187    0.754344479484572    0.647770289815384     0
  -0.0533664391414598    0.764814579629597    0.642036355636785     0
   -0.053401431398386    0.732293526988716     0.67889209559033     0
   -0.106288239281359    0.814870186707507    0.569815223564394     0
  -0.0532225186053302    0.824384251502745    0.563522820644882     0
  -0.0532588813822261    0.795654789564907    0.603404464183302     0
   -0.211324865405187    0.788675134594813    0.577350269189626     0
   -0.159290580898258    0.773165213110203    0.613874632211945     0
   -0.106561037418759    0.785564383468578    0.609535351501347     0
   -0.159040826038418    0.802955447136385    0.574428903840176     0
   -0.105018659293459    0.912271529665426    0.395893593484548     0
  -0.0525839082135741    0.919379466176162    0.389841416181788     0
  -0.0526255683246314     0.89908227837007    0.434605115339654     0
   -0.208846598871523    0.890320034496634    0.404615044596354     0
   -0.105347400655483    0.868513371756656    0.484341251861761     0
    -0.15744264860121    0.881351618253941     0.44545610042135     0
   -0.105311296587647    0.891478249666231    0.440654128748456     0
    -0.15715551919834    0.902575885030025      0.4008227969412     0
  -0.0527492214272663    0.876472163901023    0.478554140662764     0
  -0.0527895943506918    0.851861665054691    0.521099762366612     0
   -0.312459714103783    0.809511339490079    0.497051625386297     0
    -0.31030659960479    0.858273936852256     0.40874890037998     0
   -0.361127203346817    0.814748399072542    0.453621195725725     0
   -0.311780141951968    0.834955775155727    0.453477669371393     0
   -0.359787723819648    0.838574590251195    0.409078782600267     0
   -0.211148778438113    0.843745492253799    0.493467058338738     0
   -0.211503197326327    0.817239576933205    0.536083828719705     0
   -0.262179718297925     0.82781394227682    0.495969628390016     0
   -0.262454224395268    0.800807828073479    0.538353603678211     0
   -0.259945273736341    0.875538742456082    0.407259579531976     0
   -0.261290740833947    0.852847503872716     0.45208216497947     0
   -0.210262501478585    0.868126115382272    0.449607304503891     0
   -0.105952787490393    0.842765332379749    0.527750510527338     0
   -0.158483824521413    0.857404769044043    0.489632453362312     0
   -0.159070015625371    0.831144470371818    0.532818542750995     0
   -0.345199590199904    0.932879798833508    0.102822778868168     0
   -0.303485283812735    0.930518462071235    0.205017253551223     0
    -0.35457611613243     0.91177170284329    0.207239329671492     0
   -0.350517284991854    0.923576284159256    0.155384942193638     0
   -0.298906567144267    0.941955606264459    0.152887213150693     0
   -0.251494116344428    0.946504697074382    0.202186962636731     0
   -0.360401963905832     0.86036088290068    0.360401963905832     0
   -0.309712631841301    0.898975067149178    0.309712631841301     0
   -0.259905941993649    0.896808698706625    0.358026618061456     0
   -0.310454860173925    0.879886407000053    0.359746703349629     0
   -0.359746703349629    0.879886407000053    0.310454860173925     0
   -0.358026618061456    0.896808698706625    0.259905941993649     0
   -0.102822778868168    0.932879798833508    0.345199590199904     0
   -0.205017253551223    0.930518462071235    0.303485283812735     0
   -0.202186962636731    0.946504697074382    0.251494116344428     0
   -0.152887213150693    0.941955606264459    0.298906567144267     0
   -0.155384942193638    0.923576284159256    0.350517284991854     0
   -0.207239329671492     0.91177170284329     0.35457611613243     0
   -0.307059696822177     0.91612139258722    0.257751695690883     0
   -0.257751695690883     0.91612139258722    0.307059696822177     0
   -0.254869820723905     0.93278226235726    0.254869820723905     0
                   -1                    0                    0     0
   -0.995184726672197                    0   0.0980171403295606     0
   -0.995184726672197   0.0980171403295606                    0     0
   -0.998795456205172                    0    0.049067674327418     0
   -0.997583647309158   0.0491267066948187   0.0491267066948187     0
   -0.998795456205172    0.049067674327418                    0     0
    -0.98078528040323                    0    0.195090322016128     0
   -0.990252852769381   0.0984867696244087   0.0984867696244087     0
   -0.987883124233685   0.0493615095693959    0.147140661366339     0
   -0.993927667279835   0.0493033506589752   0.0983716007263489     0
   -0.989176509964781                    0    0.146730474455362     0
    -0.98078528040323    0.195090322016128                    0     0
   -0.989176509964781    0.146730474455362                    0     0
   -0.993927667279835   0.0983716007263489   0.0493033506589752     0
   -0.987883124233685    0.147140661366339   0.0493615095693959     0
   -0.923879532511287                    0     0.38268343236509     0
   -0.950689984024958    0.100318491325106    0.293470193670293     0
   -0.956940335732209                    0    0.290284677254462     0
   -0.939488281825429   0.0502771682879443    0.338871619734745     0
   -0.955023194296405    0.050222773794293    0.292247106655137     0
   -0.941544065183021                    0     0.33688985339222     0
   -0.959682982260667    0.198756853415513    0.198756853415513     0
   -0.975117440763949   0.0998786107280953    0.197914728701508     0
   -0.968613656343782    0.149505026666196    0.198584570764875     0
   -0.964076712066058    0.100220490080289    0.245991761284734     0
   -0.957432093026745    0.149889230187575    0.246692127795361     0
   -0.970031253194544                    0    0.242980179903264     0
    -0.96831175389778   0.0500573191482857     0.24467654579688     0
    -0.97917804010031   0.0500019460284389    0.196749005534169     0
   -0.923879532511287     0.38268343236509                    0     0
   -0.956940335732209    0.290284677254462                    0     0
   -0.950689984024958    0.293470193670293    0.100318491325106     0
   -0.941544065183021     0.33688985339222                    0     0
   -0.955023194296405    0.292247106655137    0.050222773794293     0
   -0.939488281825429    0.338871619734745   0.0502771682879443     0
   -0.975117440763949    0.197914728701508   0.0998786107280953     0
    -0.97917804010031    0.196749005534169   0.0500019460284389     0
    -0.96831175389778     0.24467654579688   0.0500573191482857     0
   -0.970031253194544    0.242980179903264                    0     0
   -0.957432093026745    0.246692127795361    0.149889230187575     0
   -0.964076712066058    0.245991761284734    0.100220490080289     0
   -0.968613656343782    0.198584570764875    0.149505026666196     0
   -0.983930229555334   0.0993083567347409    0.148388522635121     0
   -0.977468902235361    0.149255728805963    0.149255728805963     0
   -0.983930229555334    0.148388522635121   0.0993083567347409     0
   -0.754344479484572    0.106574189669187    0.647770289815384     0
   -0.773010453362737                    0    0.634393284163645     0
   -0.732293526988716    0.053401431398386     0.67889209559033     0
   -0.764814579629597   0.0533664391414598    0.642036355636785     0
   -0.740951125354959                    0    0.671558954847018     0
   -0.788675134594813    0.211324865405187    0.577350269189626     0
   -0.814870186707507    0.106288239281359    0.569815223564394     0
   -0.802955447136385    0.159040826038418    0.574428903840176     0
   -0.785564383468578    0.106561037418759    0.609535351501347     0
   -0.773165213110203    0.159290580898258    0.613874632211945     0
   -0.831469612302545                    0    0.555570233019602     0
   -0.803207531480645                    0    0.595699304492433     0
   -0.795654789564907   0.0532588813822261    0.603404464183302     0
   -0.824384251502745   0.0532225186053302    0.563522820644882     0
   -0.816496580927726    0.408248290463863    0.408248290463863     0
   -0.858273936852256     0.31030659960479     0.40874890037998     0
   -0.809511339490079    0.312459714103783    0.497051625386297     0
   -0.838574590251195    0.359787723819648    0.409078782600267     0
   -0.834955775155727    0.311780141951968    0.453477669371393     0
   -0.814748399072542    0.361127203346817    0.453621195725725     0
   -0.890320034496634    0.208846598871523    0.404615044596354     0
   -0.843745492253799    0.211148778438113    0.493467058338738     0
   -0.868126115382272    0.210262501478585    0.449607304503891     0
   -0.852847503872716    0.261290740833947     0.45208216497947     0
   -0.875538742456082    0.259945273736341    0.407259579531976     0
   -0.800807828073479    0.262454224395268    0.538353603678211     0
    -0.82781394227682    0.262179718297925    0.495969628390016     0
   -0.817239576933205    0.211503197326327    0.536083828719705     0
   -0.881921264348355                    0    0.471396736825998     0
   -0.912271529665426    0.105018659293459    0.395893593484548     0
   -0.903989293123443                    0    0.427555093430282     0
    -0.89908227837007   0.0526255683246314    0.434605115339654     0
   -0.919379466176162   0.0525839082135741    0.389841416181788     0
   -0.868513371756656    0.105347400655483    0.484341251861761     0
   -0.851861665054691   0.0527895943506918    0.521099762366612     0
   -0.876472163901023   0.0527492214272663    0.478554140662764     0
   -0.857728610000272                    0    0.514102744193222     0
   -0.902575885030025     0.15715551919834      0.4008227969412     0
   -0.891478249666231    0.105311296587647    0.440654128748456     0
   -0.881351618253941     0.15744264860121     0.44545610042135     0
   -0.831144470371818    0.159070015625371    0.532818542750995     0
   -0.857404769044043    0.158483824521413    0.489632453362312     0
   -0.842765332379749    0.105952787490393    0.527750510527338     0
   -0.773010453362737    0.634393284163645                    0     0
   -0.754344479484572    0.647770289815384    0.106574189669187     0
   -0.740951125354959    0.671558954847018                    0     0
   -0.764814579629597    0.642036355636785   0.0533664391414598     0
   -0.732293526988716     0.67889209559033    0.053401431398386     0
   -0.831469612302545    0.555570233019602                    0     0
   -0.814870186707507    0.569815223564394    0.106288239281359     0
   -0.824384251502745    0.563522820644882   0.0532225186053302     0
   -0.795654789564907    0.603404464183302   0.0532588813822261     0
   -0.803207531480645    0.595699304492433                    0     0
   -0.788675134594813    0.577350269189626    0.211324865405187     0
   -0.773165213110203    0.613874632211945    0.159290580898258     0
   -0.785564383468578    0.609535351501347    0.106561037418759     0
   -0.802955447136385    0.574428903840176    0.159040826038418     0
   -0.912271529665426    0.395893593484548    0.105018659293459     0
   -0.881921264348355    0.471396736825998                    0     0
   -0.919379466176162    0.389841416181788   0.0525839082135741     0
    -0.89908227837007    0.434605115339654   0.0526255683246314     0
   -0.903989293123443    0.427555093430282                    0     0
   -0.890320034496634    0.404615044596354    0.208846598871523     0
   -0.868513371756656    0.484341251861761    0.105347400655483     0
   -0.881351618253941     0.44545610042135     0.15744264860121     0
   -0.891478249666231    0.440654128748456    0.105311296587647     0
   -0.902575885030025      0.4008227969412     0.15715551919834     0
   -0.857728610000272    0.514102744193222                    0     0
   -0.876472163901023    0.478554140662764   0.0527492214272663     0
   -0.851861665054691    0.521099762366612   0.0527895943506918     0
   -0.809511339490079    0.497051625386297    0.312459714103783     0
   -0.858273936852256     0.40874890037998     0.31030659960479     0
   -0.814748399072542    0.453621195725725    0.361127203346817     0
   -0.834955775155727    0.453477669371393    0.311780141951968     0
   -0.838574590251195    0.409078782600267    0.359787723819648     0
   -0.843745492253799    0.493467058338738    0.211148778438113     0
   -0.817239576933205    0.536083828719705    0.211503197326327     0
    -0.82781394227682    0.495969628390016    0.262179718297925     0
   -0.800807828073479    0.538353603678211    0.262454224395268     0
   -0.875538742456082    0.407259579531976    0.259945273736341     0
   -0.852847503872716     0.45208216497947    0.261290740833947     0
   -0.868126115382272    0.449607304503891    0.210262501478585     0
   -0.842765332379749    0.527750510527338    0.105952787490393     0
   -0.857404769044043    0.489632453362312    0.158483824521413     0
   -0.831144470371818    0.532818542750995    0.159070015625371     0
   -0.932879798833508    0.102822778868168    0.345199590199904     0
   -0.930518462071235    0.205017253551223    0.303485283812735     0
    -0.91177170284329    0.207239329671492     0.35457611613243     0
   -0.923576284159256    0.155384942193638    0.350517284991854     0
   -0.941955606264459    0.152887213150693    0.298906567144267     0
   -0.946504697074382    0.202186962636731    0.251494116344428     0
    -0.86036088290068    0.360401963905832    0.360401963905832     0
   -0.898975067149178    0.309712631841301    0.309712631841301     0
   -0.896808698706625    0.358026618061456    0.259905941993649     0
   -0.879886407000053    0.359746703349629    0.310454860173925     0
   -0.879886407000053    0.310454860173925    0.359746703349629     0
   -0.896808698706625    0.259905941993649    0.358026618061456     0
   -0.932879798833508    0.345199590199904    0.102822778868168     0
   -0.930518462071235    0.303485283812735    0.205017253551223     0
   -0.946504697074382    0.251494116344428    0.202186962636731     0
   -0.941955606264459    0.298906567144267    0.152887213150693     0
   -0.923576284159256    0.350517284991854    0.155384942193638     0
    -0.91177170284329     0.35457611613243    0.207239329671492     0
    -0.91612139258722    0.257751695690883    0.307059696822177     0
    -0.91612139258722    0.307059696822177    0.257751695690883     0
    -0.93278226235726    0.254869820723905    0.254869820723905     0
   -0.106878103690253     0.70305656634142     0.70305656634142     0
   -0.213724473808237    0.690768358169145    0.690768358169145     0
   -0.213123727404914     0.74180685057948      0.6358465799628     0
   -0.160498231683612    0.724130573973053    0.670727388335895     0
   -0.160498231683612    0.670727388335895    0.724130573973053     0
   -0.213123727404914      0.6358465799628     0.74180685057948     0
   -0.421838735640695    0.735924101061586    0.529592105860498     0
   -0.416158278736229    0.778295164933487    0.470179671275199     0
   -0.367998336453836    0.774504796268762    0.514509032888532     0
   -0.426401432711221    0.639602149066831    0.639602149066831     0
   -0.321786831260907    0.720686637243745    0.614055377083669     0
   -0.374946771792734    0.681694586366843    0.628257438666942     0
   -0.372623029910077    0.729892476624202     0.57306984752997     0
   -0.425259228629117    0.689610388559232     0.58616729732812     0
   -0.317985654581484    0.767179591007761    0.557064267945405     0
   -0.267163385601228    0.756400963593984    0.597060556114856     0
   -0.421838735640695    0.529592105860498    0.735924101061586     0
   -0.367998336453836    0.514509032888532    0.774504796268762     0
   -0.416158278736229    0.470179671275199    0.778295164933487     0
   -0.321786831260907    0.614055377083669    0.720686637243745     0
   -0.267163385601228    0.597060556114856    0.756400963593984     0
   -0.317985654581484    0.557064267945405    0.767179591007761     0
   -0.425259228629117     0.58616729732812    0.689610388559232     0
   -0.372623029910077     0.57306984752997    0.729892476624202     0
   -0.374946771792734    0.628257438666942    0.681694586366843     0
   -0.268375559808488    0.707361396393885    0.653922330089113     0
   -0.322705447168261    0.669276174074624    0.669276174074624     0
   -0.268375559808488    0.653922330089113    0.707361396393885     0
    -0.70305656634142     0.70305656634142    0.106878103690253     0
   -0.690768358169145    0.690768358169145    0.213724473808237     0
    -0.74180685057948      0.6358465799628    0.213123727404914     0
   -0.724130573973053    0.670727388335895    0.160498231683612     0
   -0.670727388335895    0.724130573973053    0.160498231683612     0
     -0.6358465799628     0.74180685057948    0.213123727404914     0
   -0.735924101061586    0.529592105860498    0.421838735640695     0
   -0.778295164933487    0.470179671275199    0.416158278736229     0
   -0.774504796268762    0.514509032888532    0.367998336453836     0
   -0.639602149066831    0.639602149066831    0.426401432711221     0
   -0.720686637243745    0.614055377083669    0.321786831260907     0
   -0.681694586366843    0.628257438666942    0.374946771792734     0
   -0.729892476624202     0.57306984752997    0.372623029910077     0
   -0.689610388559232     0.58616729732812    0.425259228629117     0
   -0.767179591007761    0.557064267945405    0.317985654581484     0
   -0.756400963593984    0.597060556114856    0.267163385601228     0
   -0.529592105860498    0.735924101061586    0.421838735640695     0
   -0.514509032888532    0.774504796268762    0.367998336453836     0
   -0.470179671275199    0.778295164933487    0.416158278736229     0
   -0.614055377083669    0.720686637243745    0.321786831260907     0
   -0.597060556114856    0.756400963593984    0.267163385601228     0
   -0.557064267945405    0.767179591007761    0.317985654581484     0
    -0.58616729732812    0.689610388559232    0.425259228629117     0
    -0.57306984752997    0.729892476624202    0.372623029910077     0
   -0.628257438666942    0.681694586366843    0.374946771792734     0
   -0.707361396393885    0.653922330089113    0.268375559808488     0
   -0.669276174074624    0.669276174074624    0.322705447168261     0
   -0.653922330089113    0.707361396393885    0.268375559808488     0
    -0.70305656634142    0.106878103690253     0.70305656634142     0
   -0.690768358169145    0.213724473808237    0.690768358169145     0
     -0.6358465799628    0.213123727404914     0.74180685057948     0
   -0.670727388335895    0.160498231683612    0.724130573973053     0
   -0.724130573973053    0.160498231683612    0.670727388335895     0
    -0.74180685057948    0.213123727404914      0.6358465799628     0
   -0.529592105860498    0.421838735640695    0.735924101061586     0
   -0.470179671275199    0.416158278736229    0.778295164933487     0
   -0.514509032888532    0.367998336453836    0.774504796268762     0
   -0.639602149066831    0.426401432711221    0.639602149066831     0
   -0.614055377083669    0.321786831260907    0.720686637243745     0
   -0.628257438666942    0.374946771792734    0.681694586366843     0
    -0.57306984752997    0.372623029910077    0.729892476624202     0
    -0.58616729732812    0.425259228629117    0.689610388559232     0
   -0.557064267945405    0.317985654581484    0.767179591007761     0
   -0.597060556114856    0.267163385601228    0.756400963593984     0
   -0.735924101061586    0.421838735640695    0.529592105860498     0
   -0.774504796268762    0.367998336453836    0.514509032888532     0
   -0.778295164933487    0.416158278736229    0.470179671275199     0
   -0.720686637243745    0.321786831260907    0.614055377083669     0
   -0.756400963593984    0.267163385601228    0.597060556114856     0
   -0.767179591007761    0.317985654581484    0.557064267945405     0
   -0.689610388559232    0.425259228629117     0.58616729732812     0
   -0.729892476624202    0.372623029910077     0.57306984752997     0
   -0.681694586366843    0.374946771792734    0.628257438666942     0
   -0.653922330089113    0.268375559808488    0.707361396393885     0
   -0.669276174074624    0.322705447168261    0.669276174074624     0
   -0.707361396393885    0.268375559808488    0.653922330089113     0
   -0.477102320122937      0.7380696120737    0.477102320122937     0
   -0.539163866017192    0.646996639220631    0.539163866017192     0
   -0.591074266249286    0.645145368133153    0.484168013972636     0
   -0.535837781266493    0.693349277701198    0.481813917688799     0
   -0.481813917688799    0.693349277701198    0.535837781266493     0
   -0.484168013972636    0.645145368133153    0.591074266249286     0
     -0.7380696120737    0.477102320122937    0.477102320122937     0
   -0.646996639220631    0.539163866017192    0.539163866017192     0
   -0.645145368133153    0.484168013972636    0.591074266249286     0
   -0.693349277701198    0.481813917688799    0.535837781266493     0
   -0.693349277701198    0.535837781266493    0.481813917688799     0
   -0.645145368133153    0.591074266249286    0.484168013972636     0
   -0.477102320122937    0.477102320122937      0.7380696120737     0
   -0.539163866017192    0.539163866017192    0.646996639220631     0
   -0.484168013972636    0.591074266249286    0.645145368133153     0
   -0.481813917688799    0.535837781266493    0.693349277701198     0
   -0.535837781266493    0.481813917688799    0.693349277701198     0
   -0.591074266249286    0.484168013972636    0.645145368133153     0
   -0.594811877479463    0.594811877479463    0.540738070435875     0
   -0.594811877479463    0.540738070435875    0.594811877479463     0
   -0.540738070435875    0.594811877479463    0.594811877479463     0
                    0  -0.0980171403295606    0.995184726672197     0
  -0.0491267066948187  -0.0491267066948187    0.997583647309158     0
                    0   -0.049067674327418    0.998795456205172     0
  -0.0984867696244087  -0.0984867696244087    0.990252852769381     0
   -0.147140661366339  -0.0493615095693959    0.987883124233685     0
  -0.0983716007263489  -0.0493033506589752    0.993927667279835     0
                    0   -0.195090322016128     0.98078528040323     0
                    0   -0.146730474455362    0.989176509964781     0
  -0.0493033506589752  -0.0983716007263489    0.993927667279835     0
  -0.0493615095693959   -0.147140661366339    0.987883124233685     0
   -0.293470193670293   -0.100318491325106    0.950689984024958     0
   -0.338871619734745  -0.0502771682879443    0.939488281825429     0
   -0.292247106655137   -0.050222773794293    0.955023194296405     0
   -0.198756853415513   -0.198756853415513    0.959682982260667     0
   -0.197914728701508  -0.0998786107280953    0.975117440763949     0
   -0.198584570764875   -0.149505026666196    0.968613656343782     0
   -0.245991761284734   -0.100220490080289    0.964076712066058     0
   -0.246692127795361   -0.149889230187575    0.957432093026745     0
    -0.24467654579688  -0.0500573191482857     0.96831175389778     0
   -0.196749005534169  -0.0500019460284389     0.97917804010031     0
                    0    -0.38268343236509    0.923879532511287     0
                    0   -0.290284677254462    0.956940335732209     0
   -0.100318491325106   -0.293470193670293    0.950689984024958     0
                    0    -0.33688985339222    0.941544065183021     0
   -0.050222773794293   -0.292247106655137    0.955023194296405     0
  -0.0502771682879443   -0.338871619734745    0.939488281825429     0
  -0.0998786107280953   -0.197914728701508    0.975117440763949     0
  -0.0500019460284389   -0.196749005534169     0.97917804010031     0
  -0.0500573191482857    -0.24467654579688     0.96831175389778     0
                    0   -0.242980179903264    0.970031253194544     0
   -0.149889230187575   -0.246692127795361    0.957432093026745     0
   -0.100220490080289   -0.245991761284734    0.964076712066058     0
   -0.149505026666196   -0.198584570764875    0.968613656343782     0
   -0.148388522635121  -0.0993083567347409    0.983930229555334     0
   -0.149255728805963   -0.149255728805963    0.977468902235361     0
  -0.0993083567347409   -0.148388522635121    0.983930229555334     0
   -0.647770289815384   -0.106574189669187    0.754344479484572     0
    -0.67889209559033   -0.053401431398386    0.732293526988716     0
   -0.642036355636785  -0.0533664391414598    0.764814579629597     0
   -0.577350269189626   -0.211324865405187    0.788675134594813     0
   -0.569815223564394   -0.106288239281359    0.814870186707507     0
   -0.574428903840176   -0.159040826038418    0.802955447136385     0
   -0.609535351501347   -0.106561037418759    0.785564383468578     0
   -0.613874632211945   -0.159290580898258    0.773165213110203     0
   -0.603404464183302  -0.0532588813822261    0.795654789564907     0
   -0.563522820644882  -0.0532225186053302    0.824384251502745     0
   -0.408248290463863   -0.408248290463863    0.816496580927726     0
    -0.40874890037998    -0.31030659960479    0.858273936852256     0
   -0.497051625386297   -0.312459714103783    0.809511339490079     0
   -0.409078782600267   -0.359787723819648    0.838574590251195     0
   -0.453477669371393   -0.311780141951968    0.834955775155727     0
   -0.453621195725725   -0.361127203346817    0.814748399072542     0
   -0.404615044596354   -0.208846598871523    0.890320034496634     0
   -0.493467058338738   -0.211148778438113    0.843745492253799     0
   -0.449607304503891   -0.210262501478585    0.868126115382272     0
    -0.45208216497947   -0.261290740833947    0.852847503872716     0
   -0.407259579531976   -0.259945273736341    0.875538742456082     0
   -0.538353603678211   -0.262454224395268    0.800807828073479     0
   -0.495969628390016   -0.262179718297925     0.82781394227682     0
   -0.536083828719705   -0.211503197326327    0.817239576933205     0
   -0.395893593484548   -0.105018659293459    0.912271529665426     0
   -0.434605115339654  -0.0526255683246314     0.89908227837007     0
   -0.389841416181788  -0.0525839082135741    0.919379466176162     0
   -0.484341251861761   -0.105347400655483    0.868513371756656     0
   -0.521099762366612  -0.0527895943506918    0.851861665054691     0
   -0.478554140662764  -0.0527492214272663    0.876472163901023     0
     -0.4008227969412    -0.15715551919834    0.902575885030025     0
   -0.440654128748456   -0.105311296587647    0.891478249666231     0
    -0.44545610042135    -0.15744264860121    0.881351618253941     0
   -0.532818542750995   -0.159070015625371    0.831144470371818     0
   -0.489632453362312   -0.158483824521413    0.857404769044043     0
   -0.527750510527338   -0.105952787490393    0.842765332379749     0
                    0   -0.707106781186547    0.707106781186547     0
                    0   -0.634393284163645    0.773010453362737     0
   -0.106574189669187   -0.647770289815384    0.754344479484572     0
                    0   -0.671558954847018    0.740951125354959     0
  -0.0533664391414598   -0.642036355636785    0.764814579629597     0
   -0.053401431398386    -0.67889209559033    0.732293526988716     0
                    0   -0.555570233019602    0.831469612302545     0
   -0.106288239281359   -0.569815223564394    0.814870186707507     0
  -0.0532225186053302   -0.563522820644882    0.824384251502745     0
  -0.0532588813822261   -0.603404464183302    0.795654789564907     0
                    0   -0.595699304492433    0.803207531480645     0
   -0.211324865405187   -0.577350269189626    0.788675134594813     0
   -0.159290580898258   -0.613874632211945    0.773165213110203     0
   -0.106561037418759   -0.609535351501347    0.785564383468578     0
   -0.159040826038418   -0.574428903840176    0.802955447136385     0
   -0.105018659293459   -0.395893593484548    0.912271529665426     0
                    0   -0.471396736825998    0.881921264348355     0
  -0.0525839082135741   -0.389841416181788    0.919379466176162     0
  -0.0526255683246314   -0.434605115339654     0.89908227837007     0
                    0   -0.427555093430282    0.903989293123443     0
   -0.208846598871523   -0.404615044596354    0.890320034496634     0
   -0.105347400655483   -0.484341251861761    0.868513371756656     0
    -0.15744264860121    -0.44545610042135    0.881351618253941     0
   -0.105311296587647   -0.440654128748456    0.891478249666231     0
    -0.15715551919834     -0.4008227969412    0.902575885030025     0
                    0   -0.514102744193222    0.857728610000272     0
  -0.0527492214272663   -0.478554140662764    0.876472163901023     0
  -0.0527895943506918   -0.521099762366612    0.851861665054691     0
   -0.312459714103783   -0.497051625386297    0.809511339490079     0
    -0.31030659960479    -0.40874890037998    0.858273936852256     0
   -0.361127203346817   -0.453621195725725    0.814748399072542     0
   -0.311780141951968   -0.453477669371393    0.834955775155727     0
   -0.359787723819648   -0.409078782600267    0.838574590251195     0
   -0.211148778438113   -0.493467058338738    0.843745492253799     0
   -0.211503197326327   -0.536083828719705    0.817239576933205     0
   -0.262179718297925   -0.495969628390016     0.82781394227682     0
   -0.262454224395268   -0.538353603678211    0.800807828073479     0
   -0.259945273736341   -0.407259579531976    0.875538742456082     0
   -0.261290740833947    -0.45208216497947    0.852847503872716     0
   -0.210262501478585   -0.449607304503891    0.868126115382272     0
   -0.105952787490393   -0.527750510527338    0.842765332379749     0
   -0.158483824521413   -0.489632453362312    0.857404769044043     0
   -0.159070015625371   -0.532818542750995    0.831144470371818     0
   -0.345199590199904   -0.102822778868168    0.932879798833508     0
   -0.303485283812735   -0.205017253551223    0.930518462071235     0
    -0.35457611613243   -0.207239329671492     0.91177170284329     0
   -0.350517284991854   -0.155384942193638    0.923576284159256     0
   -0.298906567144267   -0.152887213150693    0.941955606264459     0
   -0.251494116344428   -0.202186962636731    0.946504697074382     0
   -0.360401963905832   -0.360401963905832     0.86036088290068     0
   -0.309712631841301   -0.309712631841301    0.898975067149178     0
   -0.259905941993649   -0.358026618061456    0.896808698706625     0
   -0.310454860173925   -0.359746703349629    0.879886407000053     0
   -0.359746703349629   -0.310454860173925    0.879886407000053     0
   -0.358026618061456   -0.259905941993649    0.896808698706625     0
   -0.102822778868168   -0.345199590199904    0.932879798833508     0
   -0.205017253551223   -0.303485283812735    0.930518462071235     0
   -0.202186962636731   -0.251494116344428    0.946504697074382     0
   -0.152887213150693   -0.298906567144267    0.941955606264459     0
   -0.155384942193638   -0.350517284991854    0.923576284159256     0
   -0.207239329671492    -0.35457611613243     0.91177170284329     0
   -0.307059696822177   -0.257751695690883     0.91612139258722     0
   -0.257751695690883   -0.307059696822177     0.91612139258722     0
   -0.254869820723905   -0.254869820723905     0.93278226235726     0
   -0.995184726672197  -0.0980171403295606                    0     0
   -0.998795456205172   -0.049067674327418                    0     0
   -0.997583647309158  -0.0491267066948187   0.0491267066948187     0
    -0.98078528040323   -0.195090322016128                    0     0
   -0.990252852769381  -0.0984867696244087   0.0984867696244087     0
   -0.987883124233685   -0.147140661366339   0.0493615095693959     0
   -0.993927667279835  -0.0983716007263489   0.0493033506589752     0
   -0.989176509964781   -0.146730474455362                    0     0
   -0.993927667279835  -0.0493033506589752   0.0983716007263489     0
   -0.987883124233685  -0.0493615095693959    0.147140661366339     0
   -0.923879532511287    -0.38268343236509                    0     0
   -0.950689984024958   -0.293470193670293    0.100318491325106     0
   -0.956940335732209   -0.290284677254462                    0     0
   -0.939488281825429   -0.338871619734745   0.0502771682879443     0
   -0.955023194296405   -0.292247106655137    0.050222773794293     0
   -0.941544065183021    -0.33688985339222                    0     0
   -0.959682982260667   -0.198756853415513    0.198756853415513     0
   -0.975117440763949   -0.197914728701508   0.0998786107280953     0
   -0.968613656343782   -0.198584570764875    0.149505026666196     0
   -0.964076712066058   -0.245991761284734    0.100220490080289     0
   -0.957432093026745   -0.246692127795361    0.149889230187575     0
   -0.970031253194544   -0.242980179903264                    0     0
    -0.96831175389778    -0.24467654579688   0.0500573191482857     0
    -0.97917804010031   -0.196749005534169   0.0500019460284389     0
   -0.950689984024958   -0.100318491325106    0.293470193670293     0
   -0.955023194296405   -0.050222773794293    0.292247106655137     0
   -0.939488281825429  -0.0502771682879443    0.338871619734745     0
   -0.975117440763949  -0.0998786107280953    0.197914728701508     0
    -0.97917804010031  -0.0500019460284389    0.196749005534169     0
    -0.96831175389778  -0.0500573191482857     0.24467654579688     0
   -0.957432093026745   -0.149889230187575    0.246692127795361     0
   -0.964076712066058   -0.100220490080289    0.245991761284734     0
   -0.968613656343782   -0.149505026666196    0.198584570764875     0
   -0.983930229555334   -0.148388522635121   0.0993083567347409     0
   -0.977468902235361   -0.149255728805963    0.149255728805963     0
   -0.983930229555334  -0.0993083567347409    0.148388522635121     0
   -0.707106781186547   -0.707106781186547                    0     0
   -0.754344479484572   -0.647770289815384    0.106574189669187     0
   -0.773010453362737   -0.634393284163645                    0     0
   -0.732293526988716    -0.67889209559033    0.053401431398386     0
   -0.764814579629597   -0.642036355636785   0.0533664391414598     0
   -0.740951125354959   -0.671558954847018                    0     0
   -0.788675134594813   -0.577350269189626    0.211324865405187     0
   -0.814870186707507   -0.569815223564394    0.106288239281359     0
   -0.802955447136385   -0.574428903840176    0.159040826038418     0
   -0.785564383468578   -0.609535351501347    0.106561037418759     0
   -0.773165213110203   -0.613874632211945    0.159290580898258     0
   -0.831469612302545   -0.555570233019602                    0     0
   -0.803207531480645   -0.595699304492433                    0     0
   -0.795654789564907   -0.603404464183302   0.0532588813822261     0
   -0.824384251502745   -0.563522820644882   0.0532225186053302     0
   -0.816496580927726   -0.408248290463863    0.408248290463863     0
   -0.858273936852256    -0.40874890037998     0.31030659960479     0
   -0.809511339490079   -0.497051625386297    0.312459714103783     0
   -0.838574590251195   -0.409078782600267    0.359787723819648     0
   -0.834955775155727   -0.453477669371393    0.311780141951968     0
   -0.814748399072542   -0.453621195725725    0.361127203346817     0
   -0.890320034496634   -0.404615044596354    0.208846598871523     0
   -0.843745492253799   -0.493467058338738    0.211148778438113     0
   -0.868126115382272   -0.449607304503891    0.210262501478585     0
   -0.852847503872716    -0.45208216497947    0.261290740833947     0
   -0.875538742456082   -0.407259579531976    0.259945273736341     0
   -0.800807828073479   -0.538353603678211    0.262454224395268     0
    -0.82781394227682   -0.495969628390016    0.262179718297925     0
   -0.817239576933205   -0.536083828719705    0.211503197326327     0
   -0.881921264348355   -0.471396736825998                    0     0
   -0.912271529665426   -0.395893593484548    0.105018659293459     0
   -0.903989293123443   -0.427555093430282                    0     0
    -0.89908227837007   -0.434605115339654   0.0526255683246314     0
   -0.919379466176162   -0.389841416181788   0.0525839082135741     0
   -0.868513371756656   -0.484341251861761    0.105347400655483     0
   -0.851861665054691   -0.521099762366612   0.0527895943506918     0
   -0.876472163901023   -0.478554140662764   0.0527492214272663     0
   -0.857728610000272   -0.514102744193222                    0     0
   -0.902575885030025     -0.4008227969412     0.15715551919834     0
   -0.891478249666231   -0.440654128748456    0.105311296587647     0
   -0.881351618253941    -0.44545610042135     0.15744264860121     0
   -0.831144470371818   -0.532818542750995    0.159070015625371     0
   -0.857404769044043   -0.489632453362312    0.158483824521413     0
   -0.842765332379749   -0.527750510527338    0.105952787490393     0
   -0.754344479484572   -0.106574189669187    0.647770289815384     0
   -0.764814579629597  -0.0533664391414598    0.642036355636785     0
   -0.732293526988716   -0.053401431398386     0.67889209559033     0
   -0.814870186707507   -0.106288239281359    0.569815223564394     0
   -0.824384251502745  -0.0532225186053302    0.563522820644882     0
   -0.795654789564907  -0.0532588813822261    0.603404464183302     0
   -0.788675134594813   -0.211324865405187    0.577350269189626     0
   -0.773165213110203   -0.159290580898258    0.613874632211945     0
   -0.785564383468578   -0.106561037418759    0.609535351501347     0
   -0.802955447136385   -0.159040826038418    0.574428903840176     0
   -0.912271529665426   -0.105018659293459    0.395893593484548     0
   -0.919379466176162  -0.0525839082135741    0.389841416181788     0
    -0.89908227837007  -0.0526255683246314    0.434605115339654     0
   -0.890320034496634   -0.208846598871523    0.404615044596354     0
   -0.868513371756656   -0.105347400655483    0.484341251861761     0
   -0.881351618253941    -0.15744264860121     0.44545610042135     0
   -0.891478249666231   -0.105311296587647    0.440654128748456     0
   -0.902575885030025    -0.15715551919834      0.4008227969412     0
   -0.876472163901023  -0.0527492214272663    0.478554140662764     0
   -0.851861665054691  -0.0527895943506918    0.521099762366612     0
   -0.809511339490079   -0.312459714103783    0.497051625386297     0
   -0.858273936852256    -0.31030659960479     0.40874890037998     0
   -0.814748399072542   -0.361127203346817    0.453621195725725     0
   -0.834955775155727   -0.311780141951968    0.453477669371393     0
   -0.838574590251195   -0.359787723819648    0.409078782600267     0
   -0.843745492253799   -0.211148778438113    0.493467058338738     0
   -0.817239576933205   -0.211503197326327    0.536083828719705     0
    -0.82781394227682   -0.262179718297925    0.495969628390016     0
   -0.800807828073479   -0.262454224395268    0.538353603678211     0
   -0.875538742456082   -0.259945273736341    0.407259579531976     0
   -0.852847503872716   -0.261290740833947     0.45208216497947     0
   -0.868126115382272   -0.210262501478585    0.449607304503891     0
   -0.842765332379749   -0.105952787490393    0.527750510527338     0
   -0.857404769044043   -0.158483824521413    0.489632453362312     0
   -0.831144470371818   -0.159070015625371    0.532818542750995     0
   -0.932879798833508   -0.345199590199904    0.102822778868168     0
   -0.930518462071235   -0.303485283812735    0.205017253551223     0
    -0.91177170284329    -0.35457611613243    0.207239329671492     0
   -0.923576284159256   -0.350517284991854    0.155384942193638     0
   -0.941955606264459   -0.298906567144267    0.152887213150693     0
   -0.946504697074382   -0.251494116344428    0.202186962636731     0
    -0.86036088290068   -0.360401963905832    0.360401963905832     0
   -0.898975067149178   -0.309712631841301    0.309712631841301     0
   -0.896808698706625   -0.259905941993649    0.358026618061456     0
   -0.879886407000053   -0.310454860173925    0.359746703349629     0
   -0.879886407000053   -0.359746703349629    0.310454860173925     0
   -0.896808698706625   -0.358026618061456    0.259905941993649     0
   -0.932879798833508   -0.102822778868168    0.345199590199904     0
   -0.930518462071235   -0.205017253551223    0.303485283812735     0
   -0.946504697074382   -0.202186962636731    0.251494116344428     0
   -0.941955606264459   -0.152887213150693    0.298906567144267     0
   -0.923576284159256   -0.155384942193638    0.350517284991854     0
    -0.91177170284329   -0.207239329671492     0.35457611613243     0
    -0.91612139258722   -0.307059696822177    0.257751695690883     0
    -0.91612139258722   -0.257751695690883    0.307059696822177     0
    -0.93278226235726   -0.254869820723905    0.254869820723905     0
                    0                   -1                    0     0
                    0   -0.995184726672197   0.0980171403295606     0
  -0.0980171403295606   -0.995184726672197                    0     0
                    0   -0.998795456205172    0.049067674327418     0
  -0.0491267066948187   -0.997583647309158   0.0491267066948187     0
   -0.049067674327418   -0.998795456205172                    0     0
                    0    -0.98078528040323    0.195090322016128     0
  -0.0984867696244087   -0.990252852769381   0.0984867696244087     0
  -0.0493615095693959   -0.987883124233685    0.147140661366339     0
  -0.0493033506589752   -0.993927667279835   0.0983716007263489     0
                    0   -0.989176509964781    0.146730474455362     0
   -0.195090322016128    -0.98078528040323                    0     0
   -0.146730474455362   -0.989176509964781                    0     0
  -0.0983716007263489   -0.993927667279835   0.0493033506589752     0
   -0.147140661366339   -0.987883124233685   0.0493615095693959     0
                    0   -0.923879532511287     0.38268343236509     0
   -0.100318491325106   -0.950689984024958    0.293470193670293     0
                    0   -0.956940335732209    0.290284677254462     0
  -0.0502771682879443   -0.939488281825429    0.338871619734745     0
   -0.050222773794293   -0.955023194296405    0.292247106655137     0
                    0   -0.941544065183021     0.33688985339222     0
   -0.198756853415513   -0.959682982260667    0.198756853415513     0
  -0.0998786107280953   -0.975117440763949    0.197914728701508     0
   -0.149505026666196   -0.968613656343782    0.198584570764875     0
   -0.100220490080289   -0.964076712066058    0.245991761284734     0
   -0.149889230187575   -0.957432093026745    0.246692127795361     0
                    0   -0.970031253194544    0.242980179903264     0
  -0.0500573191482857    -0.96831175389778     0.24467654579688     0
  -0.0500019460284389    -0.97917804010031    0.196749005534169     0
    -0.38268343236509   -0.923879532511287                    0     0
   -0.290284677254462   -0.956940335732209                    0     0
   -0.293470193670293   -0.950689984024958    0.100318491325106     0
    -0.33688985339222   -0.941544065183021                    0     0
   -0.292247106655137   -0.955023194296405    0.050222773794293     0
   -0.338871619734745   -0.939488281825429   0.0502771682879443     0
   -0.197914728701508   -0.975117440763949   0.0998786107280953     0
   -0.196749005534169    -0.97917804010031   0.0500019460284389     0
    -0.24467654579688    -0.96831175389778   0.0500573191482857     0
   -0.242980179903264   -0.970031253194544                    0     0
   -0.246692127795361   -0.957432093026745    0.149889230187575     0
   -0.245991761284734   -0.964076712066058    0.100220490080289     0
   -0.198584570764875   -0.968613656343782    0.149505026666196     0
  -0.0993083567347409   -0.983930229555334    0.148388522635121     0
   -0.149255728805963   -0.977468902235361    0.149255728805963     0
   -0.148388522635121   -0.983930229555334   0.0993083567347409     0
   -0.106574189669187   -0.754344479484572    0.647770289815384     0
                    0   -0.773010453362737    0.634393284163645     0
   -0.053401431398386   -0.732293526988716     0.67889209559033     0
  -0.0533664391414598   -0.764814579629597    0.642036355636785     0
                    0   -0.740951125354959    0.671558954847018     0
   -0.211324865405187   -0.788675134594813    0.577350269189626     0
   -0.106288239281359   -0.814870186707507    0.569815223564394     0
   -0.159040826038418   -0.802955447136385    0.574428903840176     0
   -0.106561037418759   -0.785564383468578    0.609535351501347     0
   -0.159290580898258   -0.773165213110203    0.613874632211945     0
                    0   -0.831469612302545    0.555570233019602     0
                    0   -0.803207531480645    0.595699304492433     0
  -0.0532588813822261   -0.795654789564907    0.603404464183302     0
  -0.0532225186053302   -0.824384251502745    0.563522820644882     0
   -0.408248290463863   -0.816496580927726    0.408248290463863     0
    -0.31030659960479   -0.858273936852256     0.40874890037998     0
   -0.312459714103783   -0.809511339490079    0.497051625386297     0
   -0.359787723819648   -0.838574590251195    0.409078782600267     0
   -0.311780141951968   -0.834955775155727    0.453477669371393     0
   -0.361127203346817   -0.814748399072542    0.453621195725725     0
   -0.208846598871523   -0.890320034496634    0.404615044596354     0
   -0.211148778438113   -0.843745492253799    0.493467058338738     0
   -0.210262501478585   -0.868126115382272    0.449607304503891     0
   -0.261290740833947   -0.852847503872716     0.45208216497947     0
   -0.259945273736341   -0.875538742456082    0.407259579531976     0
   -0.262454224395268   -0.800807828073479    0.538353603678211     0
   -0.262179718297925    -0.82781394227682    0.495969628390016     0
   -0.211503197326327   -0.817239576933205    0.536083828719705     0
                    0   -0.881921264348355    0.471396736825998     0
   -0.105018659293459   -0.912271529665426    0.395893593484548     0
                    0   -0.903989293123443    0.427555093430282     0
  -0.0526255683246314    -0.89908227837007    0.434605115339654     0
  -0.0525839082135741   -0.919379466176162    0.389841416181788     0
   -0.105347400655483   -0.868513371756656    0.484341251861761     0
  -0.0527895943506918   -0.851861665054691    0.521099762366612     0
  -0.0527492214272663   -0.876472163901023    0.478554140662764     0
                    0   -0.857728610000272    0.514102744193222     0
    -0.15715551919834   -0.902575885030025      0.4008227969412     0
   -0.105311296587647   -0.891478249666231    0.440654128748456     0
    -0.15744264860121   -0.881351618253941     0.44545610042135     0
   -0.159070015625371   -0.831144470371818    0.532818542750995     0
   -0.158483824521413   -0.857404769044043    0.489632453362312     0
   -0.105952787490393   -0.842765332379749    0.527750510527338     0
   -0.634393284163645   -0.773010453362737                    0     0
   -0.647770289815384   -0.754344479484572    0.106574189669187     0
   -0.671558954847018   -0.740951125354959                    0     0
   -0.642036355636785   -0.764814579629597   0.0533664391414598     0
    -0.67889209559033   -0.732293526988716    0.053401431398386     0
   -0.555570233019602   -0.831469612302545                    0     0
   -0.569815223564394   -0.814870186707507    0.106288239281359     0
   -0.563522820644882   -0.824384251502745   0.0532225186053302     0
   -0.603404464183302   -0.795654789564907   0.0532588813822261     0
   -0.595699304492433   -0.803207531480645                    0     0
   -0.577350269189626   -0.788675134594813    0.211324865405187     0
   -0.613874632211945   -0.773165213110203    0.159290580898258     0
   -0.609535351501347   -0.785564383468578    0.106561037418759     0
   -0.574428903840176   -0.802955447136385    0.159040826038418     0
   -0.395893593484548   -0.912271529665426    0.105018659293459     0
   -0.471396736825998   -0.881921264348355                    0     0
   -0.389841416181788   -0.919379466176162   0.0525839082135741     0
   -0.434605115339654    -0.89908227837007   0.0526255683246314     0
   -0.427555093430282   -0.903989293123443                    0     0
   -0.404615044596354   -0.890320034496634    0.208846598871523     0
   -0.484341251861761   -0.868513371756656    0.105347400655483     0
    -0.44545610042135   -0.881351618253941     0.15744264860121     0
   -0.440654128748456   -0.891478249666231    0.105311296587647     0
     -0.4008227969412   -0.902575885030025     0.15715551919834     0
   -0.514102744193222   -0.857728610000272                    0     0
   -0.478554140662764   -0.876472163901023   0.0527492214272663     0
   -0.521099762366612   -0.851861665054691   0.0527895943506918     0
   -0.497051625386297   -0.809511339490079    0.312459714103783     0
    -0.40874890037998   -0.858273936852256     0.31030659960479     0
   -0.453621195725725   -0.814748399072542    0.361127203346817     0
   -0.453477669371393   -0.834955775155727    0.311780141951968     0
   -0.409078782600267   -0.838574590251195    0.359787723819648     0
   -0.493467058338738   -0.843745492253799    0.211148778438113     0
   -0.536083828719705   -0.817239576933205    0.211503197326327     0
   -0.495969628390016    -0.82781394227682    0.262179718297925     0
   -0.538353603678211   -0.800807828073479    0.262454224395268     0
   -0.407259579531976   -0.875538742456082    0.259945273736341     0
    -0.45208216497947   -0.852847503872716    0.261290740833947     0
   -0.449607304503891   -0.868126115382272    0.210262501478585     0
   -0.527750510527338   -0.842765332379749    0.105952787490393     0
   -0.489632453362312   -0.857404769044043    0.158483824521413     0
   -0.532818542750995   -0.831144470371818    0.159070015625371     0
   -0.102822778868168   -0.932879798833508    0.345199590199904     0
   -0.205017253551223   -0.930518462071235    0.303485283812735     0
   -0.207239329671492    -0.91177170284329     0.35457611613243     0
   -0.155384942193638   -0.923576284159256    0.350517284991854     0
   -0.152887213150693   -0.941955606264459    0.298906567144267     0
   -0.202186962636731   -0.946504697074382    0.251494116344428     0
   -0.360401963905832    -0.86036088290068    0.360401963905832     0
   -0.309712631841301   -0.898975067149178    0.309712631841301     0
   -0.358026618061456   -0.896808698706625    0.259905941993649     0
   -0.359746703349629   -0.879886407000053    0.310454860173925     0
   -0.310454860173925   -0.879886407000053    0.359746703349629     0
   -0.259905941993649   -0.896808698706625    0.358026618061456     0
   -0.345199590199904   -0.932879798833508    0.102822778868168     0
   -0.303485283812735   -0.930518462071235    0.205017253551223     0
   -0.251494116344428   -0.946504697074382    0.202186962636731     0
   -0.298906567144267   -0.941955606264459    0.152887213150693     0
   -0.350517284991854   -0.923576284159256    0.155384942193638     0
    -0.35457611613243    -0.91177170284329    0.207239329671492     0
   -0.257751695690883    -0.91612139258722    0.307059696822177     0
   -0.307059696822177    -0.91612139258722    0.257751695690883     0
   -0.254869820723905    -0.93278226235726    0.254869820723905     0
    -0.70305656634142   -0.106878103690253     0.70305656634142     0
   -0.690768358169145   -0.213724473808237    0.690768358169145     0
    -0.74180685057948   -0.213123727404914      0.6358465799628     0
   -0.724130573973053   -0.160498231683612    0.670727388335895     0
   -0.670727388335895   -0.160498231683612    0.724130573973053     0
     -0.6358465799628   -0.213123727404914     0.74180685057948     0
   -0.735924101061586   -0.421838735640695    0.529592105860498     0
   -0.778295164933487   -0.416158278736229    0.470179671275199     0
   -0.774504796268762   -0.367998336453836    0.514509032888532     0
   -0.639602149066831   -0.426401432711221    0.639602149066831     0
   -0.720686637243745   -0.321786831260907    0.614055377083669     0
   -0.681694586366843   -0.374946771792734    0.628257438666942     0
   -0.729892476624202   -0.372623029910077     0.57306984752997     0
   -0.689610388559232   -0.425259228629117     0.58616729732812     0
   -0.767179591007761   -0.317985654581484    0.557064267945405     0
   -0.756400963593984   -0.267163385601228    0.597060556114856     0
   -0.529592105860498   -0.421838735640695    0.735924101061586     0
   -0.514509032888532   -0.367998336453836    0.774504796268762     0
   -0.470179671275199   -0.416158278736229    0.778295164933487     0
   -0.614055377083669   -0.321786831260907    0.720686637243745     0
   -0.597060556114856   -0.267163385601228    0.756400963593984     0
   -0.557064267945405   -0.317985654581484    0.767179591007761     0
    -0.58616729732812   -0.425259228629117    0.689610388559232     0
    -0.57306984752997   -0.372623029910077    0.729892476624202     0
   -0.628257438666942   -0.374946771792734    0.681694586366843     0
   -0.707361396393885   -0.268375559808488    0.653922330089113     0
   -0.669276174074624   -0.322705447168261    0.669276174074624     0
   -0.653922330089113   -0.268375559808488    0.707361396393885     0
    -0.70305656634142    -0.70305656634142    0.106878103690253     0
   -0.690768358169145   -0.690768358169145    0.213724473808237     0
     -0.6358465799628    -0.74180685057948    0.213123727404914     0
   -0.670727388335895   -0.724130573973053    0.160498231683612     0
   -0.724130573973053   -0.670727388335895    0.160498231683612     0
    -0.74180685057948     -0.6358465799628    0.213123727404914     0
   -0.529592105860498   -0.735924101061586    0.421838735640695     0
   -0.470179671275199   -0.778295164933487    0.416158278736229     0
   -0.514509032888532   -0.774504796268762    0.367998336453836     0
   -0.639602149066831   -0.639602149066831    0.426401432711221     0
   -0.614055377083669   -0.720686637243745    0.321786831260907     0
   -0.628257438666942   -0.681694586366843    0.374946771792734     0
    -0.57306984752997   -0.729892476624202    0.372623029910077     0
    -0.58616729732812   -0.689610388559232    0.425259228629117     0
   -0.557064267945405   -0.767179591007761    0.317985654581484     0
   -0.597060556114856   -0.756400963593984    0.267163385601228     0
   -0.735924101061586   -0.529592105860498    0.421838735640695     0
   -0.774504796268762   -0.514509032888532    0.367998336453836     0
   -0.778295164933487   -0.470179671275199    0.416158278736229     0
   -0.720686637243745   -0.614055377083669    0.321786831260907     0
   -0.756400963593984   -0.597060556114856    0.267163385601228     0
   -0.767179591007761   -0.557064267945405    0.317985654581484     0
   -0.689610388559232    -0.58616729732812    0.425259228629117     0
   -0.729892476624202    -0.57306984752997    0.372623029910077     0
   -0.681694586366843   -0.628257438666942    0.374946771792734     0
   -0.653922330089113   -0.707361396393885    0.268375559808488     0
   -0.669276174074624   -0.669276174074624    0.322705447168261     0
   -0.707361396393885   -0.653922330089113    0.268375559808488     0
   -0.106878103690253    -0.70305656634142     0.70305656634142     0
   -0.213724473808237   -0.690768358169145    0.690768358169145     0
   -0.213123727404914     -0.6358465799628     0.74180685057948     0
   -0.160498231683612   -0.670727388335895    0.724130573973053     0
   -0.160498231683612   -0.724130573973053    0.670727388335895     0
   -0.213123727404914    -0.74180685057948      0.6358465799628     0
   -0.421838735640695   -0.529592105860498    0.735924101061586     0
   -0.416158278736229   -0.470179671275199    0.778295164933487     0
   -0.367998336453836   -0.514509032888532    0.774504796268762     0
   -0.426401432711221   -0.639602149066831    0.639602149066831     0
   -0.321786831260907   -0.614055377083669    0.720686637243745     0
   -0.374946771792734   -0.628257438666942    0.681694586366843     0
   -0.372623029910077    -0.57306984752997    0.729892476624202     0
   -0.425259228629117    -0.58616729732812    0.689610388559232     0
   -0.317985654581484   -0.557064267945405    0.767179591007761     0
   -0.267163385601228   -0.597060556114856    0.756400963593984     0
   -0.421838735640695   -0.735924101061586    0.529592105860498     0
   -0.367998336453836   -0.774504796268762    0.514509032888532     0
   -0.416158278736229   -0.778295164933487    0.470179671275199     0
   -0.321786831260907   -0.720686637243745    0.614055377083669     0
   -0.267163385601228   -0.756400963593984    0.597060556114856     0
   -0.317985654581484   -0.767179591007761    0.557064267945405     0
   -0.425259228629117   -0.689610388559232     0.58616729732812     0
   -0.372623029910077   -0.729892476624202     0.57306984752997     0
   -0.374946771792734   -0.681694586366843    0.628257438666942     0
   -0.268375559808488   -0.653922330089113    0.707361396393885     0
   -0.322705447168261   -0.669276174074624    0.669276174074624     0
   -0.268375559808488   -0.707361396393885    0.653922330089113     0
     -0.7380696120737   -0.477102320122937    0.477102320122937     0
   -0.646996639220631   -0.539163866017192    0.539163866017192     0
   -0.645145368133153   -0.591074266249286    0.484168013972636     0
   -0.693349277701198   -0.535837781266493    0.481813917688799     0
   -0.693349277701198   -0.481813917688799    0.535837781266493     0
   -0.645145368133153   -0.484168013972636    0.591074266249286     0
   -0.477102320122937     -0.7380696120737    0.477102320122937     0
   -0.539163866017192   -0.646996639220631    0.539163866017192     0
   -0.484168013972636   -0.645145368133153    0.591074266249286     0
   -0.481813917688799   -0.693349277701198    0.535837781266493     0
   -0.535837781266493   -0.693349277701198    0.481813917688799     0
   -0.591074266249286   -0.645145368133153    0.484168013972636     0
   -0.477102320122937   -0.477102320122937      0.7380696120737     0
   -0.539163866017192   -0.539163866017192    0.646996639220631     0
   -0.591074266249286   -0.484168013972636    0.645145368133153     0
   -0.535837781266493   -0.481813917688799    0.693349277701198     0
   -0.481813917688799   -0.535837781266493    0.693349277701198     0
   -0.484168013972636   -0.591074266249286    0.645145368133153     0
   -0.594811877479463   -0.594811877479463    0.540738070435875     0
   -0.540738070435875   -0.594811877479463    0.594811877479463     0
   -0.594811877479463   -0.540738070435875    0.594811877479463     0
   0.0491267066948187  -0.0491267066948187    0.997583647309158     0
   0.0984867696244087  -0.0984867696244087    0.990252852769381     0
   0.0493615095693959   -0.147140661366339    0.987883124233685     0
   0.0493033506589752  -0.0983716007263489    0.993927667279835     0
   0.0983716007263489  -0.0493033506589752    0.993927667279835     0
    0.147140661366339  -0.0493615095693959    0.987883124233685     0
    0.100318491325106   -0.293470193670293    0.950689984024958     0
   0.0502771682879443   -0.338871619734745    0.939488281825429     0
    0.050222773794293   -0.292247106655137    0.955023194296405     0
    0.198756853415513   -0.198756853415513    0.959682982260667     0
   0.0998786107280953   -0.197914728701508    0.975117440763949     0
    0.149505026666196   -0.198584570764875    0.968613656343782     0
    0.100220490080289   -0.245991761284734    0.964076712066058     0
    0.149889230187575   -0.246692127795361    0.957432093026745     0
   0.0500573191482857    -0.24467654579688     0.96831175389778     0
   0.0500019460284389   -0.196749005534169     0.97917804010031     0
    0.293470193670293   -0.100318491325106    0.950689984024958     0
    0.292247106655137   -0.050222773794293    0.955023194296405     0
    0.338871619734745  -0.0502771682879443    0.939488281825429     0
    0.197914728701508  -0.0998786107280953    0.975117440763949     0
    0.196749005534169  -0.0500019460284389     0.97917804010031     0
     0.24467654579688  -0.0500573191482857     0.96831175389778     0
    0.246692127795361   -0.149889230187575    0.957432093026745     0
    0.245991761284734   -0.100220490080289    0.964076712066058     0
    0.198584570764875   -0.149505026666196    0.968613656343782     0
   0.0993083567347409   -0.148388522635121    0.983930229555334     0
    0.149255728805963   -0.149255728805963    0.977468902235361     0
    0.148388522635121  -0.0993083567347409    0.983930229555334     0
    0.106574189669187   -0.647770289815384    0.754344479484572     0
    0.053401431398386    -0.67889209559033    0.732293526988716     0
   0.0533664391414598   -0.642036355636785    0.764814579629597     0
    0.211324865405187   -0.577350269189626    0.788675134594813     0
    0.106288239281359   -0.569815223564394    0.814870186707507     0
    0.159040826038418   -0.574428903840176    0.802955447136385     0
    0.106561037418759   -0.609535351501347    0.785564383468578     0
    0.159290580898258   -0.613874632211945    0.773165213110203     0
   0.0532588813822261   -0.603404464183302    0.795654789564907     0
   0.0532225186053302   -0.563522820644882    0.824384251502745     0
    0.408248290463863   -0.408248290463863    0.816496580927726     0
     0.31030659960479    -0.40874890037998    0.858273936852256     0
    0.312459714103783   -0.497051625386297    0.809511339490079     0
    0.359787723819648   -0.409078782600267    0.838574590251195     0
    0.311780141951968   -0.453477669371393    0.834955775155727     0
    0.361127203346817   -0.453621195725725    0.814748399072542     0
    0.208846598871523   -0.404615044596354    0.890320034496634     0
    0.211148778438113   -0.493467058338738    0.843745492253799     0
    0.210262501478585   -0.449607304503891    0.868126115382272     0
    0.261290740833947    -0.45208216497947    0.852847503872716     0
    0.259945273736341   -0.407259579531976    0.875538742456082     0
    0.262454224395268   -0.538353603678211    0.800807828073479     0
    0.262179718297925   -0.495969628390016     0.82781394227682     0
    0.211503197326327   -0.536083828719705    0.817239576933205     0
    0.105018659293459   -0.395893593484548    0.912271529665426     0
   0.0526255683246314   -0.434605115339654     0.89908227837007     0
   0.0525839082135741   -0.389841416181788    0.919379466176162     0
    0.105347400655483   -0.484341251861761    0.868513371756656     0
   0.0527895943506918   -0.521099762366612    0.851861665054691     0
   0.0527492214272663   -0.478554140662764    0.876472163901023     0
     0.15715551919834     -0.4008227969412    0.902575885030025     0
    0.105311296587647   -0.440654128748456    0.891478249666231     0
     0.15744264860121    -0.44545610042135    0.881351618253941     0
    0.159070015625371   -0.532818542750995    0.831144470371818     0
    0.158483824521413   -0.489632453362312    0.857404769044043     0
    0.105952787490393   -0.527750510527338    0.842765332379749     0
    0.647770289815384   -0.106574189669187    0.754344479484572     0
    0.642036355636785  -0.0533664391414598    0.764814579629597     0
     0.67889209559033   -0.053401431398386    0.732293526988716     0
    0.569815223564394   -0.106288239281359    0.814870186707507     0
    0.563522820644882  -0.0532225186053302    0.824384251502745     0
    0.603404464183302  -0.0532588813822261    0.795654789564907     0
    0.577350269189626   -0.211324865405187    0.788675134594813     0
    0.613874632211945   -0.159290580898258    0.773165213110203     0
    0.609535351501347   -0.106561037418759    0.785564383468578     0
    0.574428903840176   -0.159040826038418    0.802955447136385     0
    0.395893593484548   -0.105018659293459    0.912271529665426     0
    0.389841416181788  -0.0525839082135741    0.919379466176162     0
    0.434605115339654  -0.0526255683246314     0.89908227837007     0
    0.404615044596354   -0.208846598871523    0.890320034496634     0
    0.484341251861761   -0.105347400655483    0.868513371756656     0
     0.44545610042135    -0.15744264860121    0.881351618253941     0
    0.440654128748456   -0.105311296587647    0.891478249666231     0
      0.4008227969412    -0.15715551919834    0.902575885030025     0
    0.478554140662764  -0.0527492214272663    0.876472163901023     0
    0.521099762366612  -0.0527895943506918    0.851861665054691     0
    0.497051625386297   -0.312459714103783    0.809511339490079     0
     0.40874890037998    -0.31030659960479    0.858273936852256     0
    0.453621195725725   -0.361127203346817    0.814748399072542     0
    0.453477669371393   -0.311780141951968    0.834955775155727     0
    0.409078782600267   -0.359787723819648    0.838574590251195     0
    0.493467058338738   -0.211148778438113    0.843745492253799     0
    0.536083828719705   -0.211503197326327    0.817239576933205     0
    0.495969628390016   -0.262179718297925     0.82781394227682     0
    0.538353603678211   -0.262454224395268    0.800807828073479     0
    0.407259579531976   -0.259945273736341    0.875538742456082     0
     0.45208216497947   -0.261290740833947    0.852847503872716     0
    0.449607304503891   -0.210262501478585    0.868126115382272     0
    0.527750510527338   -0.105952787490393    0.842765332379749     0
    0.489632453362312   -0.158483824521413    0.857404769044043     0
    0.532818542750995   -0.159070015625371    0.831144470371818     0
    0.102822778868168   -0.345199590199904    0.932879798833508     0
    0.205017253551223   -0.303485283812735    0.930518462071235     0
    0.207239329671492    -0.35457611613243     0.91177170284329     0
    0.155384942193638   -0.350517284991854    0.923576284159256     0
    0.152887213150693   -0.298906567144267    0.941955606264459     0
    0.202186962636731   -0.251494116344428    0.946504697074382     0
    0.360401963905832   -0.360401963905832     0.86036088290068     0
    0.309712631841301   -0.309712631841301    0.898975067149178     0
    0.358026618061456   -0.259905941993649    0.896808698706625     0
    0.359746703349629   -0.310454860173925    0.879886407000053     0
    0.310454860173925   -0.359746703349629    0.879886407000053     0
    0.259905941993649   -0.358026618061456    0.896808698706625     0
    0.345199590199904   -0.102822778868168    0.932879798833508     0
    0.303485283812735   -0.205017253551223    0.930518462071235     0
    0.251494116344428   -0.202186962636731    0.946504697074382     0
    0.298906567144267   -0.152887213150693    0.941955606264459     0
    0.350517284991854   -0.155384942193638    0.923576284159256     0
     0.35457611613243   -0.207239329671492     0.91177170284329     0
    0.257751695690883   -0.307059696822177     0.91612139258722     0
    0.307059696822177   -0.257751695690883     0.91612139258722     0
    0.254869820723905   -0.254869820723905     0.93278226235726     0
   0.0980171403295606   -0.995184726672197                    0     0
    0.049067674327418   -0.998795456205172                    0     0
   0.0491267066948187   -0.997583647309158   0.0491267066948187     0
    0.195090322016128    -0.98078528040323                    0     0
   0.0984867696244087   -0.990252852769381   0.0984867696244087     0
    0.147140661366339   -0.987883124233685   0.0493615095693959     0
   0.0983716007263489   -0.993927667279835   0.0493033506589752     0
    0.146730474455362   -0.989176509964781                    0     0
   0.0493033506589752   -0.993927667279835   0.0983716007263489     0
   0.0493615095693959   -0.987883124233685    0.147140661366339     0
     0.38268343236509   -0.923879532511287                    0     0
    0.293470193670293   -0.950689984024958    0.100318491325106     0
    0.290284677254462   -0.956940335732209                    0     0
    0.338871619734745   -0.939488281825429   0.0502771682879443     0
    0.292247106655137   -0.955023194296405    0.050222773794293     0
     0.33688985339222   -0.941544065183021                    0     0
    0.198756853415513   -0.959682982260667    0.198756853415513     0
    0.197914728701508   -0.975117440763949   0.0998786107280953     0
    0.198584570764875   -0.968613656343782    0.149505026666196     0
    0.245991761284734   -0.964076712066058    0.100220490080289     0
    0.246692127795361   -0.957432093026745    0.149889230187575     0
    0.242980179903264   -0.970031253194544                    0     0
     0.24467654579688    -0.96831175389778   0.0500573191482857     0
    0.196749005534169    -0.97917804010031   0.0500019460284389     0
    0.100318491325106   -0.950689984024958    0.293470193670293     0
    0.050222773794293   -0.955023194296405    0.292247106655137     0
   0.0502771682879443   -0.939488281825429    0.338871619734745     0
   0.0998786107280953   -0.975117440763949    0.197914728701508     0
   0.0500019460284389    -0.97917804010031    0.196749005534169     0
   0.0500573191482857    -0.96831175389778     0.24467654579688     0
    0.149889230187575   -0.957432093026745    0.246692127795361     0
    0.100220490080289   -0.964076712066058    0.245991761284734     0
    0.149505026666196   -0.968613656343782    0.198584570764875     0
    0.148388522635121   -0.983930229555334   0.0993083567347409     0
    0.149255728805963   -0.977468902235361    0.149255728805963     0
   0.0993083567347409   -0.983930229555334    0.148388522635121     0
    0.707106781186547   -0.707106781186547                    0     0
    0.647770289815384   -0.754344479484572    0.106574189669187     0
    0.634393284163645   -0.773010453362737                    0     0
     0.67889209559033   -0.732293526988716    0.053401431398386     0
    0.642036355636785   -0.764814579629597   0.0533664391414598     0
    0.671558954847018   -0.740951125354959                    0     0
    0.577350269189626   -0.788675134594813    0.211324865405187     0
    0.569815223564394   -0.814870186707507    0.106288239281359     0
    0.574428903840176   -0.802955447136385    0.159040826038418     0
    0.609535351501347   -0.785564383468578    0.106561037418759     0
    0.613874632211945   -0.773165213110203    0.159290580898258     0
    0.555570233019602   -0.831469612302545                    0     0
    0.595699304492433   -0.803207531480645                    0     0
    0.603404464183302   -0.795654789564907   0.0532588813822261     0
    0.563522820644882   -0.824384251502745   0.0532225186053302     0
    0.408248290463863   -0.816496580927726    0.408248290463863     0
     0.40874890037998   -0.858273936852256     0.31030659960479     0
    0.497051625386297   -0.809511339490079    0.312459714103783     0
    0.409078782600267   -0.838574590251195    0.359787723819648     0
    0.453477669371393   -0.834955775155727    0.311780141951968     0
    0.453621195725725   -0.814748399072542    0.361127203346817     0
    0.404615044596354   -0.890320034496634    0.208846598871523     0
    0.493467058338738   -0.843745492253799    0.211148778438113     0
    0.449607304503891   -0.868126115382272    0.210262501478585     0
     0.45208216497947   -0.852847503872716    0.261290740833947     0
    0.407259579531976   -0.875538742456082    0.259945273736341     0
    0.538353603678211   -0.800807828073479    0.262454224395268     0
    0.495969628390016    -0.82781394227682    0.262179718297925     0
    0.536083828719705   -0.817239576933205    0.211503197326327     0
    0.471396736825998   -0.881921264348355                    0     0
    0.395893593484548   -0.912271529665426    0.105018659293459     0
    0.427555093430282   -0.903989293123443                    0     0
    0.434605115339654    -0.89908227837007   0.0526255683246314     0
    0.389841416181788   -0.919379466176162   0.0525839082135741     0
    0.484341251861761   -0.868513371756656    0.105347400655483     0
    0.521099762366612   -0.851861665054691   0.0527895943506918     0
    0.478554140662764   -0.876472163901023   0.0527492214272663     0
    0.514102744193222   -0.857728610000272                    0     0
      0.4008227969412   -0.902575885030025     0.15715551919834     0
    0.440654128748456   -0.891478249666231    0.105311296587647     0
     0.44545610042135   -0.881351618253941     0.15744264860121     0
    0.532818542750995   -0.831144470371818    0.159070015625371     0
    0.489632453362312   -0.857404769044043    0.158483824521413     0
    0.527750510527338   -0.842765332379749    0.105952787490393     0
    0.106574189669187   -0.754344479484572    0.647770289815384     0
   0.0533664391414598   -0.764814579629597    0.642036355636785     0
    0.053401431398386   -0.732293526988716     0.67889209559033     0
    0.106288239281359   -0.814870186707507    0.569815223564394     0
   0.0532225186053302   -0.824384251502745    0.563522820644882     0
   0.0532588813822261   -0.795654789564907    0.603404464183302     0
    0.211324865405187   -0.788675134594813    0.577350269189626     0
    0.159290580898258   -0.773165213110203    0.613874632211945     0
    0.106561037418759   -0.785564383468578    0.609535351501347     0
    0.159040826038418   -0.802955447136385    0.574428903840176     0
    0.105018659293459   -0.912271529665426    0.395893593484548     0
   0.0525839082135741   -0.919379466176162    0.389841416181788     0
   0.0526255683246314    -0.89908227837007    0.434605115339654     0
    0.208846598871523   -0.890320034496634    0.404615044596354     0
    0.105347400655483   -0.868513371756656    0.484341251861761     0
     0.15744264860121   -0.881351618253941     0.44545610042135     0
    0.105311296587647   -0.891478249666231    0.440654128748456     0
     0.15715551919834   -0.902575885030025      0.4008227969412     0
   0.0527492214272663   -0.876472163901023    0.478554140662764     0
   0.0527895943506918   -0.851861665054691    0.521099762366612     0
    0.312459714103783   -0.809511339490079    0.497051625386297     0
     0.31030659960479   -0.858273936852256     0.40874890037998     0
    0.361127203346817   -0.814748399072542    0.453621195725725     0
    0.311780141951968   -0.834955775155727    0.453477669371393     0
    0.359787723819648   -0.838574590251195    0.409078782600267     0
    0.211148778438113   -0.843745492253799    0.493467058338738     0
    0.211503197326327   -0.817239576933205    0.536083828719705     0
    0.262179718297925    -0.82781394227682    0.495969628390016     0
    0.262454224395268   -0.800807828073479    0.538353603678211     0
    0.259945273736341   -0.875538742456082    0.407259579531976     0
    0.261290740833947   -0.852847503872716     0.45208216497947     0
    0.210262501478585   -0.868126115382272    0.449607304503891     0
    0.105952787490393   -0.842765332379749    0.527750510527338     0
    0.158483824521413   -0.857404769044043    0.489632453362312     0
    0.159070015625371   -0.831144470371818    0.532818542750995     0
    0.345199590199904   -0.932879798833508    0.102822778868168     0
    0.303485283812735   -0.930518462071235    0.205017253551223     0
     0.35457611613243    -0.91177170284329    0.207239329671492     0
    0.350517284991854   -0.923576284159256    0.155384942193638     0
    0.298906567144267   -0.941955606264459    0.152887213150693     0
    0.251494116344428   -0.946504697074382    0.202186962636731     0
    0.360401963905832    -0.86036088290068    0.360401963905832     0
    0.309712631841301   -0.898975067149178    0.309712631841301     0
    0.259905941993649   -0.896808698706625    0.358026618061456     0
    0.310454860173925   -0.879886407000053    0.359746703349629     0
    0.359746703349629   -0.879886407000053    0.310454860173925     0
    0.358026618061456   -0.896808698706625    0.259905941993649     0
    0.102822778868168   -0.932879798833508    0.345199590199904     0
    0.205017253551223   -0.930518462071235    0.303485283812735     0
    0.202186962636731   -0.946504697074382    0.251494116344428     0
    0.152887213150693   -0.941955606264459    0.298906567144267     0
    0.155384942193638   -0.923576284159256    0.350517284991854     0
    0.207239329671492    -0.91177170284329     0.35457611613243     0
    0.307059696822177    -0.91612139258722    0.257751695690883     0
    0.257751695690883    -0.91612139258722    0.307059696822177     0
    0.254869820723905    -0.93278226235726    0.254869820723905     0
    0.995184726672197  -0.0980171403295606                    0     0
    0.997583647309158  -0.0491267066948187   0.0491267066948187     0
    0.998795456205172   -0.049067674327418                    0     0
    0.990252852769381  -0.0984867696244087   0.0984867696244087     0
    0.987883124233685  -0.0493615095693959    0.147140661366339     0
    0.993927667279835  -0.0493033506589752   0.0983716007263489     0
     0.98078528040323   -0.195090322016128                    0     0
    0.989176509964781   -0.146730474455362                    0     0
    0.993927667279835  -0.0983716007263489   0.0493033506589752     0
    0.987883124233685   -0.147140661366339   0.0493615095693959     0
    0.950689984024958   -0.100318491325106    0.293470193670293     0
    0.939488281825429  -0.0502771682879443    0.338871619734745     0
    0.955023194296405   -0.050222773794293    0.292247106655137     0
    0.959682982260667   -0.198756853415513    0.198756853415513     0
    0.975117440763949  -0.0998786107280953    0.197914728701508     0
    0.968613656343782   -0.149505026666196    0.198584570764875     0
    0.964076712066058   -0.100220490080289    0.245991761284734     0
    0.957432093026745   -0.149889230187575    0.246692127795361     0
     0.96831175389778  -0.0500573191482857     0.24467654579688     0
     0.97917804010031  -0.0500019460284389    0.196749005534169     0
    0.923879532511287    -0.38268343236509                    0     0
    0.956940335732209   -0.290284677254462                    0     0
    0.950689984024958   -0.293470193670293    0.100318491325106     0
    0.941544065183021    -0.33688985339222                    0     0
    0.955023194296405   -0.292247106655137    0.050222773794293     0
    0.939488281825429   -0.338871619734745   0.0502771682879443     0
    0.975117440763949   -0.197914728701508   0.0998786107280953     0
     0.97917804010031   -0.196749005534169   0.0500019460284389     0
     0.96831175389778    -0.24467654579688   0.0500573191482857     0
    0.970031253194544   -0.242980179903264                    0     0
    0.957432093026745   -0.246692127795361    0.149889230187575     0
    0.964076712066058   -0.245991761284734    0.100220490080289     0
    0.968613656343782   -0.198584570764875    0.149505026666196     0
    0.983930229555334  -0.0993083567347409    0.148388522635121     0
    0.977468902235361   -0.149255728805963    0.149255728805963     0
    0.983930229555334   -0.148388522635121   0.0993083567347409     0
    0.754344479484572   -0.106574189669187    0.647770289815384     0
    0.732293526988716   -0.053401431398386     0.67889209559033     0
    0.764814579629597  -0.0533664391414598    0.642036355636785     0
    0.788675134594813   -0.211324865405187    0.577350269189626     0
    0.814870186707507   -0.106288239281359    0.569815223564394     0
    0.802955447136385   -0.159040826038418    0.574428903840176     0
    0.785564383468578   -0.106561037418759    0.609535351501347     0
    0.773165213110203   -0.159290580898258    0.613874632211945     0
    0.795654789564907  -0.0532588813822261    0.603404464183302     0
    0.824384251502745  -0.0532225186053302    0.563522820644882     0
    0.816496580927726   -0.408248290463863    0.408248290463863     0
    0.858273936852256    -0.31030659960479     0.40874890037998     0
    0.809511339490079   -0.312459714103783    0.497051625386297     0
    0.838574590251195   -0.359787723819648    0.409078782600267     0
    0.834955775155727   -0.311780141951968    0.453477669371393     0
    0.814748399072542   -0.361127203346817    0.453621195725725     0
    0.890320034496634   -0.208846598871523    0.404615044596354     0
    0.843745492253799   -0.211148778438113    0.493467058338738     0
    0.868126115382272   -0.210262501478585    0.449607304503891     0
    0.852847503872716   -0.261290740833947     0.45208216497947     0
    0.875538742456082   -0.259945273736341    0.407259579531976     0
    0.800807828073479   -0.262454224395268    0.538353603678211     0
     0.82781394227682   -0.262179718297925    0.495969628390016     0
    0.817239576933205   -0.211503197326327    0.536083828719705     0
    0.912271529665426   -0.105018659293459    0.395893593484548     0
     0.89908227837007  -0.0526255683246314    0.434605115339654     0
    0.919379466176162  -0.0525839082135741    0.389841416181788     0
    0.868513371756656   -0.105347400655483    0.484341251861761     0
    0.851861665054691  -0.0527895943506918    0.521099762366612     0
    0.876472163901023  -0.0527492214272663    0.478554140662764     0
    0.902575885030025    -0.15715551919834      0.4008227969412     0
    0.891478249666231   -0.105311296587647    0.440654128748456     0
    0.881351618253941    -0.15744264860121     0.44545610042135     0
    0.831144470371818   -0.159070015625371    0.532818542750995     0
    0.857404769044043   -0.158483824521413    0.489632453362312     0
    0.842765332379749   -0.105952787490393    0.527750510527338     0
    0.773010453362737   -0.634393284163645                    0     0
    0.754344479484572   -0.647770289815384    0.106574189669187     0
    0.740951125354959   -0.671558954847018                    0     0
    0.764814579629597   -0.642036355636785   0.0533664391414598     0
    0.732293526988716    -0.67889209559033    0.053401431398386     0
    0.831469612302545   -0.555570233019602                    0     0
    0.814870186707507   -0.569815223564394    0.106288239281359     0
    0.824384251502745   -0.563522820644882   0.0532225186053302     0
    0.795654789564907   -0.603404464183302   0.0532588813822261     0
    0.803207531480645   -0.595699304492433                    0     0
    0.788675134594813   -0.577350269189626    0.211324865405187     0
    0.773165213110203   -0.613874632211945    0.159290580898258     0
    0.785564383468578   -0.609535351501347    0.106561037418759     0
    0.802955447136385   -0.574428903840176    0.159040826038418     0
    0.912271529665426   -0.395893593484548    0.105018659293459     0
    0.881921264348355   -0.471396736825998                    0     0
    0.919379466176162   -0.389841416181788   0.0525839082135741     0
     0.89908227837007   -0.434605115339654   0.0526255683246314     0
    0.903989293123443   -0.427555093430282                    0     0
    0.890320034496634   -0.404615044596354    0.208846598871523     0
    0.868513371756656   -0.484341251861761    0.105347400655483     0
    0.881351618253941    -0.44545610042135     0.15744264860121     0
    0.891478249666231   -0.440654128748456    0.105311296587647     0
    0.902575885030025     -0.4008227969412     0.15715551919834     0
    0.857728610000272   -0.514102744193222                    0     0
    0.876472163901023   -0.478554140662764   0.0527492214272663     0
    0.851861665054691   -0.521099762366612   0.0527895943506918     0
    0.809511339490079   -0.497051625386297    0.312459714103783     0
    0.858273936852256    -0.40874890037998     0.31030659960479     0
    0.814748399072542   -0.453621195725725    0.361127203346817     0
    0.834955775155727   -0.453477669371393    0.311780141951968     0
    0.838574590251195   -0.409078782600267    0.359787723819648     0
    0.843745492253799   -0.493467058338738    0.211148778438113     0
    0.817239576933205   -0.536083828719705    0.211503197326327     0
     0.82781394227682   -0.495969628390016    0.262179718297925     0
    0.800807828073479   -0.538353603678211    0.262454224395268     0
    0.875538742456082   -0.407259579531976    0.259945273736341     0
    0.852847503872716    -0.45208216497947    0.261290740833947     0
    0.868126115382272   -0.449607304503891    0.210262501478585     0
    0.842765332379749   -0.527750510527338    0.105952787490393     0
    0.857404769044043   -0.489632453362312    0.158483824521413     0
    0.831144470371818   -0.532818542750995    0.159070015625371     0
    0.932879798833508   -0.102822778868168    0.345199590199904     0
    0.930518462071235   -0.205017253551223    0.303485283812735     0
     0.91177170284329   -0.207239329671492     0.35457611613243     0
    0.923576284159256   -0.155384942193638    0.350517284991854     0
    0.941955606264459   -0.152887213150693    0.298906567144267     0
    0.946504697074382   -0.202186962636731    0.251494116344428     0
     0.86036088290068   -0.360401963905832    0.360401963905832     0
    0.898975067149178   -0.309712631841301    0.309712631841301     0
    0.896808698706625   -0.358026618061456    0.259905941993649     0
    0.879886407000053   -0.359746703349629    0.310454860173925     0
    0.879886407000053   -0.310454860173925    0.359746703349629     0
    0.896808698706625   -0.259905941993649    0.358026618061456     0
    0.932879798833508   -0.345199590199904    0.102822778868168     0
    0.930518462071235   -0.303485283812735    0.205017253551223     0
    0.946504697074382   -0.251494116344428    0.202186962636731     0
    0.941955606264459   -0.298906567144267    0.152887213150693     0
    0.923576284159256   -0.350517284991854    0.155384942193638     0
     0.91177170284329    -0.35457611613243    0.207239329671492     0
     0.91612139258722   -0.257751695690883    0.307059696822177     0
     0.91612139258722   -0.307059696822177    0.257751695690883     0
     0.93278226235726   -0.254869820723905    0.254869820723905     0
    0.106878103690253    -0.70305656634142     0.70305656634142     0
    0.213724473808237   -0.690768358169145    0.690768358169145     0
    0.213123727404914    -0.74180685057948      0.6358465799628     0
    0.160498231683612   -0.724130573973053    0.670727388335895     0
    0.160498231683612   -0.670727388335895    0.724130573973053     0
    0.213123727404914     -0.6358465799628     0.74180685057948     0
    0.421838735640695   -0.735924101061586    0.529592105860498     0
    0.416158278736229   -0.778295164933487    0.470179671275199     0
    0.367998336453836   -0.774504796268762    0.514509032888532     0
    0.426401432711221   -0.639602149066831    0.639602149066831     0
    0.321786831260907   -0.720686637243745    0.614055377083669     0
    0.374946771792734   -0.681694586366843    0.628257438666942     0
    0.372623029910077   -0.729892476624202     0.57306984752997     0
    0.425259228629117   -0.689610388559232     0.58616729732812     0
    0.317985654581484   -0.767179591007761    0.557064267945405     0
    0.267163385601228   -0.756400963593984    0.597060556114856     0
    0.421838735640695   -0.529592105860498    0.735924101061586     0
    0.367998336453836   -0.514509032888532    0.774504796268762     0
    0.416158278736229   -0.470179671275199    0.778295164933487     0
    0.321786831260907   -0.614055377083669    0.720686637243745     0
    0.267163385601228   -0.597060556114856    0.756400963593984     0
    0.317985654581484   -0.557064267945405    0.767179591007761     0
    0.425259228629117    -0.58616729732812    0.689610388559232     0
    0.372623029910077    -0.57306984752997    0.729892476624202     0
    0.374946771792734   -0.628257438666942    0.681694586366843     0
    0.268375559808488   -0.707361396393885    0.653922330089113     0
    0.322705447168261   -0.669276174074624    0.669276174074624     0
    0.268375559808488   -0.653922330089113    0.707361396393885     0
     0.70305656634142    -0.70305656634142    0.106878103690253     0
    0.690768358169145   -0.690768358169145    0.213724473808237     0
     0.74180685057948     -0.6358465799628    0.213123727404914     0
    0.724130573973053   -0.670727388335895    0.160498231683612     0
    0.670727388335895   -0.724130573973053    0.160498231683612     0
      0.6358465799628    -0.74180685057948    0.213123727404914     0
    0.735924101061586   -0.529592105860498    0.421838735640695     0
    0.778295164933487   -0.470179671275199    0.416158278736229     0
    0.774504796268762   -0.514509032888532    0.367998336453836     0
    0.639602149066831   -0.639602149066831    0.426401432711221     0
    0.720686637243745   -0.614055377083669    0.321786831260907     0
    0.681694586366843   -0.628257438666942    0.374946771792734     0
    0.729892476624202    -0.57306984752997    0.372623029910077     0
    0.689610388559232    -0.58616729732812    0.425259228629117     0
    0.767179591007761   -0.557064267945405    0.317985654581484     0
    0.756400963593984   -0.597060556114856    0.267163385601228     0
    0.529592105860498   -0.735924101061586    0.421838735640695     0
    0.514509032888532   -0.774504796268762    0.367998336453836     0
    0.470179671275199   -0.778295164933487    0.416158278736229     0
    0.614055377083669   -0.720686637243745    0.321786831260907     0
    0.597060556114856   -0.756400963593984    0.267163385601228     0
    0.557064267945405   -0.767179591007761    0.317985654581484     0
     0.58616729732812   -0.689610388559232    0.425259228629117     0
     0.57306984752997   -0.729892476624202    0.372623029910077     0
    0.628257438666942   -0.681694586366843    0.374946771792734     0
    0.707361396393885   -0.653922330089113    0.268375559808488     0
    0.669276174074624   -0.669276174074624    0.322705447168261     0
    0.653922330089113   -0.707361396393885    0.268375559808488     0
     0.70305656634142   -0.106878103690253     0.70305656634142     0
    0.690768358169145   -0.213724473808237    0.690768358169145     0
      0.6358465799628   -0.213123727404914     0.74180685057948     0
    0.670727388335895   -0.160498231683612    0.724130573973053     0
    0.724130573973053   -0.160498231683612    0.670727388335895     0
     0.74180685057948   -0.213123727404914      0.6358465799628     0
    0.529592105860498   -0.421838735640695    0.735924101061586     0
    0.470179671275199   -0.416158278736229    0.778295164933487     0
    0.514509032888532   -0.367998336453836    0.774504796268762     0
    0.639602149066831   -0.426401432711221    0.639602149066831     0
    0.614055377083669   -0.321786831260907    0.720686637243745     0
    0.628257438666942   -0.374946771792734    0.681694586366843     0
     0.57306984752997   -0.372623029910077    0.729892476624202     0
     0.58616729732812   -0.425259228629117    0.689610388559232     0
    0.557064267945405   -0.317985654581484    0.767179591007761     0
    0.597060556114856   -0.267163385601228    0.756400963593984     0
    0.735924101061586   -0.421838735640695    0.529592105860498     0
    0.774504796268762   -0.367998336453836    0.514509032888532     0
    0.778295164933487   -0.416158278736229    0.470179671275199     0
    0.720686637243745   -0.321786831260907    0.614055377083669     0
    0.756400963593984   -0.267163385601228    0.597060556114856     0
    0.767179591007761   -0.317985654581484    0.557064267945405     0
    0.689610388559232   -0.425259228629117     0.58616729732812     0
    0.729892476624202   -0.372623029910077     0.57306984752997     0
    0.681694586366843   -0.374946771792734    0.628257438666942     0
    0.653922330089113   -0.268375559808488    0.707361396393885     0
    0.669276174074624   -0.322705447168261    0.669276174074624     0
    0.707361396393885   -0.268375559808488    0.653922330089113     0
    0.477102320122937     -0.7380696120737    0.477102320122937     0
    0.539163866017192   -0.646996639220631    0.539163866017192     0
    0.591074266249286   -0.645145368133153    0.484168013972636     0
    0.535837781266493   -0.693349277701198    0.481813917688799     0
    0.481813917688799   -0.693349277701198    0.535837781266493     0
    0.484168013972636   -0.645145368133153    0.591074266249286     0
      0.7380696120737   -0.477102320122937    0.477102320122937     0
    0.646996639220631   -0.539163866017192    0.539163866017192     0
    0.645145368133153   -0.484168013972636    0.591074266249286     0
    0.693349277701198   -0.481813917688799    0.535837781266493     0
    0.693349277701198   -0.535837781266493    0.481813917688799     0
    0.645145368133153   -0.591074266249286    0.484168013972636     0
    0.477102320122937   -0.477102320122937      0.7380696120737     0
    0.539163866017192   -0.539163866017192    0.646996639220631     0
    0.484168013972636   -0.591074266249286    0.645145368133153     0
    0.481813917688799   -0.535837781266493    0.693349277701198     0
    0.535837781266493   -0.481813917688799    0.693349277701198     0
    0.591074266249286   -0.484168013972636    0.645145368133153     0
    0.594811877479463   -0.594811877479463    0.540738070435875     0
    0.594811877479463   -0.540738070435875    0.594811877479463     0
    0.540738070435875   -0.594811877479463    0.594811877479463     0
                    0                    0                   -1     0
                    0   0.0980171403295606   -0.995184726672197     0
   0.0980171403295606                    0   -0.995184726672197     0
                    0    0.049067674327418   -0.998795456205172     0
   0.0491267066948187   0.0491267066948187   -0.997583647309158     0
    0.049067674327418                    0   -0.998795456205172     0
                    0    0.195090322016128    -0.98078528040323     0
   0.0984867696244087   0.0984867696244087   -0.990252852769381     0
   0.0493615095693959    0.147140661366339   -0.987883124233685     0
   0.0493033506589752   0.0983716007263489   -0.993927667279835     0
                    0    0.146730474455362   -0.989176509964781     0
    0.195090322016128                    0    -0.98078528040323     0
    0.146730474455362                    0   -0.989176509964781     0
   0.0983716007263489   0.0493033506589752   -0.993927667279835     0
    0.147140661366339   0.0493615095693959   -0.987883124233685     0
                    0     0.38268343236509   -0.923879532511287     0
    0.100318491325106    0.293470193670293   -0.950689984024958     0
                    0    0.290284677254462   -0.956940335732209     0
   0.0502771682879443    0.338871619734745   -0.939488281825429     0
    0.050222773794293    0.292247106655137   -0.955023194296405     0
                    0     0.33688985339222   -0.941544065183021     0
    0.198756853415513    0.198756853415513   -0.959682982260667     0
   0.0998786107280953    0.197914728701508   -0.975117440763949     0
    0.149505026666196    0.198584570764875   -0.968613656343782     0
    0.100220490080289    0.245991761284734   -0.964076712066058     0
    0.149889230187575    0.246692127795361   -0.957432093026745     0
                    0    0.242980179903264   -0.970031253194544     0
   0.0500573191482857     0.24467654579688    -0.96831175389778     0
   0.0500019460284389    0.196749005534169    -0.97917804010031     0
     0.38268343236509                    0   -0.923879532511287     0
    0.290284677254462                    0   -0.956940335732209     0
    0.293470193670293    0.100318491325106   -0.950689984024958     0
     0.33688985339222                    0   -0.941544065183021     0
    0.292247106655137    0.050222773794293   -0.955023194296405     0
    0.338871619734745   0.0502771682879443   -0.939488281825429     0
    0.197914728701508   0.0998786107280953   -0.975117440763949     0
    0.196749005534169   0.0500019460284389    -0.97917804010031     0
     0.24467654579688   0.0500573191482857    -0.96831175389778     0
    0.242980179903264                    0   -0.970031253194544     0
    0.246692127795361    0.149889230187575   -0.957432093026745     0
    0.245991761284734    0.100220490080289   -0.964076712066058     0
    0.198584570764875    0.149505026666196   -0.968613656343782     0
   0.0993083567347409    0.148388522635121   -0.983930229555334     0
    0.149255728805963    0.149255728805963   -0.977468902235361     0
    0.148388522635121   0.0993083567347409   -0.983930229555334     0
                    0    0.707106781186547   -0.707106781186547     0
    0.106574189669187    0.647770289815384   -0.754344479484572     0
                    0    0.634393284163645   -0.773010453362737     0
    0.053401431398386     0.67889209559033   -0.732293526988716     0
   0.0533664391414598    0.642036355636785   -0.764814579629597     0
                    0    0.671558954847018   -0.740951125354959     0
    0.211324865405187    0.577350269189626   -0.788675134594813     0
    0.106288239281359    0.569815223564394   -0.814870186707507     0
    0.159040826038418    0.574428903840176   -0.802955447136385     0
    0.106561037418759    0.609535351501347   -0.785564383468578     0
    0.159290580898258    0.613874632211945   -0.773165213110203     0
                    0    0.555570233019602   -0.831469612302545     0
                    0    0.595699304492433   -0.803207531480645     0
   0.0532588813822261    0.603404464183302   -0.795654789564907     0
   0.0532225186053302    0.563522820644882   -0.824384251502745     0
    0.408248290463863    0.408248290463863   -0.816496580927726     0
     0.31030659960479     0.40874890037998   -0.858273936852256     0
    0.312459714103783    0.497051625386297   -0.809511339490079     0
    0.359787723819648    0.409078782600267   -0.838574590251195     0
    0.311780141951968    0.453477669371393   -0.834955775155727     0
    0.361127203346817    0.453621195725725   -0.814748399072542     0
    0.208846598871523    0.404615044596354   -0.890320034496634     0
    0.211148778438113    0.493467058338738   -0.843745492253799     0
    0.210262501478585    0.449607304503891   -0.868126115382272     0
    0.261290740833947     0.45208216497947   -0.852847503872716     0
    0.259945273736341    0.407259579531976   -0.875538742456082     0
    0.262454224395268    0.538353603678211   -0.800807828073479     0
    0.262179718297925    0.495969628390016    -0.82781394227682     0
    0.211503197326327    0.536083828719705   -0.817239576933205     0
                    0    0.471396736825998   -0.881921264348355     0
    0.105018659293459    0.395893593484548   -0.912271529665426     0
                    0    0.427555093430282   -0.903989293123443     0
   0.0526255683246314    0.434605115339654    -0.89908227837007     0
   0.0525839082135741    0.389841416181788   -0.919379466176162     0
    0.105347400655483    0.484341251861761   -0.868513371756656     0
   0.0527895943506918    0.521099762366612   -0.851861665054691     0
   0.0527492214272663    0.478554140662764   -0.876472163901023     0
                    0    0.514102744193222   -0.857728610000272     0
     0.15715551919834      0.4008227969412   -0.902575885030025     0
    0.105311296587647    0.440654128748456   -0.891478249666231     0
     0.15744264860121     0.44545610042135   -0.881351618253941     0
    0.159070015625371    0.532818542750995   -0.831144470371818     0
    0.158483824521413    0.489632453362312   -0.857404769044043     0
    0.105952787490393    0.527750510527338   -0.842765332379749     0
    0.707106781186547                    0   -0.707106781186547     0
    0.634393284163645                    0   -0.773010453362737     0
    0.647770289815384    0.106574189669187   -0.754344479484572     0
    0.671558954847018                    0   -0.740951125354959     0
    0.642036355636785   0.0533664391414598   -0.764814579629597     0
     0.67889209559033    0.053401431398386   -0.732293526988716     0
    0.555570233019602                    0   -0.831469612302545     0
    0.569815223564394    0.106288239281359   -0.814870186707507     0
    0.563522820644882   0.0532225186053302   -0.824384251502745     0
    0.603404464183302   0.0532588813822261   -0.795654789564907     0
    0.595699304492433                    0   -0.803207531480645     0
    0.577350269189626    0.211324865405187   -0.788675134594813     0
    0.613874632211945    0.159290580898258   -0.773165213110203     0
    0.609535351501347    0.106561037418759   -0.785564383468578     0
    0.574428903840176    0.159040826038418   -0.802955447136385     0
    0.395893593484548    0.105018659293459   -0.912271529665426     0
    0.471396736825998                    0   -0.881921264348355     0
    0.389841416181788   0.0525839082135741   -0.919379466176162     0
    0.434605115339654   0.0526255683246314    -0.89908227837007     0
    0.427555093430282                    0   -0.903989293123443     0
    0.404615044596354    0.208846598871523   -0.890320034496634     0
    0.484341251861761    0.105347400655483   -0.868513371756656     0
     0.44545610042135     0.15744264860121   -0.881351618253941     0
    0.440654128748456    0.105311296587647   -0.891478249666231     0
      0.4008227969412     0.15715551919834   -0.902575885030025     0
    0.514102744193222                    0   -0.857728610000272     0
    0.478554140662764   0.0527492214272663   -0.876472163901023     0
    0.521099762366612   0.0527895943506918   -0.851861665054691     0
    0.497051625386297    0.312459714103783   -0.809511339490079     0
     0.40874890037998     0.31030659960479   -0.858273936852256     0
    0.453621195725725    0.361127203346817   -0.814748399072542     0
    0.453477669371393    0.311780141951968   -0.834955775155727     0
    0.409078782600267    0.359787723819648   -0.838574590251195     0
    0.493467058338738    0.211148778438113   -0.843745492253799     0
    0.536083828719705    0.211503197326327   -0.817239576933205     0
    0.495969628390016    0.262179718297925    -0.82781394227682     0
    0.538353603678211    0.262454224395268   -0.800807828073479     0
    0.407259579531976    0.259945273736341   -0.875538742456082     0
     0.45208216497947    0.261290740833947   -0.852847503872716     0
    0.449607304503891    0.210262501478585   -0.868126115382272     0
    0.527750510527338    0.105952787490393   -0.842765332379749     0
    0.489632453362312    0.158483824521413   -0.857404769044043     0
    0.532818542750995    0.159070015625371   -0.831144470371818     0
    0.102822778868168    0.345199590199904   -0.932879798833508     0
    0.205017253551223    0.303485283812735   -0.930518462071235     0
    0.207239329671492     0.35457611613243    -0.91177170284329     0
    0.155384942193638    0.350517284991854   -0.923576284159256     0
    0.152887213150693    0.298906567144267   -0.941955606264459     0
    0.202186962636731    0.251494116344428   -0.946504697074382     0
    0.360401963905832    0.360401963905832    -0.86036088290068     0
    0.309712631841301    0.309712631841301   -0.898975067149178     0
    0.358026618061456    0.259905941993649   -0.896808698706625     0
    0.359746703349629    0.310454860173925   -0.879886407000053     0
    0.310454860173925    0.359746703349629   -0.879886407000053     0
    0.259905941993649    0.358026618061456   -0.896808698706625     0
    0.345199590199904    0.102822778868168   -0.932879798833508     0
    0.303485283812735    0.205017253551223   -0.930518462071235     0
    0.251494116344428    0.202186962636731   -0.946504697074382     0
    0.298906567144267    0.152887213150693   -0.941955606264459     0
    0.350517284991854    0.155384942193638   -0.923576284159256     0
     0.35457611613243    0.207239329671492    -0.91177170284329     0
    0.257751695690883    0.307059696822177    -0.91612139258722     0
    0.307059696822177    0.257751695690883    -0.91612139258722     0
    0.254869820723905    0.254869820723905    -0.93278226235726     0
                    0    0.995184726672197  -0.0980171403295606     0
   0.0491267066948187    0.997583647309158  -0.0491267066948187     0
                    0    0.998795456205172   -0.049067674327418     0
   0.0984867696244087    0.990252852769381  -0.0984867696244087     0
    0.147140661366339    0.987883124233685  -0.0493615095693959     0
   0.0983716007263489    0.993927667279835  -0.0493033506589752     0
                    0     0.98078528040323   -0.195090322016128     0
                    0    0.989176509964781   -0.146730474455362     0
   0.0493033506589752    0.993927667279835  -0.0983716007263489     0
   0.0493615095693959    0.987883124233685   -0.147140661366339     0
    0.293470193670293    0.950689984024958   -0.100318491325106     0
    0.338871619734745    0.939488281825429  -0.0502771682879443     0
    0.292247106655137    0.955023194296405   -0.050222773794293     0
    0.198756853415513    0.959682982260667   -0.198756853415513     0
    0.197914728701508    0.975117440763949  -0.0998786107280953     0
    0.198584570764875    0.968613656343782   -0.149505026666196     0
    0.245991761284734    0.964076712066058   -0.100220490080289     0
    0.246692127795361    0.957432093026745   -0.149889230187575     0
     0.24467654579688     0.96831175389778  -0.0500573191482857     0
    0.196749005534169     0.97917804010031  -0.0500019460284389     0
                    0    0.923879532511287    -0.38268343236509     0
                    0    0.956940335732209   -0.290284677254462     0
    0.100318491325106    0.950689984024958   -0.293470193670293     0
                    0    0.941544065183021    -0.33688985339222     0
    0.050222773794293    0.955023194296405   -0.292247106655137     0
   0.0502771682879443    0.939488281825429   -0.338871619734745     0
   0.0998786107280953    0.975117440763949   -0.197914728701508     0
   0.0500019460284389     0.97917804010031   -0.196749005534169     0
   0.0500573191482857     0.96831175389778    -0.24467654579688     0
                    0    0.970031253194544   -0.242980179903264     0
    0.149889230187575    0.957432093026745   -0.246692127795361     0
    0.100220490080289    0.964076712066058   -0.245991761284734     0
    0.149505026666196    0.968613656343782   -0.198584570764875     0
    0.148388522635121    0.983930229555334  -0.0993083567347409     0
    0.149255728805963    0.977468902235361   -0.149255728805963     0
   0.0993083567347409    0.983930229555334   -0.148388522635121     0
    0.647770289815384    0.754344479484572   -0.106574189669187     0
     0.67889209559033    0.732293526988716   -0.053401431398386     0
    0.642036355636785    0.764814579629597  -0.0533664391414598     0
    0.577350269189626    0.788675134594813   -0.211324865405187     0
    0.569815223564394    0.814870186707507   -0.106288239281359     0
    0.574428903840176    0.802955447136385   -0.159040826038418     0
    0.609535351501347    0.785564383468578   -0.106561037418759     0
    0.613874632211945    0.773165213110203   -0.159290580898258     0
    0.603404464183302    0.795654789564907  -0.0532588813822261     0
    0.563522820644882    0.824384251502745  -0.0532225186053302     0
    0.408248290463863    0.816496580927726   -0.408248290463863     0
     0.40874890037998    0.858273936852256    -0.31030659960479     0
    0.497051625386297    0.809511339490079   -0.312459714103783     0
    0.409078782600267    0.838574590251195   -0.359787723819648     0
    0.453477669371393    0.834955775155727   -0.311780141951968     0
    0.453621195725725    0.814748399072542   -0.361127203346817     0
    0.404615044596354    0.890320034496634   -0.208846598871523     0
    0.493467058338738    0.843745492253799   -0.211148778438113     0
    0.449607304503891    0.868126115382272   -0.210262501478585     0
     0.45208216497947    0.852847503872716   -0.261290740833947     0
    0.407259579531976    0.875538742456082   -0.259945273736341     0
    0.538353603678211    0.800807828073479   -0.262454224395268     0
    0.495969628390016     0.82781394227682   -0.262179718297925     0
    0.536083828719705    0.817239576933205   -0.211503197326327     0
    0.395893593484548    0.912271529665426   -0.105018659293459     0
    0.434605115339654     0.89908227837007  -0.0526255683246314     0
    0.389841416181788    0.919379466176162  -0.0525839082135741     0
    0.484341251861761    0.868513371756656   -0.105347400655483     0
    0.521099762366612    0.851861665054691  -0.0527895943506918     0
    0.478554140662764    0.876472163901023  -0.0527492214272663     0
      0.4008227969412    0.902575885030025    -0.15715551919834     0
    0.440654128748456    0.891478249666231   -0.105311296587647     0
     0.44545610042135    0.881351618253941    -0.15744264860121     0
    0.532818542750995    0.831144470371818   -0.159070015625371     0
    0.489632453362312    0.857404769044043   -0.158483824521413     0
    0.527750510527338    0.842765332379749   -0.105952787490393     0
                    0    0.773010453362737   -0.634393284163645     0
    0.106574189669187    0.754344479484572   -0.647770289815384     0
                    0    0.740951125354959   -0.671558954847018     0
   0.0533664391414598    0.764814579629597   -0.642036355636785     0
    0.053401431398386    0.732293526988716    -0.67889209559033     0
                    0    0.831469612302545   -0.555570233019602     0
    0.106288239281359    0.814870186707507   -0.569815223564394     0
   0.0532225186053302    0.824384251502745   -0.563522820644882     0
   0.0532588813822261    0.795654789564907   -0.603404464183302     0
                    0    0.803207531480645   -0.595699304492433     0
    0.211324865405187    0.788675134594813   -0.577350269189626     0
    0.159290580898258    0.773165213110203   -0.613874632211945     0
    0.106561037418759    0.785564383468578   -0.609535351501347     0
    0.159040826038418    0.802955447136385   -0.574428903840176     0
    0.105018659293459    0.912271529665426   -0.395893593484548     0
                    0    0.881921264348355   -0.471396736825998     0
   0.0525839082135741    0.919379466176162   -0.389841416181788     0
   0.0526255683246314     0.89908227837007   -0.434605115339654     0
                    0    0.903989293123443   -0.427555093430282     0
    0.208846598871523    0.890320034496634   -0.404615044596354     0
    0.105347400655483    0.868513371756656   -0.484341251861761     0
     0.15744264860121    0.881351618253941    -0.44545610042135     0
    0.105311296587647    0.891478249666231   -0.440654128748456     0
     0.15715551919834    0.902575885030025     -0.4008227969412     0
                    0    0.857728610000272   -0.514102744193222     0
   0.0527492214272663    0.876472163901023   -0.478554140662764     0
   0.0527895943506918    0.851861665054691   -0.521099762366612     0
    0.312459714103783    0.809511339490079   -0.497051625386297     0
     0.31030659960479    0.858273936852256    -0.40874890037998     0
    0.361127203346817    0.814748399072542   -0.453621195725725     0
    0.311780141951968    0.834955775155727   -0.453477669371393     0
    0.359787723819648    0.838574590251195   -0.409078782600267     0
    0.211148778438113    0.843745492253799   -0.493467058338738     0
    0.211503197326327    0.817239576933205   -0.536083828719705     0
    0.262179718297925     0.82781394227682   -0.495969628390016     0
    0.262454224395268    0.800807828073479   -0.538353603678211     0
    0.259945273736341    0.875538742456082   -0.407259579531976     0
    0.261290740833947    0.852847503872716    -0.45208216497947     0
    0.210262501478585    0.868126115382272   -0.449607304503891     0
    0.105952787490393    0.842765332379749   -0.527750510527338     0
    0.158483824521413    0.857404769044043   -0.489632453362312     0
    0.159070015625371    0.831144470371818   -0.532818542750995     0
    0.345199590199904    0.932879798833508   -0.102822778868168     0
    0.303485283812735    0.930518462071235   -0.205017253551223     0
     0.35457611613243     0.91177170284329   -0.207239329671492     0
    0.350517284991854    0.923576284159256   -0.155384942193638     0
    0.298906567144267    0.941955606264459   -0.152887213150693     0
    0.251494116344428    0.946504697074382   -0.202186962636731     0
    0.360401963905832     0.86036088290068   -0.360401963905832     0
    0.309712631841301    0.898975067149178   -0.309712631841301     0
    0.259905941993649    0.896808698706625   -0.358026618061456     0
    0.310454860173925    0.879886407000053   -0.359746703349629     0
    0.359746703349629    0.879886407000053   -0.310454860173925     0
    0.358026618061456    0.896808698706625   -0.259905941993649     0
    0.102822778868168    0.932879798833508   -0.345199590199904     0
    0.205017253551223    0.930518462071235   -0.303485283812735     0
    0.202186962636731    0.946504697074382   -0.251494116344428     0
    0.152887213150693    0.941955606264459   -0.298906567144267     0
    0.155384942193638    0.923576284159256   -0.350517284991854     0
    0.207239329671492     0.91177170284329    -0.35457611613243     0
    0.307059696822177     0.91612139258722   -0.257751695690883     0
    0.257751695690883     0.91612139258722   -0.307059696822177     0
    0.254869820723905     0.93278226235726   -0.254869820723905     0
    0.995184726672197                    0  -0.0980171403295606     0
    0.998795456205172                    0   -0.049067674327418     0
    0.997583647309158   0.0491267066948187  -0.0491267066948187     0
     0.98078528040323                    0   -0.195090322016128     0
    0.990252852769381   0.0984867696244087  -0.0984867696244087     0
    0.987883124233685   0.0493615095693959   -0.147140661366339     0
    0.993927667279835   0.0493033506589752  -0.0983716007263489     0
    0.989176509964781                    0   -0.146730474455362     0
    0.993927667279835   0.0983716007263489  -0.0493033506589752     0
    0.987883124233685    0.147140661366339  -0.0493615095693959     0
    0.923879532511287                    0    -0.38268343236509     0
    0.950689984024958    0.100318491325106   -0.293470193670293     0
    0.956940335732209                    0   -0.290284677254462     0
    0.939488281825429   0.0502771682879443   -0.338871619734745     0
    0.955023194296405    0.050222773794293   -0.292247106655137     0
    0.941544065183021                    0    -0.33688985339222     0
    0.959682982260667    0.198756853415513   -0.198756853415513     0
    0.975117440763949   0.0998786107280953   -0.197914728701508     0
    0.968613656343782    0.149505026666196   -0.198584570764875     0
    0.964076712066058    0.100220490080289   -0.245991761284734     0
    0.957432093026745    0.149889230187575   -0.246692127795361     0
    0.970031253194544                    0   -0.242980179903264     0
     0.96831175389778   0.0500573191482857    -0.24467654579688     0
     0.97917804010031   0.0500019460284389   -0.196749005534169     0
    0.950689984024958    0.293470193670293   -0.100318491325106     0
    0.955023194296405    0.292247106655137   -0.050222773794293     0
    0.939488281825429    0.338871619734745  -0.0502771682879443     0
    0.975117440763949    0.197914728701508  -0.0998786107280953     0
     0.97917804010031    0.196749005534169  -0.0500019460284389     0
     0.96831175389778     0.24467654579688  -0.0500573191482857     0
    0.957432093026745    0.246692127795361   -0.149889230187575     0
    0.964076712066058    0.245991761284734   -0.100220490080289     0
    0.968613656343782    0.198584570764875   -0.149505026666196     0
    0.983930229555334   0.0993083567347409   -0.148388522635121     0
    0.977468902235361    0.149255728805963   -0.149255728805963     0
    0.983930229555334    0.148388522635121  -0.0993083567347409     0
    0.754344479484572    0.106574189669187   -0.647770289815384     0
    0.773010453362737                    0   -0.634393284163645     0
    0.732293526988716    0.053401431398386    -0.67889209559033     0
    0.764814579629597   0.0533664391414598   -0.642036355636785     0
    0.740951125354959                    0   -0.671558954847018     0
    0.788675134594813    0.211324865405187   -0.577350269189626     0
    0.814870186707507    0.106288239281359   -0.569815223564394     0
    0.802955447136385    0.159040826038418   -0.574428903840176     0
    0.785564383468578    0.106561037418759   -0.609535351501347     0
    0.773165213110203    0.159290580898258   -0.613874632211945     0
    0.831469612302545                    0   -0.555570233019602     0
    0.803207531480645                    0   -0.595699304492433     0
    0.795654789564907   0.0532588813822261   -0.603404464183302     0
    0.824384251502745   0.0532225186053302   -0.563522820644882     0
    0.816496580927726    0.408248290463863   -0.408248290463863     0
    0.858273936852256     0.31030659960479    -0.40874890037998     0
    0.809511339490079    0.312459714103783   -0.497051625386297     0
    0.838574590251195    0.359787723819648   -0.409078782600267     0
    0.834955775155727    0.311780141951968   -0.453477669371393     0
    0.814748399072542    0.361127203346817   -0.453621195725725     0
    0.890320034496634    0.208846598871523   -0.404615044596354     0
    0.843745492253799    0.211148778438113   -0.493467058338738     0
    0.868126115382272    0.210262501478585   -0.449607304503891     0
    0.852847503872716    0.261290740833947    -0.45208216497947     0
    0.875538742456082    0.259945273736341   -0.407259579531976     0
    0.800807828073479    0.262454224395268   -0.538353603678211     0
     0.82781394227682    0.262179718297925   -0.495969628390016     0
    0.817239576933205    0.211503197326327   -0.536083828719705     0
    0.881921264348355                    0   -0.471396736825998     0
    0.912271529665426    0.105018659293459   -0.395893593484548     0
    0.903989293123443                    0   -0.427555093430282     0
     0.89908227837007   0.0526255683246314   -0.434605115339654     0
    0.919379466176162   0.0525839082135741   -0.389841416181788     0
    0.868513371756656    0.105347400655483   -0.484341251861761     0
    0.851861665054691   0.0527895943506918   -0.521099762366612     0
    0.876472163901023   0.0527492214272663   -0.478554140662764     0
    0.857728610000272                    0   -0.514102744193222     0
    0.902575885030025     0.15715551919834     -0.4008227969412     0
    0.891478249666231    0.105311296587647   -0.440654128748456     0
    0.881351618253941     0.15744264860121    -0.44545610042135     0
    0.831144470371818    0.159070015625371   -0.532818542750995     0
    0.857404769044043    0.158483824521413   -0.489632453362312     0
    0.842765332379749    0.105952787490393   -0.527750510527338     0
    0.754344479484572    0.647770289815384   -0.106574189669187     0
    0.764814579629597    0.642036355636785  -0.0533664391414598     0
    0.732293526988716     0.67889209559033   -0.053401431398386     0
    0.814870186707507    0.569815223564394   -0.106288239281359     0
    0.824384251502745    0.563522820644882  -0.0532225186053302     0
    0.795654789564907    0.603404464183302  -0.0532588813822261     0
    0.788675134594813    0.577350269189626   -0.211324865405187     0
    0.773165213110203    0.613874632211945   -0.159290580898258     0
    0.785564383468578    0.609535351501347   -0.106561037418759     0
    0.802955447136385    0.574428903840176   -0.159040826038418     0
    0.912271529665426    0.395893593484548   -0.105018659293459     0
    0.919379466176162    0.389841416181788  -0.0525839082135741     0
     0.89908227837007    0.434605115339654  -0.0526255683246314     0
    0.890320034496634    0.404615044596354   -0.208846598871523     0
    0.868513371756656    0.484341251861761   -0.105347400655483     0
    0.881351618253941     0.44545610042135    -0.15744264860121     0
    0.891478249666231    0.440654128748456   -0.105311296587647     0
    0.902575885030025      0.4008227969412    -0.15715551919834     0
    0.876472163901023    0.478554140662764  -0.0527492214272663     0
    0.851861665054691    0.521099762366612  -0.0527895943506918     0
    0.809511339490079    0.497051625386297   -0.312459714103783     0
    0.858273936852256     0.40874890037998    -0.31030659960479     0
    0.814748399072542    0.453621195725725   -0.361127203346817     0
    0.834955775155727    0.453477669371393   -0.311780141951968     0
    0.838574590251195    0.409078782600267   -0.359787723819648     0
    0.843745492253799    0.493467058338738   -0.211148778438113     0
    0.817239576933205    0.536083828719705   -0.211503197326327     0
     0.82781394227682    0.495969628390016   -0.262179718297925     0
    0.800807828073479    0.538353603678211   -0.262454224395268     0
    0.875538742456082    0.407259579531976   -0.259945273736341     0
    0.852847503872716     0.45208216497947   -0.261290740833947     0
    0.868126115382272    0.449607304503891   -0.210262501478585     0
    0.842765332379749    0.527750510527338   -0.105952787490393     0
    0.857404769044043    0.489632453362312   -0.158483824521413     0
    0.831144470371818    0.532818542750995   -0.159070015625371     0
    0.932879798833508    0.102822778868168   -0.345199590199904     0
    0.930518462071235    0.205017253551223   -0.303485283812735     0
     0.91177170284329    0.207239329671492    -0.35457611613243     0
    0.923576284159256    0.155384942193638   -0.350517284991854     0
    0.941955606264459    0.152887213150693   -0.298906567144267     0
    0.946504697074382    0.202186962636731   -0.251494116344428     0
     0.86036088290068    0.360401963905832   -0.360401963905832     0
    0.898975067149178    0.309712631841301   -0.309712631841301     0
    0.896808698706625    0.358026618061456   -0.259905941993649     0
    0.879886407000053    0.359746703349629   -0.310454860173925     0
    0.879886407000053    0.310454860173925   -0.359746703349629     0
    0.896808698706625    0.259905941993649   -0.358026618061456     0
    0.932879798833508    0.345199590199904   -0.102822778868168     0
    0.930518462071235    0.303485283812735   -0.205017253551223     0
    0.946504697074382    0.251494116344428   -0.202186962636731     0
    0.941955606264459    0.298906567144267   -0.152887213150693     0
    0.923576284159256    0.350517284991854   -0.155384942193638     0
     0.91177170284329     0.35457611613243   -0.207239329671492     0
     0.91612139258722    0.257751695690883   -0.307059696822177     0
     0.91612139258722    0.307059696822177   -0.257751695690883     0
     0.93278226235726    0.254869820723905   -0.254869820723905     0
    0.106878103690253     0.70305656634142    -0.70305656634142     0
    0.213724473808237    0.690768358169145   -0.690768358169145     0
    0.213123727404914     0.74180685057948     -0.6358465799628     0
    0.160498231683612    0.724130573973053   -0.670727388335895     0
    0.160498231683612    0.670727388335895   -0.724130573973053     0
    0.213123727404914      0.6358465799628    -0.74180685057948     0
    0.421838735640695    0.735924101061586   -0.529592105860498     0
    0.416158278736229    0.778295164933487   -0.470179671275199     0
    0.367998336453836    0.774504796268762   -0.514509032888532     0
    0.426401432711221    0.639602149066831   -0.639602149066831     0
    0.321786831260907    0.720686637243745   -0.614055377083669     0
    0.374946771792734    0.681694586366843   -0.628257438666942     0
    0.372623029910077    0.729892476624202    -0.57306984752997     0
    0.425259228629117    0.689610388559232    -0.58616729732812     0
    0.317985654581484    0.767179591007761   -0.557064267945405     0
    0.267163385601228    0.756400963593984   -0.597060556114856     0
    0.421838735640695    0.529592105860498   -0.735924101061586     0
    0.367998336453836    0.514509032888532   -0.774504796268762     0
    0.416158278736229    0.470179671275199   -0.778295164933487     0
    0.321786831260907    0.614055377083669   -0.720686637243745     0
    0.267163385601228    0.597060556114856   -0.756400963593984     0
    0.317985654581484    0.557064267945405   -0.767179591007761     0
    0.425259228629117     0.58616729732812   -0.689610388559232     0
    0.372623029910077     0.57306984752997   -0.729892476624202     0
    0.374946771792734    0.628257438666942   -0.681694586366843     0
    0.268375559808488    0.707361396393885   -0.653922330089113     0
    0.322705447168261    0.669276174074624   -0.669276174074624     0
    0.268375559808488    0.653922330089113   -0.707361396393885     0
     0.70305656634142     0.70305656634142   -0.106878103690253     0
    0.690768358169145    0.690768358169145   -0.213724473808237     0
     0.74180685057948      0.6358465799628   -0.213123727404914     0
    0.724130573973053    0.670727388335895   -0.160498231683612     0
    0.670727388335895    0.724130573973053   -0.160498231683612     0
      0.6358465799628     0.74180685057948   -0.213123727404914     0
    0.735924101061586    0.529592105860498   -0.421838735640695     0
    0.778295164933487    0.470179671275199   -0.416158278736229     0
    0.774504796268762    0.514509032888532   -0.367998336453836     0
    0.639602149066831    0.639602149066831   -0.426401432711221     0
    0.720686637243745    0.614055377083669   -0.321786831260907     0
    0.681694586366843    0.628257438666942   -0.374946771792734     0
    0.729892476624202     0.57306984752997   -0.372623029910077     0
    0.689610388559232     0.58616729732812   -0.425259228629117     0
    0.767179591007761    0.557064267945405   -0.317985654581484     0
    0.756400963593984    0.597060556114856   -0.267163385601228     0
    0.529592105860498    0.735924101061586   -0.421838735640695     0
    0.514509032888532    0.774504796268762   -0.367998336453836     0
    0.470179671275199    0.778295164933487   -0.416158278736229     0
    0.614055377083669    0.720686637243745   -0.321786831260907     0
    0.597060556114856    0.756400963593984   -0.267163385601228     0
    0.557064267945405    0.767179591007761   -0.317985654581484     0
     0.58616729732812    0.689610388559232   -0.425259228629117     0
     0.57306984752997    0.729892476624202   -0.372623029910077     0
    0.628257438666942    0.681694586366843   -0.374946771792734     0
    0.707361396393885    0.653922330089113   -0.268375559808488     0
    0.669276174074624    0.669276174074624   -0.322705447168261     0
    0.653922330089113    0.707361396393885   -0.268375559808488     0
     0.70305656634142    0.106878103690253    -0.70305656634142     0
    0.690768358169145    0.213724473808237   -0.690768358169145     0
      0.6358465799628    0.213123727404914    -0.74180685057948     0
    0.670727388335895    0.160498231683612   -0.724130573973053     0
    0.724130573973053    0.160498231683612   -0.670727388335895     0
     0.74180685057948    0.213123727404914     -0.6358465799628     0
    0.529592105860498    0.421838735640695   -0.735924101061586     0
    0.470179671275199    0.416158278736229   -0.778295164933487     0
    0.514509032888532    0.367998336453836   -0.774504796268762     0
    0.639602149066831    0.426401432711221   -0.639602149066831     0
    0.614055377083669    0.321786831260907   -0.720686637243745     0
    0.628257438666942    0.374946771792734   -0.681694586366843     0
     0.57306984752997    0.372623029910077   -0.729892476624202     0
     0.58616729732812    0.425259228629117   -0.689610388559232     0
    0.557064267945405    0.317985654581484   -0.767179591007761     0
    0.597060556114856    0.267163385601228   -0.756400963593984     0
    0.735924101061586    0.421838735640695   -0.529592105860498     0
    0.774504796268762    0.367998336453836   -0.514509032888532     0
    0.778295164933487    0.416158278736229   -0.470179671275199     0
    0.720686637243745    0.321786831260907   -0.614055377083669     0
    0.756400963593984    0.267163385601228   -0.597060556114856     0
    0.767179591007761    0.317985654581484   -0.557064267945405     0
    0.689610388559232    0.425259228629117    -0.58616729732812     0
    0.729892476624202    0.372623029910077    -0.57306984752997     0
    0.681694586366843    0.374946771792734   -0.628257438666942     0
    0.653922330089113    0.268375559808488   -0.707361396393885     0
    0.669276174074624    0.322705447168261   -0.669276174074624     0
    0.707361396393885    0.268375559808488   -0.653922330089113     0
    0.477102320122937      0.7380696120737   -0.477102320122937     0
    0.539163866017192    0.646996639220631   -0.539163866017192     0
    0.591074266249286    0.645145368133153   -0.484168013972636     0
    0.535837781266493    0.693349277701198   -0.481813917688799     0
    0.481813917688799    0.693349277701198   -0.535837781266493     0
    0.484168013972636    0.645145368133153   -0.591074266249286     0
      0.7380696120737    0.477102320122937   -0.477102320122937     0
    0.646996639220631    0.539163866017192   -0.539163866017192     0
    0.645145368133153    0.484168013972636   -0.591074266249286     0
    0.693349277701198    0.481813917688799   -0.535837781266493     0
    0.693349277701198    0.535837781266493   -0.481813917688799     0
    0.645145368133153    0.591074266249286   -0.484168013972636     0
    0.477102320122937    0.477102320122937     -0.7380696120737     0
    0.539163866017192    0.539163866017192   -0.646996639220631     0
    0.484168013972636    0.591074266249286   -0.645145368133153     0
    0.481813917688799    0.535837781266493   -0.693349277701198     0
    0.535837781266493    0.481813917688799   -0.693349277701198     0
    0.591074266249286    0.484168013972636   -0.645145368133153     0
    0.594811877479463    0.594811877479463   -0.540738070435875     0
    0.594811877479463    0.540738070435875   -0.594811877479463     0
    0.540738070435875    0.594811877479463   -0.594811877479463     0
  -0.0980171403295606                    0   -0.995184726672197     0
   -0.049067674327418                    0   -0.998795456205172     0
  -0.0491267066948187   0.0491267066948187   -0.997583647309158     0
   -0.195090322016128                    0    -0.98078528040323     0
  -0.0984867696244087   0.0984867696244087   -0.990252852769381     0
   -0.147140661366339   0.0493615095693959   -0.987883124233685     0
  -0.0983716007263489   0.0493033506589752   -0.993927667279835     0
   -0.146730474455362                    0   -0.989176509964781     0
  -0.0493033506589752   0.0983716007263489   -0.993927667279835     0
  -0.0493615095693959    0.147140661366339   -0.987883124233685     0
    -0.38268343236509                    0   -0.923879532511287     0
   -0.293470193670293    0.100318491325106   -0.950689984024958     0
   -0.290284677254462                    0   -0.956940335732209     0
   -0.338871619734745   0.0502771682879443   -0.939488281825429     0
   -0.292247106655137    0.050222773794293   -0.955023194296405     0
    -0.33688985339222                    0   -0.941544065183021     0
   -0.198756853415513    0.198756853415513   -0.959682982260667     0
   -0.197914728701508   0.0998786107280953   -0.975117440763949     0
   -0.198584570764875    0.149505026666196   -0.968613656343782     0
   -0.245991761284734    0.100220490080289   -0.964076712066058     0
   -0.246692127795361    0.149889230187575   -0.957432093026745     0
   -0.242980179903264                    0   -0.970031253194544     0
    -0.24467654579688   0.0500573191482857    -0.96831175389778     0
   -0.196749005534169   0.0500019460284389    -0.97917804010031     0
   -0.100318491325106    0.293470193670293   -0.950689984024958     0
   -0.050222773794293    0.292247106655137   -0.955023194296405     0
  -0.0502771682879443    0.338871619734745   -0.939488281825429     0
  -0.0998786107280953    0.197914728701508   -0.975117440763949     0
  -0.0500019460284389    0.196749005534169    -0.97917804010031     0
  -0.0500573191482857     0.24467654579688    -0.96831175389778     0
   -0.149889230187575    0.246692127795361   -0.957432093026745     0
   -0.100220490080289    0.245991761284734   -0.964076712066058     0
   -0.149505026666196    0.198584570764875   -0.968613656343782     0
   -0.148388522635121   0.0993083567347409   -0.983930229555334     0
   -0.149255728805963    0.149255728805963   -0.977468902235361     0
  -0.0993083567347409    0.148388522635121   -0.983930229555334     0
   -0.707106781186547                    0   -0.707106781186547     0
   -0.647770289815384    0.106574189669187   -0.754344479484572     0
   -0.634393284163645                    0   -0.773010453362737     0
    -0.67889209559033    0.053401431398386   -0.732293526988716     0
   -0.642036355636785   0.0533664391414598   -0.764814579629597     0
   -0.671558954847018                    0   -0.740951125354959     0
   -0.577350269189626    0.211324865405187   -0.788675134594813     0
   -0.569815223564394    0.106288239281359   -0.814870186707507     0
   -0.574428903840176    0.159040826038418   -0.802955447136385     0
   -0.609535351501347    0.106561037418759   -0.785564383468578     0
   -0.613874632211945    0.159290580898258   -0.773165213110203     0
   -0.555570233019602                    0   -0.831469612302545     0
   -0.595699304492433                    0   -0.803207531480645     0
   -0.603404464183302   0.0532588813822261   -0.795654789564907     0
   -0.563522820644882   0.0532225186053302   -0.824384251502745     0
   -0.408248290463863    0.408248290463863   -0.816496580927726     0
    -0.40874890037998     0.31030659960479   -0.858273936852256     0
   -0.497051625386297    0.312459714103783   -0.809511339490079     0
   -0.409078782600267    0.359787723819648   -0.838574590251195     0
   -0.453477669371393    0.311780141951968   -0.834955775155727     0
   -0.453621195725725    0.361127203346817   -0.814748399072542     0
   -0.404615044596354    0.208846598871523   -0.890320034496634     0
   -0.493467058338738    0.211148778438113   -0.843745492253799     0
   -0.449607304503891    0.210262501478585   -0.868126115382272     0
    -0.45208216497947    0.261290740833947   -0.852847503872716     0
   -0.407259579531976    0.259945273736341   -0.875538742456082     0
   -0.538353603678211    0.262454224395268   -0.800807828073479     0
   -0.495969628390016    0.262179718297925    -0.82781394227682     0
   -0.536083828719705    0.211503197326327   -0.817239576933205     0
   -0.471396736825998                    0   -0.881921264348355     0
   -0.395893593484548    0.105018659293459   -0.912271529665426     0
   -0.427555093430282                    0   -0.903989293123443     0
   -0.434605115339654   0.0526255683246314    -0.89908227837007     0
   -0.389841416181788   0.0525839082135741   -0.919379466176162     0
   -0.484341251861761    0.105347400655483   -0.868513371756656     0
   -0.521099762366612   0.0527895943506918   -0.851861665054691     0
   -0.478554140662764   0.0527492214272663   -0.876472163901023     0
   -0.514102744193222                    0   -0.857728610000272     0
     -0.4008227969412     0.15715551919834   -0.902575885030025     0
   -0.440654128748456    0.105311296587647   -0.891478249666231     0
    -0.44545610042135     0.15744264860121   -0.881351618253941     0
   -0.532818542750995    0.159070015625371   -0.831144470371818     0
   -0.489632453362312    0.158483824521413   -0.857404769044043     0
   -0.527750510527338    0.105952787490393   -0.842765332379749     0
   -0.106574189669187    0.647770289815384   -0.754344479484572     0
  -0.0533664391414598    0.642036355636785   -0.764814579629597     0
   -0.053401431398386     0.67889209559033   -0.732293526988716     0
   -0.106288239281359    0.569815223564394   -0.814870186707507     0
  -0.0532225186053302    0.563522820644882   -0.824384251502745     0
  -0.0532588813822261    0.603404464183302   -0.795654789564907     0
   -0.211324865405187    0.577350269189626   -0.788675134594813     0
   -0.159290580898258    0.613874632211945   -0.773165213110203     0
   -0.106561037418759    0.609535351501347   -0.785564383468578     0
   -0.159040826038418    0.574428903840176   -0.802955447136385     0
   -0.105018659293459    0.395893593484548   -0.912271529665426     0
  -0.0525839082135741    0.389841416181788   -0.919379466176162     0
  -0.0526255683246314    0.434605115339654    -0.89908227837007     0
   -0.208846598871523    0.404615044596354   -0.890320034496634     0
   -0.105347400655483    0.484341251861761   -0.868513371756656     0
    -0.15744264860121     0.44545610042135   -0.881351618253941     0
   -0.105311296587647    0.440654128748456   -0.891478249666231     0
    -0.15715551919834      0.4008227969412   -0.902575885030025     0
  -0.0527492214272663    0.478554140662764   -0.876472163901023     0
  -0.0527895943506918    0.521099762366612   -0.851861665054691     0
   -0.312459714103783    0.497051625386297   -0.809511339490079     0
    -0.31030659960479     0.40874890037998   -0.858273936852256     0
   -0.361127203346817    0.453621195725725   -0.814748399072542     0
   -0.311780141951968    0.453477669371393   -0.834955775155727     0
   -0.359787723819648    0.409078782600267   -0.838574590251195     0
   -0.211148778438113    0.493467058338738   -0.843745492253799     0
   -0.211503197326327    0.536083828719705   -0.817239576933205     0
   -0.262179718297925    0.495969628390016    -0.82781394227682     0
   -0.262454224395268    0.538353603678211   -0.800807828073479     0
   -0.259945273736341    0.407259579531976   -0.875538742456082     0
   -0.261290740833947     0.45208216497947   -0.852847503872716     0
   -0.210262501478585    0.449607304503891   -0.868126115382272     0
   -0.105952787490393    0.527750510527338   -0.842765332379749     0
   -0.158483824521413    0.489632453362312   -0.857404769044043     0
   -0.159070015625371    0.532818542750995   -0.831144470371818     0
   -0.345199590199904    0.102822778868168   -0.932879798833508     0
   -0.303485283812735    0.205017253551223   -0.930518462071235     0
    -0.35457611613243    0.207239329671492    -0.91177170284329     0
   -0.350517284991854    0.155384942193638   -0.923576284159256     0
   -0.298906567144267    0.152887213150693   -0.941955606264459     0
   -0.251494116344428    0.202186962636731   -0.946504697074382     0
   -0.360401963905832    0.360401963905832    -0.86036088290068     0
   -0.309712631841301    0.309712631841301   -0.898975067149178     0
   -0.259905941993649    0.358026618061456   -0.896808698706625     0
   -0.310454860173925    0.359746703349629   -0.879886407000053     0
   -0.359746703349629    0.310454860173925   -0.879886407000053     0
   -0.358026618061456    0.259905941993649   -0.896808698706625     0
   -0.102822778868168    0.345199590199904   -0.932879798833508     0
   -0.205017253551223    0.303485283812735   -0.930518462071235     0
   -0.202186962636731    0.251494116344428   -0.946504697074382     0
   -0.152887213150693    0.298906567144267   -0.941955606264459     0
   -0.155384942193638    0.350517284991854   -0.923576284159256     0
   -0.207239329671492     0.35457611613243    -0.91177170284329     0
   -0.307059696822177    0.257751695690883    -0.91612139258722     0
   -0.257751695690883    0.307059696822177    -0.91612139258722     0
   -0.254869820723905    0.254869820723905    -0.93278226235726     0
   -0.995184726672197                    0  -0.0980171403295606     0
   -0.997583647309158   0.0491267066948187  -0.0491267066948187     0
   -0.998795456205172                    0   -0.049067674327418     0
   -0.990252852769381   0.0984867696244087  -0.0984867696244087     0
   -0.987883124233685    0.147140661366339  -0.0493615095693959     0
   -0.993927667279835   0.0983716007263489  -0.0493033506589752     0
    -0.98078528040323                    0   -0.195090322016128     0
   -0.989176509964781                    0   -0.146730474455362     0
   -0.993927667279835   0.0493033506589752  -0.0983716007263489     0
   -0.987883124233685   0.0493615095693959   -0.147140661366339     0
   -0.950689984024958    0.293470193670293   -0.100318491325106     0
   -0.939488281825429    0.338871619734745  -0.0502771682879443     0
   -0.955023194296405    0.292247106655137   -0.050222773794293     0
   -0.959682982260667    0.198756853415513   -0.198756853415513     0
   -0.975117440763949    0.197914728701508  -0.0998786107280953     0
   -0.968613656343782    0.198584570764875   -0.149505026666196     0
   -0.964076712066058    0.245991761284734   -0.100220490080289     0
   -0.957432093026745    0.246692127795361   -0.149889230187575     0
    -0.96831175389778     0.24467654579688  -0.0500573191482857     0
    -0.97917804010031    0.196749005534169  -0.0500019460284389     0
   -0.923879532511287                    0    -0.38268343236509     0
   -0.956940335732209                    0   -0.290284677254462     0
   -0.950689984024958    0.100318491325106   -0.293470193670293     0
   -0.941544065183021                    0    -0.33688985339222     0
   -0.955023194296405    0.050222773794293   -0.292247106655137     0
   -0.939488281825429   0.0502771682879443   -0.338871619734745     0
   -0.975117440763949   0.0998786107280953   -0.197914728701508     0
    -0.97917804010031   0.0500019460284389   -0.196749005534169     0
    -0.96831175389778   0.0500573191482857    -0.24467654579688     0
   -0.970031253194544                    0   -0.242980179903264     0
   -0.957432093026745    0.149889230187575   -0.246692127795361     0
   -0.964076712066058    0.100220490080289   -0.245991761284734     0
   -0.968613656343782    0.149505026666196   -0.198584570764875     0
   -0.983930229555334    0.148388522635121  -0.0993083567347409     0
   -0.977468902235361    0.149255728805963   -0.149255728805963     0
   -0.983930229555334   0.0993083567347409   -0.148388522635121     0
   -0.754344479484572    0.647770289815384   -0.106574189669187     0
   -0.732293526988716     0.67889209559033   -0.053401431398386     0
   -0.764814579629597    0.642036355636785  -0.0533664391414598     0
   -0.788675134594813    0.577350269189626   -0.211324865405187     0
   -0.814870186707507    0.569815223564394   -0.106288239281359     0
   -0.802955447136385    0.574428903840176   -0.159040826038418     0
   -0.785564383468578    0.609535351501347   -0.106561037418759     0
   -0.773165213110203    0.613874632211945   -0.159290580898258     0
   -0.795654789564907    0.603404464183302  -0.0532588813822261     0
   -0.824384251502745    0.563522820644882  -0.0532225186053302     0
   -0.816496580927726    0.408248290463863   -0.408248290463863     0
   -0.858273936852256     0.40874890037998    -0.31030659960479     0
   -0.809511339490079    0.497051625386297   -0.312459714103783     0
   -0.838574590251195    0.409078782600267   -0.359787723819648     0
   -0.834955775155727    0.453477669371393   -0.311780141951968     0
   -0.814748399072542    0.453621195725725   -0.361127203346817     0
   -0.890320034496634    0.404615044596354   -0.208846598871523     0
   -0.843745492253799    0.493467058338738   -0.211148778438113     0
   -0.868126115382272    0.449607304503891   -0.210262501478585     0
   -0.852847503872716     0.45208216497947   -0.261290740833947     0
   -0.875538742456082    0.407259579531976   -0.259945273736341     0
   -0.800807828073479    0.538353603678211   -0.262454224395268     0
    -0.82781394227682    0.495969628390016   -0.262179718297925     0
   -0.817239576933205    0.536083828719705   -0.211503197326327     0
   -0.912271529665426    0.395893593484548   -0.105018659293459     0
    -0.89908227837007    0.434605115339654  -0.0526255683246314     0
   -0.919379466176162    0.389841416181788  -0.0525839082135741     0
   -0.868513371756656    0.484341251861761   -0.105347400655483     0
   -0.851861665054691    0.521099762366612  -0.0527895943506918     0
   -0.876472163901023    0.478554140662764  -0.0527492214272663     0
   -0.902575885030025      0.4008227969412    -0.15715551919834     0
   -0.891478249666231    0.440654128748456   -0.105311296587647     0
   -0.881351618253941     0.44545610042135    -0.15744264860121     0
   -0.831144470371818    0.532818542750995   -0.159070015625371     0
   -0.857404769044043    0.489632453362312   -0.158483824521413     0
   -0.842765332379749    0.527750510527338   -0.105952787490393     0
   -0.773010453362737                    0   -0.634393284163645     0
   -0.754344479484572    0.106574189669187   -0.647770289815384     0
   -0.740951125354959                    0   -0.671558954847018     0
   -0.764814579629597   0.0533664391414598   -0.642036355636785     0
   -0.732293526988716    0.053401431398386    -0.67889209559033     0
   -0.831469612302545                    0   -0.555570233019602     0
   -0.814870186707507    0.106288239281359   -0.569815223564394     0
   -0.824384251502745   0.0532225186053302   -0.563522820644882     0
   -0.795654789564907   0.0532588813822261   -0.603404464183302     0
   -0.803207531480645                    0   -0.595699304492433     0
   -0.788675134594813    0.211324865405187   -0.577350269189626     0
   -0.773165213110203    0.159290580898258   -0.613874632211945     0
   -0.785564383468578    0.106561037418759   -0.609535351501347     0
   -0.802955447136385    0.159040826038418   -0.574428903840176     0
   -0.912271529665426    0.105018659293459   -0.395893593484548     0
   -0.881921264348355                    0   -0.471396736825998     0
   -0.919379466176162   0.0525839082135741   -0.389841416181788     0
    -0.89908227837007   0.0526255683246314   -0.434605115339654     0
   -0.903989293123443                    0   -0.427555093430282     0
   -0.890320034496634    0.208846598871523   -0.404615044596354     0
   -0.868513371756656    0.105347400655483   -0.484341251861761     0
   -0.881351618253941     0.15744264860121    -0.44545610042135     0
   -0.891478249666231    0.105311296587647   -0.440654128748456     0
   -0.902575885030025     0.15715551919834     -0.4008227969412     0
   -0.857728610000272                    0   -0.514102744193222     0
   -0.876472163901023   0.0527492214272663   -0.478554140662764     0
   -0.851861665054691   0.0527895943506918   -0.521099762366612     0
   -0.809511339490079    0.312459714103783   -0.497051625386297     0
   -0.858273936852256     0.31030659960479    -0.40874890037998     0
   -0.814748399072542    0.361127203346817   -0.453621195725725     0
   -0.834955775155727    0.311780141951968   -0.453477669371393     0
   -0.838574590251195    0.359787723819648   -0.409078782600267     0
   -0.843745492253799    0.211148778438113   -0.493467058338738     0
   -0.817239576933205    0.211503197326327   -0.536083828719705     0
    -0.82781394227682    0.262179718297925   -0.495969628390016     0
   -0.800807828073479    0.262454224395268   -0.538353603678211     0
   -0.875538742456082    0.259945273736341   -0.407259579531976     0
   -0.852847503872716    0.261290740833947    -0.45208216497947     0
   -0.868126115382272    0.210262501478585   -0.449607304503891     0
   -0.842765332379749    0.105952787490393   -0.527750510527338     0
   -0.857404769044043    0.158483824521413   -0.489632453362312     0
   -0.831144470371818    0.159070015625371   -0.532818542750995     0
   -0.932879798833508    0.345199590199904   -0.102822778868168     0
   -0.930518462071235    0.303485283812735   -0.205017253551223     0
    -0.91177170284329     0.35457611613243   -0.207239329671492     0
   -0.923576284159256    0.350517284991854   -0.155384942193638     0
   -0.941955606264459    0.298906567144267   -0.152887213150693     0
   -0.946504697074382    0.251494116344428   -0.202186962636731     0
    -0.86036088290068    0.360401963905832   -0.360401963905832     0
   -0.898975067149178    0.309712631841301   -0.309712631841301     0
   -0.896808698706625    0.259905941993649   -0.358026618061456     0
   -0.879886407000053    0.310454860173925   -0.359746703349629     0
   -0.879886407000053    0.359746703349629   -0.310454860173925     0
   -0.896808698706625    0.358026618061456   -0.259905941993649     0
   -0.932879798833508    0.102822778868168   -0.345199590199904     0
   -0.930518462071235    0.205017253551223   -0.303485283812735     0
   -0.946504697074382    0.202186962636731   -0.251494116344428     0
   -0.941955606264459    0.152887213150693   -0.298906567144267     0
   -0.923576284159256    0.155384942193638   -0.350517284991854     0
    -0.91177170284329    0.207239329671492    -0.35457611613243     0
    -0.91612139258722    0.307059696822177   -0.257751695690883     0
    -0.91612139258722    0.257751695690883   -0.307059696822177     0
    -0.93278226235726    0.254869820723905   -0.254869820723905     0
  -0.0491267066948187    0.997583647309158  -0.0491267066948187     0
  -0.0984867696244087    0.990252852769381  -0.0984867696244087     0
  -0.0493615095693959    0.987883124233685   -0.147140661366339     0
  -0.0493033506589752    0.993927667279835  -0.0983716007263489     0
  -0.0983716007263489    0.993927667279835  -0.0493033506589752     0
   -0.147140661366339    0.987883124233685  -0.0493615095693959     0
   -0.100318491325106    0.950689984024958   -0.293470193670293     0
  -0.0502771682879443    0.939488281825429   -0.338871619734745     0
   -0.050222773794293    0.955023194296405   -0.292247106655137     0
   -0.198756853415513    0.959682982260667   -0.198756853415513     0
  -0.0998786107280953    0.975117440763949   -0.197914728701508     0
   -0.149505026666196    0.968613656343782   -0.198584570764875     0
   -0.100220490080289    0.964076712066058   -0.245991761284734     0
   -0.149889230187575    0.957432093026745   -0.246692127795361     0
  -0.0500573191482857     0.96831175389778    -0.24467654579688     0
  -0.0500019460284389     0.97917804010031   -0.196749005534169     0
   -0.293470193670293    0.950689984024958   -0.100318491325106     0
   -0.292247106655137    0.955023194296405   -0.050222773794293     0
   -0.338871619734745    0.939488281825429  -0.0502771682879443     0
   -0.197914728701508    0.975117440763949  -0.0998786107280953     0
   -0.196749005534169     0.97917804010031  -0.0500019460284389     0
    -0.24467654579688     0.96831175389778  -0.0500573191482857     0
   -0.246692127795361    0.957432093026745   -0.149889230187575     0
   -0.245991761284734    0.964076712066058   -0.100220490080289     0
   -0.198584570764875    0.968613656343782   -0.149505026666196     0
  -0.0993083567347409    0.983930229555334   -0.148388522635121     0
   -0.149255728805963    0.977468902235361   -0.149255728805963     0
   -0.148388522635121    0.983930229555334  -0.0993083567347409     0
   -0.106574189669187    0.754344479484572   -0.647770289815384     0
   -0.053401431398386    0.732293526988716    -0.67889209559033     0
  -0.0533664391414598    0.764814579629597   -0.642036355636785     0
   -0.211324865405187    0.788675134594813   -0.577350269189626     0
   -0.106288239281359    0.814870186707507   -0.569815223564394     0
   -0.159040826038418    0.802955447136385   -0.574428903840176     0
   -0.106561037418759    0.785564383468578   -0.609535351501347     0
   -0.159290580898258    0.773165213110203   -0.613874632211945     0
  -0.0532588813822261    0.795654789564907   -0.603404464183302     0
  -0.0532225186053302    0.824384251502745   -0.563522820644882     0
   -0.408248290463863    0.816496580927726   -0.408248290463863     0
    -0.31030659960479    0.858273936852256    -0.40874890037998     0
   -0.312459714103783    0.809511339490079   -0.497051625386297     0
   -0.359787723819648    0.838574590251195   -0.409078782600267     0
   -0.311780141951968    0.834955775155727   -0.453477669371393     0
   -0.361127203346817    0.814748399072542   -0.453621195725725     0
   -0.208846598871523    0.890320034496634   -0.404615044596354     0
   -0.211148778438113    0.843745492253799   -0.493467058338738     0
   -0.210262501478585    0.868126115382272   -0.449607304503891     0
   -0.261290740833947    0.852847503872716    -0.45208216497947     0
   -0.259945273736341    0.875538742456082   -0.407259579531976     0
   -0.262454224395268    0.800807828073479   -0.538353603678211     0
   -0.262179718297925     0.82781394227682   -0.495969628390016     0
   -0.211503197326327    0.817239576933205   -0.536083828719705     0
   -0.105018659293459    0.912271529665426   -0.395893593484548     0
  -0.0526255683246314     0.89908227837007   -0.434605115339654     0
  -0.0525839082135741    0.919379466176162   -0.389841416181788     0
   -0.105347400655483    0.868513371756656   -0.484341251861761     0
  -0.0527895943506918    0.851861665054691   -0.521099762366612     0
  -0.0527492214272663    0.876472163901023   -0.478554140662764     0
    -0.15715551919834    0.902575885030025     -0.4008227969412     0
   -0.105311296587647    0.891478249666231   -0.440654128748456     0
    -0.15744264860121    0.881351618253941    -0.44545610042135     0
   -0.159070015625371    0.831144470371818   -0.532818542750995     0
   -0.158483824521413    0.857404769044043   -0.489632453362312     0
   -0.105952787490393    0.842765332379749   -0.527750510527338     0
   -0.647770289815384    0.754344479484572   -0.106574189669187     0
   -0.642036355636785    0.764814579629597  -0.0533664391414598     0
    -0.67889209559033    0.732293526988716   -0.053401431398386     0
   -0.569815223564394    0.814870186707507   -0.106288239281359     0
   -0.563522820644882    0.824384251502745  -0.0532225186053302     0
   -0.603404464183302    0.795654789564907  -0.0532588813822261     0
   -0.577350269189626    0.788675134594813   -0.211324865405187     0
   -0.613874632211945    0.773165213110203   -0.159290580898258     0
   -0.609535351501347    0.785564383468578   -0.106561037418759     0
   -0.574428903840176    0.802955447136385   -0.159040826038418     0
   -0.395893593484548    0.912271529665426   -0.105018659293459     0
   -0.389841416181788    0.919379466176162  -0.0525839082135741     0
   -0.434605115339654     0.89908227837007  -0.0526255683246314     0
   -0.404615044596354    0.890320034496634   -0.208846598871523     0
   -0.484341251861761    0.868513371756656   -0.105347400655483     0
    -0.44545610042135    0.881351618253941    -0.15744264860121     0
   -0.440654128748456    0.891478249666231   -0.105311296587647     0
     -0.4008227969412    0.902575885030025    -0.15715551919834     0
   -0.478554140662764    0.876472163901023  -0.0527492214272663     0
   -0.521099762366612    0.851861665054691  -0.0527895943506918     0
   -0.497051625386297    0.809511339490079   -0.312459714103783     0
    -0.40874890037998    0.858273936852256    -0.31030659960479     0
   -0.453621195725725    0.814748399072542   -0.361127203346817     0
   -0.453477669371393    0.834955775155727   -0.311780141951968     0
   -0.409078782600267    0.838574590251195   -0.359787723819648     0
   -0.493467058338738    0.843745492253799   -0.211148778438113     0
   -0.536083828719705    0.817239576933205   -0.211503197326327     0
   -0.495969628390016     0.82781394227682   -0.262179718297925     0
   -0.538353603678211    0.800807828073479   -0.262454224395268     0
   -0.407259579531976    0.875538742456082   -0.259945273736341     0
    -0.45208216497947    0.852847503872716   -0.261290740833947     0
   -0.449607304503891    0.868126115382272   -0.210262501478585     0
   -0.527750510527338    0.842765332379749   -0.105952787490393     0
   -0.489632453362312    0.857404769044043   -0.158483824521413     0
   -0.532818542750995    0.831144470371818   -0.159070015625371     0
   -0.102822778868168    0.932879798833508   -0.345199590199904     0
   -0.205017253551223    0.930518462071235   -0.303485283812735     0
   -0.207239329671492     0.91177170284329    -0.35457611613243     0
   -0.155384942193638    0.923576284159256   -0.350517284991854     0
   -0.152887213150693    0.941955606264459   -0.298906567144267     0
   -0.202186962636731    0.946504697074382   -0.251494116344428     0
   -0.360401963905832     0.86036088290068   -0.360401963905832     0
   -0.309712631841301    0.898975067149178   -0.309712631841301     0
   -0.358026618061456    0.896808698706625   -0.259905941993649     0
   -0.359746703349629    0.879886407000053   -0.310454860173925     0
   -0.310454860173925    0.879886407000053   -0.359746703349629     0
   -0.259905941993649    0.896808698706625   -0.358026618061456     0
   -0.345199590199904    0.932879798833508   -0.102822778868168     0
   -0.303485283812735    0.930518462071235   -0.205017253551223     0
   -0.251494116344428    0.946504697074382   -0.202186962636731     0
   -0.298906567144267    0.941955606264459   -0.152887213150693     0
   -0.350517284991854    0.923576284159256   -0.155384942193638     0
    -0.35457611613243     0.91177170284329   -0.207239329671492     0
   -0.257751695690883     0.91612139258722   -0.307059696822177     0
   -0.307059696822177     0.91612139258722   -0.257751695690883     0
   -0.254869820723905     0.93278226235726   -0.254869820723905     0
    -0.70305656634142    0.106878103690253    -0.70305656634142     0
   -0.690768358169145    0.213724473808237   -0.690768358169145     0
    -0.74180685057948    0.213123727404914     -0.6358465799628     0
   -0.724130573973053    0.160498231683612   -0.670727388335895     0
   -0.670727388335895    0.160498231683612   -0.724130573973053     0
     -0.6358465799628    0.213123727404914    -0.74180685057948     0
   -0.735924101061586    0.421838735640695   -0.529592105860498     0
   -0.778295164933487    0.416158278736229   -0.470179671275199     0
   -0.774504796268762    0.367998336453836   -0.514509032888532     0
   -0.639602149066831    0.426401432711221   -0.639602149066831     0
   -0.720686637243745    0.321786831260907   -0.614055377083669     0
   -0.681694586366843    0.374946771792734   -0.628257438666942     0
   -0.729892476624202    0.372623029910077    -0.57306984752997     0
   -0.689610388559232    0.425259228629117    -0.58616729732812     0
   -0.767179591007761    0.317985654581484   -0.557064267945405     0
   -0.756400963593984    0.267163385601228   -0.597060556114856     0
   -0.529592105860498    0.421838735640695   -0.735924101061586     0
   -0.514509032888532    0.367998336453836   -0.774504796268762     0
   -0.470179671275199    0.416158278736229   -0.778295164933487     0
   -0.614055377083669    0.321786831260907   -0.720686637243745     0
   -0.597060556114856    0.267163385601228   -0.756400963593984     0
   -0.557064267945405    0.317985654581484   -0.767179591007761     0
    -0.58616729732812    0.425259228629117   -0.689610388559232     0
    -0.57306984752997    0.372623029910077   -0.729892476624202     0
   -0.628257438666942    0.374946771792734   -0.681694586366843     0
   -0.707361396393885    0.268375559808488   -0.653922330089113     0
   -0.669276174074624    0.322705447168261   -0.669276174074624     0
   -0.653922330089113    0.268375559808488   -0.707361396393885     0
    -0.70305656634142     0.70305656634142   -0.106878103690253     0
   -0.690768358169145    0.690768358169145   -0.213724473808237     0
     -0.6358465799628     0.74180685057948   -0.213123727404914     0
   -0.670727388335895    0.724130573973053   -0.160498231683612     0
   -0.724130573973053    0.670727388335895   -0.160498231683612     0
    -0.74180685057948      0.6358465799628   -0.213123727404914     0
   -0.529592105860498    0.735924101061586   -0.421838735640695     0
   -0.470179671275199    0.778295164933487   -0.416158278736229     0
   -0.514509032888532    0.774504796268762   -0.367998336453836     0
   -0.639602149066831    0.639602149066831   -0.426401432711221     0
   -0.614055377083669    0.720686637243745   -0.321786831260907     0
   -0.628257438666942    0.681694586366843   -0.374946771792734     0
    -0.57306984752997    0.729892476624202   -0.372623029910077     0
    -0.58616729732812    0.689610388559232   -0.425259228629117     0
   -0.557064267945405    0.767179591007761   -0.317985654581484     0
   -0.597060556114856    0.756400963593984   -0.267163385601228     0
   -0.735924101061586    0.529592105860498   -0.421838735640695     0
   -0.774504796268762    0.514509032888532   -0.367998336453836     0
   -0.778295164933487    0.470179671275199   -0.416158278736229     0
   -0.720686637243745    0.614055377083669   -0.321786831260907     0
   -0.756400963593984    0.597060556114856   -0.267163385601228     0
   -0.767179591007761    0.557064267945405   -0.317985654581484     0
   -0.689610388559232     0.58616729732812   -0.425259228629117     0
   -0.729892476624202     0.57306984752997   -0.372623029910077     0
   -0.681694586366843    0.628257438666942   -0.374946771792734     0
   -0.653922330089113    0.707361396393885   -0.268375559808488     0
   -0.669276174074624    0.669276174074624   -0.322705447168261     0
   -0.707361396393885    0.653922330089113   -0.268375559808488     0
   -0.106878103690253     0.70305656634142    -0.70305656634142     0
   -0.213724473808237    0.690768358169145   -0.690768358169145     0
   -0.213123727404914      0.6358465799628    -0.74180685057948     0
   -0.160498231683612    0.670727388335895   -0.724130573973053     0
   -0.160498231683612    0.724130573973053   -0.670727388335895     0
   -0.213123727404914     0.74180685057948     -0.6358465799628     0
   -0.421838735640695    0.529592105860498   -0.735924101061586     0
   -0.416158278736229    0.470179671275199   -0.778295164933487     0
   -0.367998336453836    0.514509032888532   -0.774504796268762     0
   -0.426401432711221    0.639602149066831   -0.639602149066831     0
   -0.321786831260907    0.614055377083669   -0.720686637243745     0
   -0.374946771792734    0.628257438666942   -0.681694586366843     0
   -0.372623029910077     0.57306984752997   -0.729892476624202     0
   -0.425259228629117     0.58616729732812   -0.689610388559232     0
   -0.317985654581484    0.557064267945405   -0.767179591007761     0
   -0.267163385601228    0.597060556114856   -0.756400963593984     0
   -0.421838735640695    0.735924101061586   -0.529592105860498     0
   -0.367998336453836    0.774504796268762   -0.514509032888532     0
   -0.416158278736229    0.778295164933487   -0.470179671275199     0
   -0.321786831260907    0.720686637243745   -0.614055377083669     0
   -0.267163385601228    0.756400963593984   -0.597060556114856     0
   -0.317985654581484    0.767179591007761   -0.557064267945405     0
   -0.425259228629117    0.689610388559232    -0.58616729732812     0
   -0.372623029910077    0.729892476624202    -0.57306984752997     0
   -0.374946771792734    0.681694586366843   -0.628257438666942     0
   -0.268375559808488    0.653922330089113   -0.707361396393885     0
   -0.322705447168261    0.669276174074624   -0.669276174074624     0
   -0.268375559808488    0.707361396393885   -0.653922330089113     0
     -0.7380696120737    0.477102320122937   -0.477102320122937     0
   -0.646996639220631    0.539163866017192   -0.539163866017192     0
   -0.645145368133153    0.591074266249286   -0.484168013972636     0
   -0.693349277701198    0.535837781266493   -0.481813917688799     0
   -0.693349277701198    0.481813917688799   -0.535837781266493     0
   -0.645145368133153    0.484168013972636   -0.591074266249286     0
   -0.477102320122937      0.7380696120737   -0.477102320122937     0
   -0.539163866017192    0.646996639220631   -0.539163866017192     0
   -0.484168013972636    0.645145368133153   -0.591074266249286     0
   -0.481813917688799    0.693349277701198   -0.535837781266493     0
   -0.535837781266493    0.693349277701198   -0.481813917688799     0
   -0.591074266249286    0.645145368133153   -0.484168013972636     0
   -0.477102320122937    0.477102320122937     -0.7380696120737     0
   -0.539163866017192    0.539163866017192   -0.646996639220631     0
   -0.591074266249286    0.484168013972636   -0.645145368133153     0
   -0.535837781266493    0.481813917688799   -0.693349277701198     0
   -0.481813917688799    0.535837781266493   -0.693349277701198     0
   -0.484168013972636    0.591074266249286   -0.645145368133153     0
   -0.594811877479463    0.594811877479463   -0.540738070435875     0
   -0.540738070435875    0.594811877479463   -0.594811877479463     0
   -0.594811877479463    0.540738070435875   -0.594811877479463     0
                    0  -0.0980171403295606   -0.995184726672197     0
                    0   -0.049067674327418   -0.998795456205172     0
  -0.0491267066948187  -0.0491267066948187   -0.997583647309158     0
                    0   -0.195090322016128    -0.98078528040323     0
  -0.0984867696244087  -0.0984867696244087   -0.990252852769381     0
  -0.0493615095693959   -0.147140661366339   -0.987883124233685     0
  -0.0493033506589752  -0.0983716007263489   -0.993927667279835     0
                    0   -0.146730474455362   -0.989176509964781     0
  -0.0983716007263489  -0.0493033506589752   -0.993927667279835     0
   -0.147140661366339  -0.0493615095693959   -0.987883124233685     0
                    0    -0.38268343236509   -0.923879532511287     0
   -0.100318491325106   -0.293470193670293   -0.950689984024958     0
                    0   -0.290284677254462   -0.956940335732209     0
  -0.0502771682879443   -0.338871619734745   -0.939488281825429     0
   -0.050222773794293   -0.292247106655137   -0.955023194296405     0
                    0    -0.33688985339222   -0.941544065183021     0
   -0.198756853415513   -0.198756853415513   -0.959682982260667     0
  -0.0998786107280953   -0.197914728701508   -0.975117440763949     0
   -0.149505026666196   -0.198584570764875   -0.968613656343782     0
   -0.100220490080289   -0.245991761284734   -0.964076712066058     0
   -0.149889230187575   -0.246692127795361   -0.957432093026745     0
                    0   -0.242980179903264   -0.970031253194544     0
  -0.0500573191482857    -0.24467654579688    -0.96831175389778     0
  -0.0500019460284389   -0.196749005534169    -0.97917804010031     0
   -0.293470193670293   -0.100318491325106   -0.950689984024958     0
   -0.292247106655137   -0.050222773794293   -0.955023194296405     0
   -0.338871619734745  -0.0502771682879443   -0.939488281825429     0
   -0.197914728701508  -0.0998786107280953   -0.975117440763949     0
   -0.196749005534169  -0.0500019460284389    -0.97917804010031     0
    -0.24467654579688  -0.0500573191482857    -0.96831175389778     0
   -0.246692127795361   -0.149889230187575   -0.957432093026745     0
   -0.245991761284734   -0.100220490080289   -0.964076712066058     0
   -0.198584570764875   -0.149505026666196   -0.968613656343782     0
  -0.0993083567347409   -0.148388522635121   -0.983930229555334     0
   -0.149255728805963   -0.149255728805963   -0.977468902235361     0
   -0.148388522635121  -0.0993083567347409   -0.983930229555334     0
                    0   -0.707106781186547   -0.707106781186547     0
   -0.106574189669187   -0.647770289815384   -0.754344479484572     0
                    0   -0.634393284163645   -0.773010453362737     0
   -0.053401431398386    -0.67889209559033   -0.732293526988716     0
  -0.0533664391414598   -0.642036355636785   -0.764814579629597     0
                    0   -0.671558954847018   -0.740951125354959     0
   -0.211324865405187   -0.577350269189626   -0.788675134594813     0
   -0.106288239281359   -0.569815223564394   -0.814870186707507     0
   -0.159040826038418   -0.574428903840176   -0.802955447136385     0
   -0.106561037418759   -0.609535351501347   -0.785564383468578     0
   -0.159290580898258   -0.613874632211945   -0.773165213110203     0
                    0   -0.555570233019602   -0.831469612302545     0
                    0   -0.595699304492433   -0.803207531480645     0
  -0.0532588813822261   -0.603404464183302   -0.795654789564907     0
  -0.0532225186053302   -0.563522820644882   -0.824384251502745     0
   -0.408248290463863   -0.408248290463863   -0.816496580927726     0
    -0.31030659960479    -0.40874890037998   -0.858273936852256     0
   -0.312459714103783   -0.497051625386297   -0.809511339490079     0
   -0.359787723819648   -0.409078782600267   -0.838574590251195     0
   -0.311780141951968   -0.453477669371393   -0.834955775155727     0
   -0.361127203346817   -0.453621195725725   -0.814748399072542     0
   -0.208846598871523   -0.404615044596354   -0.890320034496634     0
   -0.211148778438113   -0.493467058338738   -0.843745492253799     0
   -0.210262501478585   -0.449607304503891   -0.868126115382272     0
   -0.261290740833947    -0.45208216497947   -0.852847503872716     0
   -0.259945273736341   -0.407259579531976   -0.875538742456082     0
   -0.262454224395268   -0.538353603678211   -0.800807828073479     0
   -0.262179718297925   -0.495969628390016    -0.82781394227682     0
   -0.211503197326327   -0.536083828719705   -0.817239576933205     0
                    0   -0.471396736825998   -0.881921264348355     0
   -0.105018659293459   -0.395893593484548   -0.912271529665426     0
                    0   -0.427555093430282   -0.903989293123443     0
  -0.0526255683246314   -0.434605115339654    -0.89908227837007     0
  -0.0525839082135741   -0.389841416181788   -0.919379466176162     0
   -0.105347400655483   -0.484341251861761   -0.868513371756656     0
  -0.0527895943506918   -0.521099762366612   -0.851861665054691     0
  -0.0527492214272663   -0.478554140662764   -0.876472163901023     0
                    0   -0.514102744193222   -0.857728610000272     0
    -0.15715551919834     -0.4008227969412   -0.902575885030025     0
   -0.105311296587647   -0.440654128748456   -0.891478249666231     0
    -0.15744264860121    -0.44545610042135   -0.881351618253941     0
   -0.159070015625371   -0.532818542750995   -0.831144470371818     0
   -0.158483824521413   -0.489632453362312   -0.857404769044043     0
   -0.105952787490393   -0.527750510527338   -0.842765332379749     0
   -0.647770289815384   -0.106574189669187   -0.754344479484572     0
   -0.642036355636785  -0.0533664391414598   -0.764814579629597     0
    -0.67889209559033   -0.053401431398386   -0.732293526988716     0
   -0.569815223564394   -0.106288239281359   -0.814870186707507     0
   -0.563522820644882  -0.0532225186053302   -0.824384251502745     0
   -0.603404464183302  -0.0532588813822261   -0.795654789564907     0
   -0.577350269189626   -0.211324865405187   -0.788675134594813     0
   -0.613874632211945   -0.159290580898258   -0.773165213110203     0
   -0.609535351501347   -0.106561037418759   -0.785564383468578     0
   -0.574428903840176   -0.159040826038418   -0.802955447136385     0
   -0.395893593484548   -0.105018659293459   -0.912271529665426     0
   -0.389841416181788  -0.0525839082135741   -0.919379466176162     0
   -0.434605115339654  -0.0526255683246314    -0.89908227837007     0
   -0.404615044596354   -0.208846598871523   -0.890320034496634     0
   -0.484341251861761   -0.105347400655483   -0.868513371756656     0
    -0.44545610042135    -0.15744264860121   -0.881351618253941     0
   -0.440654128748456   -0.105311296587647   -0.891478249666231     0
     -0.4008227969412    -0.15715551919834   -0.902575885030025     0
   -0.478554140662764  -0.0527492214272663   -0.876472163901023     0
   -0.521099762366612  -0.0527895943506918   -0.851861665054691     0
   -0.497051625386297   -0.312459714103783   -0.809511339490079     0
    -0.40874890037998    -0.31030659960479   -0.858273936852256     0
   -0.453621195725725   -0.361127203346817   -0.814748399072542     0
   -0.453477669371393   -0.311780141951968   -0.834955775155727     0
   -0.409078782600267   -0.359787723819648   -0.838574590251195     0
   -0.493467058338738   -0.211148778438113   -0.843745492253799     0
   -0.536083828719705   -0.211503197326327   -0.817239576933205     0
   -0.495969628390016   -0.262179718297925    -0.82781394227682     0
   -0.538353603678211   -0.262454224395268   -0.800807828073479     0
   -0.407259579531976   -0.259945273736341   -0.875538742456082     0
    -0.45208216497947   -0.261290740833947   -0.852847503872716     0
   -0.449607304503891   -0.210262501478585   -0.868126115382272     0
   -0.527750510527338   -0.105952787490393   -0.842765332379749     0
   -0.489632453362312   -0.158483824521413   -0.857404769044043     0
   -0.532818542750995   -0.159070015625371   -0.831144470371818     0
   -0.102822778868168   -0.345199590199904   -0.932879798833508     0
   -0.205017253551223   -0.303485283812735   -0.930518462071235     0
   -0.207239329671492    -0.35457611613243    -0.91177170284329     0
   -0.155384942193638   -0.350517284991854   -0.923576284159256     0
   -0.152887213150693   -0.298906567144267   -0.941955606264459     0
   -0.202186962636731   -0.251494116344428   -0.946504697074382     0
   -0.360401963905832   -0.360401963905832    -0.86036088290068     0
   -0.309712631841301   -0.309712631841301   -0.898975067149178     0
   -0.358026618061456   -0.259905941993649   -0.896808698706625     0
   -0.359746703349629   -0.310454860173925   -0.879886407000053     0
   -0.310454860173925   -0.359746703349629   -0.879886407000053     0
   -0.259905941993649   -0.358026618061456   -0.896808698706625     0
   -0.345199590199904   -0.102822778868168   -0.932879798833508     0
   -0.303485283812735   -0.205017253551223   -0.930518462071235     0
   -0.251494116344428   -0.202186962636731   -0.946504697074382     0
   -0.298906567144267   -0.152887213150693   -0.941955606264459     0
   -0.350517284991854   -0.155384942193638   -0.923576284159256     0
    -0.35457611613243   -0.207239329671492    -0.91177170284329     0
   -0.257751695690883   -0.307059696822177    -0.91612139258722     0
   -0.307059696822177   -0.257751695690883    -0.91612139258722     0
   -0.254869820723905   -0.254869820723905    -0.93278226235726     0
                    0   -0.995184726672197  -0.0980171403295606     0
  -0.0491267066948187   -0.997583647309158  -0.0491267066948187     0
                    0   -0.998795456205172   -0.049067674327418     0
  -0.0984867696244087   -0.990252852769381  -0.0984867696244087     0
   -0.147140661366339   -0.987883124233685  -0.0493615095693959     0
  -0.0983716007263489   -0.993927667279835  -0.0493033506589752     0
                    0    -0.98078528040323   -0.195090322016128     0
                    0   -0.989176509964781   -0.146730474455362     0
  -0.0493033506589752   -0.993927667279835  -0.0983716007263489     0
  -0.0493615095693959   -0.987883124233685   -0.147140661366339     0
   -0.293470193670293   -0.950689984024958   -0.100318491325106     0
   -0.338871619734745   -0.939488281825429  -0.0502771682879443     0
   -0.292247106655137   -0.955023194296405   -0.050222773794293     0
   -0.198756853415513   -0.959682982260667   -0.198756853415513     0
   -0.197914728701508   -0.975117440763949  -0.0998786107280953     0
   -0.198584570764875   -0.968613656343782   -0.149505026666196     0
   -0.245991761284734   -0.964076712066058   -0.100220490080289     0
   -0.246692127795361   -0.957432093026745   -0.149889230187575     0
    -0.24467654579688    -0.96831175389778  -0.0500573191482857     0
   -0.196749005534169    -0.97917804010031  -0.0500019460284389     0
                    0   -0.923879532511287    -0.38268343236509     0
                    0   -0.956940335732209   -0.290284677254462     0
   -0.100318491325106   -0.950689984024958   -0.293470193670293     0
                    0   -0.941544065183021    -0.33688985339222     0
   -0.050222773794293   -0.955023194296405   -0.292247106655137     0
  -0.0502771682879443   -0.939488281825429   -0.338871619734745     0
  -0.0998786107280953   -0.975117440763949   -0.197914728701508     0
  -0.0500019460284389    -0.97917804010031   -0.196749005534169     0
  -0.0500573191482857    -0.96831175389778    -0.24467654579688     0
                    0   -0.970031253194544   -0.242980179903264     0
   -0.149889230187575   -0.957432093026745   -0.246692127795361     0
   -0.100220490080289   -0.964076712066058   -0.245991761284734     0
   -0.149505026666196   -0.968613656343782   -0.198584570764875     0
   -0.148388522635121   -0.983930229555334  -0.0993083567347409     0
   -0.149255728805963   -0.977468902235361   -0.149255728805963     0
  -0.0993083567347409   -0.983930229555334   -0.148388522635121     0
   -0.647770289815384   -0.754344479484572   -0.106574189669187     0
    -0.67889209559033   -0.732293526988716   -0.053401431398386     0
   -0.642036355636785   -0.764814579629597  -0.0533664391414598     0
   -0.577350269189626   -0.788675134594813   -0.211324865405187     0
   -0.569815223564394   -0.814870186707507   -0.106288239281359     0
   -0.574428903840176   -0.802955447136385   -0.159040826038418     0
   -0.609535351501347   -0.785564383468578   -0.106561037418759     0
   -0.613874632211945   -0.773165213110203   -0.159290580898258     0
   -0.603404464183302   -0.795654789564907  -0.0532588813822261     0
   -0.563522820644882   -0.824384251502745  -0.0532225186053302     0
   -0.408248290463863   -0.816496580927726   -0.408248290463863     0
    -0.40874890037998   -0.858273936852256    -0.31030659960479     0
   -0.497051625386297   -0.809511339490079   -0.312459714103783     0
   -0.409078782600267   -0.838574590251195   -0.359787723819648     0
   -0.453477669371393   -0.834955775155727   -0.311780141951968     0
   -0.453621195725725   -0.814748399072542   -0.361127203346817     0
   -0.404615044596354   -0.890320034496634   -0.208846598871523     0
   -0.493467058338738   -0.843745492253799   -0.211148778438113     0
   -0.449607304503891   -0.868126115382272   -0.210262501478585     0
    -0.45208216497947   -0.852847503872716   -0.261290740833947     0
   -0.407259579531976   -0.875538742456082   -0.259945273736341     0
   -0.538353603678211   -0.800807828073479   -0.262454224395268     0
   -0.495969628390016    -0.82781394227682   -0.262179718297925     0
   -0.536083828719705   -0.817239576933205   -0.211503197326327     0
   -0.395893593484548   -0.912271529665426   -0.105018659293459     0
   -0.434605115339654    -0.89908227837007  -0.0526255683246314     0
   -0.389841416181788   -0.919379466176162  -0.0525839082135741     0
   -0.484341251861761   -0.868513371756656   -0.105347400655483     0
   -0.521099762366612   -0.851861665054691  -0.0527895943506918     0
   -0.478554140662764   -0.876472163901023  -0.0527492214272663     0
     -0.4008227969412   -0.902575885030025    -0.15715551919834     0
   -0.440654128748456   -0.891478249666231   -0.105311296587647     0
    -0.44545610042135   -0.881351618253941    -0.15744264860121     0
   -0.532818542750995   -0.831144470371818   -0.159070015625371     0
   -0.489632453362312   -0.857404769044043   -0.158483824521413     0
   -0.527750510527338   -0.842765332379749   -0.105952787490393     0
                    0   -0.773010453362737   -0.634393284163645     0
   -0.106574189669187   -0.754344479484572   -0.647770289815384     0
                    0   -0.740951125354959   -0.671558954847018     0
  -0.0533664391414598   -0.764814579629597   -0.642036355636785     0
   -0.053401431398386   -0.732293526988716    -0.67889209559033     0
                    0   -0.831469612302545   -0.555570233019602     0
   -0.106288239281359   -0.814870186707507   -0.569815223564394     0
  -0.0532225186053302   -0.824384251502745   -0.563522820644882     0
  -0.0532588813822261   -0.795654789564907   -0.603404464183302     0
                    0   -0.803207531480645   -0.595699304492433     0
   -0.211324865405187   -0.788675134594813   -0.577350269189626     0
   -0.159290580898258   -0.773165213110203   -0.613874632211945     0
   -0.106561037418759   -0.785564383468578   -0.609535351501347     0
   -0.159040826038418   -0.802955447136385   -0.574428903840176     0
   -0.105018659293459   -0.912271529665426   -0.395893593484548     0
                    0   -0.881921264348355   -0.471396736825998     0
  -0.0525839082135741   -0.919379466176162   -0.389841416181788     0
  -0.0526255683246314    -0.89908227837007   -0.434605115339654     0
                    0   -0.903989293123443   -0.427555093430282     0
   -0.208846598871523   -0.890320034496634   -0.404615044596354     0
   -0.105347400655483   -0.868513371756656   -0.484341251861761     0
    -0.15744264860121   -0.881351618253941    -0.44545610042135     0
   -0.105311296587647   -0.891478249666231   -0.440654128748456     0
    -0.15715551919834   -0.902575885030025     -0.4008227969412     0
                    0   -0.857728610000272   -0.514102744193222     0
  -0.0527492214272663   -0.876472163901023   -0.478554140662764     0
  -0.0527895943506918   -0.851861665054691   -0.521099762366612     0
   -0.312459714103783   -0.809511339490079   -0.497051625386297     0
    -0.31030659960479   -0.858273936852256    -0.40874890037998     0
   -0.361127203346817   -0.814748399072542   -0.453621195725725     0
   -0.311780141951968   -0.834955775155727   -0.453477669371393     0
   -0.359787723819648   -0.838574590251195   -0.409078782600267     0
   -0.211148778438113   -0.843745492253799   -0.493467058338738     0
   -0.211503197326327   -0.817239576933205   -0.536083828719705     0
   -0.262179718297925    -0.82781394227682   -0.495969628390016     0
   -0.262454224395268   -0.800807828073479   -0.538353603678211     0
   -0.259945273736341   -0.875538742456082   -0.407259579531976     0
   -0.261290740833947   -0.852847503872716    -0.45208216497947     0
   -0.210262501478585   -0.868126115382272   -0.449607304503891     0
   -0.105952787490393   -0.842765332379749   -0.527750510527338     0
   -0.158483824521413   -0.857404769044043   -0.489632453362312     0
   -0.159070015625371   -0.831144470371818   -0.532818542750995     0
   -0.345199590199904   -0.932879798833508   -0.102822778868168     0
   -0.303485283812735   -0.930518462071235   -0.205017253551223     0
    -0.35457611613243    -0.91177170284329   -0.207239329671492     0
   -0.350517284991854   -0.923576284159256   -0.155384942193638     0
   -0.298906567144267   -0.941955606264459   -0.152887213150693     0
   -0.251494116344428   -0.946504697074382   -0.202186962636731     0
   -0.360401963905832    -0.86036088290068   -0.360401963905832     0
   -0.309712631841301   -0.898975067149178   -0.309712631841301     0
   -0.259905941993649   -0.896808698706625   -0.358026618061456     0
   -0.310454860173925   -0.879886407000053   -0.359746703349629     0
   -0.359746703349629   -0.879886407000053   -0.310454860173925     0
   -0.358026618061456   -0.896808698706625   -0.259905941993649     0
   -0.102822778868168   -0.932879798833508   -0.345199590199904     0
   -0.205017253551223   -0.930518462071235   -0.303485283812735     0
   -0.202186962636731   -0.946504697074382   -0.251494116344428     0
   -0.152887213150693   -0.941955606264459   -0.298906567144267     0
   -0.155384942193638   -0.923576284159256   -0.350517284991854     0
   -0.207239329671492    -0.91177170284329    -0.35457611613243     0
   -0.307059696822177    -0.91612139258722   -0.257751695690883     0
   -0.257751695690883    -0.91612139258722   -0.307059696822177     0
   -0.254869820723905    -0.93278226235726   -0.254869820723905     0
   -0.997583647309158  -0.0491267066948187  -0.0491267066948187     0
   -0.990252852769381  -0.0984867696244087  -0.0984867696244087     0
   -0.987883124233685  -0.0493615095693959   -0.147140661366339     0
   -0.993927667279835  -0.0493033506589752  -0.0983716007263489     0
   -0.993927667279835  -0.0983716007263489  -0.0493033506589752     0
   -0.987883124233685   -0.147140661366339  -0.0493615095693959     0
   -0.950689984024958   -0.100318491325106   -0.293470193670293     0
   -0.939488281825429  -0.0502771682879443   -0.338871619734745     0
   -0.955023194296405   -0.050222773794293   -0.292247106655137     0
   -0.959682982260667   -0.198756853415513   -0.198756853415513     0
   -0.975117440763949  -0.0998786107280953   -0.197914728701508     0
   -0.968613656343782   -0.149505026666196   -0.198584570764875     0
   -0.964076712066058   -0.100220490080289   -0.245991761284734     0
   -0.957432093026745   -0.149889230187575   -0.246692127795361     0
    -0.96831175389778  -0.0500573191482857    -0.24467654579688     0
    -0.97917804010031  -0.0500019460284389   -0.196749005534169     0
   -0.950689984024958   -0.293470193670293   -0.100318491325106     0
   -0.955023194296405   -0.292247106655137   -0.050222773794293     0
   -0.939488281825429   -0.338871619734745  -0.0502771682879443     0
   -0.975117440763949   -0.197914728701508  -0.0998786107280953     0
    -0.97917804010031   -0.196749005534169  -0.0500019460284389     0
    -0.96831175389778    -0.24467654579688  -0.0500573191482857     0
   -0.957432093026745   -0.246692127795361   -0.149889230187575     0
   -0.964076712066058   -0.245991761284734   -0.100220490080289     0
   -0.968613656343782   -0.198584570764875   -0.149505026666196     0
   -0.983930229555334  -0.0993083567347409   -0.148388522635121     0
   -0.977468902235361   -0.149255728805963   -0.149255728805963     0
   -0.983930229555334   -0.148388522635121  -0.0993083567347409     0
   -0.754344479484572   -0.106574189669187   -0.647770289815384     0
   -0.732293526988716   -0.053401431398386    -0.67889209559033     0
   -0.764814579629597  -0.0533664391414598   -0.642036355636785     0
   -0.788675134594813   -0.211324865405187   -0.577350269189626     0
   -0.814870186707507   -0.106288239281359   -0.569815223564394     0
   -0.802955447136385   -0.159040826038418   -0.574428903840176     0
   -0.785564383468578   -0.106561037418759   -0.609535351501347     0
   -0.773165213110203   -0.159290580898258   -0.613874632211945     0
   -0.795654789564907  -0.0532588813822261   -0.603404464183302     0
   -0.824384251502745  -0.0532225186053302   -0.563522820644882     0
   -0.816496580927726   -0.408248290463863   -0.408248290463863     0
   -0.858273936852256    -0.31030659960479    -0.40874890037998     0
   -0.809511339490079   -0.312459714103783   -0.497051625386297     0
   -0.838574590251195   -0.359787723819648   -0.409078782600267     0
   -0.834955775155727   -0.311780141951968   -0.453477669371393     0
   -0.814748399072542   -0.361127203346817   -0.453621195725725     0
   -0.890320034496634   -0.208846598871523   -0.404615044596354     0
   -0.843745492253799   -0.211148778438113   -0.493467058338738     0
   -0.868126115382272   -0.210262501478585   -0.449607304503891     0
   -0.852847503872716   -0.261290740833947    -0.45208216497947     0
   -0.875538742456082   -0.259945273736341   -0.407259579531976     0
   -0.800807828073479   -0.262454224395268   -0.538353603678211     0
    -0.82781394227682   -0.262179718297925   -0.495969628390016     0
   -0.817239576933205   -0.211503197326327   -0.536083828719705     0
   -0.912271529665426   -0.105018659293459   -0.395893593484548     0
    -0.89908227837007  -0.0526255683246314   -0.434605115339654     0
   -0.919379466176162  -0.0525839082135741   -0.389841416181788     0
   -0.868513371756656   -0.105347400655483   -0.484341251861761     0
   -0.851861665054691  -0.0527895943506918   -0.521099762366612     0
   -0.876472163901023  -0.0527492214272663   -0.478554140662764     0
   -0.902575885030025    -0.15715551919834     -0.4008227969412     0
   -0.891478249666231   -0.105311296587647   -0.440654128748456     0
   -0.881351618253941    -0.15744264860121    -0.44545610042135     0
   -0.831144470371818   -0.159070015625371   -0.532818542750995     0
   -0.857404769044043   -0.158483824521413   -0.489632453362312     0
   -0.842765332379749   -0.105952787490393   -0.527750510527338     0
   -0.754344479484572   -0.647770289815384   -0.106574189669187     0
   -0.764814579629597   -0.642036355636785  -0.0533664391414598     0
   -0.732293526988716    -0.67889209559033   -0.053401431398386     0
   -0.814870186707507   -0.569815223564394   -0.106288239281359     0
   -0.824384251502745   -0.563522820644882  -0.0532225186053302     0
   -0.795654789564907   -0.603404464183302  -0.0532588813822261     0
   -0.788675134594813   -0.577350269189626   -0.211324865405187     0
   -0.773165213110203   -0.613874632211945   -0.159290580898258     0
   -0.785564383468578   -0.609535351501347   -0.106561037418759     0
   -0.802955447136385   -0.574428903840176   -0.159040826038418     0
   -0.912271529665426   -0.395893593484548   -0.105018659293459     0
   -0.919379466176162   -0.389841416181788  -0.0525839082135741     0
    -0.89908227837007   -0.434605115339654  -0.0526255683246314     0
   -0.890320034496634   -0.404615044596354   -0.208846598871523     0
   -0.868513371756656   -0.484341251861761   -0.105347400655483     0
   -0.881351618253941    -0.44545610042135    -0.15744264860121     0
   -0.891478249666231   -0.440654128748456   -0.105311296587647     0
   -0.902575885030025     -0.4008227969412    -0.15715551919834     0
   -0.876472163901023   -0.478554140662764  -0.0527492214272663     0
   -0.851861665054691   -0.521099762366612  -0.0527895943506918     0
   -0.809511339490079   -0.497051625386297   -0.312459714103783     0
   -0.858273936852256    -0.40874890037998    -0.31030659960479     0
   -0.814748399072542   -0.453621195725725   -0.361127203346817     0
   -0.834955775155727   -0.453477669371393   -0.311780141951968     0
   -0.838574590251195   -0.409078782600267   -0.359787723819648     0
   -0.843745492253799   -0.493467058338738   -0.211148778438113     0
   -0.817239576933205   -0.536083828719705   -0.211503197326327     0
    -0.82781394227682   -0.495969628390016   -0.262179718297925     0
   -0.800807828073479   -0.538353603678211   -0.262454224395268     0
   -0.875538742456082   -0.407259579531976   -0.259945273736341     0
   -0.852847503872716    -0.45208216497947   -0.261290740833947     0
   -0.868126115382272   -0.449607304503891   -0.210262501478585     0
   -0.842765332379749   -0.527750510527338   -0.105952787490393     0
   -0.857404769044043   -0.489632453362312   -0.158483824521413     0
   -0.831144470371818   -0.532818542750995   -0.159070015625371     0
   -0.932879798833508   -0.102822778868168   -0.345199590199904     0
   -0.930518462071235   -0.205017253551223   -0.303485283812735     0
    -0.91177170284329   -0.207239329671492    -0.35457611613243     0
   -0.923576284159256   -0.155384942193638   -0.350517284991854     0
   -0.941955606264459   -0.152887213150693   -0.298906567144267     0
   -0.946504697074382   -0.202186962636731   -0.251494116344428     0
    -0.86036088290068   -0.360401963905832   -0.360401963905832     0
   -0.898975067149178   -0.309712631841301   -0.309712631841301     0
   -0.896808698706625   -0.358026618061456   -0.259905941993649     0
   -0.879886407000053   -0.359746703349629   -0.310454860173925     0
   -0.879886407000053   -0.310454860173925   -0.359746703349629     0
   -0.896808698706625   -0.259905941993649   -0.358026618061456     0
   -0.932879798833508   -0.345199590199904   -0.102822778868168     0
   -0.930518462071235   -0.303485283812735   -0.205017253551223     0
   -0.946504697074382   -0.251494116344428   -0.202186962636731     0
   -0.941955606264459   -0.298906567144267   -0.152887213150693     0
   -0.923576284159256   -0.350517284991854   -0.155384942193638     0
    -0.91177170284329    -0.35457611613243   -0.207239329671492     0
    -0.91612139258722   -0.257751695690883   -0.307059696822177     0
    -0.91612139258722   -0.307059696822177   -0.257751695690883     0
    -0.93278226235726   -0.254869820723905   -0.254869820723905     0
   -0.106878103690253    -0.70305656634142    -0.70305656634142     0
   -0.213724473808237   -0.690768358169145   -0.690768358169145     0
   -0.213123727404914    -0.74180685057948     -0.6358465799628     0
   -0.160498231683612   -0.724130573973053   -0.670727388335895     0
   -0.160498231683612   -0.670727388335895   -0.724130573973053     0
   -0.213123727404914     -0.6358465799628    -0.74180685057948     0
   -0.421838735640695   -0.735924101061586   -0.529592105860498     0
   -0.416158278736229   -0.778295164933487   -0.470179671275199     0
   -0.367998336453836   -0.774504796268762   -0.514509032888532     0
   -0.426401432711221   -0.639602149066831   -0.639602149066831     0
   -0.321786831260907   -0.720686637243745   -0.614055377083669     0
   -0.374946771792734   -0.681694586366843   -0.628257438666942     0
   -0.372623029910077   -0.729892476624202    -0.57306984752997     0
   -0.425259228629117   -0.689610388559232    -0.58616729732812     0
   -0.317985654581484   -0.767179591007761   -0.557064267945405     0
   -0.267163385601228   -0.756400963593984   -0.597060556114856     0
   -0.421838735640695   -0.529592105860498   -0.735924101061586     0
   -0.367998336453836   -0.514509032888532   -0.774504796268762     0
   -0.416158278736229   -0.470179671275199   -0.778295164933487     0
   -0.321786831260907   -0.614055377083669   -0.720686637243745     0
   -0.267163385601228   -0.597060556114856   -0.756400963593984     0
   -0.317985654581484   -0.557064267945405   -0.767179591007761     0
   -0.425259228629117    -0.58616729732812   -0.689610388559232     0
   -0.372623029910077    -0.57306984752997   -0.729892476624202     0
   -0.374946771792734   -0.628257438666942   -0.681694586366843     0
   -0.268375559808488   -0.707361396393885   -0.653922330089113     0
   -0.322705447168261   -0.669276174074624   -0.669276174074624     0
   -0.268375559808488   -0.653922330089113   -0.707361396393885     0
    -0.70305656634142    -0.70305656634142   -0.106878103690253     0
   -0.690768358169145   -0.690768358169145   -0.213724473808237     0
    -0.74180685057948     -0.6358465799628   -0.213123727404914     0
   -0.724130573973053   -0.670727388335895   -0.160498231683612     0
   -0.670727388335895   -0.724130573973053   -0.160498231683612     0
     -0.6358465799628    -0.74180685057948   -0.213123727404914     0
   -0.735924101061586   -0.529592105860498   -0.421838735640695     0
   -0.778295164933487   -0.470179671275199   -0.416158278736229     0
   -0.774504796268762   -0.514509032888532   -0.367998336453836     0
   -0.639602149066831   -0.639602149066831   -0.426401432711221     0
   -0.720686637243745   -0.614055377083669   -0.321786831260907     0
   -0.681694586366843   -0.628257438666942   -0.374946771792734     0
   -0.729892476624202    -0.57306984752997   -0.372623029910077     0
   -0.689610388559232    -0.58616729732812   -0.425259228629117     0
   -0.767179591007761   -0.557064267945405   -0.317985654581484     0
   -0.756400963593984   -0.597060556114856   -0.267163385601228     0
   -0.529592105860498   -0.735924101061586   -0.421838735640695     0
   -0.514509032888532   -0.774504796268762   -0.367998336453836     0
   -0.470179671275199   -0.778295164933487   -0.416158278736229     0
   -0.614055377083669   -0.720686637243745   -0.321786831260907     0
   -0.597060556114856   -0.756400963593984   -0.267163385601228     0
   -0.557064267945405   -0.767179591007761   -0.317985654581484     0
    -0.58616729732812   -0.689610388559232   -0.425259228629117     0
    -0.57306984752997   -0.729892476624202   -0.372623029910077     0
   -0.628257438666942   -0.681694586366843   -0.374946771792734     0
   -0.707361396393885   -0.653922330089113   -0.268375559808488     0
   -0.669276174074624   -0.669276174074624   -0.322705447168261     0
   -0.653922330089113   -0.707361396393885   -0.268375559808488     0
    -0.70305656634142   -0.106878103690253    -0.70305656634142     0
   -0.690768358169145   -0.213724473808237   -0.690768358169145     0
     -0.6358465799628   -0.213123727404914    -0.74180685057948     0
   -0.670727388335895   -0.160498231683612   -0.724130573973053     0
   -0.724130573973053   -0.160498231683612   -0.670727388335895     0
    -0.74180685057948   -0.213123727404914     -0.6358465799628     0
   -0.529592105860498   -0.421838735640695   -0.735924101061586     0
   -0.470179671275199   -0.416158278736229   -0.778295164933487     0
   -0.514509032888532   -0.367998336453836   -0.774504796268762     0
   -0.639602149066831   -0.426401432711221   -0.639602149066831     0
   -0.614055377083669   -0.321786831260907   -0.720686637243745     0
   -0.628257438666942   -0.374946771792734   -0.681694586366843     0
    -0.57306984752997   -0.372623029910077   -0.729892476624202     0
    -0.58616729732812   -0.425259228629117   -0.689610388559232     0
   -0.557064267945405   -0.317985654581484   -0.767179591007761     0
   -0.597060556114856   -0.267163385601228   -0.756400963593984     0
   -0.735924101061586   -0.421838735640695   -0.529592105860498     0
   -0.774504796268762   -0.367998336453836   -0.514509032888532     0
   -0.778295164933487   -0.416158278736229   -0.470179671275199     0
   -0.720686637243745   -0.321786831260907   -0.614055377083669     0
   -0.756400963593984   -0.267163385601228   -0.597060556114856     0
   -0.767179591007761   -0.317985654581484   -0.557064267945405     0
   -0.689610388559232   -0.425259228629117    -0.58616729732812     0
   -0.729892476624202   -0.372623029910077    -0.57306984752997     0
   -0.681694586366843   -0.374946771792734   -0.628257438666942     0
   -0.653922330089113   -0.268375559808488   -0.707361396393885     0
   -0.669276174074624   -0.322705447168261   -0.669276174074624     0
   -0.707361396393885   -0.268375559808488   -0.653922330089113     0
   -0.477102320122937     -0.7380696120737   -0.477102320122937     0
   -0.539163866017192   -0.646996639220631   -0.539163866017192     0
   -0.591074266249286   -0.645145368133153   -0.484168013972636     0
   -0.535837781266493   -0.693349277701198   -0.481813917688799     0
   -0.481813917688799   -0.693349277701198   -0.535837781266493     0
   -0.484168013972636   -0.645145368133153   -0.591074266249286     0
     -0.7380696120737   -0.477102320122937   -0.477102320122937     0
   -0.646996639220631   -0.539163866017192   -0.539163866017192     0
   -0.645145368133153   -0.484168013972636   -0.591074266249286     0
   -0.693349277701198   -0.481813917688799   -0.535837781266493     0
   -0.693349277701198   -0.535837781266493   -0.481813917688799     0
   -0.645145368133153   -0.591074266249286   -0.484168013972636     0
   -0.477102320122937   -0.477102320122937     -0.7380696120737     0
   -0.539163866017192   -0.539163866017192   -0.646996639220631     0
   -0.484168013972636   -0.591074266249286   -0.645145368133153     0
   -0.481813917688799   -0.535837781266493   -0.693349277701198     0
   -0.535837781266493   -0.481813917688799   -0.693349277701198     0
   -0.591074266249286   -0.484168013972636   -0.645145368133153     0
   -0.594811877479463   -0.594811877479463   -0.540738070435875     0
   -0.594811877479463   -0.540738070435875   -0.594811877479463     0
   -0.540738070435875   -0.594811877479463   -0.594811877479463     0
   0.0491267066948187  -0.0491267066948187   -0.997583647309158     0
   0.0984867696244087  -0.0984867696244087   -0.990252852769381     0
    0.147140661366339  -0.0493615095693959   -0.987883124233685     0
   0.0983716007263489  -0.0493033506589752   -0.993927667279835     0
   0.0493033506589752  -0.0983716007263489   -0.993927667279835     0
   0.0493615095693959   -0.147140661366339   -0.987883124233685     0
    0.293470193670293   -0.100318491325106   -0.950689984024958     0
    0.338871619734745  -0.0502771682879443   -0.939488281825429     0
    0.292247106655137   -0.050222773794293   -0.955023194296405     0
    0.198756853415513   -0.198756853415513   -0.959682982260667     0
    0.197914728701508  -0.0998786107280953   -0.975117440763949     0
    0.198584570764875   -0.149505026666196   -0.968613656343782     0
    0.245991761284734   -0.100220490080289   -0.964076712066058     0
    0.246692127795361   -0.149889230187575   -0.957432093026745     0
     0.24467654579688  -0.0500573191482857    -0.96831175389778     0
    0.196749005534169  -0.0500019460284389    -0.97917804010031     0
    0.100318491325106   -0.293470193670293   -0.950689984024958     0
    0.050222773794293   -0.292247106655137   -0.955023194296405     0
   0.0502771682879443   -0.338871619734745   -0.939488281825429     0
   0.0998786107280953   -0.197914728701508   -0.975117440763949     0
   0.0500019460284389   -0.196749005534169    -0.97917804010031     0
   0.0500573191482857    -0.24467654579688    -0.96831175389778     0
    0.149889230187575   -0.246692127795361   -0.957432093026745     0
    0.100220490080289   -0.245991761284734   -0.964076712066058     0
    0.149505026666196   -0.198584570764875   -0.968613656343782     0
    0.148388522635121  -0.0993083567347409   -0.983930229555334     0
    0.149255728805963   -0.149255728805963   -0.977468902235361     0
   0.0993083567347409   -0.148388522635121   -0.983930229555334     0
    0.647770289815384   -0.106574189669187   -0.754344479484572     0
     0.67889209559033   -0.053401431398386   -0.732293526988716     0
    0.642036355636785  -0.0533664391414598   -0.764814579629597     0
    0.577350269189626   -0.211324865405187   -0.788675134594813     0
    0.569815223564394   -0.106288239281359   -0.814870186707507     0
    0.574428903840176   -0.159040826038418   -0.802955447136385     0
    0.609535351501347   -0.106561037418759   -0.785564383468578     0
    0.613874632211945   -0.159290580898258   -0.773165213110203     0
    0.603404464183302  -0.0532588813822261   -0.795654789564907     0
    0.563522820644882  -0.0532225186053302   -0.824384251502745     0
    0.408248290463863   -0.408248290463863   -0.816496580927726     0
     0.40874890037998    -0.31030659960479   -0.858273936852256     0
    0.497051625386297   -0.312459714103783   -0.809511339490079     0
    0.409078782600267   -0.359787723819648   -0.838574590251195     0
    0.453477669371393   -0.311780141951968   -0.834955775155727     0
    0.453621195725725   -0.361127203346817   -0.814748399072542     0
    0.404615044596354   -0.208846598871523   -0.890320034496634     0
    0.493467058338738   -0.211148778438113   -0.843745492253799     0
    0.449607304503891   -0.210262501478585   -0.868126115382272     0
     0.45208216497947   -0.261290740833947   -0.852847503872716     0
    0.407259579531976   -0.259945273736341   -0.875538742456082     0
    0.538353603678211   -0.262454224395268   -0.800807828073479     0
    0.495969628390016   -0.262179718297925    -0.82781394227682     0
    0.536083828719705   -0.211503197326327   -0.817239576933205     0
    0.395893593484548   -0.105018659293459   -0.912271529665426     0
    0.434605115339654  -0.0526255683246314    -0.89908227837007     0
    0.389841416181788  -0.0525839082135741   -0.919379466176162     0
    0.484341251861761   -0.105347400655483   -0.868513371756656     0
    0.521099762366612  -0.0527895943506918   -0.851861665054691     0
    0.478554140662764  -0.0527492214272663   -0.876472163901023     0
      0.4008227969412    -0.15715551919834   -0.902575885030025     0
    0.440654128748456   -0.105311296587647   -0.891478249666231     0
     0.44545610042135    -0.15744264860121   -0.881351618253941     0
    0.532818542750995   -0.159070015625371   -0.831144470371818     0
    0.489632453362312   -0.158483824521413   -0.857404769044043     0
    0.527750510527338   -0.105952787490393   -0.842765332379749     0
    0.106574189669187   -0.647770289815384   -0.754344479484572     0
   0.0533664391414598   -0.642036355636785   -0.764814579629597     0
    0.053401431398386    -0.67889209559033   -0.732293526988716     0
    0.106288239281359   -0.569815223564394   -0.814870186707507     0
   0.0532225186053302   -0.563522820644882   -0.824384251502745     0
   0.0532588813822261   -0.603404464183302   -0.795654789564907     0
    0.211324865405187   -0.577350269189626   -0.788675134594813     0
    0.159290580898258   -0.613874632211945   -0.773165213110203     0
    0.106561037418759   -0.609535351501347   -0.785564383468578     0
    0.159040826038418   -0.574428903840176   -0.802955447136385     0
    0.105018659293459   -0.395893593484548   -0.912271529665426     0
   0.0525839082135741   -0.389841416181788   -0.919379466176162     0
   0.0526255683246314   -0.434605115339654    -0.89908227837007     0
    0.208846598871523   -0.404615044596354   -0.890320034496634     0
    0.105347400655483   -0.484341251861761   -0.868513371756656     0
     0.15744264860121    -0.44545610042135   -0.881351618253941     0
    0.105311296587647   -0.440654128748456   -0.891478249666231     0
     0.15715551919834     -0.4008227969412   -0.902575885030025     0
   0.0527492214272663   -0.478554140662764   -0.876472163901023     0
   0.0527895943506918   -0.521099762366612   -0.851861665054691     0
    0.312459714103783   -0.497051625386297   -0.809511339490079     0
     0.31030659960479    -0.40874890037998   -0.858273936852256     0
    0.361127203346817   -0.453621195725725   -0.814748399072542     0
    0.311780141951968   -0.453477669371393   -0.834955775155727     0
    0.359787723819648   -0.409078782600267   -0.838574590251195     0
    0.211148778438113   -0.493467058338738   -0.843745492253799     0
    0.211503197326327   -0.536083828719705   -0.817239576933205     0
    0.262179718297925   -0.495969628390016    -0.82781394227682     0
    0.262454224395268   -0.538353603678211   -0.800807828073479     0
    0.259945273736341   -0.407259579531976   -0.875538742456082     0
    0.261290740833947    -0.45208216497947   -0.852847503872716     0
    0.210262501478585   -0.449607304503891   -0.868126115382272     0
    0.105952787490393   -0.527750510527338   -0.842765332379749     0
    0.158483824521413   -0.489632453362312   -0.857404769044043     0
    0.159070015625371   -0.532818542750995   -0.831144470371818     0
    0.345199590199904   -0.102822778868168   -0.932879798833508     0
    0.303485283812735   -0.205017253551223   -0.930518462071235     0
     0.35457611613243   -0.207239329671492    -0.91177170284329     0
    0.350517284991854   -0.155384942193638   -0.923576284159256     0
    0.298906567144267   -0.152887213150693   -0.941955606264459     0
    0.251494116344428   -0.202186962636731   -0.946504697074382     0
    0.360401963905832   -0.360401963905832    -0.86036088290068     0
    0.309712631841301   -0.309712631841301   -0.898975067149178     0
    0.259905941993649   -0.358026618061456   -0.896808698706625     0
    0.310454860173925   -0.359746703349629   -0.879886407000053     0
    0.359746703349629   -0.310454860173925   -0.879886407000053     0
    0.358026618061456   -0.259905941993649   -0.896808698706625     0
    0.102822778868168   -0.345199590199904   -0.932879798833508     0
    0.205017253551223   -0.303485283812735   -0.930518462071235     0
    0.202186962636731   -0.251494116344428   -0.946504697074382     0
    0.152887213150693   -0.298906567144267   -0.941955606264459     0
    0.155384942193638   -0.350517284991854   -0.923576284159256     0
    0.207239329671492    -0.35457611613243    -0.91177170284329     0
    0.307059696822177   -0.257751695690883    -0.91612139258722     0
    0.257751695690883   -0.307059696822177    -0.91612139258722     0
    0.254869820723905   -0.254869820723905    -0.93278226235726     0
    0.997583647309158  -0.0491267066948187  -0.0491267066948187     0
    0.990252852769381  -0.0984867696244087  -0.0984867696244087     0
    0.987883124233685   -0.147140661366339  -0.0493615095693959     0
    0.993927667279835  -0.0983716007263489  -0.0493033506589752     0
    0.993927667279835  -0.0493033506589752  -0.0983716007263489     0
    0.987883124233685  -0.0493615095693959   -0.147140661366339     0
    0.950689984024958   -0.293470193670293   -0.100318491325106     0
    0.939488281825429   -0.338871619734745  -0.0502771682879443     0
    0.955023194296405   -0.292247106655137   -0.050222773794293     0
    0.959682982260667   -0.198756853415513   -0.198756853415513     0
    0.975117440763949   -0.197914728701508  -0.0998786107280953     0
    0.968613656343782   -0.198584570764875   -0.149505026666196     0
    0.964076712066058   -0.245991761284734   -0.100220490080289     0
    0.957432093026745   -0.246692127795361   -0.149889230187575     0
     0.96831175389778    -0.24467654579688  -0.0500573191482857     0
     0.97917804010031   -0.196749005534169  -0.0500019460284389     0
    0.950689984024958   -0.100318491325106   -0.293470193670293     0
    0.955023194296405   -0.050222773794293   -0.292247106655137     0
    0.939488281825429  -0.0502771682879443   -0.338871619734745     0
    0.975117440763949  -0.0998786107280953   -0.197914728701508     0
     0.97917804010031  -0.0500019460284389   -0.196749005534169     0
     0.96831175389778  -0.0500573191482857    -0.24467654579688     0
    0.957432093026745   -0.149889230187575   -0.246692127795361     0
    0.964076712066058   -0.100220490080289   -0.245991761284734     0
    0.968613656343782   -0.149505026666196   -0.198584570764875     0
    0.983930229555334   -0.148388522635121  -0.0993083567347409     0
    0.977468902235361   -0.149255728805963   -0.149255728805963     0
    0.983930229555334  -0.0993083567347409   -0.148388522635121     0
    0.754344479484572   -0.647770289815384   -0.106574189669187     0
    0.732293526988716    -0.67889209559033   -0.053401431398386     0
    0.764814579629597   -0.642036355636785  -0.0533664391414598     0
    0.788675134594813   -0.577350269189626   -0.211324865405187     0
    0.814870186707507   -0.569815223564394   -0.106288239281359     0
    0.802955447136385   -0.574428903840176   -0.159040826038418     0
    0.785564383468578   -0.609535351501347   -0.106561037418759     0
    0.773165213110203   -0.613874632211945   -0.159290580898258     0
    0.795654789564907   -0.603404464183302  -0.0532588813822261     0
    0.824384251502745   -0.563522820644882  -0.0532225186053302     0
    0.816496580927726   -0.408248290463863   -0.408248290463863     0
    0.858273936852256    -0.40874890037998    -0.31030659960479     0
    0.809511339490079   -0.497051625386297   -0.312459714103783     0
    0.838574590251195   -0.409078782600267   -0.359787723819648     0
    0.834955775155727   -0.453477669371393   -0.311780141951968     0
    0.814748399072542   -0.453621195725725   -0.361127203346817     0
    0.890320034496634   -0.404615044596354   -0.208846598871523     0
    0.843745492253799   -0.493467058338738   -0.211148778438113     0
    0.868126115382272   -0.449607304503891   -0.210262501478585     0
    0.852847503872716    -0.45208216497947   -0.261290740833947     0
    0.875538742456082   -0.407259579531976   -0.259945273736341     0
    0.800807828073479   -0.538353603678211   -0.262454224395268     0
     0.82781394227682   -0.495969628390016   -0.262179718297925     0
    0.817239576933205   -0.536083828719705   -0.211503197326327     0
    0.912271529665426   -0.395893593484548   -0.105018659293459     0
     0.89908227837007   -0.434605115339654  -0.0526255683246314     0
    0.919379466176162   -0.389841416181788  -0.0525839082135741     0
    0.868513371756656   -0.484341251861761   -0.105347400655483     0
    0.851861665054691   -0.521099762366612  -0.0527895943506918     0
    0.876472163901023   -0.478554140662764  -0.0527492214272663     0
    0.902575885030025     -0.4008227969412    -0.15715551919834     0
    0.891478249666231   -0.440654128748456   -0.105311296587647     0
    0.881351618253941    -0.44545610042135    -0.15744264860121     0
    0.831144470371818   -0.532818542750995   -0.159070015625371     0
    0.857404769044043   -0.489632453362312   -0.158483824521413     0
    0.842765332379749   -0.527750510527338   -0.105952787490393     0
    0.754344479484572   -0.106574189669187   -0.647770289815384     0
    0.764814579629597  -0.0533664391414598   -0.642036355636785     0
    0.732293526988716   -0.053401431398386    -0.67889209559033     0
    0.814870186707507   -0.106288239281359   -0.569815223564394     0
    0.824384251502745  -0.0532225186053302   -0.563522820644882     0
    0.795654789564907  -0.0532588813822261   -0.603404464183302     0
    0.788675134594813   -0.211324865405187   -0.577350269189626     0
    0.773165213110203   -0.159290580898258   -0.613874632211945     0
    0.785564383468578   -0.106561037418759   -0.609535351501347     0
    0.802955447136385   -0.159040826038418   -0.574428903840176     0
    0.912271529665426   -0.105018659293459   -0.395893593484548     0
    0.919379466176162  -0.0525839082135741   -0.389841416181788     0
     0.89908227837007  -0.0526255683246314   -0.434605115339654     0
    0.890320034496634   -0.208846598871523   -0.404615044596354     0
    0.868513371756656   -0.105347400655483   -0.484341251861761     0
    0.881351618253941    -0.15744264860121    -0.44545610042135     0
    0.891478249666231   -0.105311296587647   -0.440654128748456     0
    0.902575885030025    -0.15715551919834     -0.4008227969412     0
    0.876472163901023  -0.0527492214272663   -0.478554140662764     0
    0.851861665054691  -0.0527895943506918   -0.521099762366612     0
    0.809511339490079   -0.312459714103783   -0.497051625386297     0
    0.858273936852256    -0.31030659960479    -0.40874890037998     0
    0.814748399072542   -0.361127203346817   -0.453621195725725     0
    0.834955775155727   -0.311780141951968   -0.453477669371393     0
    0.838574590251195   -0.359787723819648   -0.409078782600267     0
    0.843745492253799   -0.211148778438113   -0.493467058338738     0
    0.817239576933205   -0.211503197326327   -0.536083828719705     0
     0.82781394227682   -0.262179718297925   -0.495969628390016     0
    0.800807828073479   -0.262454224395268   -0.538353603678211     0
    0.875538742456082   -0.259945273736341   -0.407259579531976     0
    0.852847503872716   -0.261290740833947    -0.45208216497947     0
    0.868126115382272   -0.210262501478585   -0.449607304503891     0
    0.842765332379749   -0.105952787490393   -0.527750510527338     0
    0.857404769044043   -0.158483824521413   -0.489632453362312     0
    0.831144470371818   -0.159070015625371   -0.532818542750995     0
    0.932879798833508   -0.345199590199904   -0.102822778868168     0
    0.930518462071235   -0.303485283812735   -0.205017253551223     0
     0.91177170284329    -0.35457611613243   -0.207239329671492     0
    0.923576284159256   -0.350517284991854   -0.155384942193638     0
    0.941955606264459   -0.298906567144267   -0.152887213150693     0
    0.946504697074382   -0.251494116344428   -0.202186962636731     0
     0.86036088290068   -0.360401963905832   -0.360401963905832     0
    0.898975067149178   -0.309712631841301   -0.309712631841301     0
    0.896808698706625   -0.259905941993649   -0.358026618061456     0
    0.879886407000053   -0.310454860173925   -0.359746703349629     0
    0.879886407000053   -0.359746703349629   -0.310454860173925     0
    0.896808698706625   -0.358026618061456   -0.259905941993649     0
    0.932879798833508   -0.102822778868168   -0.345199590199904     0
    0.930518462071235   -0.205017253551223   -0.303485283812735     0
    0.946504697074382   -0.202186962636731   -0.251494116344428     0
    0.941955606264459   -0.152887213150693   -0.298906567144267     0
    0.923576284159256   -0.155384942193638   -0.350517284991854     0
     0.91177170284329   -0.207239329671492    -0.35457611613243     0
     0.91612139258722   -0.307059696822177   -0.257751695690883     0
     0.91612139258722   -0.257751695690883   -0.307059696822177     0
     0.93278226235726   -0.254869820723905   -0.254869820723905     0
   0.0491267066948187   -0.997583647309158  -0.0491267066948187     0
   0.0984867696244087   -0.990252852769381  -0.0984867696244087     0
   0.0493615095693959   -0.987883124233685   -0.147140661366339     0
   0.0493033506589752   -0.993927667279835  -0.0983716007263489     0
   0.0983716007263489   -0.993927667279835  -0.0493033506589752     0
    0.147140661366339   -0.987883124233685  -0.0493615095693959     0
    0.100318491325106   -0.950689984024958   -0.293470193670293     0
   0.0502771682879443   -0.939488281825429   -0.338871619734745     0
    0.050222773794293   -0.955023194296405   -0.292247106655137     0
    0.198756853415513   -0.959682982260667   -0.198756853415513     0
   0.0998786107280953   -0.975117440763949   -0.197914728701508     0
    0.149505026666196   -0.968613656343782   -0.198584570764875     0
    0.100220490080289   -0.964076712066058   -0.245991761284734     0
    0.149889230187575   -0.957432093026745   -0.246692127795361     0
   0.0500573191482857    -0.96831175389778    -0.24467654579688     0
   0.0500019460284389    -0.97917804010031   -0.196749005534169     0
    0.293470193670293   -0.950689984024958   -0.100318491325106     0
    0.292247106655137   -0.955023194296405   -0.050222773794293     0
    0.338871619734745   -0.939488281825429  -0.0502771682879443     0
    0.197914728701508   -0.975117440763949  -0.0998786107280953     0
    0.196749005534169    -0.97917804010031  -0.0500019460284389     0
     0.24467654579688    -0.96831175389778  -0.0500573191482857     0
    0.246692127795361   -0.957432093026745   -0.149889230187575     0
    0.245991761284734   -0.964076712066058   -0.100220490080289     0
    0.198584570764875   -0.968613656343782   -0.149505026666196     0
   0.0993083567347409   -0.983930229555334   -0.148388522635121     0
    0.149255728805963   -0.977468902235361   -0.149255728805963     0
    0.148388522635121   -0.983930229555334  -0.0993083567347409     0
    0.106574189669187   -0.754344479484572   -0.647770289815384     0
    0.053401431398386   -0.732293526988716    -0.67889209559033     0
   0.0533664391414598   -0.764814579629597   -0.642036355636785     0
    0.211324865405187   -0.788675134594813   -0.577350269189626     0
    0.106288239281359   -0.814870186707507   -0.569815223564394     0
    0.159040826038418   -0.802955447136385   -0.574428903840176     0
    0.106561037418759   -0.785564383468578   -0.609535351501347     0
    0.159290580898258   -0.773165213110203   -0.613874632211945     0
   0.0532588813822261   -0.795654789564907   -0.603404464183302     0
   0.0532225186053302   -0.824384251502745   -0.563522820644882     0
    0.408248290463863   -0.816496580927726   -0.408248290463863     0
     0.31030659960479   -0.858273936852256    -0.40874890037998     0
    0.312459714103783   -0.809511339490079   -0.497051625386297     0
    0.359787723819648   -0.838574590251195   -0.409078782600267     0
    0.311780141951968   -0.834955775155727   -0.453477669371393     0
    0.361127203346817   -0.814748399072542   -0.453621195725725     0
    0.208846598871523   -0.890320034496634   -0.404615044596354     0
    0.211148778438113   -0.843745492253799   -0.493467058338738     0
    0.210262501478585   -0.868126115382272   -0.449607304503891     0
    0.261290740833947   -0.852847503872716    -0.45208216497947     0
    0.259945273736341   -0.875538742456082   -0.407259579531976     0
    0.262454224395268   -0.800807828073479   -0.538353603678211     0
    0.262179718297925    -0.82781394227682   -0.495969628390016     0
    0.211503197326327   -0.817239576933205   -0.536083828719705     0
    0.105018659293459   -0.912271529665426   -0.395893593484548     0
   0.0526255683246314    -0.89908227837007   -0.434605115339654     0
   0.0525839082135741   -0.919379466176162   -0.389841416181788     0
    0.105347400655483   -0.868513371756656   -0.484341251861761     0
   0.0527895943506918   -0.851861665054691   -0.521099762366612     0
   0.0527492214272663   -0.876472163901023   -0.478554140662764     0
     0.15715551919834   -0.902575885030025     -0.4008227969412     0
    0.105311296587647   -0.891478249666231   -0.440654128748456     0
     0.15744264860121   -0.881351618253941    -0.44545610042135     0
    0.159070015625371   -0.831144470371818   -0.532818542750995     0
    0.158483824521413   -0.857404769044043   -0.489632453362312     0
    0.105952787490393   -0.842765332379749   -0.527750510527338     0
    0.647770289815384   -0.754344479484572   -0.106574189669187     0
    0.642036355636785   -0.764814579629597  -0.0533664391414598     0
     0.67889209559033   -0.732293526988716   -0.053401431398386     0
    0.569815223564394   -0.814870186707507   -0.106288239281359     0
    0.563522820644882   -0.824384251502745  -0.0532225186053302     0
    0.603404464183302   -0.795654789564907  -0.0532588813822261     0
    0.577350269189626   -0.788675134594813   -0.211324865405187     0
    0.613874632211945   -0.773165213110203   -0.159290580898258     0
    0.609535351501347   -0.785564383468578   -0.106561037418759     0
    0.574428903840176   -0.802955447136385   -0.159040826038418     0
    0.395893593484548   -0.912271529665426   -0.105018659293459     0
    0.389841416181788   -0.919379466176162  -0.0525839082135741     0
    0.434605115339654    -0.89908227837007  -0.0526255683246314     0
    0.404615044596354   -0.890320034496634   -0.208846598871523     0
    0.484341251861761   -0.868513371756656   -0.105347400655483     0
     0.44545610042135   -0.881351618253941    -0.15744264860121     0
    0.440654128748456   -0.891478249666231   -0.105311296587647     0
      0.4008227969412   -0.902575885030025    -0.15715551919834     0
    0.478554140662764   -0.876472163901023  -0.0527492214272663     0
    0.521099762366612   -0.851861665054691  -0.0527895943506918     0
    0.497051625386297   -0.809511339490079   -0.312459714103783     0
     0.40874890037998   -0.858273936852256    -0.31030659960479     0
    0.453621195725725   -0.814748399072542   -0.361127203346817     0
    0.453477669371393   -0.834955775155727   -0.311780141951968     0
    0.409078782600267   -0.838574590251195   -0.359787723819648     0
    0.493467058338738   -0.843745492253799   -0.211148778438113     0
    0.536083828719705   -0.817239576933205   -0.211503197326327     0
    0.495969628390016    -0.82781394227682   -0.262179718297925     0
    0.538353603678211   -0.800807828073479   -0.262454224395268     0
    0.407259579531976   -0.875538742456082   -0.259945273736341     0
     0.45208216497947   -0.852847503872716   -0.261290740833947     0
    0.449607304503891   -0.868126115382272   -0.210262501478585     0
    0.527750510527338   -0.842765332379749   -0.105952787490393     0
    0.489632453362312   -0.857404769044043   -0.158483824521413     0
    0.532818542750995   -0.831144470371818   -0.159070015625371     0
    0.102822778868168   -0.932879798833508   -0.345199590199904     0
    0.205017253551223   -0.930518462071235   -0.303485283812735     0
    0.207239329671492    -0.91177170284329    -0.35457611613243     0
    0.155384942193638   -0.923576284159256   -0.350517284991854     0
    0.152887213150693   -0.941955606264459   -0.298906567144267     0
    0.202186962636731   -0.946504697074382   -0.251494116344428     0
    0.360401963905832    -0.86036088290068   -0.360401963905832     0
    0.309712631841301   -0.898975067149178   -0.309712631841301     0
    0.358026618061456   -0.896808698706625   -0.259905941993649     0
    0.359746703349629   -0.879886407000053   -0.310454860173925     0
    0.310454860173925   -0.879886407000053   -0.359746703349629     0
    0.259905941993649   -0.896808698706625   -0.358026618061456     0
    0.345199590199904   -0.932879798833508   -0.102822778868168     0
    0.303485283812735   -0.930518462071235   -0.205017253551223     0
    0.251494116344428   -0.946504697074382   -0.202186962636731     0
    0.298906567144267   -0.941955606264459   -0.152887213150693     0
    0.350517284991854   -0.923576284159256   -0.155384942193638     0
     0.35457611613243    -0.91177170284329   -0.207239329671492     0
    0.257751695690883    -0.91612139258722   -0.307059696822177     0
    0.307059696822177    -0.91612139258722   -0.257751695690883     0
    0.254869820723905    -0.93278226235726   -0.254869820723905     0
     0.70305656634142   -0.106878103690253    -0.70305656634142     0
    0.690768358169145   -0.213724473808237   -0.690768358169145     0
     0.74180685057948   -0.213123727404914     -0.6358465799628     0
    0.724130573973053   -0.160498231683612   -0.670727388335895     0
    0.670727388335895   -0.160498231683612   -0.724130573973053     0
      0.6358465799628   -0.213123727404914    -0.74180685057948     0
    0.735924101061586   -0.421838735640695   -0.529592105860498     0
    0.778295164933487   -0.416158278736229   -0.470179671275199     0
    0.774504796268762   -0.367998336453836   -0.514509032888532     0
    0.639602149066831   -0.426401432711221   -0.639602149066831     0
    0.720686637243745   -0.321786831260907   -0.614055377083669     0
    0.681694586366843   -0.374946771792734   -0.628257438666942     0
    0.729892476624202   -0.372623029910077    -0.57306984752997     0
    0.689610388559232   -0.425259228629117    -0.58616729732812     0
    0.767179591007761   -0.317985654581484   -0.557064267945405     0
    0.756400963593984   -0.267163385601228   -0.597060556114856     0
    0.529592105860498   -0.421838735640695   -0.735924101061586     0
    0.514509032888532   -0.367998336453836   -0.774504796268762     0
    0.470179671275199   -0.416158278736229   -0.778295164933487     0
    0.614055377083669   -0.321786831260907   -0.720686637243745     0
    0.597060556114856   -0.267163385601228   -0.756400963593984     0
    0.557064267945405   -0.317985654581484   -0.767179591007761     0
     0.58616729732812   -0.425259228629117   -0.689610388559232     0
     0.57306984752997   -0.372623029910077   -0.729892476624202     0
    0.628257438666942   -0.374946771792734   -0.681694586366843     0
    0.707361396393885   -0.268375559808488   -0.653922330089113     0
    0.669276174074624   -0.322705447168261   -0.669276174074624     0
    0.653922330089113   -0.268375559808488   -0.707361396393885     0
     0.70305656634142    -0.70305656634142   -0.106878103690253     0
    0.690768358169145   -0.690768358169145   -0.213724473808237     0
      0.6358465799628    -0.74180685057948   -0.213123727404914     0
    0.670727388335895   -0.724130573973053   -0.160498231683612     0
    0.724130573973053   -0.670727388335895   -0.160498231683612     0
     0.74180685057948     -0.6358465799628   -0.213123727404914     0
    0.529592105860498   -0.735924101061586   -0.421838735640695     0
    0.470179671275199   -0.778295164933487   -0.416158278736229     0
    0.514509032888532   -0.774504796268762   -0.367998336453836     0
    0.639602149066831   -0.639602149066831   -0.426401432711221     0
    0.614055377083669   -0.720686637243745   -0.321786831260907     0
    0.628257438666942   -0.681694586366843   -0.374946771792734     0
     0.57306984752997   -0.729892476624202   -0.372623029910077     0
     0.58616729732812   -0.689610388559232   -0.425259228629117     0
    0.557064267945405   -0.767179591007761   -0.317985654581484     0
    0.597060556114856   -0.756400963593984   -0.267163385601228     0
    0.735924101061586   -0.529592105860498   -0.421838735640695     0
    0.774504796268762   -0.514509032888532   -0.367998336453836     0
    0.778295164933487   -0.470179671275199   -0.416158278736229     0
    0.720686637243745   -0.614055377083669   -0.321786831260907     0
    0.756400963593984   -0.597060556114856   -0.267163385601228     0
    0.767179591007761   -0.557064267945405   -0.317985654581484     0
    0.689610388559232    -0.58616729732812   -0.425259228629117     0
    0.729892476624202    -0.57306984752997   -0.372623029910077     0
    0.681694586366843   -0.628257438666942   -0.374946771792734     0
    0.653922330089113   -0.707361396393885   -0.268375559808488     0
    0.669276174074624   -0.669276174074624   -0.322705447168261     0
    0.707361396393885   -0.653922330089113   -0.268375559808488     0
    0.106878103690253    -0.70305656634142    -0.70305656634142     0
    0.213724473808237   -0.690768358169145   -0.690768358169145     0
    0.213123727404914     -0.6358465799628    -0.74180685057948     0
    0.160498231683612   -0.670727388335895   -0.724130573973053     0
    0.160498231683612   -0.724130573973053   -0.670727388335895     0
    0.213123727404914    -0.74180685057948     -0.6358465799628     0
    0.421838735640695   -0.529592105860498   -0.735924101061586     0
    0.416158278736229   -0.470179671275199   -0.778295164933487     0
    0.367998336453836   -0.514509032888532   -0.774504796268762     0
    0.426401432711221   -0.639602149066831   -0.639602149066831     0
    0.321786831260907   -0.614055377083669   -0.720686637243745     0
    0.374946771792734   -0.628257438666942   -0.681694586366843     0
    0.372623029910077    -0.57306984752997   -0.729892476624202     0
    0.425259228629117    -0.58616729732812   -0.689610388559232     0
    0.317985654581484   -0.557064267945405   -0.767179591007761     0
    0.267163385601228   -0.597060556114856   -0.756400963593984     0
    0.421838735640695   -0.735924101061586   -0.529592105860498     0
    0.367998336453836   -0.774504796268762   -0.514509032888532     0
    0.416158278736229   -0.778295164933487   -0.470179671275199     0
    0.321786831260907   -0.720686637243745   -0.614055377083669     0
    0.267163385601228   -0.756400963593984   -0.597060556114856     0
    0.317985654581484   -0.767179591007761   -0.557064267945405     0
    0.425259228629117   -0.689610388559232    -0.58616729732812     0
    0.372623029910077   -0.729892476624202    -0.57306984752997     0
    0.374946771792734   -0.681694586366843   -0.628257438666942     0
    0.268375559808488   -0.653922330089113   -0.707361396393885     0
    0.322705447168261   -0.669276174074624   -0.669276174074624     0
    0.268375559808488   -0.707361396393885   -0.653922330089113     0
      0.7380696120737   -0.477102320122937   -0.477102320122937     0
    0.646996639220631   -0.539163866017192   -0.539163866017192     0
    0.645145368133153   -0.591074266249286   -0.484168013972636     0
    0.693349277701198   -0.535837781266493   -0.481813917688799     0
    0.693349277701198   -0.481813917688799   -0.535837781266493     0
    0.645145368133153   -0.484168013972636   -0.591074266249286     0
    0.477102320122937     -0.7380696120737   -0.477102320122937     0
    0.539163866017192   -0.646996639220631   -0.539163866017192     0
    0.484168013972636   -0.645145368133153   -0.591074266249286     0
    0.481813917688799   -0.693349277701198   -0.535837781266493     0
    0.535837781266493   -0.693349277701198   -0.481813917688799     0
    0.591074266249286   -0.645145368133153   -0.484168013972636     0
    0.477102320122937   -0.477102320122937     -0.7380696120737     0
    0.539163866017192   -0.539163866017192   -0.646996639220631     0
    0.591074266249286   -0.484168013972636   -0.645145368133153     0
    0.535837781266493   -0.481813917688799   -0.693349277701198     0
    0.481813917688799   -0.535837781266493   -0.693349277701198     0
    0.484168013972636   -0.591074266249286   -0.645145368133153     0
    0.594811877479463   -0.594811877479463   -0.540738070435875     0
    0.540738070435875   -0.594811877479463   -0.594811877479463     0
    0.594811877479463   -0.540738070435875   -0.594811877479463     0
Triangles
 8192
     1     4     6     0
     2     5     4     0
     3     6     5     0
     4     5     6     0
     7     9    11     0
     8    10     9     0
     2    11    10     0
     9    10    11     0
    12    13    15     0
     3    14    13     0
     8    15    14     0
    13    14    15     0
     2    10     5     0
     8    14    10     0
     3     5    14     0
    10    14     5     0
    16    19    21     0
    17    20    19     0
    18    21    20     0
    19    20    21     0
    22    24    26     0
    23    25    24     0
    17    26    25     0
    24    25    26     0
     7    27    29     0
    18    28    27     0
    23    29    28     0
    27    28    29     0
    17    25    20     0
    23    28    25     0
    18    20    28     0
    25    28    20     0
    30    33    35     0
    31    34    33     0
    32    35    34     0
    33    34    35     0
    12    37    39     0
    36    38    37     0
    31    39    38     0
    37    38    39     0
    22    40    42     0
    32    41    40     0
    36    42    41     0
    40    41    42     0
    31    38    34     0
    36    41    38     0
    32    34    41     0
    38    41    34     0
     7    29     9     0
    23    43    29     0
     8     9    43     0
    29    43     9     0
    22    42    24     0
    36    44    42     0
    23    24    44     0
    42    44    24     0
    12    15    37     0
     8    45    15     0
    36    37    45     0
    15    45    37     0
    23    44    43     0
    36    45    44     0
     8    43    45     0
    44    45    43     0
    46    49    51     0
    47    50    49     0
    48    51    50     0
    49    50    51     0
    52    54    56     0
    53    55    54     0
    47    56    55     0
    54    55    56     0
    57    58    60     0
    48    59    58     0
    53    60    59     0
    58    59    60     0
    47    55    50     0
    53    59    55     0
    48    50    59     0
    55    59    50     0
    61    64    66     0
    62    65    64     0
    63    66    65     0
    64    65    66     0
    67    69    71     0
    68    70    69     0
    62    71    70     0
    69    70    71     0
    52    72    74     0
    63    73    72     0
    68    74    73     0
    72    73    74     0
    62    70    65     0
    68    73    70     0
    63    65    73     0
    70    73    65     0
    16    77    79     0
    75    78    77     0
    76    79    78     0
    77    78    79     0
    57    81    83     0
    80    82    81     0
    75    83    82     0
    81    82    83     0
    67    84    86     0
    76    85    84     0
    80    86    85     0
    84    85    86     0
    75    82    78     0
    80    85    82     0
    76    78    85     0
    82    85    78     0
    52    74    54     0
    68    87    74     0
    53    54    87     0
    74    87    54     0
    67    86    69     0
    80    88    86     0
    68    69    88     0
    86    88    69     0
    57    60    81     0
    53    89    60     0
    80    81    89     0
    60    89    81     0
    68    88    87     0
    80    89    88     0
    53    87    89     0
    88    89    87     0
    90    93    95     0
    91    94    93     0
    92    95    94     0
    93    94    95     0
    96    98   100     0
    97    99    98     0
    91   100    99     0
    98    99   100     0
   101   102   104     0
    92   103   102     0
    97   104   103     0
   102   103   104     0
    91    99    94     0
    97   103    99     0
    92    94   103     0
    99   103    94     0
    30   107   109     0
   105   108   107     0
   106   109   108     0
   107   108   109     0
   110   112   114     0
   111   113   112     0
   105   114   113     0
   112   113   114     0
    96   115   117     0
   106   116   115     0
   111   117   116     0
   115   116   117     0
   105   113   108     0
   111   116   113     0
   106   108   116     0
   113   116   108     0
    61   120   122     0
   118   121   120     0
   119   122   121     0
   120   121   122     0
   101   124   126     0
   123   125   124     0
   118   126   125     0
   124   125   126     0
   110   127   129     0
   119   128   127     0
   123   129   128     0
   127   128   129     0
   118   125   121     0
   123   128   125     0
   119   121   128     0
   125   128   121     0
    96   117    98     0
   111   130   117     0
    97    98   130     0
   117   130    98     0
   110   129   112     0
   123   131   129     0
   111   112   131     0
   129   131   112     0
   101   104   124     0
    97   132   104     0
   123   124   132     0
   104   132   124     0
   111   131   130     0
   123   132   131     0
    97   130   132     0
   131   132   130     0
    16    79    19     0
    76   133    79     0
    17    19   133     0
    79   133    19     0
    67   135    84     0
   134   136   135     0
    76    84   136     0
   135   136    84     0
    22    26   138     0
    17   137    26     0
   134   138   137     0
    26   137   138     0
    76   136   133     0
   134   137   136     0
    17   133   137     0
   136   137   133     0
    61   122    64     0
   119   139   122     0
    62    64   139     0
   122   139    64     0
   110   141   127     0
   140   142   141     0
   119   127   142     0
   141   142   127     0
    67    71   144     0
    62   143    71     0
   140   144   143     0
    71   143   144     0
   119   142   139     0
   140   143   142     0
    62   139   143     0
   142   143   139     0
    30    35   107     0
    32   145    35     0
   105   107   145     0
    35   145   107     0
    22   147    40     0
   146   148   147     0
    32    40   148     0
   147   148    40     0
   110   114   150     0
   105   149   114     0
   146   150   149     0
   114   149   150     0
    32   148   145     0
   146   149   148     0
   105   145   149     0
   148   149   145     0
    67   144   135     0
   140   151   144     0
   134   135   151     0
   144   151   135     0
   110   150   141     0
   146   152   150     0
   140   141   152     0
   150   152   141     0
    22   138   147     0
   134   153   138     0
   146   147   153     0
   138   153   147     0
   140   152   151     0
   146   153   152     0
   134   151   153     0
   152   153   151     0
   154   157   159     0
   155   158   157     0
   156   159   158     0
   157   158   159     0
   160   162   164     0
   161   163   162     0
   155   164   163     0
   162   163   164     0
   165   166   168     0
   156   167   166     0
   161   168   167     0
   166   167   168     0
   155   163   158     0
   161   167   163     0
   156   158   167     0
   163   167   158     0
   169   172   174     0
   170   173   172     0
   171   174   173     0
   172   173   174     0
   175   177   179     0
   176   178   177     0
   170   179   178     0
   177   178   179     0
   160   180   182     0
   171   181   180     0
   176   182   181     0
   180   181   182     0
   170   178   173     0
   176   181   178     0
   171   173   181     0
   178   181   173     0
   183   186   188     0
   184   187   186     0
   185   188   187     0
   186   187   188     0
   165   190   192     0
   189   191   190     0
   184   192   191     0
   190   191   192     0
   175   193   195     0
   185   194   193     0
   189   195   194     0
   193   194   195     0
   184   191   187     0
   189   194   191     0
   185   187   194     0
   191   194   187     0
   160   182   162     0
   176   196   182     0
   161   162   196     0
   182   196   162     0
   175   195   177     0
   189   197   195     0
   176   177   197     0
   195   197   177     0
   165   168   190     0
   161   198   168     0
   189   190   198     0
   168   198   190     0
   176   197   196     0
   189   198   197     0
   161   196   198     0
   197   198   196     0
   199   202   204     0
   200   203   202     0
   201   204   203     0
   202   203   204     0
   205   207   209     0
   206   208   207     0
   200   209   208     0
   207   208   209     0
   210   211   213     0
   201   212   211     0
   206   213   212     0
   211   212   213     0
   200   208   203     0
   206   212   208     0
   201   203   212     0
   208   212   203     0
   214   217   219     0
   215   218   217     0
   216   219   218     0
   217   218   219     0
   220   222   224     0
   221   223   222     0
   215   224   223     0
   222   223   224     0
   205   225   227     0
   216   226   225     0
   221   227   226     0
   225   226   227     0
   215   223   218     0
   221   226   223     0
   216   218   226     0
   223   226   218     0
   169   230   232     0
   228   231   230     0
   229   232   231     0
   230   231   232     0
   210   234   236     0
   233   235   234     0
   228   236   235     0
   234   235   236     0
   220   237   239     0
   229   238   237     0
   233   239   238     0
   237   238   239     0
   228   235   231     0
   233   238   235     0
   229   231   238     0
   235   238   231     0
   205   227   207     0
   221   240   227     0
   206   207   240     0
   227   240   207     0
   220   239   222     0
   233   241   239     0
   221   222   241     0
   239   241   222     0
   210   213   234     0
   206   242   213     0
   233   234   242     0
   213   242   234     0
   221   241   240     0
   233   242   241     0
   206   240   242     0
   241   242   240     0
    46   245   247     0
   243   246   245     0
   244   247   246     0
   245   246   247     0
   248   250   252     0
   249   251   250     0
   243   252   251     0
   250   251   252     0
   253   254   256     0
   244   255   254     0
   249   256   255     0
   254   255   256     0
   243   251   246     0
   249   255   251     0
   244   246   255     0
   251   255   246     0
   183   259   261     0
   257   260   259     0
   258   261   260     0
   259   260   261     0
   262   264   266     0
   263   265   264     0
   257   266   265     0
   264   265   266     0
   248   267   269     0
   258   268   267     0
   263   269   268     0
   267   268   269     0
   257   265   260     0
   263   268   265     0
   258   260   268     0
   265   268   260     0
   214   272   274     0
   270   273   272     0
   271   274   273     0
   272   273   274     0
   253   276   278     0
   275   277   276     0
   270   278   277     0
   276   277   278     0
   262   279   281     0
   271   280   279     0
   275   281   280     0
   279   280   281     0
   270   277   273     0
   275   280   277     0
   271   273   280     0
   277   280   273     0
   248   269   250     0
   263   282   269     0
   249   250   282     0
   269   282   250     0
   262   281   264     0
   275   283   281     0
   263   264   283     0
   281   283   264     0
   253   256   276     0
   249   284   256     0
   275   276   284     0
   256   284   276     0
   263   283   282     0
   275   284   283     0
   249   282   284     0
   283   284   282     0
   169   232   172     0
   229   285   232     0
   170   172   285     0
   232   285   172     0
   220   287   237     0
   286   288   287     0
   229   237   288     0
   287   288   237     0
   175   179   290     0
   170   289   179     0
   286   290   289     0
   179   289   290     0
   229   288   285     0
   286   289   288     0
   170   285   289     0
   288   289   285     0
   214   274   217     0
   271   291   274     0
   215   217   291     0
   274   291   217     0
   262   293   279     0
   292   294   293     0
   271   279   294     0
   293   294   279     0
   220   224   296     0
   215   295   224     0
   292   296   295     0
   224   295   296     0
   271   294   291     0
   292   295   294     0
   215   291   295     0
   294   295   291     0
   183   188   259     0
   185   297   188     0
   257   259   297     0
   188   297   259     0
   175   299   193     0
   298   300   299     0
   185   193   300     0
   299   300   193     0
   262   266   302     0
   257   301   266     0
   298   302   301     0
   266   301   302     0
   185   300   297     0
   298   301   300     0
   257   297   301     0
   300   301   297     0
   220   296   287     0
   292   303   296     0
   286   287   303     0
   296   303   287     0
   262   302   293     0
   298   304   302     0
   292   293   304     0
   302   304   293     0
   175   290   299     0
   286   305   290     0
   298   299   305     0
   290   305   299     0
   292   304   303     0
   298   305   304     0
   286   303   305     0
   304   305   303     0
   306   309   311     0
   307   310   309     0
   308   311   310     0
   309   310   311     0
   312   314   316     0
   313   315   314     0
   307   316   315     0
   314   315   316     0
   317   318   320     0
   308   319   318     0
   313   320   319     0
   318   319   320     0
   307   315   310     0
   313   319   315     0
   308   310   319     0
   315   319   310     0
   321   324   326     0
   322   325   324     0
   323   326   325     0
   324   325   326     0
   327   329   331     0
   328   330   329     0
   322   331   330     0
   329   330   331     0
   312   332   334     0
   323   333   332     0
   328   334   333     0
   332   333   334     0
   322   330   325     0
   328   333   330     0
   323   325   333     0
   330   333   325     0
   335   338   340     0
   336   339   338     0
   337   340   339     0
   338   339   340     0
   317   342   344     0
   341   343   342     0
   336   344   343     0
   342   343   344     0
   327   345   347     0
   337   346   345     0
   341   347   346     0
   345   346   347     0
   336   343   339     0
   341   346   343     0
   337   339   346     0
   343   346   339     0
   312   334   314     0
   328   348   334     0
   313   314   348     0
   334   348   314     0
   327   347   329     0
   341   349   347     0
   328   329   349     0
   347   349   329     0
   317   320   342     0
   313   350   320     0
   341   342   350     0
   320   350   342     0
   328   349   348     0
   341   350   349     0
   313   348   350     0
   349   350   348     0
    90   353   355     0
   351   354   353     0
   352   355   354     0
   353   354   355     0
   356   358   360     0
   357   359   358     0
   351   360   359     0
   358   359   360     0
   361   362   364     0
   352   363   362     0
   357   364   363     0
   362   363   364     0
   351   359   354     0
   357   363   359     0
   352   354   363     0
   359   363   354     0
   365   368   370     0
   366   369   368     0
   367   370   369     0
   368   369   370     0
   371   373   375     0
   372   374   373     0
   366   375   374     0
   373   374   375     0
   356   376   378     0
   367   377   376     0
   372   378   377     0
   376   377   378     0
   366   374   369     0
   372   377   374     0
   367   369   377     0
   374   377   369     0
   321   381   383     0
   379   382   381     0
   380   383   382     0
   381   382   383     0
   361   385   387     0
   384   386   385     0
   379   387   386     0
   385   386   387     0
   371   388   390     0
   380   389   388     0
   384   390   389     0
   388   389   390     0
   379   386   382     0
   384   389   386     0
   380   382   389     0
   386   389   382     0
   356   378   358     0
   372   391   378     0
   357   358   391     0
   378   391   358     0
   371   390   373     0
   384   392   390     0
   372   373   392     0
   390   392   373     0
   361   364   385     0
   357   393   364     0
   384   385   393     0
   364   393   385     0
   372   392   391     0
   384   393   392     0
   357   391   393     0
   392   393   391     0
   199   396   398     0
   394   397   396     0
   395   398   397     0
   396   397   398     0
   399   401   403     0
   400   402   401     0
   394   403   402     0
   401   402   403     0
   404   405   407     0
   395   406   405     0
   400   407   406     0
   405   406   407     0
   394   402   397     0
   400   406   402     0
   395   397   406     0
   402   406   397     0
   335   410   412     0
   408   411   410     0
   409   412   411     0
   410   411   412     0
   413   415   417     0
   414   416   415     0
   408   417   416     0
   415   416   417     0
   399   418   420     0
   409   419   418     0
   414   420   419     0
   418   419   420     0
   408   416   411     0
   414   419   416     0
   409   411   419     0
   416   419   411     0
   365   423   425     0
   421   424   423     0
   422   425   424     0
   423   424   425     0
   404   427   429     0
   426   428   427     0
   421   429   428     0
   427   428   429     0
   413   430   432     0
   422   431   430     0
   426   432   431     0
   430   431   432     0
   421   428   424     0
   426   431   428     0
   422   424   431     0
   428   431   424     0
   399   420   401     0
   414   433   420     0
   400   401   433     0
   420   433   401     0
   413   432   415     0
   426   434   432     0
   414   415   434     0
   432   434   415     0
   404   407   427     0
   400   435   407     0
   426   427   435     0
   407   435   427     0
   414   434   433     0
   426   435   434     0
   400   433   435     0
   434   435   433     0
   321   383   324     0
   380   436   383     0
   322   324   436     0
   383   436   324     0
   371   438   388     0
   437   439   438     0
   380   388   439     0
   438   439   388     0
   327   331   441     0
   322   440   331     0
   437   441   440     0
   331   440   441     0
   380   439   436     0
   437   440   439     0
   322   436   440     0
   439   440   436     0
   365   425   368     0
   422   442   425     0
   366   368   442     0
   425   442   368     0
   413   444   430     0
   443   445   444     0
   422   430   445     0
   444   445   430     0
   371   375   447     0
   366   446   375     0
   443   447   446     0
   375   446   447     0
   422   445   442     0
   443   446   445     0
   366   442   446     0
   445   446   442     0
   335   340   410     0
   337   448   340     0
   408   410   448     0
   340   448   410     0
   327   450   345     0
   449   451   450     0
   337   345   451     0
   450   451   345     0
   413   417   453     0
   408   452   417     0
   449   453   452     0
   417   452   453     0
   337   451   448     0
   449   452   451     0
   408   448   452     0
   451   452   448     0
   371   447   438     0
   443   454   447     0
   437   438   454     0
   447   454   438     0
   413   453   444     0
   449   455   453     0
   443   444   455     0
   453   455   444     0
   327   441   450     0
   437   456   441     0
   449   450   456     0
   441   456   450     0
   443   455   454     0
   449   456   455     0
   437   454   456     0
   455   456   454     0
    46   247    49     0
   244   457   247     0
    47    49   457     0
   247   457    49     0
   253   459   254     0
   458   460   459     0
   244   254   460     0
   459   460   254     0
    52    56   462     0
    47   461    56     0
   458   462   461     0
    56   461   462     0
   244   460   457     0
   458   461   460     0
    47   457   461     0
   460   461   457     0
   214   464   272     0
   463   465   464     0
   270   272   465     0
   464   465   272     0
   466   468   470     0
   467   469   468     0
   463   470   469     0
   468   469   470     0
   253   278   472     0
   270   471   278     0
   467   472   471     0
   278   471   472     0
   463   469   465     0
   467   471   469     0
   270   465   471     0
   469   471   465     0
    61    66   475     0
    63   474    66     0
   473   475   474     0
    66   474   475     0
    52   477    72     0
   476   478   477     0
    63    72   478     0
   477   478    72     0
   466   479   481     0
   473   480   479     0
   476   481   480     0
   479   480   481     0
    63   478   474     0
   476   480   478     0
   473   474   480     0
   478   480   474     0
   253   472   459     0
   467   482   472     0
   458   459   482     0
   472   482   459     0
   466   481   468     0
   476   483   481     0
   467   468   483     0
   481   483   468     0
    52   462   477     0
   458   484   462     0
   476   477   484     0
   462   484   477     0
   467   483   482     0
   476   484   483     0
   458   482   484     0
   483   484   482     0
   199   398   202     0
   395   485   398     0
   200   202   485     0
   398   485   202     0
   404   487   405     0
   486   488   487     0
   395   405   488     0
   487   488   405     0
   205   209   490     0
   200   489   209     0
   486   490   489     0
   209   489   490     0
   395   488   485     0
   486   489   488     0
   200   485   489     0
   488   489   485     0
   365   492   423     0
   491   493   492     0
   421   423   493     0
   492   493   423     0
   494   496   498     0
   495   497   496     0
   491   498   497     0
   496   497   498     0
   404   429   500     0
   421   499   429     0
   495   500   499     0
   429   499   500     0
   491   497   493     0
   495   499   497     0
   421   493   499     0
   497   499   493     0
   214   219   503     0
   216   502   219     0
   501   503   502     0
   219   502   503     0
   205   505   225     0
   504   506   505     0
   216   225   506     0
   505   506   225     0
   494   507   509     0
   501   508   507     0
   504   509   508     0
   507   508   509     0
   216   506   502     0
   504   508   506     0
   501   502   508     0
   506   508   502     0
   404   500   487     0
   495   510   500     0
   486   487   510     0
   500   510   487     0
   494   509   496     0
   504   511   509     0
   495   496   511     0
   509   511   496     0
   205   490   505     0
   486   512   490     0
   504   505   512     0
   490   512   505     0
   495   511   510     0
   504   512   511     0
   486   510   512     0
   511   512   510     0
    90    95   353     0
    92   513    95     0
   351   353   513     0
    95   513   353     0
   101   515   102     0
   514   516   515     0
    92   102   516     0
   515   516   102     0
   356   360   518     0
   351   517   360     0
   514   518   517     0
   360   517   518     0
    92   516   513     0
   514   517   516     0
   351   513   517     0
   516   517   513     0
    61   520   120     0
   519   521   520     0
   118   120   521     0
   520   521   120     0
   522   524   526     0
   523   525   524     0
   519   526   525     0
   524   525   526     0
   101   126   528     0
   118   527   126     0
   523   528   527     0
   126   527   528     0
   519   525   521     0
   523   527   525     0
   118   521   527     0
   525   527   521     0
   365   370   531     0
   367   530   370     0
   529   531   530     0
   370   530   531     0
   356   533   376     0
   532   534   533     0
   367   376   534     0
   533   534   376     0
   522   535   537     0
   529   536   535     0
   532   537   536     0
   535   536   537     0
   367   534   530     0
   532   536   534     0
   529   530   536     0
   534   536   530     0
   101   528   515     0
   523   538   528     0
   514   515   538     0
   528   538   515     0
   522   537   524     0
   532   539   537     0
   523   524   539     0
   537   539   524     0
   356   518   533     0
   514   540   518     0
   532   533   540     0
   518   540   533     0
   523   539   538     0
   532   540   539     0
   514   538   540     0
   539   540   538     0
   214   503   464     0
   501   541   503     0
   463   464   541     0
   503   541   464     0
   494   543   507     0
   542   544   543     0
   501   507   544     0
   543   544   507     0
   466   470   546     0
   463   545   470     0
   542   546   545     0
   470   545   546     0
   501   544   541     0
   542   545   544     0
   463   541   545     0
   544   545   541     0
   365   531   492     0
   529   547   531     0
   491   492   547     0
   531   547   492     0
   522   549   535     0
   548   550   549     0
   529   535   550     0
   549   550   535     0
   494   498   552     0
   491   551   498     0
   548   552   551     0
   498   551   552     0
   529   550   547     0
   548   551   550     0
   491   547   551     0
   550   551   547     0
    61   475   520     0
   473   553   475     0
   519   520   553     0
   475   553   520     0
   466   555   479     0
   554   556   555     0
   473   479   556     0
   555   556   479     0
   522   526   558     0
   519   557   526     0
   554   558   557     0
   526   557   558     0
   473   556   553     0
   554   557   556     0
   519   553   557     0
   556   557   553     0
   494   552   543     0
   548   559   552     0
   542   543   559     0
   552   559   543     0
   522   558   549     0
   554   560   558     0
   548   549   560     0
   558   560   549     0
   466   546   555     0
   542   561   546     0
   554   555   561     0
   546   561   555     0
   548   560   559     0
   554   561   560     0
   542   559   561     0
   560   561   559     0
     1     6   564     0
     3   563     6     0
   562   564   563     0
     6   563   564     0
    12   566    13     0
   565   567   566     0
     3    13   567     0
   566   567    13     0
   568   569   571     0
   562   570   569     0
   565   571   570     0
   569   570   571     0
     3   567   563     0
   565   570   567     0
   562   563   570     0
   567   570   563     0
    30   573    33     0
   572   574   573     0
    31    33   574     0
   573   574    33     0
   575   577   579     0
   576   578   577     0
   572   579   578     0
   577   578   579     0
    12    39   581     0
    31   580    39     0
   576   581   580     0
    39   580   581     0
   572   578   574     0
   576   580   578     0
    31   574   580     0
   578   580   574     0
   582   585   587     0
   583   586   585     0
   584   587   586     0
   585   586   587     0
   568   589   591     0
   588   590   589     0
   583   591   590     0
   589   590   591     0
   575   592   594     0
   584   593   592     0
   588   594   593     0
   592   593   594     0
   583   590   586     0
   588   593   590     0
   584   586   593     0
   590   593   586     0
    12   581   566     0
   576   595   581     0
   565   566   595     0
   581   595   566     0
   575   594   577     0
   588   596   594     0
   576   577   596     0
   594   596   577     0
   568   571   589     0
   565   597   571     0
   588   589   597     0
   571   597   589     0
   576   596   595     0
   588   597   596     0
   565   595   597     0
   596   597   595     0
    90   599    93     0
   598   600   599     0
    91    93   600     0
   599   600    93     0
   601   603   605     0
   602   604   603     0
   598   605   604     0
   603   604   605     0
    96   100   607     0
    91   606   100     0
   602   607   606     0
   100   606   607     0
   598   604   600     0
   602   606   604     0
    91   600   606     0
   604   606   600     0
   608   611   613     0
   609   612   611     0
   610   613   612     0
   611   612   613     0
   614   616   618     0
   615   617   616     0
   609   618   617     0
   616   617   618     0
   601   619   621     0
   610   620   619     0
   615   621   620     0
   619   620   621     0
   609   617   612     0
   615   620   617     0
   610   612   620     0
   617   620   612     0
    30   109   624     0
   106   623   109     0
   622   624   623     0
   109   623   624     0
    96   626   115     0
   625   627   626     0
   106   115   627     0
   626   627   115     0
   614   628   630     0
   622   629   628     0
   625   630   629     0
   628   629   630     0
   106   627   623     0
   625   629   627     0
   622   623   629     0
   627   629   623     0
   601   621   603     0
   615   631   621     0
   602   603   631     0
   621   631   603     0
   614   630   616     0
   625   632   630     0
   615   616   632     0
   630   632   616     0
    96   607   626     0
   602   633   607     0
   625   626   633     0
   607   633   626     0
   615   632   631     0
   625   633   632     0
   602   631   633     0
   632   633   631     0
   634   637   639     0
   635   638   637     0
   636   639   638     0
   637   638   639     0
   640   642   644     0
   641   643   642     0
   635   644   643     0
   642   643   644     0
   645   646   648     0
   636   647   646     0
   641   648   647     0
   646   647   648     0
   635   643   638     0
   641   647   643     0
   636   638   647     0
   643   647   638     0
   582   651   653     0
   649   652   651     0
   650   653   652     0
   651   652   653     0
   654   656   658     0
   655   657   656     0
   649   658   657     0
   656   657   658     0
   640   659   661     0
   650   660   659     0
   655   661   660     0
   659   660   661     0
   649   657   652     0
   655   660   657     0
   650   652   660     0
   657   660   652     0
   608   664   666     0
   662   665   664     0
   663   666   665     0
   664   665   666     0
   645   668   670     0
   667   669   668     0
   662   670   669     0
   668   669   670     0
   654   671   673     0
   663   672   671     0
   667   673   672     0
   671   672   673     0
   662   669   665     0
   667   672   669     0
   663   665   672     0
   669   672   665     0
   640   661   642     0
   655   674   661     0
   641   642   674     0
   661   674   642     0
   654   673   656     0
   667   675   673     0
   655   656   675     0
   673   675   656     0
   645   648   668     0
   641   676   648     0
   667   668   676     0
   648   676   668     0
   655   675   674     0
   667   676   675     0
   641   674   676     0
   675   676   674     0
    30   624   573     0
   622   677   624     0
   572   573   677     0
   624   677   573     0
   614   679   628     0
   678   680   679     0
   622   628   680     0
   679   680   628     0
   575   579   682     0
   572   681   579     0
   678   682   681     0
   579   681   682     0
   622   680   677     0
   678   681   680     0
   572   677   681     0
   680   681   677     0
   608   666   611     0
   663   683   666     0
   609   611   683     0
   666   683   611     0
   654   685   671     0
   684   686   685     0
   663   671   686     0
   685   686   671     0
   614   618   688     0
   609   687   618     0
   684   688   687     0
   618   687   688     0
   663   686   683     0
   684   687   686     0
   609   683   687     0
   686   687   683     0
   582   587   651     0
   584   689   587     0
   649   651   689     0
   587   689   651     0
   575   691   592     0
   690   692   691     0
   584   592   692     0
   691   692   592     0
   654   658   694     0
   649   693   658     0
   690   694   693     0
   658   693   694     0
   584   692   689     0
   690   693   692     0
   649   689   693     0
   692   693   689     0
   614   688   679     0
   684   695   688     0
   678   679   695     0
   688   695   679     0
   654   694   685     0
   690   696   694     0
   684   685   696     0
   694   696   685     0
   575   682   691     0
   678   697   682     0
   690   691   697     0
   682   697   691     0
   684   696   695     0
   690   697   696     0
   678   695   697     0
   696   697   695     0
   306   699   309     0
   698   700   699     0
   307   309   700     0
   699   700   309     0
   701   703   705     0
   702   704   703     0
   698   705   704     0
   703   704   705     0
   312   316   707     0
   307   706   316     0
   702   707   706     0
   316   706   707     0
   698   704   700     0
   702   706   704     0
   307   700   706     0
   704   706   700     0
   708   711   713     0
   709   712   711     0
   710   713   712     0
   711   712   713     0
   714   716   718     0
   715   717   716     0
   709   718   717     0
   716   717   718     0
   701   719   721     0
   710   720   719     0
   715   721   720     0
   719   720   721     0
   709   717   712     0
   715   720   717     0
   710   712   720     0
   717   720   712     0
   321   326   724     0
   323   723   326     0
   722   724   723     0
   326   723   724     0
   312   726   332     0
   725   727   726     0
   323   332   727     0
   726   727   332     0
   714   728   730     0
   722   729   728     0
   725   730   729     0
   728   729   730     0
   323   727   723     0
   725   729   727     0
   722   723   729     0
   727   729   723     0
   701   721   703     0
   715   731   721     0
   702   703   731     0
   721   731   703     0
   714   730   716     0
   725   732   730     0
   715   716   732     0
   730   732   716     0
   312   707   726     0
   702   733   707     0
   725   726   733     0
   707   733   726     0
   715   732   731     0
   725   733   732     0
   702   731   733     0
   732   733   731     0
   734   737   739     0
   735   738   737     0
   736   739   738     0
   737   738   739     0
   740   742   744     0
   741   743   742     0
   735   744   743     0
   742   743   744     0
   745   746   748     0
   736   747   746     0
   741   748   747     0
   746   747   748     0
   735   743   738     0
   741   747   743     0
   736   738   747     0
   743   747   738     0
   749   752   754     0
   750   753   752     0
   751   754   753     0
   752   753   754     0
   755   757   759     0
   756   758   757     0
   750   759   758     0
   757   758   759     0
   740   760   762     0
   751   761   760     0
   756   762   761     0
   760   761   762     0
   750   758   753     0
   756   761   758     0
   751   753   761     0
   758   761   753     0
   708   765   767     0
   763   766   765     0
   764   767   766     0
   765   766   767     0
   745   769   771     0
   768   770   769     0
   763   771   770     0
   769   770   771     0
   755   772   774     0
   764   773   772     0
   768   774   773     0
   772   773   774     0
   763   770   766     0
   768   773   770     0
   764   766   773     0
   770   773   766     0
   740   762   742     0
   756   775   762     0
   741   742   775     0
   762   775   742     0
   755   774   757     0
   768   776   774     0
   756   757   776     0
   774   776   757     0
   745   748   769     0
   741   777   748     0
   768   769   777     0
   748   777   769     0
   756   776   775     0
   768   777   776     0
   741   775   777     0
   776   777   775     0
    90   355   780     0
   352   779   355     0
   778   780   779     0
   355   779   780     0
   361   782   362     0
   781   783   782     0
   352   362   783     0
   782   783   362     0
   784   785   787     0
   778   786   785     0
   781   787   786     0
   785   786   787     0
   352   783   779     0
   781   786   783     0
   778   779   786     0
   783   786   779     0
   321   789   381     0
   788   790   789     0
   379   381   790     0
   789   790   381     0
   791   793   795     0
   792   794   793     0
   788   795   794     0
   793   794   795     0
   361   387   797     0
   379   796   387     0
   792   797   796     0
   387   796   797     0
   788   794   790     0
   792   796   794     0
   379   790   796     0
   794   796   790     0
   749   800   802     0
   798   801   800     0
   799   802   801     0
   800   801   802     0
   784   804   806     0
   803   805   804     0
   798   806   805     0
   804   805   806     0
   791   807   809     0
   799   808   807     0
   803   809   808     0
   807   808   809     0
   798   805   801     0
   803   808   805     0
   799   801   808     0
   805   808   801     0
   361   797   782     0
   792   810   797     0
   781   782   810     0
   797   810   782     0
   791   809   793     0
   803   811   809     0
   792   793   811     0
   809   811   793     0
   784   787   804     0
   781   812   787     0
   803   804   812     0
   787   812   804     0
   792   811   810     0
   803   812   811     0
   781   810   812     0
   811   812   810     0
   708   767   711     0
   764   813   767     0
   709   711   813     0
   767   813   711     0
   755   815   772     0
   814   816   815     0
   764   772   816     0
   815   816   772     0
   714   718   818     0
   709   817   718     0
   814   818   817     0
   718   817   818     0
   764   816   813     0
   814   817   816     0
   709   813   817     0
   816   817   813     0
   749   802   752     0
   799   819   802     0
   750   752   819     0
   802   819   752     0
   791   821   807     0
   820   822   821     0
   799   807   822     0
   821   822   807     0
   755   759   824     0
   750   823   759     0
   820   824   823     0
   759   823   824     0
   799   822   819     0
   820   823   822     0
   750   819   823     0
   822   823   819     0
   321   724   789     0
   722   825   724     0
   788   789   825     0
   724   825   789     0
   714   827   728     0
   826   828   827     0
   722   728   828     0
   827   828   728     0
   791   795   830     0
   788   829   795     0
   826   830   829     0
   795   829   830     0
   722   828   825     0
   826   829   828     0
   788   825   829     0
   828   829   825     0
   755   824   815     0
   820   831   824     0
   814   815   831     0
   824   831   815     0
   791   830   821     0
   826   832   830     0
   820   821   832     0
   830   832   821     0
   714   818   827     0
   814   833   818     0
   826   827   833     0
   818   833   827     0
   820   832   831     0
   826   833   832     0
   814   831   833     0
   832   833   831     0
   834   837   839     0
   835   838   837     0
   836   839   838     0
   837   838   839     0
   840   842   844     0
   841   843   842     0
   835   844   843     0
   842   843   844     0
   845   846   848     0
   836   847   846     0
   841   848   847     0
   846   847   848     0
   835   843   838     0
   841   847   843     0
   836   838   847     0
   843   847   838     0
   849   852   854     0
   850   853   852     0
   851   854   853     0
   852   853   854     0
   855   857   859     0
   856   858   857     0
   850   859   858     0
   857   858   859     0
   840   860   862     0
   851   861   860     0
   856   862   861     0
   860   861   862     0
   850   858   853     0
   856   861   858     0
   851   853   861     0
   858   861   853     0
   863   866   868     0
   864   867   866     0
   865   868   867     0
   866   867   868     0
   845   870   872     0
   869   871   870     0
   864   872   871     0
   870   871   872     0
   855   873   875     0
   865   874   873     0
   869   875   874     0
   873   874   875     0
   864   871   867     0
   869   874   871     0
   865   867   874     0
   871   874   867     0
   840   862   842     0
   856   876   862     0
   841   842   876     0
   862   876   842     0
   855   875   857     0
   869   877   875     0
   856   857   877     0
   875   877   857     0
   845   848   870     0
   841   878   848     0
   869   870   878     0
   848   878   870     0
   856   877   876     0
   869   878   877     0
   841   876   878     0
   877   878   876     0
   634   881   883     0
   879   882   881     0
   880   883   882     0
   881   882   883     0
   884   886   888     0
   885   887   886     0
   879   888   887     0
   886   887   888     0
   889   890   892     0
   880   891   890     0
   885   892   891     0
   890   891   892     0
   879   887   882     0
   885   891   887     0
   880   882   891     0
   887   891   882     0
   893   896   898     0
   894   897   896     0
   895   898   897     0
   896   897   898     0
   899   901   903     0
   900   902   901     0
   894   903   902     0
   901   902   903     0
   884   904   906     0
   895   905   904     0
   900   906   905     0
   904   905   906     0
   894   902   897     0
   900   905   902     0
   895   897   905     0
   902   905   897     0
   849   909   911     0
   907   910   909     0
   908   911   910     0
   909   910   911     0
   889   913   915     0
   912   914   913     0
   907   915   914     0
   913   914   915     0
   899   916   918     0
   908   917   916     0
   912   918   917     0
   916   917   918     0
   907   914   910     0
   912   917   914     0
   908   910   917     0
   914   917   910     0
   884   906   886     0
   900   919   906     0
   885   886   919     0
   906   919   886     0
   899   918   901     0
   912   920   918     0
   900   901   920     0
   918   920   901     0
   889   892   913     0
   885   921   892     0
   912   913   921     0
   892   921   913     0
   900   920   919     0
   912   921   920     0
   885   919   921     0
   920   921   919     0
   734   924   926     0
   922   925   924     0
   923   926   925     0
   924   925   926     0
   927   929   931     0
   928   930   929     0
   922   931   930     0
   929   930   931     0
   932   933   935     0
   923   934   933     0
   928   935   934     0
   933   934   935     0
   922   930   925     0
   928   934   930     0
   923   925   934     0
   930   934   925     0
   863   938   940     0
   936   939   938     0
   937   940   939     0
   938   939   940     0
   941   943   945     0
   942   944   943     0
   936   945   944     0
   943   944   945     0
   927   946   948     0
   937   947   946     0
   942   948   947     0
   946   947   948     0
   936   944   939     0
   942   947   944     0
   937   939   947     0
   944   947   939     0
   893   951   953     0
   949   952   951     0
   950   953   952     0
   951   952   953     0
   932   955   957     0
   954   956   955     0
   949   957   956     0
   955   956   957     0
   941   958   960     0
   950   959   958     0
   954   960   959     0
   958   959   960     0
   949   956   952     0
   954   959   956     0
   950   952   959     0
   956   959   952     0
   927   948   929     0
   942   961   948     0
   928   929   961     0
   948   961   929     0
   941   960   943     0
   954   962   960     0
   942   943   962     0
   960   962   943     0
   932   935   955     0
   928   963   935     0
   954   955   963     0
   935   963   955     0
   942   962   961     0
   954   963   962     0
   928   961   963     0
   962   963   961     0
   849   911   852     0
   908   964   911     0
   850   852   964     0
   911   964   852     0
   899   966   916     0
   965   967   966     0
   908   916   967     0
   966   967   916     0
   855   859   969     0
   850   968   859     0
   965   969   968     0
   859   968   969     0
   908   967   964     0
   965   968   967     0
   850   964   968     0
   967   968   964     0
   893   953   896     0
   950   970   953     0
   894   896   970     0
   953   970   896     0
   941   972   958     0
   971   973   972     0
   950   958   973     0
   972   973   958     0
   899   903   975     0
   894   974   903     0
   971   975   974     0
   903   974   975     0
   950   973   970     0
   971   974   973     0
   894   970   974     0
   973   974   970     0
   863   868   938     0
   865   976   868     0
   936   938   976     0
   868   976   938     0
   855   978   873     0
   977   979   978     0
   865   873   979     0
   978   979   873     0
   941   945   981     0
   936   980   945     0
   977   981   980     0
   945   980   981     0
   865   979   976     0
   977   980   979     0
   936   976   980     0
   979   980   976     0
   899   975   966     0
   971   982   975     0
   965   966   982     0
   975   982   966     0
   941   981   972     0
   977   983   981     0
   971   972   983     0
   981   983   972     0
   855   969   978     0
   965   984   969     0
   977   978   984     0
   969   984   978     0
   971   983   982     0
   977   984   983     0
   965   982   984     0
   983   984   982     0
    90   780   599     0
   778   985   780     0
   598   599   985     0
   780   985   599     0
   784   987   785     0
   986   988   987     0
   778   785   988     0
   987   988   785     0
   601   605   990     0
   598   989   605     0
   986   990   989     0
   605   989   990     0
   778   988   985     0
   986   989   988     0
   598   985   989     0
   988   989   985     0
   749   992   800     0
   991   993   992     0
   798   800   993     0
   992   993   800     0
   994   996   998     0
   995   997   996     0
   991   998   997     0
   996   997   998     0
   784   806  1000     0
   798   999   806     0
   995  1000   999     0
   806   999  1000     0
   991   997   993     0
   995   999   997     0
   798   993   999     0
   997   999   993     0
   608   613  1003     0
   610  1002   613     0
  1001  1003  1002     0
   613  1002  1003     0
   601  1005   619     0
  1004  1006  1005     0
   610   619  1006     0
  1005  1006   619     0
   994  1007  1009     0
  1001  1008  1007     0
  1004  1009  1008     0
  1007  1008  1009     0
   610  1006  1002     0
  1004  1008  1006     0
  1001  1002  1008     0
  1006  1008  1002     0
   784  1000   987     0
   995  1010  1000     0
   986   987  1010     0
  1000  1010   987     0
   994  1009   996     0
  1004  1011  1009     0
   995   996  1011     0
  1009  1011   996     0
   601   990  1005     0
   986  1012   990     0
  1004  1005  1012     0
   990  1012  1005     0
   995  1011  1010     0
  1004  1012  1011     0
   986  1010  1012     0
  1011  1012  1010     0
   734   926   737     0
   923  1013   926     0
   735   737  1013     0
   926  1013   737     0
   932  1015   933     0
  1014  1016  1015     0
   923   933  1016     0
  1015  1016   933     0
   740   744  1018     0
   735  1017   744     0
  1014  1018  1017     0
   744  1017  1018     0
   923  1016  1013     0
  1014  1017  1016     0
   735  1013  1017     0
  1016  1017  1013     0
   893  1020   951     0
  1019  1021  1020     0
   949   951  1021     0
  1020  1021   951     0
  1022  1024  1026     0
  1023  1025  1024     0
  1019  1026  1025     0
  1024  1025  1026     0
   932   957  1028     0
   949  1027   957     0
  1023  1028  1027     0
   957  1027  1028     0
  1019  1025  1021     0
  1023  1027  1025     0
   949  1021  1027     0
  1025  1027  1021     0
   749   754  1031     0
   751  1030   754     0
  1029  1031  1030     0
   754  1030  1031     0
   740  1033   760     0
  1032  1034  1033     0
   751   760  1034     0
  1033  1034   760     0
  1022  1035  1037     0
  1029  1036  1035     0
  1032  1037  1036     0
  1035  1036  1037     0
   751  1034  1030     0
  1032  1036  1034     0
  1029  1030  1036     0
  1034  1036  1030     0
   932  1028  1015     0
  1023  1038  1028     0
  1014  1015  1038     0
  1028  1038  1015     0
  1022  1037  1024     0
  1032  1039  1037     0
  1023  1024  1039     0
  1037  1039  1024     0
   740  1018  1033     0
  1014  1040  1018     0
  1032  1033  1040     0
  1018  1040  1033     0
  1023  1039  1038     0
  1032  1040  1039     0
  1014  1038  1040     0
  1039  1040  1038     0
   634   639   881     0
   636  1041   639     0
   879   881  1041     0
   639  1041   881     0
   645  1043   646     0
  1042  1044  1043     0
   636   646  1044     0
  1043  1044   646     0
   884   888  1046     0
   879  1045   888     0
  1042  1046  1045     0
   888  1045  1046     0
   636  1044  1041     0
  1042  1045  1044     0
   879  1041  1045     0
  1044  1045  1041     0
   608  1048   664     0
  1047  1049  1048     0
   662   664  1049     0
  1048  1049   664     0
  1050  1052  1054     0
  1051  1053  1052     0
  1047  1054  1053     0
  1052  1053  1054     0
   645   670  1056     0
   662  1055   670     0
  1051  1056  1055     0
   670  1055  1056     0
  1047  1053  1049     0
  1051  1055  1053     0
   662  1049  1055     0
  1053  1055  1049     0
   893   898  1059     0
   895  1058   898     0
  1057  1059  1058     0
   898  1058  1059     0
   884  1061   904     0
  1060  1062  1061     0
   895   904  1062     0
  1061  1062   904     0
  1050  1063  1065     0
  1057  1064  1063     0
  1060  1065  1064     0
  1063  1064  1065     0
   895  1062  1058     0
  1060  1064  1062     0
  1057  1058  1064     0
  1062  1064  1058     0
   645  1056  1043     0
  1051  1066  1056     0
  1042  1043  1066     0
  1056  1066  1043     0
  1050  1065  1052     0
  1060  1067  1065     0
  1051  1052  1067     0
  1065  1067  1052     0
   884  1046  1061     0
  1042  1068  1046     0
  1060  1061  1068     0
  1046  1068  1061     0
  1051  1067  1066     0
  1060  1068  1067     0
  1042  1066  1068     0
  1067  1068  1066     0
   749  1031   992     0
  1029  1069  1031     0
   991   992  1069     0
  1031  1069   992     0
  1022  1071  1035     0
  1070  1072  1071     0
  1029  1035  1072     0
  1071  1072  1035     0
   994   998  1074     0
   991  1073   998     0
  1070  1074  1073     0
   998  1073  1074     0
  1029  1072  1069     0
  1070  1073  1072     0
   991  1069  1073     0
  1072  1073  1069     0
   893  1059  1020     0
  1057  1075  1059     0
  1019  1020  1075     0
  1059  1075  1020     0
  1050  1077  1063     0
  1076  1078  1077     0
  1057  1063  1078     0
  1077  1078  1063     0
  1022  1026  1080     0
  1019  1079  1026     0
  1076  1080  1079     0
  1026  1079  1080     0
  1057  1078  1075     0
  1076  1079  1078     0
  1019  1075  1079     0
  1078  1079  1075     0
   608  1003  1048     0
  1001  1081  1003     0
  1047  1048  1081     0
  1003  1081  1048     0
   994  1083  1007     0
  1082  1084  1083     0
  1001  1007  1084     0
  1083  1084  1007     0
  1050  1054  1086     0
  1047  1085  1054     0
  1082  1086  1085     0
  1054  1085  1086     0
  1001  1084  1081     0
  1082  1085  1084     0
  1047  1081  1085     0
  1084  1085  1081     0
  1022  1080  1071     0
  1076  1087  1080     0
  1070  1071  1087     0
  1080  1087  1071     0
  1050  1086  1077     0
  1082  1088  1086     0
  1076  1077  1088     0
  1086  1088  1077     0
   994  1074  1083     0
  1070  1089  1074     0
  1082  1083  1089     0
  1074  1089  1083     0
  1076  1088  1087     0
  1082  1089  1088     0
  1070  1087  1089     0
  1088  1089  1087     0
     1   564  1092     0
   562  1091   564     0
  1090  1092  1091     0
   564  1091  1092     0
   568  1094   569     0
  1093  1095  1094     0
   562   569  1095     0
  1094  1095   569     0
  1096  1097  1099     0
  1090  1098  1097     0
  1093  1099  1098     0
  1097  1098  1099     0
   562  1095  1091     0
  1093  1098  1095     0
  1090  1091  1098     0
  1095  1098  1091     0
   582  1101   585     0
  1100  1102  1101     0
   583   585  1102     0
  1101  1102   585     0
  1103  1105  1107     0
  1104  1106  1105     0
  1100  1107  1106     0
  1105  1106  1107     0
   568   591  1109     0
   583  1108   591     0
  1104  1109  1108     0
   591  1108  1109     0
  1100  1106  1102     0
  1104  1108  1106     0
   583  1102  1108     0
  1106  1108  1102     0
  1110  1113  1115     0
  1111  1114  1113     0
  1112  1115  1114     0
  1113  1114  1115     0
  1096  1117  1119     0
  1116  1118  1117     0
  1111  1119  1118     0
  1117  1118  1119     0
  1103  1120  1122     0
  1112  1121  1120     0
  1116  1122  1121     0
  1120  1121  1122     0
  1111  1118  1114     0
  1116  1121  1118     0
  1112  1114  1121     0
  1118  1121  1114     0
   568  1109  1094     0
  1104  1123  1109     0
  1093  1094  1123     0
  1109  1123  1094     0
  1103  1122  1105     0
  1116  1124  1122     0
  1104  1105  1124     0
  1122  1124  1105     0
  1096  1099  1117     0
  1093  1125  1099     0
  1116  1117  1125     0
  1099  1125  1117     0
  1104  1124  1123     0
  1116  1125  1124     0
  1093  1123  1125     0
  1124  1125  1123     0
   634  1127   637     0
  1126  1128  1127     0
   635   637  1128     0
  1127  1128   637     0
  1129  1131  1133     0
  1130  1132  1131     0
  1126  1133  1132     0
  1131  1132  1133     0
   640   644  1135     0
   635  1134   644     0
  1130  1135  1134     0
   644  1134  1135     0
  1126  1132  1128     0
  1130  1134  1132     0
   635  1128  1134     0
  1132  1134  1128     0
  1136  1139  1141     0
  1137  1140  1139     0
  1138  1141  1140     0
  1139  1140  1141     0
  1142  1144  1146     0
  1143  1145  1144     0
  1137  1146  1145     0
  1144  1145  1146     0
  1129  1147  1149     0
  1138  1148  1147     0
  1143  1149  1148     0
  1147  1148  1149     0
  1137  1145  1140     0
  1143  1148  1145     0
  1138  1140  1148     0
  1145  1148  1140     0
   582   653  1152     0
   650  1151   653     0
  1150  1152  1151     0
   653  1151  1152     0
   640  1154   659     0
  1153  1155  1154     0
   650   659  1155     0
  1154  1155   659     0
  1142  1156  1158     0
  1150  1157  1156     0
  1153  1158  1157     0
  1156  1157  1158     0
   650  1155  1151     0
  1153  1157  1155     0
  1150  1151  1157     0
  1155  1157  1151     0
  1129  1149  1131     0
  1143  1159  1149     0
  1130  1131  1159     0
  1149  1159  1131     0
  1142  1158  1144     0
  1153  1160  1158     0
  1143  1144  1160     0
  1158  1160  1144     0
   640  1135  1154     0
  1130  1161  1135     0
  1153  1154  1161     0
  1135  1161  1154     0
  1143  1160  1159     0
  1153  1161  1160     0
  1130  1159  1161     0
  1160  1161  1159     0
  1162  1165  1167     0
  1163  1166  1165     0
  1164  1167  1166     0
  1165  1166  1167     0
  1168  1170  1172     0
  1169  1171  1170     0
  1163  1172  1171     0
  1170  1171  1172     0
  1173  1174  1176     0
  1164  1175  1174     0
  1169  1176  1175     0
  1174  1175  1176     0
  1163  1171  1166     0
  1169  1175  1171     0
  1164  1166  1175     0
  1171  1175  1166     0
  1110  1179  1181     0
  1177  1180  1179     0
  1178  1181  1180     0
  1179  1180  1181     0
  1182  1184  1186     0
  1183  1185  1184     0
  1177  1186  1185     0
  1184  1185  1186     0
  1168  1187  1189     0
  1178  1188  1187     0
  1183  1189  1188     0
  1187  1188  1189     0
  1177  1185  1180     0
  1183  1188  1185     0
  1178  1180  1188     0
  1185  1188  1180     0
  1136  1192  1194     0
  1190  1193  1192     0
  1191  1194  1193     0
  1192  1193  1194     0
  1173  1196  1198     0
  1195  1197  1196     0
  1190  1198  1197     0
  1196  1197  1198     0
  1182  1199  1201     0
  1191  1200  1199     0
  1195  1201  1200     0
  1199  1200  1201     0
  1190  1197  1193     0
  1195  1200  1197     0
  1191  1193  1200     0
  1197  1200  1193     0
  1168  1189  1170     0
  1183  1202  1189     0
  1169  1170  1202     0
  1189  1202  1170     0
  1182  1201  1184     0
  1195  1203  1201     0
  1183  1184  1203     0
  1201  1203  1184     0
  1173  1176  1196     0
  1169  1204  1176     0
  1195  1196  1204     0
  1176  1204  1196     0
  1183  1203  1202     0
  1195  1204  1203     0
  1169  1202  1204     0
  1203  1204  1202     0
   582  1152  1101     0
  1150  1205  1152     0
  1100  1101  1205     0
  1152  1205  1101     0
  1142  1207  1156     0
  1206  1208  1207     0
  1150  1156  1208     0
  1207  1208  1156     0
  1103  1107  1210     0
  1100  1209  1107     0
  1206  1210  1209     0
  1107  1209  1210     0
  1150  1208  1205     0
  1206  1209  1208     0
  1100  1205  1209     0
  1208  1209  1205     0
  1136  1194  1139     0
  1191  1211  1194     0
  1137  1139  1211     0
  1194  1211  1139     0
  1182  1213  1199     0
  1212  1214  1213     0
  1191  1199  1214     0
  1213  1214  1199     0
  1142  1146  1216     0
  1137  1215  1146     0
  1212  1216  1215     0
  1146  1215  1216     0
  1191  1214  1211     0
  1212  1215  1214     0
  1137  1211  1215     0
  1214  1215  1211     0
  1110  1115  1179     0
  1112  1217  1115     0
  1177  1179  1217     0
  1115  1217  1179     0
  1103  1219  1120     0
  1218  1220  1219     0
  1112  1120  1220     0
  1219  1220  1120     0
  1182  1186  1222     0
  1177  1221  1186     0
  1218  1222  1221     0
  1186  1221  1222     0
  1112  1220  1217     0
  1218  1221  1220     0
  1177  1217  1221     0
  1220  1221  1217     0
  1142  1216  1207     0
  1212  1223  1216     0
  1206  1207  1223     0
  1216  1223  1207     0
  1182  1222  1213     0
  1218  1224  1222     0
  1212  1213  1224     0
  1222  1224  1213     0
  1103  1210  1219     0
  1206  1225  1210     0
  1218  1219  1225     0
  1210  1225  1219     0
  1212  1224  1223     0
  1218  1225  1224     0
  1206  1223  1225     0
  1224  1225  1223     0
   834  1227   837     0
  1226  1228  1227     0
   835   837  1228     0
  1227  1228   837     0
  1229  1231  1233     0
  1230  1232  1231     0
  1226  1233  1232     0
  1231  1232  1233     0
   840   844  1235     0
   835  1234   844     0
  1230  1235  1234     0
   844  1234  1235     0
  1226  1232  1228     0
  1230  1234  1232     0
   835  1228  1234     0
  1232  1234  1228     0
  1236  1239  1241     0
  1237  1240  1239     0
  1238  1241  1240     0
  1239  1240  1241     0
  1242  1244  1246     0
  1243  1245  1244     0
  1237  1246  1245     0
  1244  1245  1246     0
  1229  1247  1249     0
  1238  1248  1247     0
  1243  1249  1248     0
  1247  1248  1249     0
  1237  1245  1240     0
  1243  1248  1245     0
  1238  1240  1248     0
  1245  1248  1240     0
   849   854  1252     0
   851  1251   854     0
  1250  1252  1251     0
   854  1251  1252     0
   840  1254   860     0
  1253  1255  1254     0
   851   860  1255     0
  1254  1255   860     0
  1242  1256  1258     0
  1250  1257  1256     0
  1253  1258  1257     0
  1256  1257  1258     0
   851  1255  1251     0
  1253  1257  1255     0
  1250  1251  1257     0
  1255  1257  1251     0
  1229  1249  1231     0
  1243  1259  1249     0
  1230  1231  1259     0
  1249  1259  1231     0
  1242  1258  1244     0
  1253  1260  1258     0
  1243  1244  1260     0
  1258  1260  1244     0
   840  1235  1254     0
  1230  1261  1235     0
  1253  1254  1261     0
  1235  1261  1254     0
  1243  1260  1259     0
  1253  1261  1260     0
  1230  1259  1261     0
  1260  1261  1259     0
  1262  1265  1267     0
  1263  1266  1265     0
  1264  1267  1266     0
  1265  1266  1267     0
  1268  1270  1272     0
  1269  1271  1270     0
  1263  1272  1271     0
  1270  1271  1272     0
  1273  1274  1276     0
  1264  1275  1274     0
  1269  1276  1275     0
  1274  1275  1276     0
  1263  1271  1266     0
  1269  1275  1271     0
  1264  1266  1275     0
  1271  1275  1266     0
  1277  1280  1282     0
  1278  1281  1280     0
  1279  1282  1281     0
  1280  1281  1282     0
  1283  1285  1287     0
  1284  1286  1285     0
  1278  1287  1286     0
  1285  1286  1287     0
  1268  1288  1290     0
  1279  1289  1288     0
  1284  1290  1289     0
  1288  1289  1290     0
  1278  1286  1281     0
  1284  1289  1286     0
  1279  1281  1289     0
  1286  1289  1281     0
  1236  1293  1295     0
  1291  1294  1293     0
  1292  1295  1294     0
  1293  1294  1295     0
  1273  1297  1299     0
  1296  1298  1297     0
  1291  1299  1298     0
  1297  1298  1299     0
  1283  1300  1302     0
  1292  1301  1300     0
  1296  1302  1301     0
  1300  1301  1302     0
  1291  1298  1294     0
  1296  1301  1298     0
  1292  1294  1301     0
  1298  1301  1294     0
  1268  1290  1270     0
  1284  1303  1290     0
  1269  1270  1303     0
  1290  1303  1270     0
  1283  1302  1285     0
  1296  1304  1302     0
  1284  1285  1304     0
  1302  1304  1285     0
  1273  1276  1297     0
  1269  1305  1276     0
  1296  1297  1305     0
  1276  1305  1297     0
  1284  1304  1303     0
  1296  1305  1304     0
  1269  1303  1305     0
  1304  1305  1303     0
   634   883  1308     0
   880  1307   883     0
  1306  1308  1307     0
   883  1307  1308     0
   889  1310   890     0
  1309  1311  1310     0
   880   890  1311     0
  1310  1311   890     0
  1312  1313  1315     0
  1306  1314  1313     0
  1309  1315  1314     0
  1313  1314  1315     0
   880  1311  1307     0
  1309  1314  1311     0
  1306  1307  1314     0
  1311  1314  1307     0
   849  1317   909     0
  1316  1318  1317     0
   907   909  1318     0
  1317  1318   909     0
  1319  1321  1323     0
  1320  1322  1321     0
  1316  1323  1322     0
  1321  1322  1323     0
   889   915  1325     0
   907  1324   915     0
  1320  1325  1324     0
   915  1324  1325     0
  1316  1322  1318     0
  1320  1324  1322     0
   907  1318  1324     0
  1322  1324  1318     0
  1277  1328  1330     0
  1326  1329  1328     0
  1327  1330  1329     0
  1328  1329  1330     0
  1312  1332  1334     0
  1331  1333  1332     0
  1326  1334  1333     0
  1332  1333  1334     0
  1319  1335  1337     0
  1327  1336  1335     0
  1331  1337  1336     0
  1335  1336  1337     0
  1326  1333  1329     0
  1331  1336  1333     0
  1327  1329  1336     0
  1333  1336  1329     0
   889  1325  1310     0
  1320  1338  1325     0
  1309  1310  1338     0
  1325  1338  1310     0
  1319  1337  1321     0
  1331  1339  1337     0
  1320  1321  1339     0
  1337  1339  1321     0
  1312  1315  1332     0
  1309  1340  1315     0
  1331  1332  1340     0
  1315  1340  1332     0
  1320  1339  1338     0
  1331  1340  1339     0
  1309  1338  1340     0
  1339  1340  1338     0
  1236  1295  1239     0
  1292  1341  1295     0
  1237  1239  1341     0
  1295  1341  1239     0
  1283  1343  1300     0
  1342  1344  1343     0
  1292  1300  1344     0
  1343  1344  1300     0
  1242  1246  1346     0
  1237  1345  1246     0
  1342  1346  1345     0
  1246  1345  1346     0
  1292  1344  1341     0
  1342  1345  1344     0
  1237  1341  1345     0
  1344  1345  1341     0
  1277  1330  1280     0
  1327  1347  1330     0
  1278  1280  1347     0
  1330  1347  1280     0
  1319  1349  1335     0
  1348  1350  1349     0
  1327  1335  1350     0
  1349  1350  1335     0
  1283  1287  1352     0
  1278  1351  1287     0
  1348  1352  1351     0
  1287  1351  1352     0
  1327  1350  1347     0
  1348  1351  1350     0
  1278  1347  1351     0
  1350  1351  1347     0
   849  1252  1317     0
  1250  1353  1252     0
  1316  1317  1353     0
  1252  1353  1317     0
  1242  1355  1256     0
  1354  1356  1355     0
  1250  1256  1356     0
  1355  1356  1256     0
  1319  1323  1358     0
  1316  1357  1323     0
  1354  1358  1357     0
  1323  1357  1358     0
  1250  1356  1353     0
  1354  1357  1356     0
  1316  1353  1357     0
  1356  1357  1353     0
  1283  1352  1343     0
  1348  1359  1352     0
  1342  1343  1359     0
  1352  1359  1343     0
  1319  1358  1349     0
  1354  1360  1358     0
  1348  1349  1360     0
  1358  1360  1349     0
  1242  1346  1355     0
  1342  1361  1346     0
  1354  1355  1361     0
  1346  1361  1355     0
  1348  1360  1359     0
  1354  1361  1360     0
  1342  1359  1361     0
  1360  1361  1359     0
  1362  1365  1367     0
  1363  1366  1365     0
  1364  1367  1366     0
  1365  1366  1367     0
  1368  1370  1372     0
  1369  1371  1370     0
  1363  1372  1371     0
  1370  1371  1372     0
  1373  1374  1376     0
  1364  1375  1374     0
  1369  1376  1375     0
  1374  1375  1376     0
  1363  1371  1366     0
  1369  1375  1371     0
  1364  1366  1375     0
  1371  1375  1366     0
  1377  1380  1382     0
  1378  1381  1380     0
  1379  1382  1381     0
  1380  1381  1382     0
  1383  1385  1387     0
  1384  1386  1385     0
  1378  1387  1386     0
  1385  1386  1387     0
  1368  1388  1390     0
  1379  1389  1388     0
  1384  1390  1389     0
  1388  1389  1390     0
  1378  1386  1381     0
  1384  1389  1386     0
  1379  1381  1389     0
  1386  1389  1381     0
  1391  1394  1396     0
  1392  1395  1394     0
  1393  1396  1395     0
  1394  1395  1396     0
  1373  1398  1400     0
  1397  1399  1398     0
  1392  1400  1399     0
  1398  1399  1400     0
  1383  1401  1403     0
  1393  1402  1401     0
  1397  1403  1402     0
  1401  1402  1403     0
  1392  1399  1395     0
  1397  1402  1399     0
  1393  1395  1402     0
  1399  1402  1395     0
  1368  1390  1370     0
  1384  1404  1390     0
  1369  1370  1404     0
  1390  1404  1370     0
  1383  1403  1385     0
  1397  1405  1403     0
  1384  1385  1405     0
  1403  1405  1385     0
  1373  1376  1398     0
  1369  1406  1376     0
  1397  1398  1406     0
  1376  1406  1398     0
  1384  1405  1404     0
  1397  1406  1405     0
  1369  1404  1406     0
  1405  1406  1404     0
  1162  1409  1411     0
  1407  1410  1409     0
  1408  1411  1410     0
  1409  1410  1411     0
  1412  1414  1416     0
  1413  1415  1414     0
  1407  1416  1415     0
  1414  1415  1416     0
  1417  1418  1420     0
  1408  1419  1418     0
  1413  1420  1419     0
  1418  1419  1420     0
  1407  1415  1410     0
  1413  1419  1415     0
  1408  1410  1419     0
  1415  1419  1410     0
  1421  1424  1426     0
  1422  1425  1424     0
  1423  1426  1425     0
  1424  1425  1426     0
  1427  1429  1431     0
  1428  1430  1429     0
  1422  1431  1430     0
  1429  1430  1431     0
  1412  1432  1434     0
  1423  1433  1432     0
  1428  1434  1433     0
  1432  1433  1434     0
  1422  1430  1425     0
  1428  1433  1430     0
  1423  1425  1433     0
  1430  1433  1425     0
  1377  1437  1439     0
  1435  1438  1437     0
  1436  1439  1438     0
  1437  1438  1439     0
  1417  1441  1443     0
  1440  1442  1441     0
  1435  1443  1442     0
  1441  1442  1443     0
  1427  1444  1446     0
  1436  1445  1444     0
  1440  1446  1445     0
  1444  1445  1446     0
  1435  1442  1438     0
  1440  1445  1442     0
  1436  1438  1445     0
  1442  1445  1438     0
  1412  1434  1414     0
  1428  1447  1434     0
  1413  1414  1447     0
  1434  1447  1414     0
  1427  1446  1429     0
  1440  1448  1446     0
  1428  1429  1448     0
  1446  1448  1429     0
  1417  1420  1441     0
  1413  1449  1420     0
  1440  1441  1449     0
  1420  1449  1441     0
  1428  1448  1447     0
  1440  1449  1448     0
  1413  1447  1449     0
  1448  1449  1447     0
  1262  1452  1454     0
  1450  1453  1452     0
  1451  1454  1453     0
  1452  1453  1454     0
  1455  1457  1459     0
  1456  1458  1457     0
  1450  1459  1458     0
  1457  1458  1459     0
  1460  1461  1463     0
  1451  1462  1461     0
  1456  1463  1462     0
  1461  1462  1463     0
  1450  1458  1453     0
  1456  1462  1458     0
  1451  1453  1462     0
  1458  1462  1453     0
  1391  1466  1468     0
  1464  1467  1466     0
  1465  1468  1467     0
  1466  1467  1468     0
  1469  1471  1473     0
  1470  1472  1471     0
  1464  1473  1472     0
  1471  1472  1473     0
  1455  1474  1476     0
  1465  1475  1474     0
  1470  1476  1475     0
  1474  1475  1476     0
  1464  1472  1467     0
  1470  1475  1472     0
  1465  1467  1475     0
  1472  1475  1467     0
  1421  1479  1481     0
  1477  1480  1479     0
  1478  1481  1480     0
  1479  1480  1481     0
  1460  1483  1485     0
  1482  1484  1483     0
  1477  1485  1484     0
  1483  1484  1485     0
  1469  1486  1488     0
  1478  1487  1486     0
  1482  1488  1487     0
  1486  1487  1488     0
  1477  1484  1480     0
  1482  1487  1484     0
  1478  1480  1487     0
  1484  1487  1480     0
  1455  1476  1457     0
  1470  1489  1476     0
  1456  1457  1489     0
  1476  1489  1457     0
  1469  1488  1471     0
  1482  1490  1488     0
  1470  1471  1490     0
  1488  1490  1471     0
  1460  1463  1483     0
  1456  1491  1463     0
  1482  1483  1491     0
  1463  1491  1483     0
  1470  1490  1489     0
  1482  1491  1490     0
  1456  1489  1491     0
  1490  1491  1489     0
  1377  1439  1380     0
  1436  1492  1439     0
  1378  1380  1492     0
  1439  1492  1380     0
  1427  1494  1444     0
  1493  1495  1494     0
  1436  1444  1495     0
  1494  1495  1444     0
  1383  1387  1497     0
  1378  1496  1387     0
  1493  1497  1496     0
  1387  1496  1497     0
  1436  1495  1492     0
  1493  1496  1495     0
  1378  1492  1496     0
  1495  1496  1492     0
  1421  1481  1424     0
  1478  1498  1481     0
  1422  1424  1498     0
  1481  1498  1424     0
  1469  1500  1486     0
  1499  1501  1500     0
  1478  1486  1501     0
  1500  1501  1486     0
  1427  1431  1503     0
  1422  1502  1431     0
  1499  1503  1502     0
  1431  1502  1503     0
  1478  1501  1498     0
  1499  1502  1501     0
  1422  1498  1502     0
  1501  1502  1498     0
  1391  1396  1466     0
  1393  1504  1396     0
  1464  1466  1504     0
  1396  1504  1466     0
  1383  1506  1401     0
  1505  1507  1506     0
  1393  1401  1507     0
  1506  1507  1401     0
  1469  1473  1509     0
  1464  1508  1473     0
  1505  1509  1508     0
  1473  1508  1509     0
  1393  1507  1504     0
  1505  1508  1507     0
  1464  1504  1508     0
  1507  1508  1504     0
  1427  1503  1494     0
  1499  1510  1503     0
  1493  1494  1510     0
  1503  1510  1494     0
  1469  1509  1500     0
  1505  1511  1509     0
  1499  1500  1511     0
  1509  1511  1500     0
  1383  1497  1506     0
  1493  1512  1497     0
  1505  1506  1512     0
  1497  1512  1506     0
  1499  1511  1510     0
  1505  1512  1511     0
  1493  1510  1512     0
  1511  1512  1510     0
   634  1308  1127     0
  1306  1513  1308     0
  1126  1127  1513     0
  1308  1513  1127     0
  1312  1515  1313     0
  1514  1516  1515     0
  1306  1313  1516     0
  1515  1516  1313     0
  1129  1133  1518     0
  1126  1517  1133     0
  1514  1518  1517     0
  1133  1517  1518     0
  1306  1516  1513     0
  1514  1517  1516     0
  1126  1513  1517     0
  1516  1517  1513     0
  1277  1520  1328     0
  1519  1521  1520     0
  1326  1328  1521     0
  1520  1521  1328     0
  1522  1524  1526     0
  1523  1525  1524     0
  1519  1526  1525     0
  1524  1525  1526     0
  1312  1334  1528     0
  1326  1527  1334     0
  1523  1528  1527     0
  1334  1527  1528     0
  1519  1525  1521     0
  1523  1527  1525     0
  1326  1521  1527     0
  1525  1527  1521     0
  1136  1141  1531     0
  1138  1530  1141     0
  1529  1531  1530     0
  1141  1530  1531     0
  1129  1533  1147     0
  1532  1534  1533     0
  1138  1147  1534     0
  1533  1534  1147     0
  1522  1535  1537     0
  1529  1536  1535     0
  1532  1537  1536     0
  1535  1536  1537     0
  1138  1534  1530     0
  1532  1536  1534     0
  1529  1530  1536     0
  1534  1536  1530     0
  1312  1528  1515     0
  1523  1538  1528     0
  1514  1515  1538     0
  1528  1538  1515     0
  1522  1537  1524     0
  1532  1539  1537     0
  1523  1524  1539     0
  1537  1539  1524     0
  1129  1518  1533     0
  1514  1540  1518     0
  1532  1533  1540     0
  1518  1540  1533     0
  1523  1539  1538     0
  1532  1540  1539     0
  1514  1538  1540     0
  1539  1540  1538     0
  1262  1454  1265     0
  1451  1541  1454     0
  1263  1265  1541     0
  1454  1541  1265     0
  1460  1543  1461     0
  1542  1544  1543     0
  1451  1461  1544     0
  1543  1544  1461     0
  1268  1272  1546     0
  1263  1545  1272     0
  1542  1546  1545     0
  1272  1545  1546     0
  1451  1544  1541     0
  1542  1545  1544     0
  1263  1541  1545     0
  1544  1545  1541     0
  1421  1548  1479     0
  1547  1549  1548     0
  1477  1479  1549     0
  1548  1549  1479     0
  1550  1552  1554     0
  1551  1553  1552     0
  1547  1554  1553     0
  1552  1553  1554     0
  1460  1485  1556     0
  1477  1555  1485     0
  1551  1556  1555     0
  1485  1555  1556     0
  1547  1553  1549     0
  1551  1555  1553     0
  1477  1549  1555     0
  1553  1555  1549     0
  1277  1282  1559     0
  1279  1558  1282     0
  1557  1559  1558     0
  1282  1558  1559     0
  1268  1561  1288     0
  1560  1562  1561     0
  1279  1288  1562     0
  1561  1562  1288     0
  1550  1563  1565     0
  1557  1564  1563     0
  1560  1565  1564     0
  1563  1564  1565     0
  1279  1562  1558     0
  1560  1564  1562     0
  1557  1558  1564     0
  1562  1564  1558     0
  1460  1556  1543     0
  1551  1566  1556     0
  1542  1543  1566     0
  1556  1566  1543     0
  1550  1565  1552     0
  1560  1567  1565     0
  1551  1552  1567     0
  1565  1567  1552     0
  1268  1546  1561     0
  1542  1568  1546     0
  1560  1561  1568     0
  1546  1568  1561     0
  1551  1567  1566     0
  1560  1568  1567     0
  1542  1566  1568     0
  1567  1568  1566     0
  1162  1167  1409     0
  1164  1569  1167     0
  1407  1409  1569     0
  1167  1569  1409     0
  1173  1571  1174     0
  1570  1572  1571     0
  1164  1174  1572     0
  1571  1572  1174     0
  1412  1416  1574     0
  1407  1573  1416     0
  1570  1574  1573     0
  1416  1573  1574     0
  1164  1572  1569     0
  1570  1573  1572     0
  1407  1569  1573     0
  1572  1573  1569     0
  1136  1576  1192     0
  1575  1577  1576     0
  1190  1192  1577     0
  1576  1577  1192     0
  1578  1580  1582     0
  1579  1581  1580     0
  1575  1582  1581     0
  1580  1581  1582     0
  1173  1198  1584     0
  1190  1583  1198     0
  1579  1584  1583     0
  1198  1583  1584     0
  1575  1581  1577     0
  1579  1583  1581     0
  1190  1577  1583     0
  1581  1583  1577     0
  1421  1426  1587     0
  1423  1586  1426     0
  1585  1587  1586     0
  1426  1586  1587     0
  1412  1589  1432     0
  1588  1590  1589     0
  1423  1432  1590     0
  1589  1590  1432     0
  1578  1591  1593     0
  1585  1592  1591     0
  1588  1593  1592     0
  1591  1592  1593     0
  1423  1590  1586     0
  1588  1592  1590     0
  1585  1586  1592     0
  1590  1592  1586     0
  1173  1584  1571     0
  1579  1594  1584     0
  1570  1571  1594     0
  1584  1594  1571     0
  1578  1593  1580     0
  1588  1595  1593     0
  1579  1580  1595     0
  1593  1595  1580     0
  1412  1574  1589     0
  1570  1596  1574     0
  1588  1589  1596     0
  1574  1596  1589     0
  1579  1595  1594     0
  1588  1596  1595     0
  1570  1594  1596     0
  1595  1596  1594     0
  1277  1559  1520     0
  1557  1597  1559     0
  1519  1520  1597     0
  1559  1597  1520     0
  1550  1599  1563     0
  1598  1600  1599     0
  1557  1563  1600     0
  1599  1600  1563     0
  1522  1526  1602     0
  1519  1601  1526     0
  1598  1602  1601     0
  1526  1601  1602     0
  1557  1600  1597     0
  1598  1601  1600     0
  1519  1597  1601     0
  1600  1601  1597     0
  1421  1587  1548     0
  1585  1603  1587     0
  1547  1548  1603     0
  1587  1603  1548     0
  1578  1605  1591     0
  1604  1606  1605     0
  1585  1591  1606     0
  1605  1606  1591     0
  1550  1554  1608     0
  1547  1607  1554     0
  1604  1608  1607     0
  1554  1607  1608     0
  1585  1606  1603     0
  1604  1607  1606     0
  1547  1603  1607     0
  1606  1607  1603     0
  1136  1531  1576     0
  1529  1609  1531     0
  1575  1576  1609     0
  1531  1609  1576     0
  1522  1611  1535     0
  1610  1612  1611     0
  1529  1535  1612     0
  1611  1612  1535     0
  1578  1582  1614     0
  1575  1613  1582     0
  1610  1614  1613     0
  1582  1613  1614     0
  1529  1612  1609     0
  1610  1613  1612     0
  1575  1609  1613     0
  1612  1613  1609     0
  1550  1608  1599     0
  1604  1615  1608     0
  1598  1599  1615     0
  1608  1615  1599     0
  1578  1614  1605     0
  1610  1616  1614     0
  1604  1605  1616     0
  1614  1616  1605     0
  1522  1602  1611     0
  1598  1617  1602     0
  1610  1611  1617     0
  1602  1617  1611     0
  1604  1616  1615     0
  1610  1617  1616     0
  1598  1615  1617     0
  1616  1617  1615     0
     1  1092     4     0
  1090  1618  1092     0
     2     4  1618     0
  1092  1618     4     0
  1096  1620  1097     0
  1619  1621  1620     0
  1090  1097  1621     0
  1620  1621  1097     0
     7    11  1623     0
     2  1622    11     0
  1619  1623  1622     0
    11  1622  1623     0
  1090  1621  1618     0
  1619  1622  1621     0
     2  1618  1622     0
  1621  1622  1618     0
  1110  1625  1113     0
  1624  1626  1625     0
  1111  1113  1626     0
  1625  1626  1113     0
  1627  1629  1631     0
  1628  1630  1629     0
  1624  1631  1630     0
  1629  1630  1631     0
  1096  1119  1633     0
  1111  1632  1119     0
  1628  1633  1632     0
  1119  1632  1633     0
  1624  1630  1626     0
  1628  1632  1630     0
  1111  1626  1632     0
  1630  1632  1626     0
    16    21  1636     0
    18  1635    21     0
  1634  1636  1635     0
    21  1635  1636     0
     7  1638    27     0
  1637  1639  1638     0
    18    27  1639     0
  1638  1639    27     0
  1627  1640  1642     0
  1634  1641  1640     0
  1637  1642  1641     0
  1640  1641  1642     0
    18  1639  1635     0
  1637  1641  1639     0
  1634  1635  1641     0
  1639  1641  1635     0
  1096  1633  1620     0
  1628  1643  1633     0
  1619  1620  1643     0
  1633  1643  1620     0
  1627  1642  1629     0
  1637  1644  1642     0
  1628  1629  1644     0
  1642  1644  1629     0
     7  1623  1638     0
  1619  1645  1623     0
  1637  1638  1645     0
  1623  1645  1638     0
  1628  1644  1643     0
  1637  1645  1644     0
  1619  1643  1645     0
  1644  1645  1643     0
  1162  1647  1165     0
  1646  1648  1647     0
  1163  1165  1648     0
  1647  1648  1165     0
  1649  1651  1653     0
  1650  1652  1651     0
  1646  1653  1652     0
  1651  1652  1653     0
  1168  1172  1655     0
  1163  1654  1172     0
  1650  1655  1654     0
  1172  1654  1655     0
  1646  1652  1648     0
  1650  1654  1652     0
  1163  1648  1654     0
  1652  1654  1648     0
  1656  1659  1661     0
  1657  1660  1659     0
  1658  1661  1660     0
  1659  1660  1661     0
  1662  1664  1666     0
  1663  1665  1664     0
  1657  1666  1665     0
  1664  1665  1666     0
  1649  1667  1669     0
  1658  1668  1667     0
  1663  1669  1668     0
  1667  1668  1669     0
  1657  1665  1660     0
  1663  1668  1665     0
  1658  1660  1668     0
  1665  1668  1660     0
  1110  1181  1672     0
  1178  1671  1181     0
  1670  1672  1671     0
  1181  1671  1672     0
  1168  1674  1187     0
  1673  1675  1674     0
  1178  1187  1675     0
  1674  1675  1187     0
  1662  1676  1678     0
  1670  1677  1676     0
  1673  1678  1677     0
  1676  1677  1678     0
  1178  1675  1671     0
  1673  1677  1675     0
  1670  1671  1677     0
  1675  1677  1671     0
  1649  1669  1651     0
  1663  1679  1669     0
  1650  1651  1679     0
  1669  1679  1651     0
  1662  1678  1664     0
  1673  1680  1678     0
  1663  1664  1680     0
  1678  1680  1664     0
  1168  1655  1674     0
  1650  1681  1655     0
  1673  1674  1681     0
  1655  1681  1674     0
  1663  1680  1679     0
  1673  1681  1680     0
  1650  1679  1681     0
  1680  1681  1679     0
    46    51  1684     0
    48  1683    51     0
  1682  1684  1683     0
    51  1683  1684     0
    57  1686    58     0
  1685  1687  1686     0
    48    58  1687     0
  1686  1687    58     0
  1688  1689  1691     0
  1682  1690  1689     0
  1685  1691  1690     0
  1689  1690  1691     0
    48  1687  1683     0
  1685  1690  1687     0
  1682  1683  1690     0
  1687  1690  1683     0
    16  1693    77     0
  1692  1694  1693     0
    75    77  1694     0
  1693  1694    77     0
  1695  1697  1699     0
  1696  1698  1697     0
  1692  1699  1698     0
  1697  1698  1699     0
    57    83  1701     0
    75  1700    83     0
  1696  1701  1700     0
    83  1700  1701     0
  1692  1698  1694     0
  1696  1700  1698     0
    75  1694  1700     0
  1698  1700  1694     0
  1656  1704  1706     0
  1702  1705  1704     0
  1703  1706  1705     0
  1704  1705  1706     0
  1688  1708  1710     0
  1707  1709  1708     0
  1702  1710  1709     0
  1708  1709  1710     0
  1695  1711  1713     0
  1703  1712  1711     0
  1707  1713  1712     0
  1711  1712  1713     0
  1702  1709  1705     0
  1707  1712  1709     0
  1703  1705  1712     0
  1709  1712  1705     0
    57  1701  1686     0
  1696  1714  1701     0
  1685  1686  1714     0
  1701  1714  1686     0
  1695  1713  1697     0
  1707  1715  1713     0
  1696  1697  1715     0
  1713  1715  1697     0
  1688  1691  1708     0
  1685  1716  1691     0
  1707  1708  1716     0
  1691  1716  1708     0
  1696  1715  1714     0
  1707  1716  1715     0
  1685  1714  1716     0
  1715  1716  1714     0
  1110  1672  1625     0
  1670  1717  1672     0
  1624  1625  1717     0
  1672  1717  1625     0
  1662  1719  1676     0
  1718  1720  1719     0
  1670  1676  1720     0
  1719  1720  1676     0
  1627  1631  1722     0
  1624  1721  1631     0
  1718  1722  1721     0
  1631  1721  1722     0
  1670  1720  1717     0
  1718  1721  1720     0
  1624  1717  1721     0
  1720  1721  1717     0
  1656  1706  1659     0
  1703  1723  1706     0
  1657  1659  1723     0
  1706  1723  1659     0
  1695  1725  1711     0
  1724  1726  1725     0
  1703  1711  1726     0
  1725  1726  1711     0
  1662  1666  1728     0
  1657  1727  1666     0
  1724  1728  1727     0
  1666  1727  1728     0
  1703  1726  1723     0
  1724  1727  1726     0
  1657  1723  1727     0
  1726  1727  1723     0
    16  1636  1693     0
  1634  1729  1636     0
  1692  1693  1729     0
  1636  1729  1693     0
  1627  1731  1640     0
  1730  1732  1731     0
  1634  1640  1732     0
  1731  1732  1640     0
  1695  1699  1734     0
  1692  1733  1699     0
  1730  1734  1733     0
  1699  1733  1734     0
  1634  1732  1729     0
  1730  1733  1732     0
  1692  1729  1733     0
  1732  1733  1729     0
  1662  1728  1719     0
  1724  1735  1728     0
  1718  1719  1735     0
  1728  1735  1719     0
  1695  1734  1725     0
  1730  1736  1734     0
  1724  1725  1736     0
  1734  1736  1725     0
  1627  1722  1731     0
  1718  1737  1722     0
  1730  1731  1737     0
  1722  1737  1731     0
  1724  1736  1735     0
  1730  1737  1736     0
  1718  1735  1737     0
  1736  1737  1735     0
  1362  1739  1365     0
  1738  1740  1739     0
  1363  1365  1740     0
  1739  1740  1365     0
  1741  1743  1745     0
  1742  1744  1743     0
  1738  1745  1744     0
  1743  1744  1745     0
  1368  1372  1747     0
  1363  1746  1372     0
  1742  1747  1746     0
  1372  1746  1747     0
  1738  1744  1740     0
  1742  1746  1744     0
  1363  1740  1746     0
  1744  1746  1740     0
  1748  1751  1753     0
  1749  1752  1751     0
  1750  1753  1752     0
  1751  1752  1753     0
  1754  1756  1758     0
  1755  1757  1756     0
  1749  1758  1757     0
  1756  1757  1758     0
  1741  1759  1761     0
  1750  1760  1759     0
  1755  1761  1760     0
  1759  1760  1761     0
  1749  1757  1752     0
  1755  1760  1757     0
  1750  1752  1760     0
  1757  1760  1752     0
  1377  1382  1764     0
  1379  1763  1382     0
  1762  1764  1763     0
  1382  1763  1764     0
  1368  1766  1388     0
  1765  1767  1766     0
  1379  1388  1767     0
  1766  1767  1388     0
  1754  1768  1770     0
  1762  1769  1768     0
  1765  1770  1769     0
  1768  1769  1770     0
  1379  1767  1763     0
  1765  1769  1767     0
  1762  1763  1769     0
  1767  1769  1763     0
  1741  1761  1743     0
  1755  1771  1761     0
  1742  1743  1771     0
  1761  1771  1743     0
  1754  1770  1756     0
  1765  1772  1770     0
  1755  1756  1772     0
  1770  1772  1756     0
  1368  1747  1766     0
  1742  1773  1747     0
  1765  1766  1773     0
  1747  1773  1766     0
  1755  1772  1771     0
  1765  1773  1772     0
  1742  1771  1773     0
  1772  1773  1771     0
  1774  1777  1779     0
  1775  1778  1777     0
  1776  1779  1778     0
  1777  1778  1779     0
  1780  1782  1784     0
  1781  1783  1782     0
  1775  1784  1783     0
  1782  1783  1784     0
  1785  1786  1788     0
  1776  1787  1786     0
  1781  1788  1787     0
  1786  1787  1788     0
  1775  1783  1778     0
  1781  1787  1783     0
  1776  1778  1787     0
  1783  1787  1778     0
  1789  1792  1794     0
  1790  1793  1792     0
  1791  1794  1793     0
  1792  1793  1794     0
  1795  1797  1799     0
  1796  1798  1797     0
  1790  1799  1798     0
  1797  1798  1799     0
  1780  1800  1802     0
  1791  1801  1800     0
  1796  1802  1801     0
  1800  1801  1802     0
  1790  1798  1793     0
  1796  1801  1798     0
  1791  1793  1801     0
  1798  1801  1793     0
  1748  1805  1807     0
  1803  1806  1805     0
  1804  1807  1806     0
  1805  1806  1807     0
  1785  1809  1811     0
  1808  1810  1809     0
  1803  1811  1810     0
  1809  1810  1811     0
  1795  1812  1814     0
  1804  1813  1812     0
  1808  1814  1813     0
  1812  1813  1814     0
  1803  1810  1806     0
  1808  1813  1810     0
  1804  1806  1813     0
  1810  1813  1806     0
  1780  1802  1782     0
  1796  1815  1802     0
  1781  1782  1815     0
  1802  1815  1782     0
  1795  1814  1797     0
  1808  1816  1814     0
  1796  1797  1816     0
  1814  1816  1797     0
  1785  1788  1809     0
  1781  1817  1788     0
  1808  1809  1817     0
  1788  1817  1809     0
  1796  1816  1815     0
  1808  1817  1816     0
  1781  1815  1817     0
  1816  1817  1815     0
  1162  1411  1820     0
  1408  1819  1411     0
  1818  1820  1819     0
  1411  1819  1820     0
  1417  1822  1418     0
  1821  1823  1822     0
  1408  1418  1823     0
  1822  1823  1418     0
  1824  1825  1827     0
  1818  1826  1825     0
  1821  1827  1826     0
  1825  1826  1827     0
  1408  1823  1819     0
  1821  1826  1823     0
  1818  1819  1826     0
  1823  1826  1819     0
  1377  1829  1437     0
  1828  1830  1829     0
  1435  1437  1830     0
  1829  1830  1437     0
  1831  1833  1835     0
  1832  1834  1833     0
  1828  1835  1834     0
  1833  1834  1835     0
  1417  1443  1837     0
  1435  1836  1443     0
  1832  1837  1836     0
  1443  1836  1837     0
  1828  1834  1830     0
  1832  1836  1834     0
  1435  1830  1836     0
  1834  1836  1830     0
  1789  1840  1842     0
  1838  1841  1840     0
  1839  1842  1841     0
  1840  1841  1842     0
  1824  1844  1846     0
  1843  1845  1844     0
  1838  1846  1845     0
  1844  1845  1846     0
  1831  1847  1849     0
  1839  1848  1847     0
  1843  1849  1848     0
  1847  1848  1849     0
  1838  1845  1841     0
  1843  1848  1845     0
  1839  1841  1848     0
  1845  1848  1841     0
  1417  1837  1822     0
  1832  1850  1837     0
  1821  1822  1850     0
  1837  1850  1822     0
  1831  1849  1833     0
  1843  1851  1849     0
  1832  1833  1851     0
  1849  1851  1833     0
  1824  1827  1844     0
  1821  1852  1827     0
  1843  1844  1852     0
  1827  1852  1844     0
  1832  1851  1850     0
  1843  1852  1851     0
  1821  1850  1852     0
  1851  1852  1850     0
  1748  1807  1751     0
  1804  1853  1807     0
  1749  1751  1853     0
  1807  1853  1751     0
  1795  1855  1812     0
  1854  1856  1855     0
  1804  1812  1856     0
  1855  1856  1812     0
  1754  1758  1858     0
  1749  1857  1758     0
  1854  1858  1857     0
  1758  1857  1858     0
  1804  1856  1853     0
  1854  1857  1856     0
  1749  1853  1857     0
  1856  1857  1853     0
  1789  1842  1792     0
  1839  1859  1842     0
  1790  1792  1859     0
  1842  1859  1792     0
  1831  1861  1847     0
  1860  1862  1861     0
  1839  1847  1862     0
  1861  1862  1847     0
  1795  1799  1864     0
  1790  1863  1799     0
  1860  1864  1863     0
  1799  1863  1864     0
  1839  1862  1859     0
  1860  1863  1862     0
  1790  1859  1863     0
  1862  1863  1859     0
  1377  1764  1829     0
  1762  1865  1764     0
  1828  1829  1865     0
  1764  1865  1829     0
  1754  1867  1768     0
  1866  1868  1867     0
  1762  1768  1868     0
  1867  1868  1768     0
  1831  1835  1870     0
  1828  1869  1835     0
  1866  1870  1869     0
  1835  1869  1870     0
  1762  1868  1865     0
  1866  1869  1868     0
  1828  1865  1869     0
  1868  1869  1865     0
  1795  1864  1855     0
  1860  1871  1864     0
  1854  1855  1871     0
  1864  1871  1855     0
  1831  1870  1861     0
  1866  1872  1870     0
  1860  1861  1872     0
  1870  1872  1861     0
  1754  1858  1867     0
  1854  1873  1858     0
  1866  1867  1873     0
  1858  1873  1867     0
  1860  1872  1871     0
  1866  1873  1872     0
  1854  1871  1873     0
  1872  1873  1871     0
   154   159  1876     0
   156  1875   159     0
  1874  1876  1875     0
   159  1875  1876     0
   165  1878   166     0
  1877  1879  1878     0
   156   166  1879     0
  1878  1879   166     0
  1880  1881  1883     0
  1874  1882  1881     0
  1877  1883  1882     0
  1881  1882  1883     0
   156  1879  1875     0
  1877  1882  1879     0
  1874  1875  1882     0
  1879  1882  1875     0
   183  1885   186     0
  1884  1886  1885     0
   184   186  1886     0
  1885  1886   186     0
  1887  1889  1891     0
  1888  1890  1889     0
  1884  1891  1890     0
  1889  1890  1891     0
   165   192  1893     0
   184  1892   192     0
  1888  1893  1892     0
   192  1892  1893     0
  1884  1890  1886     0
  1888  1892  1890     0
   184  1886  1892     0
  1890  1892  1886     0
  1894  1897  1899     0
  1895  1898  1897     0
  1896  1899  1898     0
  1897  1898  1899     0
  1880  1901  1903     0
  1900  1902  1901     0
  1895  1903  1902     0
  1901  1902  1903     0
  1887  1904  1906     0
  1896  1905  1904     0
  1900  1906  1905     0
  1904  1905  1906     0
  1895  1902  1898     0
  1900  1905  1902     0
  1896  1898  1905     0
  1902  1905  1898     0
   165  1893  1878     0
  1888  1907  1893     0
  1877  1878  1907     0
  1893  1907  1878     0
  1887  1906  1889     0
  1900  1908  1906     0
  1888  1889  1908     0
  1906  1908  1889     0
  1880  1883  1901     0
  1877  1909  1883     0
  1900  1901  1909     0
  1883  1909  1901     0
  1888  1908  1907     0
  1900  1909  1908     0
  1877  1907  1909     0
  1908  1909  1907     0
    46  1911   245     0
  1910  1912  1911     0
   243   245  1912     0
  1911  1912   245     0
  1913  1915  1917     0
  1914  1916  1915     0
  1910  1917  1916     0
  1915  1916  1917     0
   248   252  1919     0
   243  1918   252     0
  1914  1919  1918     0
   252  1918  1919     0
  1910  1916  1912     0
  1914  1918  1916     0
   243  1912  1918     0
  1916  1918  1912     0
  1920  1923  1925     0
  1921  1924  1923     0
  1922  1925  1924     0
  1923  1924  1925     0
  1926  1928  1930     0
  1927  1929  1928     0
  1921  1930  1929     0
  1928  1929  1930     0
  1913  1931  1933     0
  1922  1932  1931     0
  1927  1933  1932     0
  1931  1932  1933     0
  1921  1929  1924     0
  1927  1932  1929     0
  1922  1924  1932     0
  1929  1932  1924     0
   183   261  1936     0
   258  1935   261     0
  1934  1936  1935     0
   261  1935  1936     0
   248  1938   267     0
  1937  1939  1938     0
   258   267  1939     0
  1938  1939   267     0
  1926  1940  1942     0
  1934  1941  1940     0
  1937  1942  1941     0
  1940  1941  1942     0
   258  1939  1935     0
  1937  1941  1939     0
  1934  1935  1941     0
  1939  1941  1935     0
  1913  1933  1915     0
  1927  1943  1933     0
  1914  1915  1943     0
  1933  1943  1915     0
  1926  1942  1928     0
  1937  1944  1942     0
  1927  1928  1944     0
  1942  1944  1928     0
   248  1919  1938     0
  1914  1945  1919     0
  1937  1938  1945     0
  1919  1945  1938     0
  1927  1944  1943     0
  1937  1945  1944     0
  1914  1943  1945     0
  1944  1945  1943     0
  1774  1948  1950     0
  1946  1949  1948     0
  1947  1950  1949     0
  1948  1949  1950     0
  1951  1953  1955     0
  1952  1954  1953     0
  1946  1955  1954     0
  1953  1954  1955     0
  1956  1957  1959     0
  1947  1958  1957     0
  1952  1959  1958     0
  1957  1958  1959     0
  1946  1954  1949     0
  1952  1958  1954     0
  1947  1949  1958     0
  1954  1958  1949     0
  1894  1962  1964     0
  1960  1963  1962     0
  1961  1964  1963     0
  1962  1963  1964     0
  1965  1967  1969     0
  1966  1968  1967     0
  1960  1969  1968     0
  1967  1968  1969     0
  1951  1970  1972     0
  1961  1971  1970     0
  1966  1972  1971     0
  1970  1971  1972     0
  1960  1968  1963     0
  1966  1971  1968     0
  1961  1963  1971     0
  1968  1971  1963     0
  1920  1975  1977     0
  1973  1976  1975     0
  1974  1977  1976     0
  1975  1976  1977     0
  1956  1979  1981     0
  1978  1980  1979     0
  1973  1981  1980     0
  1979  1980  1981     0
  1965  1982  1984     0
  1974  1983  1982     0
  1978  1984  1983     0
  1982  1983  1984     0
  1973  1980  1976     0
  1978  1983  1980     0
  1974  1976  1983     0
  1980  1983  1976     0
  1951  1972  1953     0
  1966  1985  1972     0
  1952  1953  1985     0
  1972  1985  1953     0
  1965  1984  1967     0
  1978  1986  1984     0
  1966  1967  1986     0
  1984  1986  1967     0
  1956  1959  1979     0
  1952  1987  1959     0
  1978  1979  1987     0
  1959  1987  1979     0
  1966  1986  1985     0
  1978  1987  1986     0
  1952  1985  1987     0
  1986  1987  1985     0
   183  1936  1885     0
  1934  1988  1936     0
  1884  1885  1988     0
  1936  1988  1885     0
  1926  1990  1940     0
  1989  1991  1990     0
  1934  1940  1991     0
  1990  1991  1940     0
  1887  1891  1993     0
  1884  1992  1891     0
  1989  1993  1992     0
  1891  1992  1993     0
  1934  1991  1988     0
  1989  1992  1991     0
  1884  1988  1992     0
  1991  1992  1988     0
  1920  1977  1923     0
  1974  1994  1977     0
  1921  1923  1994     0
  1977  1994  1923     0
  1965  1996  1982     0
  1995  1997  1996     0
  1974  1982  1997     0
  1996  1997  1982     0
  1926  1930  1999     0
  1921  1998  1930     0
  1995  1999  1998     0
  1930  1998  1999     0
  1974  1997  1994     0
  1995  1998  1997     0
  1921  1994  1998     0
  1997  1998  1994     0
  1894  1899  1962     0
  1896  2000  1899     0
  1960  1962  2000     0
  1899  2000  1962     0
  1887  2002  1904     0
  2001  2003  2002     0
  1896  1904  2003     0
  2002  2003  1904     0
  1965  1969  2005     0
  1960  2004  1969     0
  2001  2005  2004     0
  1969  2004  2005     0
  1896  2003  2000     0
  2001  2004  2003     0
  1960  2000  2004     0
  2003  2004  2000     0
  1926  1999  1990     0
  1995  2006  1999     0
  1989  1990  2006     0
  1999  2006  1990     0
  1965  2005  1996     0
  2001  2007  2005     0
  1995  1996  2007     0
  2005  2007  1996     0
  1887  1993  2002     0
  1989  2008  1993     0
  2001  2002  2008     0
  1993  2008  2002     0
  1995  2007  2006     0
  2001  2008  2007     0
  1989  2006  2008     0
  2007  2008  2006     0
  1162  1820  1647     0
  1818  2009  1820     0
  1646  1647  2009     0
  1820  2009  1647     0
  1824  2011  1825     0
  2010  2012  2011     0
  1818  1825  2012     0
  2011  2012  1825     0
  1649  1653  2014     0
  1646  2013  1653     0
  2010  2014  2013     0
  1653  2013  2014     0
  1818  2012  2009     0
  2010  2013  2012     0
  1646  2009  2013     0
  2012  2013  2009     0
  1789  2016  1840     0
  2015  2017  2016     0
  1838  1840  2017     0
  2016  2017  1840     0
  2018  2020  2022     0
  2019  2021  2020     0
  2015  2022  2021     0
  2020  2021  2022     0
  1824  1846  2024     0
  1838  2023  1846     0
  2019  2024  2023     0
  1846  2023  2024     0
  2015  2021  2017     0
  2019  2023  2021     0
  1838  2017  2023     0
  2021  2023  2017     0
  1656  1661  2027     0
  1658  2026  1661     0
  2025  2027  2026     0
  1661  2026  2027     0
  1649  2029  1667     0
  2028  2030  2029     0
  1658  1667  2030     0
  2029  2030  1667     0
  2018  2031  2033     0
  2025  2032  2031     0
  2028  2033  2032     0
  2031  2032  2033     0
  1658  2030  2026     0
  2028  2032  2030     0
  2025  2026  2032     0
  2030  2032  2026     0
  1824  2024  2011     0
  2019  2034  2024     0
  2010  2011  2034     0
  2024  2034  2011     0
  2018  2033  2020     0
  2028  2035  2033     0
  2019  2020  2035     0
  2033  2035  2020     0
  1649  2014  2029     0
  2010  2036  2014     0
  2028  2029  2036     0
  2014  2036  2029     0
  2019  2035  2034     0
  2028  2036  2035     0
  2010  2034  2036     0
  2035  2036  2034     0
  1774  1950  1777     0
  1947  2037  1950     0
  1775  1777  2037     0
  1950  2037  1777     0
  1956  2039  1957     0
  2038  2040  2039     0
  1947  1957  2040     0
  2039  2040  1957     0
  1780  1784  2042     0
  1775  2041  1784     0
  2038  2042  2041     0
  1784  2041  2042     0
  1947  2040  2037     0
  2038  2041  2040     0
  1775  2037  2041     0
  2040  2041  2037     0
  1920  2044  1975     0
  2043  2045  2044     0
  1973  1975  2045     0
  2044  2045  1975     0
  2046  2048  2050     0
  2047  2049  2048     0
  2043  2050  2049     0
  2048  2049  2050     0
  1956  1981  2052     0
  1973  2051  1981     0
  2047  2052  2051     0
  1981  2051  2052     0
  2043  2049  2045     0
  2047  2051  2049     0
  1973  2045  2051     0
  2049  2051  2045     0
  1789  1794  2055     0
  1791  2054  1794     0
  2053  2055  2054     0
  1794  2054  2055     0
  1780  2057  1800     0
  2056  2058  2057     0
  1791  1800  2058     0
  2057  2058  1800     0
  2046  2059  2061     0
  2053  2060  2059     0
  2056  2061  2060     0
  2059  2060  2061     0
  1791  2058  2054     0
  2056  2060  2058     0
  2053  2054  2060     0
  2058  2060  2054     0
  1956  2052  2039     0
  2047  2062  2052     0
  2038  2039  2062     0
  2052  2062  2039     0
  2046  2061  2048     0
  2056  2063  2061     0
  2047  2048  2063     0
  2061  2063  2048     0
  1780  2042  2057     0
  2038  2064  2042     0
  2056  2057  2064     0
  2042  2064  2057     0
  2047  2063  2062     0
  2056  2064  2063     0
  2038  2062  2064     0
  2063  2064  2062     0
    46  1684  1911     0
  1682  2065  1684     0
  1910  1911  2065     0
  1684  2065  1911     0
  1688  2067  1689     0
  2066  2068  2067     0
  1682  1689  2068     0
  2067  2068  1689     0
  1913  1917  2070     0
  1910  2069  1917     0
  2066  2070  2069     0
  1917  2069  2070     0
  1682  2068  2065     0
  2066  2069  2068     0
  1910  2065  2069     0
  2068  2069  2065     0
  1656  2072  1704     0
  2071  2073  2072     0
  1702  1704  2073     0
  2072  2073  1704     0
  2074  2076  2078     0
  2075  2077  2076     0
  2071  2078  2077     0
  2076  2077  2078     0
  1688  1710  2080     0
  1702  2079  1710     0
  2075  2080  2079     0
  1710  2079  2080     0
  2071  2077  2073     0
  2075  2079  2077     0
  1702  2073  2079     0
  2077  2079  2073     0
  1920  1925  2083     0
  1922  2082  1925     0
  2081  2083  2082     0
  1925  2082  2083     0
  1913  2085  1931     0
  2084  2086  2085     0
  1922  1931  2086     0
  2085  2086  1931     0
  2074  2087  2089     0
  2081  2088  2087     0
  2084  2089  2088     0
  2087  2088  2089     0
  1922  2086  2082     0
  2084  2088  2086     0
  2081  2082  2088     0
  2086  2088  2082     0
  1688  2080  2067     0
  2075  2090  2080     0
  2066  2067  2090     0
  2080  2090  2067     0
  2074  2089  2076     0
  2084  2091  2089     0
  2075  2076  2091     0
  2089  2091  2076     0
  1913  2070  2085     0
  2066  2092  2070     0
  2084  2085  2092     0
  2070  2092  2085     0
  2075  2091  2090     0
  2084  2092  2091     0
  2066  2090  2092     0
  2091  2092  2090     0
  1789  2055  2016     0
  2053  2093  2055     0
  2015  2016  2093     0
  2055  2093  2016     0
  2046  2095  2059     0
  2094  2096  2095     0
  2053  2059  2096     0
  2095  2096  2059     0
  2018  2022  2098     0
  2015  2097  2022     0
  2094  2098  2097     0
  2022  2097  2098     0
  2053  2096  2093     0
  2094  2097  2096     0
  2015  2093  2097     0
  2096  2097  2093     0
  1920  2083  2044     0
  2081  2099  2083     0
  2043  2044  2099     0
  2083  2099  2044     0
  2074  2101  2087     0
  2100  2102  2101     0
  2081  2087  2102     0
  2101  2102  2087     0
  2046  2050  2104     0
  2043  2103  2050     0
  2100  2104  2103     0
  2050  2103  2104     0
  2081  2102  2099     0
  2100  2103  2102     0
  2043  2099  2103     0
  2102  2103  2099     0
  1656  2027  2072     0
  2025  2105  2027     0
  2071  2072  2105     0
  2027  2105  2072     0
  2018  2107  2031     0
  2106  2108  2107     0
  2025  2031  2108     0
  2107  2108  2031     0
  2074  2078  2110     0
  2071  2109  2078     0
  2106  2110  2109     0
  2078  2109  2110     0
  2025  2108  2105     0
  2106  2109  2108     0
  2071  2105  2109     0
  2108  2109  2105     0
  2046  2104  2095     0
  2100  2111  2104     0
  2094  2095  2111     0
  2104  2111  2095     0
  2074  2110  2101     0
  2106  2112  2110     0
  2100  2101  2112     0
  2110  2112  2101     0
  2018  2098  2107     0
  2094  2113  2098     0
  2106  2107  2113     0
  2098  2113  2107     0
  2100  2112  2111     0
  2106  2113  2112     0
  2094  2111  2113     0
  2112  2113  2111     0
  2114  2117  2119     0
  2115  2118  2117     0
  2116  2119  2118     0
  2117  2118  2119     0
  2120  2122  2124     0
  2121  2123  2122     0
  2115  2124  2123     0
  2122  2123  2124     0
  2125  2126  2128     0
  2116  2127  2126     0
  2121  2128  2127     0
  2126  2127  2128     0
  2115  2123  2118     0
  2121  2127  2123     0
  2116  2118  2127     0
  2123  2127  2118     0
  2129  2132  2134     0
  2130  2133  2132     0
  2131  2134  2133     0
  2132  2133  2134     0
  2135  2137  2139     0
  2136  2138  2137     0
  2130  2139  2138     0
  2137  2138  2139     0
  2120  2140  2142     0
  2131  2141  2140     0
  2136  2142  2141     0
  2140  2141  2142     0
  2130  2138  2133     0
  2136  2141  2138     0
  2131  2133  2141     0
  2138  2141  2133     0
  2143  2146  2148     0
  2144  2147  2146     0
  2145  2148  2147     0
  2146  2147  2148     0
  2125  2150  2152     0
  2149  2151  2150     0
  2144  2152  2151     0
  2150  2151  2152     0
  2135  2153  2155     0
  2145  2154  2153     0
  2149  2155  2154     0
  2153  2154  2155     0
  2144  2151  2147     0
  2149  2154  2151     0
  2145  2147  2154     0
  2151  2154  2147     0
  2120  2142  2122     0
  2136  2156  2142     0
  2121  2122  2156     0
  2142  2156  2122     0
  2135  2155  2137     0
  2149  2157  2155     0
  2136  2137  2157     0
  2155  2157  2137     0
  2125  2128  2150     0
  2121  2158  2128     0
  2149  2150  2158     0
  2128  2158  2150     0
  2136  2157  2156     0
  2149  2158  2157     0
  2121  2156  2158     0
  2157  2158  2156     0
  2159  2162  2164     0
  2160  2163  2162     0
  2161  2164  2163     0
  2162  2163  2164     0
  2165  2167  2169     0
  2166  2168  2167     0
  2160  2169  2168     0
  2167  2168  2169     0
  2170  2171  2173     0
  2161  2172  2171     0
  2166  2173  2172     0
  2171  2172  2173     0
  2160  2168  2163     0
  2166  2172  2168     0
  2161  2163  2172     0
  2168  2172  2163     0
  2174  2177  2179     0
  2175  2178  2177     0
  2176  2179  2178     0
  2177  2178  2179     0
  2180  2182  2184     0
  2181  2183  2182     0
  2175  2184  2183     0
  2182  2183  2184     0
  2165  2185  2187     0
  2176  2186  2185     0
  2181  2187  2186     0
  2185  2186  2187     0
  2175  2183  2178     0
  2181  2186  2183     0
  2176  2178  2186     0
  2183  2186  2178     0
  2129  2190  2192     0
  2188  2191  2190     0
  2189  2192  2191     0
  2190  2191  2192     0
  2170  2194  2196     0
  2193  2195  2194     0
  2188  2196  2195     0
  2194  2195  2196     0
  2180  2197  2199     0
  2189  2198  2197     0
  2193  2199  2198     0
  2197  2198  2199     0
  2188  2195  2191     0
  2193  2198  2195     0
  2189  2191  2198     0
  2195  2198  2191     0
  2165  2187  2167     0
  2181  2200  2187     0
  2166  2167  2200     0
  2187  2200  2167     0
  2180  2199  2182     0
  2193  2201  2199     0
  2181  2182  2201     0
  2199  2201  2182     0
  2170  2173  2194     0
  2166  2202  2173     0
  2193  2194  2202     0
  2173  2202  2194     0
  2181  2201  2200     0
  2193  2202  2201     0
  2166  2200  2202     0
  2201  2202  2200     0
  2203  2206  2208     0
  2204  2207  2206     0
  2205  2208  2207     0
  2206  2207  2208     0
  2209  2211  2213     0
  2210  2212  2211     0
  2204  2213  2212     0
  2211  2212  2213     0
  2214  2215  2217     0
  2205  2216  2215     0
  2210  2217  2216     0
  2215  2216  2217     0
  2204  2212  2207     0
  2210  2216  2212     0
  2205  2207  2216     0
  2212  2216  2207     0
  2143  2220  2222     0
  2218  2221  2220     0
  2219  2222  2221     0
  2220  2221  2222     0
  2223  2225  2227     0
  2224  2226  2225     0
  2218  2227  2226     0
  2225  2226  2227     0
  2209  2228  2230     0
  2219  2229  2228     0
  2224  2230  2229     0
  2228  2229  2230     0
  2218  2226  2221     0
  2224  2229  2226     0
  2219  2221  2229     0
  2226  2229  2221     0
  2174  2233  2235     0
  2231  2234  2233     0
  2232  2235  2234     0
  2233  2234  2235     0
  2214  2237  2239     0
  2236  2238  2237     0
  2231  2239  2238     0
  2237  2238  2239     0
  2223  2240  2242     0
  2232  2241  2240     0
  2236  2242  2241     0
  2240  2241  2242     0
  2231  2238  2234     0
  2236  2241  2238     0
  2232  2234  2241     0
  2238  2241  2234     0
  2209  2230  2211     0
  2224  2243  2230     0
  2210  2211  2243     0
  2230  2243  2211     0
  2223  2242  2225     0
  2236  2244  2242     0
  2224  2225  2244     0
  2242  2244  2225     0
  2214  2217  2237     0
  2210  2245  2217     0
  2236  2237  2245     0
  2217  2245  2237     0
  2224  2244  2243     0
  2236  2245  2244     0
  2210  2243  2245     0
  2244  2245  2243     0
  2129  2192  2132     0
  2189  2246  2192     0
  2130  2132  2246     0
  2192  2246  2132     0
  2180  2248  2197     0
  2247  2249  2248     0
  2189  2197  2249     0
  2248  2249  2197     0
  2135  2139  2251     0
  2130  2250  2139     0
  2247  2251  2250     0
  2139  2250  2251     0
  2189  2249  2246     0
  2247  2250  2249     0
  2130  2246  2250     0
  2249  2250  2246     0
  2174  2235  2177     0
  2232  2252  2235     0
  2175  2177  2252     0
  2235  2252  2177     0
  2223  2254  2240     0
  2253  2255  2254     0
  2232  2240  2255     0
  2254  2255  2240     0
  2180  2184  2257     0
  2175  2256  2184     0
  2253  2257  2256     0
  2184  2256  2257     0
  2232  2255  2252     0
  2253  2256  2255     0
  2175  2252  2256     0
  2255  2256  2252     0
  2143  2148  2220     0
  2145  2258  2148     0
  2218  2220  2258     0
  2148  2258  2220     0
  2135  2260  2153     0
  2259  2261  2260     0
  2145  2153  2261     0
  2260  2261  2153     0
  2223  2227  2263     0
  2218  2262  2227     0
  2259  2263  2262     0
  2227  2262  2263     0
  2145  2261  2258     0
  2259  2262  2261     0
  2218  2258  2262     0
  2261  2262  2258     0
  2180  2257  2248     0
  2253  2264  2257     0
  2247  2248  2264     0
  2257  2264  2248     0
  2223  2263  2254     0
  2259  2265  2263     0
  2253  2254  2265     0
  2263  2265  2254     0
  2135  2251  2260     0
  2247  2266  2251     0
  2259  2260  2266     0
  2251  2266  2260     0
  2253  2265  2264     0
  2259  2266  2265     0
  2247  2264  2266     0
  2265  2266  2264     0
   306   311  2269     0
   308  2268   311     0
  2267  2269  2268     0
   311  2268  2269     0
   317  2271   318     0
  2270  2272  2271     0
   308   318  2272     0
  2271  2272   318     0
  2273  2274  2276     0
  2267  2275  2274     0
  2270  2276  2275     0
  2274  2275  2276     0
   308  2272  2268     0
  2270  2275  2272     0
  2267  2268  2275     0
  2272  2275  2268     0
   335  2278   338     0
  2277  2279  2278     0
   336   338  2279     0
  2278  2279   338     0
  2280  2282  2284     0
  2281  2283  2282     0
  2277  2284  2283     0
  2282  2283  2284     0
   317   344  2286     0
   336  2285   344     0
  2281  2286  2285     0
   344  2285  2286     0
  2277  2283  2279     0
  2281  2285  2283     0
   336  2279  2285     0
  2283  2285  2279     0
  2287  2290  2292     0
  2288  2291  2290     0
  2289  2292  2291     0
  2290  2291  2292     0
  2273  2294  2296     0
  2293  2295  2294     0
  2288  2296  2295     0
  2294  2295  2296     0
  2280  2297  2299     0
  2289  2298  2297     0
  2293  2299  2298     0
  2297  2298  2299     0
  2288  2295  2291     0
  2293  2298  2295     0
  2289  2291  2298     0
  2295  2298  2291     0
   317  2286  2271     0
  2281  2300  2286     0
  2270  2271  2300     0
  2286  2300  2271     0
  2280  2299  2282     0
  2293  2301  2299     0
  2281  2282  2301     0
  2299  2301  2282     0
  2273  2276  2294     0
  2270  2302  2276     0
  2293  2294  2302     0
  2276  2302  2294     0
  2281  2301  2300     0
  2293  2302  2301     0
  2270  2300  2302     0
  2301  2302  2300     0
   199  2304   396     0
  2303  2305  2304     0
   394   396  2305     0
  2304  2305   396     0
  2306  2308  2310     0
  2307  2309  2308     0
  2303  2310  2309     0
  2308  2309  2310     0
   399   403  2312     0
   394  2311   403     0
  2307  2312  2311     0
   403  2311  2312     0
  2303  2309  2305     0
  2307  2311  2309     0
   394  2305  2311     0
  2309  2311  2305     0
  2313  2316  2318     0
  2314  2317  2316     0
  2315  2318  2317     0
  2316  2317  2318     0
  2319  2321  2323     0
  2320  2322  2321     0
  2314  2323  2322     0
  2321  2322  2323     0
  2306  2324  2326     0
  2315  2325  2324     0
  2320  2326  2325     0
  2324  2325  2326     0
  2314  2322  2317     0
  2320  2325  2322     0
  2315  2317  2325     0
  2322  2325  2317     0
   335   412  2329     0
   409  2328   412     0
  2327  2329  2328     0
   412  2328  2329     0
   399  2331   418     0
  2330  2332  2331     0
   409   418  2332     0
  2331  2332   418     0
  2319  2333  2335     0
  2327  2334  2333     0
  2330  2335  2334     0
  2333  2334  2335     0
   409  2332  2328     0
  2330  2334  2332     0
  2327  2328  2334     0
  2332  2334  2328     0
  2306  2326  2308     0
  2320  2336  2326     0
  2307  2308  2336     0
  2326  2336  2308     0
  2319  2335  2321     0
  2330  2337  2335     0
  2320  2321  2337     0
  2335  2337  2321     0
   399  2312  2331     0
  2307  2338  2312     0
  2330  2331  2338     0
  2312  2338  2331     0
  2320  2337  2336     0
  2330  2338  2337     0
  2307  2336  2338     0
  2337  2338  2336     0
  2159  2341  2343     0
  2339  2342  2341     0
  2340  2343  2342     0
  2341  2342  2343     0
  2344  2346  2348     0
  2345  2347  2346     0
  2339  2348  2347     0
  2346  2347  2348     0
  2349  2350  2352     0
  2340  2351  2350     0
  2345  2352  2351     0
  2350  2351  2352     0
  2339  2347  2342     0
  2345  2351  2347     0
  2340  2342  2351     0
  2347  2351  2342     0
  2287  2355  2357     0
  2353  2356  2355     0
  2354  2357  2356     0
  2355  2356  2357     0
  2358  2360  2362     0
  2359  2361  2360     0
  2353  2362  2361     0
  2360  2361  2362     0
  2344  2363  2365     0
  2354  2364  2363     0
  2359  2365  2364     0
  2363  2364  2365     0
  2353  2361  2356     0
  2359  2364  2361     0
  2354  2356  2364     0
  2361  2364  2356     0
  2313  2368  2370     0
  2366  2369  2368     0
  2367  2370  2369     0
  2368  2369  2370     0
  2349  2372  2374     0
  2371  2373  2372     0
  2366  2374  2373     0
  2372  2373  2374     0
  2358  2375  2377     0
  2367  2376  2375     0
  2371  2377  2376     0
  2375  2376  2377     0
  2366  2373  2369     0
  2371  2376  2373     0
  2367  2369  2376     0
  2373  2376  2369     0
  2344  2365  2346     0
  2359  2378  2365     0
  2345  2346  2378     0
  2365  2378  2346     0
  2358  2377  2360     0
  2371  2379  2377     0
  2359  2360  2379     0
  2377  2379  2360     0
  2349  2352  2372     0
  2345  2380  2352     0
  2371  2372  2380     0
  2352  2380  2372     0
  2359  2379  2378     0
  2371  2380  2379     0
  2345  2378  2380     0
  2379  2380  2378     0
   335  2329  2278     0
  2327  2381  2329     0
  2277  2278  2381     0
  2329  2381  2278     0
  2319  2383  2333     0
  2382  2384  2383     0
  2327  2333  2384     0
  2383  2384  2333     0
  2280  2284  2386     0
  2277  2385  2284     0
  2382  2386  2385     0
  2284  2385  2386     0
  2327  2384  2381     0
  2382  2385  2384     0
  2277  2381  2385     0
  2384  2385  2381     0
  2313  2370  2316     0
  2367  2387  2370     0
  2314  2316  2387     0
  2370  2387  2316     0
  2358  2389  2375     0
  2388  2390  2389     0
  2367  2375  2390     0
  2389  2390  2375     0
  2319  2323  2392     0
  2314  2391  2323     0
  2388  2392  2391     0
  2323  2391  2392     0
  2367  2390  2387     0
  2388  2391  2390     0
  2314  2387  2391     0
  2390  2391  2387     0
  2287  2292  2355     0
  2289  2393  2292     0
  2353  2355  2393     0
  2292  2393  2355     0
  2280  2395  2297     0
  2394  2396  2395     0
  2289  2297  2396     0
  2395  2396  2297     0
  2358  2362  2398     0
  2353  2397  2362     0
  2394  2398  2397     0
  2362  2397  2398     0
  2289  2396  2393     0
  2394  2397  2396     0
  2353  2393  2397     0
  2396  2397  2393     0
  2319  2392  2383     0
  2388  2399  2392     0
  2382  2383  2399     0
  2392  2399  2383     0
  2358  2398  2389     0
  2394  2400  2398     0
  2388  2389  2400     0
  2398  2400  2389     0
  2280  2386  2395     0
  2382  2401  2386     0
  2394  2395  2401     0
  2386  2401  2395     0
  2388  2400  2399     0
  2394  2401  2400     0
  2382  2399  2401     0
  2400  2401  2399     0
   154  2403   157     0
  2402  2404  2403     0
   155   157  2404     0
  2403  2404   157     0
  2405  2407  2409     0
  2406  2408  2407     0
  2402  2409  2408     0
  2407  2408  2409     0
   160   164  2411     0
   155  2410   164     0
  2406  2411  2410     0
   164  2410  2411     0
  2402  2408  2404     0
  2406  2410  2408     0
   155  2404  2410     0
  2408  2410  2404     0
  2412  2415  2417     0
  2413  2416  2415     0
  2414  2417  2416     0
  2415  2416  2417     0
  2418  2420  2422     0
  2419  2421  2420     0
  2413  2422  2421     0
  2420  2421  2422     0
  2405  2423  2425     0
  2414  2424  2423     0
  2419  2425  2424     0
  2423  2424  2425     0
  2413  2421  2416     0
  2419  2424  2421     0
  2414  2416  2424     0
  2421  2424  2416     0
   169   174  2428     0
   171  2427   174     0
  2426  2428  2427     0
   174  2427  2428     0
   160  2430   180     0
  2429  2431  2430     0
   171   180  2431     0
  2430  2431   180     0
  2418  2432  2434     0
  2426  2433  2432     0
  2429  2434  2433     0
  2432  2433  2434     0
   171  2431  2427     0
  2429  2433  2431     0
  2426  2427  2433     0
  2431  2433  2427     0
  2405  2425  2407     0
  2419  2435  2425     0
  2406  2407  2435     0
  2425  2435  2407     0
  2418  2434  2420     0
  2429  2436  2434     0
  2419  2420  2436     0
  2434  2436  2420     0
   160  2411  2430     0
  2406  2437  2411     0
  2429  2430  2437     0
  2411  2437  2430     0
  2419  2436  2435     0
  2429  2437  2436     0
  2406  2435  2437     0
  2436  2437  2435     0
  2203  2440  2442     0
  2438  2441  2440     0
  2439  2442  2441     0
  2440  2441  2442     0
  2443  2445  2447     0
  2444  2446  2445     0
  2438  2447  2446     0
  2445  2446  2447     0
  2448  2449  2451     0
  2439  2450  2449     0
  2444  2451  2450     0
  2449  2450  2451     0
  2438  2446  2441     0
  2444  2450  2446     0
  2439  2441  2450     0
  2446  2450  2441     0
  2452  2455  2457     0
  2453  2456  2455     0
  2454  2457  2456     0
  2455  2456  2457     0
  2458  2460  2462     0
  2459  2461  2460     0
  2453  2462  2461     0
  2460  2461  2462     0
  2443  2463  2465     0
  2454  2464  2463     0
  2459  2465  2464     0
  2463  2464  2465     0
  2453  2461  2456     0
  2459  2464  2461     0
  2454  2456  2464     0
  2461  2464  2456     0
  2412  2468  2470     0
  2466  2469  2468     0
  2467  2470  2469     0
  2468  2469  2470     0
  2448  2472  2474     0
  2471  2473  2472     0
  2466  2474  2473     0
  2472  2473  2474     0
  2458  2475  2477     0
  2467  2476  2475     0
  2471  2477  2476     0
  2475  2476  2477     0
  2466  2473  2469     0
  2471  2476  2473     0
  2467  2469  2476     0
  2473  2476  2469     0
  2443  2465  2445     0
  2459  2478  2465     0
  2444  2445  2478     0
  2465  2478  2445     0
  2458  2477  2460     0
  2471  2479  2477     0
  2459  2460  2479     0
  2477  2479  2460     0
  2448  2451  2472     0
  2444  2480  2451     0
  2471  2472  2480     0
  2451  2480  2472     0
  2459  2479  2478     0
  2471  2480  2479     0
  2444  2478  2480     0
  2479  2480  2478     0
   199   204  2483     0
   201  2482   204     0
  2481  2483  2482     0
   204  2482  2483     0
   210  2485   211     0
  2484  2486  2485     0
   201   211  2486     0
  2485  2486   211     0
  2487  2488  2490     0
  2481  2489  2488     0
  2484  2490  2489     0
  2488  2489  2490     0
   201  2486  2482     0
  2484  2489  2486     0
  2481  2482  2489     0
  2486  2489  2482     0
   169  2492   230     0
  2491  2493  2492     0
   228   230  2493     0
  2492  2493   230     0
  2494  2496  2498     0
  2495  2497  2496     0
  2491  2498  2497     0
  2496  2497  2498     0
   210   236  2500     0
   228  2499   236     0
  2495  2500  2499     0
   236  2499  2500     0
  2491  2497  2493     0
  2495  2499  2497     0
   228  2493  2499     0
  2497  2499  2493     0
  2452  2503  2505     0
  2501  2504  2503     0
  2502  2505  2504     0
  2503  2504  2505     0
  2487  2507  2509     0
  2506  2508  2507     0
  2501  2509  2508     0
  2507  2508  2509     0
  2494  2510  2512     0
  2502  2511  2510     0
  2506  2512  2511     0
  2510  2511  2512     0
  2501  2508  2504     0
  2506  2511  2508     0
  2502  2504  2511     0
  2508  2511  2504     0
   210  2500  2485     0
  2495  2513  2500     0
  2484  2485  2513     0
  2500  2513  2485     0
  2494  2512  2496     0
  2506  2514  2512     0
  2495  2496  2514     0
  2512  2514  2496     0
  2487  2490  2507     0
  2484  2515  2490     0
  2506  2507  2515     0
  2490  2515  2507     0
  2495  2514  2513     0
  2506  2515  2514     0
  2484  2513  2515     0
  2514  2515  2513     0
  2412  2470  2415     0
  2467  2516  2470     0
  2413  2415  2516     0
  2470  2516  2415     0
  2458  2518  2475     0
  2517  2519  2518     0
  2467  2475  2519     0
  2518  2519  2475     0
  2418  2422  2521     0
  2413  2520  2422     0
  2517  2521  2520     0
  2422  2520  2521     0
  2467  2519  2516     0
  2517  2520  2519     0
  2413  2516  2520     0
  2519  2520  2516     0
  2452  2505  2455     0
  2502  2522  2505     0
  2453  2455  2522     0
  2505  2522  2455     0
  2494  2524  2510     0
  2523  2525  2524     0
  2502  2510  2525     0
  2524  2525  2510     0
  2458  2462  2527     0
  2453  2526  2462     0
  2523  2527  2526     0
  2462  2526  2527     0
  2502  2525  2522     0
  2523  2526  2525     0
  2453  2522  2526     0
  2525  2526  2522     0
   169  2428  2492     0
  2426  2528  2428     0
  2491  2492  2528     0
  2428  2528  2492     0
  2418  2530  2432     0
  2529  2531  2530     0
  2426  2432  2531     0
  2530  2531  2432     0
  2494  2498  2533     0
  2491  2532  2498     0
  2529  2533  2532     0
  2498  2532  2533     0
  2426  2531  2528     0
  2529  2532  2531     0
  2491  2528  2532     0
  2531  2532  2528     0
  2458  2527  2518     0
  2523  2534  2527     0
  2517  2518  2534     0
  2527  2534  2518     0
  2494  2533  2524     0
  2529  2535  2533     0
  2523  2524  2535     0
  2533  2535  2524     0
  2418  2521  2530     0
  2517  2536  2521     0
  2529  2530  2536     0
  2521  2536  2530     0
  2523  2535  2534     0
  2529  2536  2535     0
  2517  2534  2536     0
  2535  2536  2534     0
  2159  2343  2162     0
  2340  2537  2343     0
  2160  2162  2537     0
  2343  2537  2162     0
  2349  2539  2350     0
  2538  2540  2539     0
  2340  2350  2540     0
  2539  2540  2350     0
  2165  2169  2542     0
  2160  2541  2169     0
  2538  2542  2541     0
  2169  2541  2542     0
  2340  2540  2537     0
  2538  2541  2540     0
  2160  2537  2541     0
  2540  2541  2537     0
  2313  2544  2368     0
  2543  2545  2544     0
  2366  2368  2545     0
  2544  2545  2368     0
  2546  2548  2550     0
  2547  2549  2548     0
  2543  2550  2549     0
  2548  2549  2550     0
  2349  2374  2552     0
  2366  2551  2374     0
  2547  2552  2551     0
  2374  2551  2552     0
  2543  2549  2545     0
  2547  2551  2549     0
  2366  2545  2551     0
  2549  2551  2545     0
  2174  2179  2555     0
  2176  2554  2179     0
  2553  2555  2554     0
  2179  2554  2555     0
  2165  2557  2185     0
  2556  2558  2557     0
  2176  2185  2558     0
  2557  2558  2185     0
  2546  2559  2561     0
  2553  2560  2559     0
  2556  2561  2560     0
  2559  2560  2561     0
  2176  2558  2554     0
  2556  2560  2558     0
  2553  2554  2560     0
  2558  2560  2554     0
  2349  2552  2539     0
  2547  2562  2552     0
  2538  2539  2562     0
  2552  2562  2539     0
  2546  2561  2548     0
  2556  2563  2561     0
  2547  2548  2563     0
  2561  2563  2548     0
  2165  2542  2557     0
  2538  2564  2542     0
  2556  2557  2564     0
  2542  2564  2557     0
  2547  2563  2562     0
  2556  2564  2563     0
  2538  2562  2564     0
  2563  2564  2562     0
   199  2483  2304     0
  2481  2565  2483     0
  2303  2304  2565     0
  2483  2565  2304     0
  2487  2567  2488     0
  2566  2568  2567     0
  2481  2488  2568     0
  2567  2568  2488     0
  2306  2310  2570     0
  2303  2569  2310     0
  2566  2570  2569     0
  2310  2569  2570     0
  2481  2568  2565     0
  2566  2569  2568     0
  2303  2565  2569     0
  2568  2569  2565     0
  2452  2572  2503     0
  2571  2573  2572     0
  2501  2503  2573     0
  2572  2573  2503     0
  2574  2576  2578     0
  2575  2577  2576     0
  2571  2578  2577     0
  2576  2577  2578     0
  2487  2509  2580     0
  2501  2579  2509     0
  2575  2580  2579     0
  2509  2579  2580     0
  2571  2577  2573     0
  2575  2579  2577     0
  2501  2573  2579     0
  2577  2579  2573     0
  2313  2318  2583     0
  2315  2582  2318     0
  2581  2583  2582     0
  2318  2582  2583     0
  2306  2585  2324     0
  2584  2586  2585     0
  2315  2324  2586     0
  2585  2586  2324     0
  2574  2587  2589     0
  2581  2588  2587     0
  2584  2589  2588     0
  2587  2588  2589     0
  2315  2586  2582     0
  2584  2588  2586     0
  2581  2582  2588     0
  2586  2588  2582     0
  2487  2580  2567     0
  2575  2590  2580     0
  2566  2567  2590     0
  2580  2590  2567     0
  2574  2589  2576     0
  2584  2591  2589     0
  2575  2576  2591     0
  2589  2591  2576     0
  2306  2570  2585     0
  2566  2592  2570     0
  2584  2585  2592     0
  2570  2592  2585     0
  2575  2591  2590     0
  2584  2592  2591     0
  2566  2590  2592     0
  2591  2592  2590     0
  2203  2208  2440     0
  2205  2593  2208     0
  2438  2440  2593     0
  2208  2593  2440     0
  2214  2595  2215     0
  2594  2596  2595     0
  2205  2215  2596     0
  2595  2596  2215     0
  2443  2447  2598     0
  2438  2597  2447     0
  2594  2598  2597     0
  2447  2597  2598     0
  2205  2596  2593     0
  2594  2597  2596     0
  2438  2593  2597     0
  2596  2597  2593     0
  2174  2600  2233     0
  2599  2601  2600     0
  2231  2233  2601     0
  2600  2601  2233     0
  2602  2604  2606     0
  2603  2605  2604     0
  2599  2606  2605     0
  2604  2605  2606     0
  2214  2239  2608     0
  2231  2607  2239     0
  2603  2608  2607     0
  2239  2607  2608     0
  2599  2605  2601     0
  2603  2607  2605     0
  2231  2601  2607     0
  2605  2607  2601     0
  2452  2457  2611     0
  2454  2610  2457     0
  2609  2611  2610     0
  2457  2610  2611     0
  2443  2613  2463     0
  2612  2614  2613     0
  2454  2463  2614     0
  2613  2614  2463     0
  2602  2615  2617     0
  2609  2616  2615     0
  2612  2617  2616     0
  2615  2616  2617     0
  2454  2614  2610     0
  2612  2616  2614     0
  2609  2610  2616     0
  2614  2616  2610     0
  2214  2608  2595     0
  2603  2618  2608     0
  2594  2595  2618     0
  2608  2618  2595     0
  2602  2617  2604     0
  2612  2619  2617     0
  2603  2604  2619     0
  2617  2619  2604     0
  2443  2598  2613     0
  2594  2620  2598     0
  2612  2613  2620     0
  2598  2620  2613     0
  2603  2619  2618     0
  2612  2620  2619     0
  2594  2618  2620     0
  2619  2620  2618     0
  2313  2583  2544     0
  2581  2621  2583     0
  2543  2544  2621     0
  2583  2621  2544     0
  2574  2623  2587     0
  2622  2624  2623     0
  2581  2587  2624     0
  2623  2624  2587     0
  2546  2550  2626     0
  2543  2625  2550     0
  2622  2626  2625     0
  2550  2625  2626     0
  2581  2624  2621     0
  2622  2625  2624     0
  2543  2621  2625     0
  2624  2625  2621     0
  2452  2611  2572     0
  2609  2627  2611     0
  2571  2572  2627     0
  2611  2627  2572     0
  2602  2629  2615     0
  2628  2630  2629     0
  2609  2615  2630     0
  2629  2630  2615     0
  2574  2578  2632     0
  2571  2631  2578     0
  2628  2632  2631     0
  2578  2631  2632     0
  2609  2630  2627     0
  2628  2631  2630     0
  2571  2627  2631     0
  2630  2631  2627     0
  2174  2555  2600     0
  2553  2633  2555     0
  2599  2600  2633     0
  2555  2633  2600     0
  2546  2635  2559     0
  2634  2636  2635     0
  2553  2559  2636     0
  2635  2636  2559     0
  2602  2606  2638     0
  2599  2637  2606     0
  2634  2638  2637     0
  2606  2637  2638     0
  2553  2636  2633     0
  2634  2637  2636     0
  2599  2633  2637     0
  2636  2637  2633     0
  2574  2632  2623     0
  2628  2639  2632     0
  2622  2623  2639     0
  2632  2639  2623     0
  2602  2638  2629     0
  2634  2640  2638     0
  2628  2629  2640     0
  2638  2640  2629     0
  2546  2626  2635     0
  2622  2641  2626     0
  2634  2635  2641     0
  2626  2641  2635     0
  2628  2640  2639     0
  2634  2641  2640     0
  2622  2639  2641     0
  2640  2641  2639     0
  2114  2643  2117     0
  2642  2644  2643     0
  2115  2117  2644     0
  2643  2644  2117     0
  2645  2647  2649     0
  2646  2648  2647     0
  2642  2649  2648     0
  2647  2648  2649     0
  2120  2124  2651     0
  2115  2650  2124     0
  2646  2651  2650     0
  2124  2650  2651     0
  2642  2648  2644     0
  2646  2650  2648     0
  2115  2644  2650     0
  2648  2650  2644     0
  2652  2655  2657     0
  2653  2656  2655     0
  2654  2657  2656     0
  2655  2656  2657     0
  2658  2660  2662     0
  2659  2661  2660     0
  2653  2662  2661     0
  2660  2661  2662     0
  2645  2663  2665     0
  2654  2664  2663     0
  2659  2665  2664     0
  2663  2664  2665     0
  2653  2661  2656     0
  2659  2664  2661     0
  2654  2656  2664     0
  2661  2664  2656     0
  2129  2134  2668     0
  2131  2667  2134     0
  2666  2668  2667     0
  2134  2667  2668     0
  2120  2670  2140     0
  2669  2671  2670     0
  2131  2140  2671     0
  2670  2671  2140     0
  2658  2672  2674     0
  2666  2673  2672     0
  2669  2674  2673     0
  2672  2673  2674     0
  2131  2671  2667     0
  2669  2673  2671     0
  2666  2667  2673     0
  2671  2673  2667     0
  2645  2665  2647     0
  2659  2675  2665     0
  2646  2647  2675     0
  2665  2675  2647     0
  2658  2674  2660     0
  2669  2676  2674     0
  2659  2660  2676     0
  2674  2676  2660     0
  2120  2651  2670     0
  2646  2677  2651     0
  2669  2670  2677     0
  2651  2677  2670     0
  2659  2676  2675     0
  2669  2677  2676     0
  2646  2675  2677     0
  2676  2677  2675     0
  2678  2681  2683     0
  2679  2682  2681     0
  2680  2683  2682     0
  2681  2682  2683     0
  2684  2686  2688     0
  2685  2687  2686     0
  2679  2688  2687     0
  2686  2687  2688     0
  2689  2690  2692     0
  2680  2691  2690     0
  2685  2692  2691     0
  2690  2691  2692     0
  2679  2687  2682     0
  2685  2691  2687     0
  2680  2682  2691     0
  2687  2691  2682     0
  2693  2696  2698     0
  2694  2697  2696     0
  2695  2698  2697     0
  2696  2697  2698     0
  2699  2701  2703     0
  2700  2702  2701     0
  2694  2703  2702     0
  2701  2702  2703     0
  2684  2704  2706     0
  2695  2705  2704     0
  2700  2706  2705     0
  2704  2705  2706     0
  2694  2702  2697     0
  2700  2705  2702     0
  2695  2697  2705     0
  2702  2705  2697     0
  2652  2709  2711     0
  2707  2710  2709     0
  2708  2711  2710     0
  2709  2710  2711     0
  2689  2713  2715     0
  2712  2714  2713     0
  2707  2715  2714     0
  2713  2714  2715     0
  2699  2716  2718     0
  2708  2717  2716     0
  2712  2718  2717     0
  2716  2717  2718     0
  2707  2714  2710     0
  2712  2717  2714     0
  2708  2710  2717     0
  2714  2717  2710     0
  2684  2706  2686     0
  2700  2719  2706     0
  2685  2686  2719     0
  2706  2719  2686     0
  2699  2718  2701     0
  2712  2720  2718     0
  2700  2701  2720     0
  2718  2720  2701     0
  2689  2692  2713     0
  2685  2721  2692     0
  2712  2713  2721     0
  2692  2721  2713     0
  2700  2720  2719     0
  2712  2721  2720     0
  2685  2719  2721     0
  2720  2721  2719     0
  2159  2164  2724     0
  2161  2723  2164     0
  2722  2724  2723     0
  2164  2723  2724     0
  2170  2726  2171     0
  2725  2727  2726     0
  2161  2171  2727     0
  2726  2727  2171     0
  2728  2729  2731     0
  2722  2730  2729     0
  2725  2731  2730     0
  2729  2730  2731     0
  2161  2727  2723     0
  2725  2730  2727     0
  2722  2723  2730     0
  2727  2730  2723     0
  2129  2733  2190     0
  2732  2734  2733     0
  2188  2190  2734     0
  2733  2734  2190     0
  2735  2737  2739     0
  2736  2738  2737     0
  2732  2739  2738     0
  2737  2738  2739     0
  2170  2196  2741     0
  2188  2740  2196     0
  2736  2741  2740     0
  2196  2740  2741     0
  2732  2738  2734     0
  2736  2740  2738     0
  2188  2734  2740     0
  2738  2740  2734     0
  2693  2744  2746     0
  2742  2745  2744     0
  2743  2746  2745     0
  2744  2745  2746     0
  2728  2748  2750     0
  2747  2749  2748     0
  2742  2750  2749     0
  2748  2749  2750     0
  2735  2751  2753     0
  2743  2752  2751     0
  2747  2753  2752     0
  2751  2752  2753     0
  2742  2749  2745     0
  2747  2752  2749     0
  2743  2745  2752     0
  2749  2752  2745     0
  2170  2741  2726     0
  2736  2754  2741     0
  2725  2726  2754     0
  2741  2754  2726     0
  2735  2753  2737     0
  2747  2755  2753     0
  2736  2737  2755     0
  2753  2755  2737     0
  2728  2731  2748     0
  2725  2756  2731     0
  2747  2748  2756     0
  2731  2756  2748     0
  2736  2755  2754     0
  2747  2756  2755     0
  2725  2754  2756     0
  2755  2756  2754     0
  2652  2711  2655     0
  2708  2757  2711     0
  2653  2655  2757     0
  2711  2757  2655     0
  2699  2759  2716     0
  2758  2760  2759     0
  2708  2716  2760     0
  2759  2760  2716     0
  2658  2662  2762     0
  2653  2761  2662     0
  2758  2762  2761     0
  2662  2761  2762     0
  2708  2760  2757     0
  2758  2761  2760     0
  2653  2757  2761     0
  2760  2761  2757     0
  2693  2746  2696     0
  2743  2763  2746     0
  2694  2696  2763     0
  2746  2763  2696     0
  2735  2765  2751     0
  2764  2766  2765     0
  2743  2751  2766     0
  2765  2766  2751     0
  2699  2703  2768     0
  2694  2767  2703     0
  2764  2768  2767     0
  2703  2767  2768     0
  2743  2766  2763     0
  2764  2767  2766     0
  2694  2763  2767     0
  2766  2767  2763     0
  2129  2668  2733     0
  2666  2769  2668     0
  2732  2733  2769     0
  2668  2769  2733     0
  2658  2771  2672     0
  2770  2772  2771     0
  2666  2672  2772     0
  2771  2772  2672     0
  2735  2739  2774     0
  2732  2773  2739     0
  2770  2774  2773     0
  2739  2773  2774     0
  2666  2772  2769     0
  2770  2773  2772     0
  2732  2769  2773     0
  2772  2773  2769     0
  2699  2768  2759     0
  2764  2775  2768     0
  2758  2759  2775     0
  2768  2775  2759     0
  2735  2774  2765     0
  2770  2776  2774     0
  2764  2765  2776     0
  2774  2776  2765     0
  2658  2762  2771     0
  2758  2777  2762     0
  2770  2771  2777     0
  2762  2777  2771     0
  2764  2776  2775     0
  2770  2777  2776     0
  2758  2775  2777     0
  2776  2777  2775     0
   834   839  2780     0
   836  2779   839     0
  2778  2780  2779     0
   839  2779  2780     0
   845  2782   846     0
  2781  2783  2782     0
   836   846  2783     0
  2782  2783   846     0
  2784  2785  2787     0
  2778  2786  2785     0
  2781  2787  2786     0
  2785  2786  2787     0
   836  2783  2779     0
  2781  2786  2783     0
  2778  2779  2786     0
  2783  2786  2779     0
   863  2789   866     0
  2788  2790  2789     0
   864   866  2790     0
  2789  2790   866     0
  2791  2793  2795     0
  2792  2794  2793     0
  2788  2795  2794     0
  2793  2794  2795     0
   845   872  2797     0
   864  2796   872     0
  2792  2797  2796     0
   872  2796  2797     0
  2788  2794  2790     0
  2792  2796  2794     0
   864  2790  2796     0
  2794  2796  2790     0
  2798  2801  2803     0
  2799  2802  2801     0
  2800  2803  2802     0
  2801  2802  2803     0
  2784  2805  2807     0
  2804  2806  2805     0
  2799  2807  2806     0
  2805  2806  2807     0
  2791  2808  2810     0
  2800  2809  2808     0
  2804  2810  2809     0
  2808  2809  2810     0
  2799  2806  2802     0
  2804  2809  2806     0
  2800  2802  2809     0
  2806  2809  2802     0
   845  2797  2782     0
  2792  2811  2797     0
  2781  2782  2811     0
  2797  2811  2782     0
  2791  2810  2793     0
  2804  2812  2810     0
  2792  2793  2812     0
  2810  2812  2793     0
  2784  2787  2805     0
  2781  2813  2787     0
  2804  2805  2813     0
  2787  2813  2805     0
  2792  2812  2811     0
  2804  2813  2812     0
  2781  2811  2813     0
  2812  2813  2811     0
   734  2815   924     0
  2814  2816  2815     0
   922   924  2816     0
  2815  2816   924     0
  2817  2819  2821     0
  2818  2820  2819     0
  2814  2821  2820     0
  2819  2820  2821     0
   927   931  2823     0
   922  2822   931     0
  2818  2823  2822     0
   931  2822  2823     0
  2814  2820  2816     0
  2818  2822  2820     0
   922  2816  2822     0
  2820  2822  2816     0
  2824  2827  2829     0
  2825  2828  2827     0
  2826  2829  2828     0
  2827  2828  2829     0
  2830  2832  2834     0
  2831  2833  2832     0
  2825  2834  2833     0
  2832  2833  2834     0
  2817  2835  2837     0
  2826  2836  2835     0
  2831  2837  2836     0
  2835  2836  2837     0
  2825  2833  2828     0
  2831  2836  2833     0
  2826  2828  2836     0
  2833  2836  2828     0
   863   940  2840     0
   937  2839   940     0
  2838  2840  2839     0
   940  2839  2840     0
   927  2842   946     0
  2841  2843  2842     0
   937   946  2843     0
  2842  2843   946     0
  2830  2844  2846     0
  2838  2845  2844     0
  2841  2846  2845     0
  2844  2845  2846     0
   937  2843  2839     0
  2841  2845  2843     0
  2838  2839  2845     0
  2843  2845  2839     0
  2817  2837  2819     0
  2831  2847  2837     0
  2818  2819  2847     0
  2837  2847  2819     0
  2830  2846  2832     0
  2841  2848  2846     0
  2831  2832  2848     0
  2846  2848  2832     0
   927  2823  2842     0
  2818  2849  2823     0
  2841  2842  2849     0
  2823  2849  2842     0
  2831  2848  2847     0
  2841  2849  2848     0
  2818  2847  2849     0
  2848  2849  2847     0
  2678  2852  2854     0
  2850  2853  2852     0
  2851  2854  2853     0
  2852  2853  2854     0
  2855  2857  2859     0
  2856  2858  2857     0
  2850  2859  2858     0
  2857  2858  2859     0
  2860  2861  2863     0
  2851  2862  2861     0
  2856  2863  2862     0
  2861  2862  2863     0
  2850  2858  2853     0
  2856  2862  2858     0
  2851  2853  2862     0
  2858  2862  2853     0
  2798  2866  2868     0
  2864  2867  2866     0
  2865  2868  2867     0
  2866  2867  2868     0
  2869  2871  2873     0
  2870  2872  2871     0
  2864  2873  2872     0
  2871  2872  2873     0
  2855  2874  2876     0
  2865  2875  2874     0
  2870  2876  2875     0
  2874  2875  2876     0
  2864  2872  2867     0
  2870  2875  2872     0
  2865  2867  2875     0
  2872  2875  2867     0
  2824  2879  2881     0
  2877  2880  2879     0
  2878  2881  2880     0
  2879  2880  2881     0
  2860  2883  2885     0
  2882  2884  2883     0
  2877  2885  2884     0
  2883  2884  2885     0
  2869  2886  2888     0
  2878  2887  2886     0
  2882  2888  2887     0
  2886  2887  2888     0
  2877  2884  2880     0
  2882  2887  2884     0
  2878  2880  2887     0
  2884  2887  2880     0
  2855  2876  2857     0
  2870  2889  2876     0
  2856  2857  2889     0
  2876  2889  2857     0
  2869  2888  2871     0
  2882  2890  2888     0
  2870  2871  2890     0
  2888  2890  2871     0
  2860  2863  2883     0
  2856  2891  2863     0
  2882  2883  2891     0
  2863  2891  2883     0
  2870  2890  2889     0
  2882  2891  2890     0
  2856  2889  2891     0
  2890  2891  2889     0
   863  2840  2789     0
  2838  2892  2840     0
  2788  2789  2892     0
  2840  2892  2789     0
  2830  2894  2844     0
  2893  2895  2894     0
  2838  2844  2895     0
  2894  2895  2844     0
  2791  2795  2897     0
  2788  2896  2795     0
  2893  2897  2896     0
  2795  2896  2897     0
  2838  2895  2892     0
  2893  2896  2895     0
  2788  2892  2896     0
  2895  2896  2892     0
  2824  2881  2827     0
  2878  2898  2881     0
  2825  2827  2898     0
  2881  2898  2827     0
  2869  2900  2886     0
  2899  2901  2900     0
  2878  2886  2901     0
  2900  2901  2886     0
  2830  2834  2903     0
  2825  2902  2834     0
  2899  2903  2902     0
  2834  2902  2903     0
  2878  2901  2898     0
  2899  2902  2901     0
  2825  2898  2902     0
  2901  2902  2898     0
  2798  2803  2866     0
  2800  2904  2803     0
  2864  2866  2904     0
  2803  2904  2866     0
  2791  2906  2808     0
  2905  2907  2906     0
  2800  2808  2907     0
  2906  2907  2808     0
  2869  2873  2909     0
  2864  2908  2873     0
  2905  2909  2908     0
  2873  2908  2909     0
  2800  2907  2904     0
  2905  2908  2907     0
  2864  2904  2908     0
  2907  2908  2904     0
  2830  2903  2894     0
  2899  2910  2903     0
  2893  2894  2910     0
  2903  2910  2894     0
  2869  2909  2900     0
  2905  2911  2909     0
  2899  2900  2911     0
  2909  2911  2900     0
  2791  2897  2906     0
  2893  2912  2897     0
  2905  2906  2912     0
  2897  2912  2906     0
  2899  2911  2910     0
  2905  2912  2911     0
  2893  2910  2912     0
  2911  2912  2910     0
   306  2269   699     0
  2267  2913  2269     0
   698   699  2913     0
  2269  2913   699     0
  2273  2915  2274     0
  2914  2916  2915     0
  2267  2274  2916     0
  2915  2916  2274     0
   701   705  2918     0
   698  2917   705     0
  2914  2918  2917     0
   705  2917  2918     0
  2267  2916  2913     0
  2914  2917  2916     0
   698  2913  2917     0
  2916  2917  2913     0
  2287  2920  2290     0
  2919  2921  2920     0
  2288  2290  2921     0
  2920  2921  2290     0
  2922  2924  2926     0
  2923  2925  2924     0
  2919  2926  2925     0
  2924  2925  2926     0
  2273  2296  2928     0
  2288  2927  2296     0
  2923  2928  2927     0
  2296  2927  2928     0
  2919  2925  2921     0
  2923  2927  2925     0
  2288  2921  2927     0
  2925  2927  2921     0
   708   713  2931     0
   710  2930   713     0
  2929  2931  2930     0
   713  2930  2931     0
   701  2933   719     0
  2932  2934  2933     0
   710   719  2934     0
  2933  2934   719     0
  2922  2935  2937     0
  2929  2936  2935     0
  2932  2937  2936     0
  2935  2936  2937     0
   710  2934  2930     0
  2932  2936  2934     0
  2929  2930  2936     0
  2934  2936  2930     0
  2273  2928  2915     0
  2923  2938  2928     0
  2914  2915  2938     0
  2928  2938  2915     0
  2922  2937  2924     0
  2932  2939  2937     0
  2923  2924  2939     0
  2937  2939  2924     0
   701  2918  2933     0
  2914  2940  2918     0
  2932  2933  2940     0
  2918  2940  2933     0
  2923  2939  2938     0
  2932  2940  2939     0
  2914  2938  2940     0
  2939  2940  2938     0
  2159  2942  2341     0
  2941  2943  2942     0
  2339  2341  2943     0
  2942  2943  2341     0
  2944  2946  2948     0
  2945  2947  2946     0
  2941  2948  2947     0
  2946  2947  2948     0
  2344  2348  2950     0
  2339  2949  2348     0
  2945  2950  2949     0
  2348  2949  2950     0
  2941  2947  2943     0
  2945  2949  2947     0
  2339  2943  2949     0
  2947  2949  2943     0
  2951  2954  2956     0
  2952  2955  2954     0
  2953  2956  2955     0
  2954  2955  2956     0
  2957  2959  2961     0
  2958  2960  2959     0
  2952  2961  2960     0
  2959  2960  2961     0
  2944  2962  2964     0
  2953  2963  2962     0
  2958  2964  2963     0
  2962  2963  2964     0
  2952  2960  2955     0
  2958  2963  2960     0
  2953  2955  2963     0
  2960  2963  2955     0
  2287  2357  2967     0
  2354  2966  2357     0
  2965  2967  2966     0
  2357  2966  2967     0
  2344  2969  2363     0
  2968  2970  2969     0
  2354  2363  2970     0
  2969  2970  2363     0
  2957  2971  2973     0
  2965  2972  2971     0
  2968  2973  2972     0
  2971  2972  2973     0
  2354  2970  2966     0
  2968  2972  2970     0
  2965  2966  2972     0
  2970  2972  2966     0
  2944  2964  2946     0
  2958  2974  2964     0
  2945  2946  2974     0
  2964  2974  2946     0
  2957  2973  2959     0
  2968  2975  2973     0
  2958  2959  2975     0
  2973  2975  2959     0
  2344  2950  2969     0
  2945  2976  2950     0
  2968  2969  2976     0
  2950  2976  2969     0
  2958  2975  2974     0
  2968  2976  2975     0
  2945  2974  2976     0
  2975  2976  2974     0
   734   739  2979     0
   736  2978   739     0
  2977  2979  2978     0
   739  2978  2979     0
   745  2981   746     0
  2980  2982  2981     0
   736   746  2982     0
  2981  2982   746     0
  2983  2984  2986     0
  2977  2985  2984     0
  2980  2986  2985     0
  2984  2985  2986     0
   736  2982  2978     0
  2980  2985  2982     0
  2977  2978  2985     0
  2982  2985  2978     0
   708  2988   765     0
  2987  2989  2988     0
   763   765  2989     0
  2988  2989   765     0
  2990  2992  2994     0
  2991  2993  2992     0
  2987  2994  2993     0
  2992  2993  2994     0
   745   771  2996     0
   763  2995   771     0
  2991  2996  2995     0
   771  2995  2996     0
  2987  2993  2989     0
  2991  2995  2993     0
   763  2989  2995     0
  2993  2995  2989     0
  2951  2999  3001     0
  2997  3000  2999     0
  2998  3001  3000     0
  2999  3000  3001     0
  2983  3003  3005     0
  3002  3004  3003     0
  2997  3005  3004     0
  3003  3004  3005     0
  2990  3006  3008     0
  2998  3007  3006     0
  3002  3008  3007     0
  3006  3007  3008     0
  2997  3004  3000     0
  3002  3007  3004     0
  2998  3000  3007     0
  3004  3007  3000     0
   745  2996  2981     0
  2991  3009  2996     0
  2980  2981  3009     0
  2996  3009  2981     0
  2990  3008  2992     0
  3002  3010  3008     0
  2991  2992  3010     0
  3008  3010  2992     0
  2983  2986  3003     0
  2980  3011  2986     0
  3002  3003  3011     0
  2986  3011  3003     0
  2991  3010  3009     0
  3002  3011  3010     0
  2980  3009  3011     0
  3010  3011  3009     0
  2287  2967  2920     0
  2965  3012  2967     0
  2919  2920  3012     0
  2967  3012  2920     0
  2957  3014  2971     0
  3013  3015  3014     0
  2965  2971  3015     0
  3014  3015  2971     0
  2922  2926  3017     0
  2919  3016  2926     0
  3013  3017  3016     0
  2926  3016  3017     0
  2965  3015  3012     0
  3013  3016  3015     0
  2919  3012  3016     0
  3015  3016  3012     0
  2951  3001  2954     0
  2998  3018  3001     0
  2952  2954  3018     0
  3001  3018  2954     0
  2990  3020  3006     0
  3019  3021  3020     0
  2998  3006  3021     0
  3020  3021  3006     0
  2957  2961  3023     0
  2952  3022  2961     0
  3019  3023  3022     0
  2961  3022  3023     0
  2998  3021  3018     0
  3019  3022  3021     0
  2952  3018  3022     0
  3021  3022  3018     0
   708  2931  2988     0
  2929  3024  2931     0
  2987  2988  3024     0
  2931  3024  2988     0
  2922  3026  2935     0
  3025  3027  3026     0
  2929  2935  3027     0
  3026  3027  2935     0
  2990  2994  3029     0
  2987  3028  2994     0
  3025  3029  3028     0
  2994  3028  3029     0
  2929  3027  3024     0
  3025  3028  3027     0
  2987  3024  3028     0
  3027  3028  3024     0
  2957  3023  3014     0
  3019  3030  3023     0
  3013  3014  3030     0
  3023  3030  3014     0
  2990  3029  3020     0
  3025  3031  3029     0
  3019  3020  3031     0
  3029  3031  3020     0
  2922  3017  3026     0
  3013  3032  3017     0
  3025  3026  3032     0
  3017  3032  3026     0
  3019  3031  3030     0
  3025  3032  3031     0
  3013  3030  3032     0
  3031  3032  3030     0
  2678  2854  2681     0
  2851  3033  2854     0
  2679  2681  3033     0
  2854  3033  2681     0
  2860  3035  2861     0
  3034  3036  3035     0
  2851  2861  3036     0
  3035  3036  2861     0
  2684  2688  3038     0
  2679  3037  2688     0
  3034  3038  3037     0
  2688  3037  3038     0
  2851  3036  3033     0
  3034  3037  3036     0
  2679  3033  3037     0
  3036  3037  3033     0
  2824  3040  2879     0
  3039  3041  3040     0
  2877  2879  3041     0
  3040  3041  2879     0
  3042  3044  3046     0
  3043  3045  3044     0
  3039  3046  3045     0
  3044  3045  3046     0
  2860  2885  3048     0
  2877  3047  2885     0
  3043  3048  3047     0
  2885  3047  3048     0
  3039  3045  3041     0
  3043  3047  3045     0
  2877  3041  3047     0
  3045  3047  3041     0
  2693  2698  3051     0
  2695  3050  2698     0
  3049  3051  3050     0
  2698  3050  3051     0
  2684  3053  2704     0
  3052  3054  3053     0
  2695  2704  3054     0
  3053  3054  2704     0
  3042  3055  3057     0
  3049  3056  3055     0
  3052  3057  3056     0
  3055  3056  3057     0
  2695  3054  3050     0
  3052  3056  3054     0
  3049  3050  3056     0
  3054  3056  3050     0
  2860  3048  3035     0
  3043  3058  3048     0
  3034  3035  3058     0
  3048  3058  3035     0
  3042  3057  3044     0
  3052  3059  3057     0
  3043  3044  3059     0
  3057  3059  3044     0
  2684  3038  3053     0
  3034  3060  3038     0
  3052  3053  3060     0
  3038  3060  3053     0
  3043  3059  3058     0
  3052  3060  3059     0
  3034  3058  3060     0
  3059  3060  3058     0
   734  2979  2815     0
  2977  3061  2979     0
  2814  2815  3061     0
  2979  3061  2815     0
  2983  3063  2984     0
  3062  3064  3063     0
  2977  2984  3064     0
  3063  3064  2984     0
  2817  2821  3066     0
  2814  3065  2821     0
  3062  3066  3065     0
  2821  3065  3066     0
  2977  3064  3061     0
  3062  3065  3064     0
  2814  3061  3065     0
  3064  3065  3061     0
  2951  3068  2999     0
  3067  3069  3068     0
  2997  2999  3069     0
  3068  3069  2999     0
  3070  3072  3074     0
  3071  3073  3072     0
  3067  3074  3073     0
  3072  3073  3074     0
  2983  3005  3076     0
  2997  3075  3005     0
  3071  3076  3075     0
  3005  3075  3076     0
  3067  3073  3069     0
  3071  3075  3073     0
  2997  3069  3075     0
  3073  3075  3069     0
  2824  2829  3079     0
  2826  3078  2829     0
  3077  3079  3078     0
  2829  3078  3079     0
  2817  3081  2835     0
  3080  3082  3081     0
  2826  2835  3082     0
  3081  3082  2835     0
  3070  3083  3085     0
  3077  3084  3083     0
  3080  3085  3084     0
  3083  3084  3085     0
  2826  3082  3078     0
  3080  3084  3082     0
  3077  3078  3084     0
  3082  3084  3078     0
  2983  3076  3063     0
  3071  3086  3076     0
  3062  3063  3086     0
  3076  3086  3063     0
  3070  3085  3072     0
  3080  3087  3085     0
  3071  3072  3087     0
  3085  3087  3072     0
  2817  3066  3081     0
  3062  3088  3066     0
  3080  3081  3088     0
  3066  3088  3081     0
  3071  3087  3086     0
  3080  3088  3087     0
  3062  3086  3088     0
  3087  3088  3086     0
  2159  2724  2942     0
  2722  3089  2724     0
  2941  2942  3089     0
  2724  3089  2942     0
  2728  3091  2729     0
  3090  3092  3091     0
  2722  2729  3092     0
  3091  3092  2729     0
  2944  2948  3094     0
  2941  3093  2948     0
  3090  3094  3093     0
  2948  3093  3094     0
  2722  3092  3089     0
  3090  3093  3092     0
  2941  3089  3093     0
  3092  3093  3089     0
  2693  3096  2744     0
  3095  3097  3096     0
  2742  2744  3097     0
  3096  3097  2744     0
  3098  3100  3102     0
  3099  3101  3100     0
  3095  3102  3101     0
  3100  3101  3102     0
  2728  2750  3104     0
  2742  3103  2750     0
  3099  3104  3103     0
  2750  3103  3104     0
  3095  3101  3097     0
  3099  3103  3101     0
  2742  3097  3103     0
  3101  3103  3097     0
  2951  2956  3107     0
  2953  3106  2956     0
  3105  3107  3106     0
  2956  3106  3107     0
  2944  3109  2962     0
  3108  3110  3109     0
  2953  2962  3110     0
  3109  3110  2962     0
  3098  3111  3113     0
  3105  3112  3111     0
  3108  3113  3112     0
  3111  3112  3113     0
  2953  3110  3106     0
  3108  3112  3110     0
  3105  3106  3112     0
  3110  3112  3106     0
  2728  3104  3091     0
  3099  3114  3104     0
  3090  3091  3114     0
  3104  3114  3091     0
  3098  3113  3100     0
  3108  3115  3113     0
  3099  3100  3115     0
  3113  3115  3100     0
  2944  3094  3109     0
  3090  3116  3094     0
  3108  3109  3116     0
  3094  3116  3109     0
  3099  3115  3114     0
  3108  3116  3115     0
  3090  3114  3116     0
  3115  3116  3114     0
  2824  3079  3040     0
  3077  3117  3079     0
  3039  3040  3117     0
  3079  3117  3040     0
  3070  3119  3083     0
  3118  3120  3119     0
  3077  3083  3120     0
  3119  3120  3083     0
  3042  3046  3122     0
  3039  3121  3046     0
  3118  3122  3121     0
  3046  3121  3122     0
  3077  3120  3117     0
  3118  3121  3120     0
  3039  3117  3121     0
  3120  3121  3117     0
  2951  3107  3068     0
  3105  3123  3107     0
  3067  3068  3123     0
  3107  3123  3068     0
  3098  3125  3111     0
  3124  3126  3125     0
  3105  3111  3126     0
  3125  3126  3111     0
  3070  3074  3128     0
  3067  3127  3074     0
  3124  3128  3127     0
  3074  3127  3128     0
  3105  3126  3123     0
  3124  3127  3126     0
  3067  3123  3127     0
  3126  3127  3123     0
  2693  3051  3096     0
  3049  3129  3051     0
  3095  3096  3129     0
  3051  3129  3096     0
  3042  3131  3055     0
  3130  3132  3131     0
  3049  3055  3132     0
  3131  3132  3055     0
  3098  3102  3134     0
  3095  3133  3102     0
  3130  3134  3133     0
  3102  3133  3134     0
  3049  3132  3129     0
  3130  3133  3132     0
  3095  3129  3133     0
  3132  3133  3129     0
  3070  3128  3119     0
  3124  3135  3128     0
  3118  3119  3135     0
  3128  3135  3119     0
  3098  3134  3125     0
  3130  3136  3134     0
  3124  3125  3136     0
  3134  3136  3125     0
  3042  3122  3131     0
  3118  3137  3122     0
  3130  3131  3137     0
  3122  3137  3131     0
  3124  3136  3135     0
  3130  3137  3136     0
  3118  3135  3137     0
  3136  3137  3135     0
  2114  3139  2643     0
  3138  3140  3139     0
  2642  2643  3140     0
  3139  3140  2643     0
  3141  3143  3145     0
  3142  3144  3143     0
  3138  3145  3144     0
  3143  3144  3145     0
  2645  2649  3147     0
  2642  3146  2649     0
  3142  3147  3146     0
  2649  3146  3147     0
  3138  3144  3140     0
  3142  3146  3144     0
  2642  3140  3146     0
  3144  3146  3140     0
  3148  3151  3153     0
  3149  3152  3151     0
  3150  3153  3152     0
  3151  3152  3153     0
  3154  3156  3158     0
  3155  3157  3156     0
  3149  3158  3157     0
  3156  3157  3158     0
  3141  3159  3161     0
  3150  3160  3159     0
  3155  3161  3160     0
  3159  3160  3161     0
  3149  3157  3152     0
  3155  3160  3157     0
  3150  3152  3160     0
  3157  3160  3152     0
  2652  2657  3164     0
  2654  3163  2657     0
  3162  3164  3163     0
  2657  3163  3164     0
  2645  3166  2663     0
  3165  3167  3166     0
  2654  2663  3167     0
  3166  3167  2663     0
  3154  3168  3170     0
  3162  3169  3168     0
  3165  3170  3169     0
  3168  3169  3170     0
  2654  3167  3163     0
  3165  3169  3167     0
  3162  3163  3169     0
  3167  3169  3163     0
  3141  3161  3143     0
  3155  3171  3161     0
  3142  3143  3171     0
  3161  3171  3143     0
  3154  3170  3156     0
  3165  3172  3170     0
  3155  3156  3172     0
  3170  3172  3156     0
  2645  3147  3166     0
  3142  3173  3147     0
  3165  3166  3173     0
  3147  3173  3166     0
  3155  3172  3171     0
  3165  3173  3172     0
  3142  3171  3173     0
  3172  3173  3171     0
  3174  3177  3179     0
  3175  3178  3177     0
  3176  3179  3178     0
  3177  3178  3179     0
  3180  3182  3184     0
  3181  3183  3182     0
  3175  3184  3183     0
  3182  3183  3184     0
  3185  3186  3188     0
  3176  3187  3186     0
  3181  3188  3187     0
  3186  3187  3188     0
  3175  3183  3178     0
  3181  3187  3183     0
  3176  3178  3187     0
  3183  3187  3178     0
  3189  3192  3194     0
  3190  3193  3192     0
  3191  3194  3193     0
  3192  3193  3194     0
  3195  3197  3199     0
  3196  3198  3197     0
  3190  3199  3198     0
  3197  3198  3199     0
  3180  3200  3202     0
  3191  3201  3200     0
  3196  3202  3201     0
  3200  3201  3202     0
  3190  3198  3193     0
  3196  3201  3198     0
  3191  3193  3201     0
  3198  3201  3193     0
  3148  3205  3207     0
  3203  3206  3205     0
  3204  3207  3206     0
  3205  3206  3207     0
  3185  3209  3211     0
  3208  3210  3209     0
  3203  3211  3210     0
  3209  3210  3211     0
  3195  3212  3214     0
  3204  3213  3212     0
  3208  3214  3213     0
  3212  3213  3214     0
  3203  3210  3206     0
  3208  3213  3210     0
  3204  3206  3213     0
  3210  3213  3206     0
  3180  3202  3182     0
  3196  3215  3202     0
  3181  3182  3215     0
  3202  3215  3182     0
  3195  3214  3197     0
  3208  3216  3214     0
  3196  3197  3216     0
  3214  3216  3197     0
  3185  3188  3209     0
  3181  3217  3188     0
  3208  3209  3217     0
  3188  3217  3209     0
  3196  3216  3215     0
  3208  3217  3216     0
  3181  3215  3217     0
  3216  3217  3215     0
  2678  2683  3220     0
  2680  3219  2683     0
  3218  3220  3219     0
  2683  3219  3220     0
  2689  3222  2690     0
  3221  3223  3222     0
  2680  2690  3223     0
  3222  3223  2690     0
  3224  3225  3227     0
  3218  3226  3225     0
  3221  3227  3226     0
  3225  3226  3227     0
  2680  3223  3219     0
  3221  3226  3223     0
  3218  3219  3226     0
  3223  3226  3219     0
  2652  3229  2709     0
  3228  3230  3229     0
  2707  2709  3230     0
  3229  3230  2709     0
  3231  3233  3235     0
  3232  3234  3233     0
  3228  3235  3234     0
  3233  3234  3235     0
  2689  2715  3237     0
  2707  3236  2715     0
  3232  3237  3236     0
  2715  3236  3237     0
  3228  3234  3230     0
  3232  3236  3234     0
  2707  3230  3236     0
  3234  3236  3230     0
  3189  3240  3242     0
  3238  3241  3240     0
  3239  3242  3241     0
  3240  3241  3242     0
  3224  3244  3246     0
  3243  3245  3244     0
  3238  3246  3245     0
  3244  3245  3246     0
  3231  3247  3249     0
  3239  3248  3247     0
  3243  3249  3248     0
  3247  3248  3249     0
  3238  3245  3241     0
  3243  3248  3245     0
  3239  3241  3248     0
  3245  3248  3241     0
  2689  3237  3222     0
  3232  3250  3237     0
  3221  3222  3250     0
  3237  3250  3222     0
  3231  3249  3233     0
  3243  3251  3249     0
  3232  3233  3251     0
  3249  3251  3233     0
  3224  3227  3244     0
  3221  3252  3227     0
  3243  3244  3252     0
  3227  3252  3244     0
  3232  3251  3250     0
  3243  3252  3251     0
  3221  3250  3252     0
  3251  3252  3250     0
  3148  3207  3151     0
  3204  3253  3207     0
  3149  3151  3253     0
  3207  3253  3151     0
  3195  3255  3212     0
  3254  3256  3255     0
  3204  3212  3256     0
  3255  3256  3212     0
  3154  3158  3258     0
  3149  3257  3158     0
  3254  3258  3257     0
  3158  3257  3258     0
  3204  3256  3253     0
  3254  3257  3256     0
  3149  3253  3257     0
  3256  3257  3253     0
  3189  3242  3192     0
  3239  3259  3242     0
  3190  3192  3259     0
  3242  3259  3192     0
  3231  3261  3247     0
  3260  3262  3261     0
  3239  3247  3262     0
  3261  3262  3247     0
  3195  3199  3264     0
  3190  3263  3199     0
  3260  3264  3263     0
  3199  3263  3264     0
  3239  3262  3259     0
  3260  3263  3262     0
  3190  3259  3263     0
  3262  3263  3259     0
  2652  3164  3229     0
  3162  3265  3164     0
  3228  3229  3265     0
  3164  3265  3229     0
  3154  3267  3168     0
  3266  3268  3267     0
  3162  3168  3268     0
  3267  3268  3168     0
  3231  3235  3270     0
  3228  3269  3235     0
  3266  3270  3269     0
  3235  3269  3270     0
  3162  3268  3265     0
  3266  3269  3268     0
  3228  3265  3269     0
  3268  3269  3265     0
  3195  3264  3255     0
  3260  3271  3264     0
  3254  3255  3271     0
  3264  3271  3255     0
  3231  3270  3261     0
  3266  3272  3270     0
  3260  3261  3272     0
  3270  3272  3261     0
  3154  3258  3267     0
  3254  3273  3258     0
  3266  3267  3273     0
  3258  3273  3267     0
  3260  3272  3271     0
  3266  3273  3272     0
  3254  3271  3273     0
  3272  3273  3271     0
  1362  1367  3276     0
  1364  3275  1367     0
  3274  3276  3275     0
  1367  3275  3276     0
  1373  3278  1374     0
  3277  3279  3278     0
  1364  1374  3279     0
  3278  3279  1374     0
  3280  3281  3283     0
  3274  3282  3281     0
  3277  3283  3282     0
  3281  3282  3283     0
  1364  3279  3275     0
  3277  3282  3279     0
  3274  3275  3282     0
  3279  3282  3275     0
  1391  3285  1394     0
  3284  3286  3285     0
  1392  1394  3286     0
  3285  3286  1394     0
  3287  3289  3291     0
  3288  3290  3289     0
  3284  3291  3290     0
  3289  3290  3291     0
  1373  1400  3293     0
  1392  3292  1400     0
  3288  3293  3292     0
  1400  3292  3293     0
  3284  3290  3286     0
  3288  3292  3290     0
  1392  3286  3292     0
  3290  3292  3286     0
  3294  3297  3299     0
  3295  3298  3297     0
  3296  3299  3298     0
  3297  3298  3299     0
  3280  3301  3303     0
  3300  3302  3301     0
  3295  3303  3302     0
  3301  3302  3303     0
  3287  3304  3306     0
  3296  3305  3304     0
  3300  3306  3305     0
  3304  3305  3306     0
  3295  3302  3298     0
  3300  3305  3302     0
  3296  3298  3305     0
  3302  3305  3298     0
  1373  3293  3278     0
  3288  3307  3293     0
  3277  3278  3307     0
  3293  3307  3278     0
  3287  3306  3289     0
  3300  3308  3306     0
  3288  3289  3308     0
  3306  3308  3289     0
  3280  3283  3301     0
  3277  3309  3283     0
  3300  3301  3309     0
  3283  3309  3301     0
  3288  3308  3307     0
  3300  3309  3308     0
  3277  3307  3309     0
  3308  3309  3307     0
  1262  3311  1452     0
  3310  3312  3311     0
  1450  1452  3312     0
  3311  3312  1452     0
  3313  3315  3317     0
  3314  3316  3315     0
  3310  3317  3316     0
  3315  3316  3317     0
  1455  1459  3319     0
  1450  3318  1459     0
  3314  3319  3318     0
  1459  3318  3319     0
  3310  3316  3312     0
  3314  3318  3316     0
  1450  3312  3318     0
  3316  3318  3312     0
  3320  3323  3325     0
  3321  3324  3323     0
  3322  3325  3324     0
  3323  3324  3325     0
  3326  3328  3330     0
  3327  3329  3328     0
  3321  3330  3329     0
  3328  3329  3330     0
  3313  3331  3333     0
  3322  3332  3331     0
  3327  3333  3332     0
  3331  3332  3333     0
  3321  3329  3324     0
  3327  3332  3329     0
  3322  3324  3332     0
  3329  3332  3324     0
  1391  1468  3336     0
  1465  3335  1468     0
  3334  3336  3335     0
  1468  3335  3336     0
  1455  3338  1474     0
  3337  3339  3338     0
  1465  1474  3339     0
  3338  3339  1474     0
  3326  3340  3342     0
  3334  3341  3340     0
  3337  3342  3341     0
  3340  3341  3342     0
  1465  3339  3335     0
  3337  3341  3339     0
  3334  3335  3341     0
  3339  3341  3335     0
  3313  3333  3315     0
  3327  3343  3333     0
  3314  3315  3343     0
  3333  3343  3315     0
  3326  3342  3328     0
  3337  3344  3342     0
  3327  3328  3344     0
  3342  3344  3328     0
  1455  3319  3338     0
  3314  3345  3319     0
  3337  3338  3345     0
  3319  3345  3338     0
  3327  3344  3343     0
  3337  3345  3344     0
  3314  3343  3345     0
  3344  3345  3343     0
  3174  3348  3350     0
  3346  3349  3348     0
  3347  3350  3349     0
  3348  3349  3350     0
  3351  3353  3355     0
  3352  3354  3353     0
  3346  3355  3354     0
  3353  3354  3355     0
  3356  3357  3359     0
  3347  3358  3357     0
  3352  3359  3358     0
  3357  3358  3359     0
  3346  3354  3349     0
  3352  3358  3354     0
  3347  3349  3358     0
  3354  3358  3349     0
  3294  3362  3364     0
  3360  3363  3362     0
  3361  3364  3363     0
  3362  3363  3364     0
  3365  3367  3369     0
  3366  3368  3367     0
  3360  3369  3368     0
  3367  3368  3369     0
  3351  3370  3372     0
  3361  3371  3370     0
  3366  3372  3371     0
  3370  3371  3372     0
  3360  3368  3363     0
  3366  3371  3368     0
  3361  3363  3371     0
  3368  3371  3363     0
  3320  3375  3377     0
  3373  3376  3375     0
  3374  3377  3376     0
  3375  3376  3377     0
  3356  3379  3381     0
  3378  3380  3379     0
  3373  3381  3380     0
  3379  3380  3381     0
  3365  3382  3384     0
  3374  3383  3382     0
  3378  3384  3383     0
  3382  3383  3384     0
  3373  3380  3376     0
  3378  3383  3380     0
  3374  3376  3383     0
  3380  3383  3376     0
  3351  3372  3353     0
  3366  3385  3372     0
  3352  3353  3385     0
  3372  3385  3353     0
  3365  3384  3367     0
  3378  3386  3384     0
  3366  3367  3386     0
  3384  3386  3367     0
  3356  3359  3379     0
  3352  3387  3359     0
  3378  3379  3387     0
  3359  3387  3379     0
  3366  3386  3385     0
  3378  3387  3386     0
  3352  3385  3387     0
  3386  3387  3385     0
  1391  3336  3285     0
  3334  3388  3336     0
  3284  3285  3388     0
  3336  3388  3285     0
  3326  3390  3340     0
  3389  3391  3390     0
  3334  3340  3391     0
  3390  3391  3340     0
  3287  3291  3393     0
  3284  3392  3291     0
  3389  3393  3392     0
  3291  3392  3393     0
  3334  3391  3388     0
  3389  3392  3391     0
  3284  3388  3392     0
  3391  3392  3388     0
  3320  3377  3323     0
  3374  3394  3377     0
  3321  3323  3394     0
  3377  3394  3323     0
  3365  3396  3382     0
  3395  3397  3396     0
  3374  3382  3397     0
  3396  3397  3382     0
  3326  3330  3399     0
  3321  3398  3330     0
  3395  3399  3398     0
  3330  3398  3399     0
  3374  3397  3394     0
  3395  3398  3397     0
  3321  3394  3398     0
  3397  3398  3394     0
  3294  3299  3362     0
  3296  3400  3299     0
  3360  3362  3400     0
  3299  3400  3362     0
  3287  3402  3304     0
  3401  3403  3402     0
  3296  3304  3403     0
  3402  3403  3304     0
  3365  3369  3405     0
  3360  3404  3369     0
  3401  3405  3404     0
  3369  3404  3405     0
  3296  3403  3400     0
  3401  3404  3403     0
  3360  3400  3404     0
  3403  3404  3400     0
  3326  3399  3390     0
  3395  3406  3399     0
  3389  3390  3406     0
  3399  3406  3390     0
  3365  3405  3396     0
  3401  3407  3405     0
  3395  3396  3407     0
  3405  3407  3396     0
  3287  3393  3402     0
  3389  3408  3393     0
  3401  3402  3408     0
  3393  3408  3402     0
  3395  3407  3406     0
  3401  3408  3407     0
  3389  3406  3408     0
  3407  3408  3406     0
   834  2780  1227     0
  2778  3409  2780     0
  1226  1227  3409     0
  2780  3409  1227     0
  2784  3411  2785     0
  3410  3412  3411     0
  2778  2785  3412     0
  3411  3412  2785     0
  1229  1233  3414     0
  1226  3413  1233     0
  3410  3414  3413     0
  1233  3413  3414     0
  2778  3412  3409     0
  3410  3413  3412     0
  1226  3409  3413     0
  3412  3413  3409     0
  2798  3416  2801     0
  3415  3417  3416     0
  2799  2801  3417     0
  3416  3417  2801     0
  3418  3420  3422     0
  3419  3421  3420     0
  3415  3422  3421     0
  3420  3421  3422     0
  2784  2807  3424     0
  2799  3423  2807     0
  3419  3424  3423     0
  2807  3423  3424     0
  3415  3421  3417     0
  3419  3423  3421     0
  2799  3417  3423     0
  3421  3423  3417     0
  1236  1241  3427     0
  1238  3426  1241     0
  3425  3427  3426     0
  1241  3426  3427     0
  1229  3429  1247     0
  3428  3430  3429     0
  1238  1247  3430     0
  3429  3430  1247     0
  3418  3431  3433     0
  3425  3432  3431     0
  3428  3433  3432     0
  3431  3432  3433     0
  1238  3430  3426     0
  3428  3432  3430     0
  3425  3426  3432     0
  3430  3432  3426     0
  2784  3424  3411     0
  3419  3434  3424     0
  3410  3411  3434     0
  3424  3434  3411     0
  3418  3433  3420     0
  3428  3435  3433     0
  3419  3420  3435     0
  3433  3435  3420     0
  1229  3414  3429     0
  3410  3436  3414     0
  3428  3429  3436     0
  3414  3436  3429     0
  3419  3435  3434     0
  3428  3436  3435     0
  3410  3434  3436     0
  3435  3436  3434     0
  2678  3438  2852     0
  3437  3439  3438     0
  2850  2852  3439     0
  3438  3439  2852     0
  3440  3442  3444     0
  3441  3443  3442     0
  3437  3444  3443     0
  3442  3443  3444     0
  2855  2859  3446     0
  2850  3445  2859     0
  3441  3446  3445     0
  2859  3445  3446     0
  3437  3443  3439     0
  3441  3445  3443     0
  2850  3439  3445     0
  3443  3445  3439     0
  3447  3450  3452     0
  3448  3451  3450     0
  3449  3452  3451     0
  3450  3451  3452     0
  3453  3455  3457     0
  3454  3456  3455     0
  3448  3457  3456     0
  3455  3456  3457     0
  3440  3458  3460     0
  3449  3459  3458     0
  3454  3460  3459     0
  3458  3459  3460     0
  3448  3456  3451     0
  3454  3459  3456     0
  3449  3451  3459     0
  3456  3459  3451     0
  2798  2868  3463     0
  2865  3462  2868     0
  3461  3463  3462     0
  2868  3462  3463     0
  2855  3465  2874     0
  3464  3466  3465     0
  2865  2874  3466     0
  3465  3466  2874     0
  3453  3467  3469     0
  3461  3468  3467     0
  3464  3469  3468     0
  3467  3468  3469     0
  2865  3466  3462     0
  3464  3468  3466     0
  3461  3462  3468     0
  3466  3468  3462     0
  3440  3460  3442     0
  3454  3470  3460     0
  3441  3442  3470     0
  3460  3470  3442     0
  3453  3469  3455     0
  3464  3471  3469     0
  3454  3455  3471     0
  3469  3471  3455     0
  2855  3446  3465     0
  3441  3472  3446     0
  3464  3465  3472     0
  3446  3472  3465     0
  3454  3471  3470     0
  3464  3472  3471     0
  3441  3470  3472     0
  3471  3472  3470     0
  1262  1267  3475     0
  1264  3474  1267     0
  3473  3475  3474     0
  1267  3474  3475     0
  1273  3477  1274     0
  3476  3478  3477     0
  1264  1274  3478     0
  3477  3478  1274     0
  3479  3480  3482     0
  3473  3481  3480     0
  3476  3482  3481     0
  3480  3481  3482     0
  1264  3478  3474     0
  3476  3481  3478     0
  3473  3474  3481     0
  3478  3481  3474     0
  1236  3484  1293     0
  3483  3485  3484     0
  1291  1293  3485     0
  3484  3485  1293     0
  3486  3488  3490     0
  3487  3489  3488     0
  3483  3490  3489     0
  3488  3489  3490     0
  1273  1299  3492     0
  1291  3491  1299     0
  3487  3492  3491     0
  1299  3491  3492     0
  3483  3489  3485     0
  3487  3491  3489     0
  1291  3485  3491     0
  3489  3491  3485     0
  3447  3495  3497     0
  3493  3496  3495     0
  3494  3497  3496     0
  3495  3496  3497     0
  3479  3499  3501     0
  3498  3500  3499     0
  3493  3501  3500     0
  3499  3500  3501     0
  3486  3502  3504     0
  3494  3503  3502     0
  3498  3504  3503     0
  3502  3503  3504     0
  3493  3500  3496     0
  3498  3503  3500     0
  3494  3496  3503     0
  3500  3503  3496     0
  1273  3492  3477     0
  3487  3505  3492     0
  3476  3477  3505     0
  3492  3505  3477     0
  3486  3504  3488     0
  3498  3506  3504     0
  3487  3488  3506     0
  3504  3506  3488     0
  3479  3482  3499     0
  3476  3507  3482     0
  3498  3499  3507     0
  3482  3507  3499     0
  3487  3506  3505     0
  3498  3507  3506     0
  3476  3505  3507     0
  3506  3507  3505     0
  2798  3463  3416     0
  3461  3508  3463     0
  3415  3416  3508     0
  3463  3508  3416     0
  3453  3510  3467     0
  3509  3511  3510     0
  3461  3467  3511     0
  3510  3511  3467     0
  3418  3422  3513     0
  3415  3512  3422     0
  3509  3513  3512     0
  3422  3512  3513     0
  3461  3511  3508     0
  3509  3512  3511     0
  3415  3508  3512     0
  3511  3512  3508     0
  3447  3497  3450     0
  3494  3514  3497     0
  3448  3450  3514     0
  3497  3514  3450     0
  3486  3516  3502     0
  3515  3517  3516     0
  3494  3502  3517     0
  3516  3517  3502     0
  3453  3457  3519     0
  3448  3518  3457     0
  3515  3519  3518     0
  3457  3518  3519     0
  3494  3517  3514     0
  3515  3518  3517     0
  3448  3514  3518     0
  3517  3518  3514     0
  1236  3427  3484     0
  3425  3520  3427     0
  3483  3484  3520     0
  3427  3520  3484     0
  3418  3522  3431     0
  3521  3523  3522     0
  3425  3431  3523     0
  3522  3523  3431     0
  3486  3490  3525     0
  3483  3524  3490     0
  3521  3525  3524     0
  3490  3524  3525     0
  3425  3523  3520     0
  3521  3524  3523     0
  3483  3520  3524     0
  3523  3524  3520     0
  3453  3519  3510     0
  3515  3526  3519     0
  3509  3510  3526     0
  3519  3526  3510     0
  3486  3525  3516     0
  3521  3527  3525     0
  3515  3516  3527     0
  3525  3527  3516     0
  3418  3513  3522     0
  3509  3528  3513     0
  3521  3522  3528     0
  3513  3528  3522     0
  3515  3527  3526     0
  3521  3528  3527     0
  3509  3526  3528     0
  3527  3528  3526     0
  3174  3350  3177     0
  3347  3529  3350     0
  3175  3177  3529     0
  3350  3529  3177     0
  3356  3531  3357     0
  3530  3532  3531     0
  3347  3357  3532     0
  3531  3532  3357     0
  3180  3184  3534     0
  3175  3533  3184     0
  3530  3534  3533     0
  3184  3533  3534     0
  3347  3532  3529     0
  3530  3533  3532     0
  3175  3529  3533     0
  3532  3533  3529     0
  3320  3536  3375     0
  3535  3537  3536     0
  3373  3375  3537     0
  3536  3537  3375     0
  3538  3540  3542     0
  3539  3541  3540     0
  3535  3542  3541     0
  3540  3541  3542     0
  3356  3381  3544     0
  3373  3543  3381     0
  3539  3544  3543     0
  3381  3543  3544     0
  3535  3541  3537     0
  3539  3543  3541     0
  3373  3537  3543     0
  3541  3543  3537     0
  3189  3194  3547     0
  3191  3546  3194     0
  3545  3547  3546     0
  3194  3546  3547     0
  3180  3549  3200     0
  3548  3550  3549     0
  3191  3200  3550     0
  3549  3550  3200     0
  3538  3551  3553     0
  3545  3552  3551     0
  3548  3553  3552     0
  3551  3552  3553     0
  3191  3550  3546     0
  3548  3552  3550     0
  3545  3546  3552     0
  3550  3552  3546     0
  3356  3544  3531     0
  3539  3554  3544     0
  3530  3531  3554     0
  3544  3554  3531     0
  3538  3553  3540     0
  3548  3555  3553     0
  3539  3540  3555     0
  3553  3555  3540     0
  3180  3534  3549     0
  3530  3556  3534     0
  3548  3549  3556     0
  3534  3556  3549     0
  3539  3555  3554     0
  3548  3556  3555     0
  3530  3554  3556     0
  3555  3556  3554     0
  1262  3475  3311     0
  3473  3557  3475     0
  3310  3311  3557     0
  3475  3557  3311     0
  3479  3559  3480     0
  3558  3560  3559     0
  3473  3480  3560     0
  3559  3560  3480     0
  3313  3317  3562     0
  3310  3561  3317     0
  3558  3562  3561     0
  3317  3561  3562     0
  3473  3560  3557     0
  3558  3561  3560     0
  3310  3557  3561     0
  3560  3561  3557     0
  3447  3564  3495     0
  3563  3565  3564     0
  3493  3495  3565     0
  3564  3565  3495     0
  3566  3568  3570     0
  3567  3569  3568     0
  3563  3570  3569     0
  3568  3569  3570     0
  3479  3501  3572     0
  3493  3571  3501     0
  3567  3572  3571     0
  3501  3571  3572     0
  3563  3569  3565     0
  3567  3571  3569     0
  3493  3565  3571     0
  3569  3571  3565     0
  3320  3325  3575     0
  3322  3574  3325     0
  3573  3575  3574     0
  3325  3574  3575     0
  3313  3577  3331     0
  3576  3578  3577     0
  3322  3331  3578     0
  3577  3578  3331     0
  3566  3579  3581     0
  3573  3580  3579     0
  3576  3581  3580     0
  3579  3580  3581     0
  3322  3578  3574     0
  3576  3580  3578     0
  3573  3574  3580     0
  3578  3580  3574     0
  3479  3572  3559     0
  3567  3582  3572     0
  3558  3559  3582     0
  3572  3582  3559     0
  3566  3581  3568     0
  3576  3583  3581     0
  3567  3568  3583     0
  3581  3583  3568     0
  3313  3562  3577     0
  3558  3584  3562     0
  3576  3577  3584     0
  3562  3584  3577     0
  3567  3583  3582     0
  3576  3584  3583     0
  3558  3582  3584     0
  3583  3584  3582     0
  2678  3220  3438     0
  3218  3585  3220     0
  3437  3438  3585     0
  3220  3585  3438     0
  3224  3587  3225     0
  3586  3588  3587     0
  3218  3225  3588     0
  3587  3588  3225     0
  3440  3444  3590     0
  3437  3589  3444     0
  3586  3590  3589     0
  3444  3589  3590     0
  3218  3588  3585     0
  3586  3589  3588     0
  3437  3585  3589     0
  3588  3589  3585     0
  3189  3592  3240     0
  3591  3593  3592     0
  3238  3240  3593     0
  3592  3593  3240     0
  3594  3596  3598     0
  3595  3597  3596     0
  3591  3598  3597     0
  3596  3597  3598     0
  3224  3246  3600     0
  3238  3599  3246     0
  3595  3600  3599     0
  3246  3599  3600     0
  3591  3597  3593     0
  3595  3599  3597     0
  3238  3593  3599     0
  3597  3599  3593     0
  3447  3452  3603     0
  3449  3602  3452     0
  3601  3603  3602     0
  3452  3602  3603     0
  3440  3605  3458     0
  3604  3606  3605     0
  3449  3458  3606     0
  3605  3606  3458     0
  3594  3607  3609     0
  3601  3608  3607     0
  3604  3609  3608     0
  3607  3608  3609     0
  3449  3606  3602     0
  3604  3608  3606     0
  3601  3602  3608     0
  3606  3608  3602     0
  3224  3600  3587     0
  3595  3610  3600     0
  3586  3587  3610     0
  3600  3610  3587     0
  3594  3609  3596     0
  3604  3611  3609     0
  3595  3596  3611     0
  3609  3611  3596     0
  3440  3590  3605     0
  3586  3612  3590     0
  3604  3605  3612     0
  3590  3612  3605     0
  3595  3611  3610     0
  3604  3612  3611     0
  3586  3610  3612     0
  3611  3612  3610     0
  3320  3575  3536     0
  3573  3613  3575     0
  3535  3536  3613     0
  3575  3613  3536     0
  3566  3615  3579     0
  3614  3616  3615     0
  3573  3579  3616     0
  3615  3616  3579     0
  3538  3542  3618     0
  3535  3617  3542     0
  3614  3618  3617     0
  3542  3617  3618     0
  3573  3616  3613     0
  3614  3617  3616     0
  3535  3613  3617     0
  3616  3617  3613     0
  3447  3603  3564     0
  3601  3619  3603     0
  3563  3564  3619     0
  3603  3619  3564     0
  3594  3621  3607     0
  3620  3622  3621     0
  3601  3607  3622     0
  3621  3622  3607     0
  3566  3570  3624     0
  3563  3623  3570     0
  3620  3624  3623     0
  3570  3623  3624     0
  3601  3622  3619     0
  3620  3623  3622     0
  3563  3619  3623     0
  3622  3623  3619     0
  3189  3547  3592     0
  3545  3625  3547     0
  3591  3592  3625     0
  3547  3625  3592     0
  3538  3627  3551     0
  3626  3628  3627     0
  3545  3551  3628     0
  3627  3628  3551     0
  3594  3598  3630     0
  3591  3629  3598     0
  3626  3630  3629     0
  3598  3629  3630     0
  3545  3628  3625     0
  3626  3629  3628     0
  3591  3625  3629     0
  3628  3629  3625     0
  3566  3624  3615     0
  3620  3631  3624     0
  3614  3615  3631     0
  3624  3631  3615     0
  3594  3630  3621     0
  3626  3632  3630     0
  3620  3621  3632     0
  3630  3632  3621     0
  3538  3618  3627     0
  3614  3633  3618     0
  3626  3627  3633     0
  3618  3633  3627     0
  3620  3632  3631     0
  3626  3633  3632     0
  3614  3631  3633     0
  3632  3633  3631     0
  2114  2119  3139     0
  2116  3634  2119     0
  3138  3139  3634     0
  2119  3634  3139     0
  2125  3636  2126     0
  3635  3637  3636     0
  2116  2126  3637     0
  3636  3637  2126     0
  3141  3145  3639     0
  3138  3638  3145     0
  3635  3639  3638     0
  3145  3638  3639     0
  2116  3637  3634     0
  3635  3638  3637     0
  3138  3634  3638     0
  3637  3638  3634     0
  2143  3641  2146     0
  3640  3642  3641     0
  2144  2146  3642     0
  3641  3642  2146     0
  3643  3645  3647     0
  3644  3646  3645     0
  3640  3647  3646     0
  3645  3646  3647     0
  2125  2152  3649     0
  2144  3648  2152     0
  3644  3649  3648     0
  2152  3648  3649     0
  3640  3646  3642     0
  3644  3648  3646     0
  2144  3642  3648     0
  3646  3648  3642     0
  3148  3153  3652     0
  3150  3651  3153     0
  3650  3652  3651     0
  3153  3651  3652     0
  3141  3654  3159     0
  3653  3655  3654     0
  3150  3159  3655     0
  3654  3655  3159     0
  3643  3656  3658     0
  3650  3657  3656     0
  3653  3658  3657     0
  3656  3657  3658     0
  3150  3655  3651     0
  3653  3657  3655     0
  3650  3651  3657     0
  3655  3657  3651     0
  2125  3649  3636     0
  3644  3659  3649     0
  3635  3636  3659     0
  3649  3659  3636     0
  3643  3658  3645     0
  3653  3660  3658     0
  3644  3645  3660     0
  3658  3660  3645     0
  3141  3639  3654     0
  3635  3661  3639     0
  3653  3654  3661     0
  3639  3661  3654     0
  3644  3660  3659     0
  3653  3661  3660     0
  3635  3659  3661     0
  3660  3661  3659     0
  2203  3663  2206     0
  3662  3664  3663     0
  2204  2206  3664     0
  3663  3664  2206     0
  3665  3667  3669     0
  3666  3668  3667     0
  3662  3669  3668     0
  3667  3668  3669     0
  2209  2213  3671     0
  2204  3670  2213     0
  3666  3671  3670     0
  2213  3670  3671     0
  3662  3668  3664     0
  3666  3670  3668     0
  2204  3664  3670     0
  3668  3670  3664     0
  3672  3675  3677     0
  3673  3676  3675     0
  3674  3677  3676     0
  3675  3676  3677     0
  3678  3680  3682     0
  3679  3681  3680     0
  3673  3682  3681     0
  3680  3681  3682     0
  3665  3683  3685     0
  3674  3684  3683     0
  3679  3685  3684     0
  3683  3684  3685     0
  3673  3681  3676     0
  3679  3684  3681     0
  3674  3676  3684     0
  3681  3684  3676     0
  2143  2222  3688     0
  2219  3687  2222     0
  3686  3688  3687     0
  2222  3687  3688     0
  2209  3690  2228     0
  3689  3691  3690     0
  2219  2228  3691     0
  3690  3691  2228     0
  3678  3692  3694     0
  3686  3693  3692     0
  3689  3694  3693     0
  3692  3693  3694     0
  2219  3691  3687     0
  3689  3693  3691     0
  3686  3687  3693     0
  3691  3693  3687     0
  3665  3685  3667     0
  3679  3695  3685     0
  3666  3667  3695     0
  3685  3695  3667     0
  3678  3694  3680     0
  3689  3696  3694     0
  3679  3680  3696     0
  3694  3696  3680     0
  2209  3671  3690     0
  3666  3697  3671     0
  3689  3690  3697     0
  3671  3697  3690     0
  3679  3696  3695     0
  3689  3697  3696     0
  3666  3695  3697     0
  3696  3697  3695     0
  3174  3179  3700     0
  3176  3699  3179     0
  3698  3700  3699     0
  3179  3699  3700     0
  3185  3702  3186     0
  3701  3703  3702     0
  3176  3186  3703     0
  3702  3703  3186     0
  3704  3705  3707     0
  3698  3706  3705     0
  3701  3707  3706     0
  3705  3706  3707     0
  3176  3703  3699     0
  3701  3706  3703     0
  3698  3699  3706     0
  3703  3706  3699     0
  3148  3709  3205     0
  3708  3710  3709     0
  3203  3205  3710     0
  3709  3710  3205     0
  3711  3713  3715     0
  3712  3714  3713     0
  3708  3715  3714     0
  3713  3714  3715     0
  3185  3211  3717     0
  3203  3716  3211     0
  3712  3717  3716     0
  3211  3716  3717     0
  3708  3714  3710     0
  3712  3716  3714     0
  3203  3710  3716     0
  3714  3716  3710     0
  3672  3720  3722     0
  3718  3721  3720     0
  3719  3722  3721     0
  3720  3721  3722     0
  3704  3724  3726     0
  3723  3725  3724     0
  3718  3726  3725     0
  3724  3725  3726     0
  3711  3727  3729     0
  3719  3728  3727     0
  3723  3729  3728     0
  3727  3728  3729     0
  3718  3725  3721     0
  3723  3728  3725     0
  3719  3721  3728     0
  3725  3728  3721     0
  3185  3717  3702     0
  3712  3730  3717     0
  3701  3702  3730     0
  3717  3730  3702     0
  3711  3729  3713     0
  3723  3731  3729     0
  3712  3713  3731     0
  3729  3731  3713     0
  3704  3707  3724     0
  3701  3732  3707     0
  3723  3724  3732     0
  3707  3732  3724     0
  3712  3731  3730     0
  3723  3732  3731     0
  3701  3730  3732     0
  3731  3732  3730     0
  2143  3688  3641     0
  3686  3733  3688     0
  3640  3641  3733     0
  3688  3733  3641     0
  3678  3735  3692     0
  3734  3736  3735     0
  3686  3692  3736     0
  3735  3736  3692     0
  3643  3647  3738     0
  3640  3737  3647     0
  3734  3738  3737     0
  3647  3737  3738     0
  3686  3736  3733     0
  3734  3737  3736     0
  3640  3733  3737     0
  3736  3737  3733     0
  3672  3722  3675     0
  3719  3739  3722     0
  3673  3675  3739     0
  3722  3739  3675     0
  3711  3741  3727     0
  3740  3742  3741     0
  3719  3727  3742     0
  3741  3742  3727     0
  3678  3682  3744     0
  3673  3743  3682     0
  3740  3744  3743     0
  3682  3743  3744     0
  3719  3742  3739     0
  3740  3743  3742     0
  3673  3739  3743     0
  3742  3743  3739     0
  3148  3652  3709     0
  3650  3745  3652     0
  3708  3709  3745     0
  3652  3745  3709     0
  3643  3747  3656     0
  3746  3748  3747     0
  3650  3656  3748     0
  3747  3748  3656     0
  3711  3715  3750     0
  3708  3749  3715     0
  3746  3750  3749     0
  3715  3749  3750     0
  3650  3748  3745     0
  3746  3749  3748     0
  3708  3745  3749     0
  3748  3749  3745     0
  3678  3744  3735     0
  3740  3751  3744     0
  3734  3735  3751     0
  3744  3751  3735     0
  3711  3750  3741     0
  3746  3752  3750     0
  3740  3741  3752     0
  3750  3752  3741     0
  3643  3738  3747     0
  3734  3753  3738     0
  3746  3747  3753     0
  3738  3753  3747     0
  3740  3752  3751     0
  3746  3753  3752     0
  3734  3751  3753     0
  3752  3753  3751     0
   154  1876  2403     0
  1874  3754  1876     0
  2402  2403  3754     0
  1876  3754  2403     0
  1880  3756  1881     0
  3755  3757  3756     0
  1874  1881  3757     0
  3756  3757  1881     0
  2405  2409  3759     0
  2402  3758  2409     0
  3755  3759  3758     0
  2409  3758  3759     0
  1874  3757  3754     0
  3755  3758  3757     0
  2402  3754  3758     0
  3757  3758  3754     0
  1894  3761  1897     0
  3760  3762  3761     0
  1895  1897  3762     0
  3761  3762  1897     0
  3763  3765  3767     0
  3764  3766  3765     0
  3760  3767  3766     0
  3765  3766  3767     0
  1880  1903  3769     0
  1895  3768  1903     0
  3764  3769  3768     0
  1903  3768  3769     0
  3760  3766  3762     0
  3764  3768  3766     0
  1895  3762  3768     0
  3766  3768  3762     0
  2412  2417  3772     0
  2414  3771  2417     0
  3770  3772  3771     0
  2417  3771  3772     0
  2405  3774  2423     0
  3773  3775  3774     0
  2414  2423  3775     0
  3774  3775  2423     0
  3763  3776  3778     0
  3770  3777  3776     0
  3773  3778  3777     0
  3776  3777  3778     0
  2414  3775  3771     0
  3773  3777  3775     0
  3770  3771  3777     0
  3775  3777  3771     0
  1880  3769  3756     0
  3764  3779  3769     0
  3755  3756  3779     0
  3769  3779  3756     0
  3763  3778  3765     0
  3773  3780  3778     0
  3764  3765  3780     0
  3778  3780  3765     0
  2405  3759  3774     0
  3755  3781  3759     0
  3773  3774  3781     0
  3759  3781  3774     0
  3764  3780  3779     0
  3773  3781  3780     0
  3755  3779  3781     0
  3780  3781  3779     0
  1774  3783  1948     0
  3782  3784  3783     0
  1946  1948  3784     0
  3783  3784  1948     0
  3785  3787  3789     0
  3786  3788  3787     0
  3782  3789  3788     0
  3787  3788  3789     0
  1951  1955  3791     0
  1946  3790  1955     0
  3786  3791  3790     0
  1955  3790  3791     0
  3782  3788  3784     0
  3786  3790  3788     0
  1946  3784  3790     0
  3788  3790  3784     0
  3792  3795  3797     0
  3793  3796  3795     0
  3794  3797  3796     0
  3795  3796  3797     0
  3798  3800  3802     0
  3799  3801  3800     0
  3793  3802  3801     0
  3800  3801  3802     0
  3785  3803  3805     0
  3794  3804  3803     0
  3799  3805  3804     0
  3803  3804  3805     0
  3793  3801  3796     0
  3799  3804  3801     0
  3794  3796  3804     0
  3801  3804  3796     0
  1894  1964  3808     0
  1961  3807  1964     0
  3806  3808  3807     0
  1964  3807  3808     0
  1951  3810  1970     0
  3809  3811  3810     0
  1961  1970  3811     0
  3810  3811  1970     0
  3798  3812  3814     0
  3806  3813  3812     0
  3809  3814  3813     0
  3812  3813  3814     0
  1961  3811  3807     0
  3809  3813  3811     0
  3806  3807  3813     0
  3811  3813  3807     0
  3785  3805  3787     0
  3799  3815  3805     0
  3786  3787  3815     0
  3805  3815  3787     0
  3798  3814  3800     0
  3809  3816  3814     0
  3799  3800  3816     0
  3814  3816  3800     0
  1951  3791  3810     0
  3786  3817  3791     0
  3809  3810  3817     0
  3791  3817  3810     0
  3799  3816  3815     0
  3809  3817  3816     0
  3786  3815  3817     0
  3816  3817  3815     0
  2203  2442  3820     0
  2439  3819  2442     0
  3818  3820  3819     0
  2442  3819  3820     0
  2448  3822  2449     0
  3821  3823  3822     0
  2439  2449  3823     0
  3822  3823  2449     0
  3824  3825  3827     0
  3818  3826  3825     0
  3821  3827  3826     0
  3825  3826  3827     0
  2439  3823  3819     0
  3821  3826  3823     0
  3818  3819  3826     0
  3823  3826  3819     0
  2412  3829  2468     0
  3828  3830  3829     0
  2466  2468  3830     0
  3829  3830  2468     0
  3831  3833  3835     0
  3832  3834  3833     0
  3828  3835  3834     0
  3833  3834  3835     0
  2448  2474  3837     0
  2466  3836  2474     0
  3832  3837  3836     0
  2474  3836  3837     0
  3828  3834  3830     0
  3832  3836  3834     0
  2466  3830  3836     0
  3834  3836  3830     0
  3792  3840  3842     0
  3838  3841  3840     0
  3839  3842  3841     0
  3840  3841  3842     0
  3824  3844  3846     0
  3843  3845  3844     0
  3838  3846  3845     0
  3844  3845  3846     0
  3831  3847  3849     0
  3839  3848  3847     0
  3843  3849  3848     0
  3847  3848  3849     0
  3838  3845  3841     0
  3843  3848  3845     0
  3839  3841  3848     0
  3845  3848  3841     0
  2448  3837  3822     0
  3832  3850  3837     0
  3821  3822  3850     0
  3837  3850  3822     0
  3831  3849  3833     0
  3843  3851  3849     0
  3832  3833  3851     0
  3849  3851  3833     0
  3824  3827  3844     0
  3821  3852  3827     0
  3843  3844  3852     0
  3827  3852  3844     0
  3832  3851  3850     0
  3843  3852  3851     0
  3821  3850  3852     0
  3851  3852  3850     0
  1894  3808  3761     0
  3806  3853  3808     0
  3760  3761  3853     0
  3808  3853  3761     0
  3798  3855  3812     0
  3854  3856  3855     0
  3806  3812  3856     0
  3855  3856  3812     0
  3763  3767  3858     0
  3760  3857  3767     0
  3854  3858  3857     0
  3767  3857  3858     0
  3806  3856  3853     0
  3854  3857  3856     0
  3760  3853  3857     0
  3856  3857  3853     0
  3792  3842  3795     0
  3839  3859  3842     0
  3793  3795  3859     0
  3842  3859  3795     0
  3831  3861  3847     0
  3860  3862  3861     0
  3839  3847  3862     0
  3861  3862  3847     0
  3798  3802  3864     0
  3793  3863  3802     0
  3860  3864  3863     0
  3802  3863  3864     0
  3839  3862  3859     0
  3860  3863  3862     0
  3793  3859  3863     0
  3862  3863  3859     0
  2412  3772  3829     0
  3770  3865  3772     0
  3828  3829  3865     0
  3772  3865  3829     0
  3763  3867  3776     0
  3866  3868  3867     0
  3770  3776  3868     0
  3867  3868  3776     0
  3831  3835  3870     0
  3828  3869  3835     0
  3866  3870  3869     0
  3835  3869  3870     0
  3770  3868  3865     0
  3866  3869  3868     0
  3828  3865  3869     0
  3868  3869  3865     0
  3798  3864  3855     0
  3860  3871  3864     0
  3854  3855  3871     0
  3864  3871  3855     0
  3831  3870  3861     0
  3866  3872  3870     0
  3860  3861  3872     0
  3870  3872  3861     0
  3763  3858  3867     0
  3854  3873  3858     0
  3866  3867  3873     0
  3858  3873  3867     0
  3860  3872  3871     0
  3866  3873  3872     0
  3854  3871  3873     0
  3872  3873  3871     0
  1362  3276  1739     0
  3274  3874  3276     0
  1738  1739  3874     0
  3276  3874  1739     0
  3280  3876  3281     0
  3875  3877  3876     0
  3274  3281  3877     0
  3876  3877  3281     0
  1741  1745  3879     0
  1738  3878  1745     0
  3875  3879  3878     0
  1745  3878  3879     0
  3274  3877  3874     0
  3875  3878  3877     0
  1738  3874  3878     0
  3877  3878  3874     0
  3294  3881  3297     0
  3880  3882  3881     0
  3295  3297  3882     0
  3881  3882  3297     0
  3883  3885  3887     0
  3884  3886  3885     0
  3880  3887  3886     0
  3885  3886  3887     0
  3280  3303  3889     0
  3295  3888  3303     0
  3884  3889  3888     0
  3303  3888  3889     0
  3880  3886  3882     0
  3884  3888  3886     0
  3295  3882  3888     0
  3886  3888  3882     0
  1748  1753  3892     0
  1750  3891  1753     0
  3890  3892  3891     0
  1753  3891  3892     0
  1741  3894  1759     0
  3893  3895  3894     0
  1750  1759  3895     0
  3894  3895  1759     0
  3883  3896  3898     0
  3890  3897  3896     0
  3893  3898  3897     0
  3896  3897  3898     0
  1750  3895  3891     0
  3893  3897  3895     0
  3890  3891  3897     0
  3895  3897  3891     0
  3280  3889  3876     0
  3884  3899  3889     0
  3875  3876  3899     0
  3889  3899  3876     0
  3883  3898  3885     0
  3893  3900  3898     0
  3884  3885  3900     0
  3898  3900  3885     0
  1741  3879  3894     0
  3875  3901  3879     0
  3893  3894  3901     0
  3879  3901  3894     0
  3884  3900  3899     0
  3893  3901  3900     0
  3875  3899  3901     0
  3900  3901  3899     0
  3174  3903  3348     0
  3902  3904  3903     0
  3346  3348  3904     0
  3903  3904  3348     0
  3905  3907  3909     0
  3906  3908  3907     0
  3902  3909  3908     0
  3907  3908  3909     0
  3351  3355  3911     0
  3346  3910  3355     0
  3906  3911  3910     0
  3355  3910  3911     0
  3902  3908  3904     0
  3906  3910  3908     0
  3346  3904  3910     0
  3908  3910  3904     0
  3912  3915  3917     0
  3913  3916  3915     0
  3914  3917  3916     0
  3915  3916  3917     0
  3918  3920  3922     0
  3919  3921  3920     0
  3913  3922  3921     0
  3920  3921  3922     0
  3905  3923  3925     0
  3914  3924  3923     0
  3919  3925  3924     0
  3923  3924  3925     0
  3913  3921  3916     0
  3919  3924  3921     0
  3914  3916  3924     0
  3921  3924  3916     0
  3294  3364  3928     0
  3361  3927  3364     0
  3926  3928  3927     0
  3364  3927  3928     0
  3351  3930  3370     0
  3929  3931  3930     0
  3361  3370  3931     0
  3930  3931  3370     0
  3918  3932  3934     0
  3926  3933  3932     0
  3929  3934  3933     0
  3932  3933  3934     0
  3361  3931  3927     0
  3929  3933  3931     0
  3926  3927  3933     0
  3931  3933  3927     0
  3905  3925  3907     0
  3919  3935  3925     0
  3906  3907  3935     0
  3925  3935  3907     0
  3918  3934  3920     0
  3929  3936  3934     0
  3919  3920  3936     0
  3934  3936  3920     0
  3351  3911  3930     0
  3906  3937  3911     0
  3929  3930  3937     0
  3911  3937  3930     0
  3919  3936  3935     0
  3929  3937  3936     0
  3906  3935  3937     0
  3936  3937  3935     0
  1774  1779  3940     0
  1776  3939  1779     0
  3938  3940  3939     0
  1779  3939  3940     0
  1785  3942  1786     0
  3941  3943  3942     0
  1776  1786  3943     0
  3942  3943  1786     0
  3944  3945  3947     0
  3938  3946  3945     0
  3941  3947  3946     0
  3945  3946  3947     0
  1776  3943  3939     0
  3941  3946  3943     0
  3938  3939  3946     0
  3943  3946  3939     0
  1748  3949  1805     0
  3948  3950  3949     0
  1803  1805  3950     0
  3949  3950  1805     0
  3951  3953  3955     0
  3952  3954  3953     0
  3948  3955  3954     0
  3953  3954  3955     0
  1785  1811  3957     0
  1803  3956  1811     0
  3952  3957  3956     0
  1811  3956  3957     0
  3948  3954  3950     0
  3952  3956  3954     0
  1803  3950  3956     0
  3954  3956  3950     0
  3912  3960  3962     0
  3958  3961  3960     0
  3959  3962  3961     0
  3960  3961  3962     0
  3944  3964  3966     0
  3963  3965  3964     0
  3958  3966  3965     0
  3964  3965  3966     0
  3951  3967  3969     0
  3959  3968  3967     0
  3963  3969  3968     0
  3967  3968  3969     0
  3958  3965  3961     0
  3963  3968  3965     0
  3959  3961  3968     0
  3965  3968  3961     0
  1785  3957  3942     0
  3952  3970  3957     0
  3941  3942  3970     0
  3957  3970  3942     0
  3951  3969  3953     0
  3963  3971  3969     0
  3952  3953  3971     0
  3969  3971  3953     0
  3944  3947  3964     0
  3941  3972  3947     0
  3963  3964  3972     0
  3947  3972  3964     0
  3952  3971  3970     0
  3963  3972  3971     0
  3941  3970  3972     0
  3971  3972  3970     0
  3294  3928  3881     0
  3926  3973  3928     0
  3880  3881  3973     0
  3928  3973  3881     0
  3918  3975  3932     0
  3974  3976  3975     0
  3926  3932  3976     0
  3975  3976  3932     0
  3883  3887  3978     0
  3880  3977  3887     0
  3974  3978  3977     0
  3887  3977  3978     0
  3926  3976  3973     0
  3974  3977  3976     0
  3880  3973  3977     0
  3976  3977  3973     0
  3912  3962  3915     0
  3959  3979  3962     0
  3913  3915  3979     0
  3962  3979  3915     0
  3951  3981  3967     0
  3980  3982  3981     0
  3959  3967  3982     0
  3981  3982  3967     0
  3918  3922  3984     0
  3913  3983  3922     0
  3980  3984  3983     0
  3922  3983  3984     0
  3959  3982  3979     0
  3980  3983  3982     0
  3913  3979  3983     0
  3982  3983  3979     0
  1748  3892  3949     0
  3890  3985  3892     0
  3948  3949  3985     0
  3892  3985  3949     0
  3883  3987  3896     0
  3986  3988  3987     0
  3890  3896  3988     0
  3987  3988  3896     0
  3951  3955  3990     0
  3948  3989  3955     0
  3986  3990  3989     0
  3955  3989  3990     0
  3890  3988  3985     0
  3986  3989  3988     0
  3948  3985  3989     0
  3988  3989  3985     0
  3918  3984  3975     0
  3980  3991  3984     0
  3974  3975  3991     0
  3984  3991  3975     0
  3951  3990  3981     0
  3986  3992  3990     0
  3980  3981  3992     0
  3990  3992  3981     0
  3883  3978  3987     0
  3974  3993  3978     0
  3986  3987  3993     0
  3978  3993  3987     0
  3980  3992  3991     0
  3986  3993  3992     0
  3974  3991  3993     0
  3992  3993  3991     0
  2203  3820  3663     0
  3818  3994  3820     0
  3662  3663  3994     0
  3820  3994  3663     0
  3824  3996  3825     0
  3995  3997  3996     0
  3818  3825  3997     0
  3996  3997  3825     0
  3665  3669  3999     0
  3662  3998  3669     0
  3995  3999  3998     0
  3669  3998  3999     0
  3818  3997  3994     0
  3995  3998  3997     0
  3662  3994  3998     0
  3997  3998  3994     0
  3792  4001  3840     0
  4000  4002  4001     0
  3838  3840  4002     0
  4001  4002  3840     0
  4003  4005  4007     0
  4004  4006  4005     0
  4000  4007  4006     0
  4005  4006  4007     0
  3824  3846  4009     0
  3838  4008  3846     0
  4004  4009  4008     0
  3846  4008  4009     0
  4000  4006  4002     0
  4004  4008  4006     0
  3838  4002  4008     0
  4006  4008  4002     0
  3672  3677  4012     0
  3674  4011  3677     0
  4010  4012  4011     0
  3677  4011  4012     0
  3665  4014  3683     0
  4013  4015  4014     0
  3674  3683  4015     0
  4014  4015  3683     0
  4003  4016  4018     0
  4010  4017  4016     0
  4013  4018  4017     0
  4016  4017  4018     0
  3674  4015  4011     0
  4013  4017  4015     0
  4010  4011  4017     0
  4015  4017  4011     0
  3824  4009  3996     0
  4004  4019  4009     0
  3995  3996  4019     0
  4009  4019  3996     0
  4003  4018  4005     0
  4013  4020  4018     0
  4004  4005  4020     0
  4018  4020  4005     0
  3665  3999  4014     0
  3995  4021  3999     0
  4013  4014  4021     0
  3999  4021  4014     0
  4004  4020  4019     0
  4013  4021  4020     0
  3995  4019  4021     0
  4020  4021  4019     0
  1774  3940  3783     0
  3938  4022  3940     0
  3782  3783  4022     0
  3940  4022  3783     0
  3944  4024  3945     0
  4023  4025  4024     0
  3938  3945  4025     0
  4024  4025  3945     0
  3785  3789  4027     0
  3782  4026  3789     0
  4023  4027  4026     0
  3789  4026  4027     0
  3938  4025  4022     0
  4023  4026  4025     0
  3782  4022  4026     0
  4025  4026  4022     0
  3912  4029  3960     0
  4028  4030  4029     0
  3958  3960  4030     0
  4029  4030  3960     0
  4031  4033  4035     0
  4032  4034  4033     0
  4028  4035  4034     0
  4033  4034  4035     0
  3944  3966  4037     0
  3958  4036  3966     0
  4032  4037  4036     0
  3966  4036  4037     0
  4028  4034  4030     0
  4032  4036  4034     0
  3958  4030  4036     0
  4034  4036  4030     0
  3792  3797  4040     0
  3794  4039  3797     0
  4038  4040  4039     0
  3797  4039  4040     0
  3785  4042  3803     0
  4041  4043  4042     0
  3794  3803  4043     0
  4042  4043  3803     0
  4031  4044  4046     0
  4038  4045  4044     0
  4041  4046  4045     0
  4044  4045  4046     0
  3794  4043  4039     0
  4041  4045  4043     0
  4038  4039  4045     0
  4043  4045  4039     0
  3944  4037  4024     0
  4032  4047  4037     0
  4023  4024  4047     0
  4037  4047  4024     0
  4031  4046  4033     0
  4041  4048  4046     0
  4032  4033  4048     0
  4046  4048  4033     0
  3785  4027  4042     0
  4023  4049  4027     0
  4041  4042  4049     0
  4027  4049  4042     0
  4032  4048  4047     0
  4041  4049  4048     0
  4023  4047  4049     0
  4048  4049  4047     0
  3174  3700  3903     0
  3698  4050  3700     0
  3902  3903  4050     0
  3700  4050  3903     0
  3704  4052  3705     0
  4051  4053  4052     0
  3698  3705  4053     0
  4052  4053  3705     0
  3905  3909  4055     0
  3902  4054  3909     0
  4051  4055  4054     0
  3909  4054  4055     0
  3698  4053  4050     0
  4051  4054  4053     0
  3902  4050  4054     0
  4053  4054  4050     0
  3672  4057  3720     0
  4056  4058  4057     0
  3718  3720  4058     0
  4057  4058  3720     0
  4059  4061  4063     0
  4060  4062  4061     0
  4056  4063  4062     0
  4061  4062  4063     0
  3704  3726  4065     0
  3718  4064  3726     0
  4060  4065  4064     0
  3726  4064  4065     0
  4056  4062  4058     0
  4060  4064  4062     0
  3718  4058  4064     0
  4062  4064  4058     0
  3912  3917  4068     0
  3914  4067  3917     0
  4066  4068  4067     0
  3917  4067  4068     0
  3905  4070  3923     0
  4069  4071  4070     0
  3914  3923  4071     0
  4070  4071  3923     0
  4059  4072  4074     0
  4066  4073  4072     0
  4069  4074  4073     0
  4072  4073  4074     0
  3914  4071  4067     0
  4069  4073  4071     0
  4066  4067  4073     0
  4071  4073  4067     0
  3704  4065  4052     0
  4060  4075  4065     0
  4051  4052  4075     0
  4065  4075  4052     0
  4059  4074  4061     0
  4069  4076  4074     0
  4060  4061  4076     0
  4074  4076  4061     0
  3905  4055  4070     0
  4051  4077  4055     0
  4069  4070  4077     0
  4055  4077  4070     0
  4060  4076  4075     0
  4069  4077  4076     0
  4051  4075  4077     0
  4076  4077  4075     0
  3792  4040  4001     0
  4038  4078  4040     0
  4000  4001  4078     0
  4040  4078  4001     0
  4031  4080  4044     0
  4079  4081  4080     0
  4038  4044  4081     0
  4080  4081  4044     0
  4003  4007  4083     0
  4000  4082  4007     0
  4079  4083  4082     0
  4007  4082  4083     0
  4038  4081  4078     0
  4079  4082  4081     0
  4000  4078  4082     0
  4081  4082  4078     0
  3912  4068  4029     0
  4066  4084  4068     0
  4028  4029  4084     0
  4068  4084  4029     0
  4059  4086  4072     0
  4085  4087  4086     0
  4066  4072  4087     0
  4086  4087  4072     0
  4031  4035  4089     0
  4028  4088  4035     0
  4085  4089  4088     0
  4035  4088  4089     0
  4066  4087  4084     0
  4085  4088  4087     0
  4028  4084  4088     0
  4087  4088  4084     0
  3672  4012  4057     0
  4010  4090  4012     0
  4056  4057  4090     0
  4012  4090  4057     0
  4003  4092  4016     0
  4091  4093  4092     0
  4010  4016  4093     0
  4092  4093  4016     0
  4059  4063  4095     0
  4056  4094  4063     0
  4091  4095  4094     0
  4063  4094  4095     0
  4010  4093  4090     0
  4091  4094  4093     0
  4056  4090  4094     0
  4093  4094  4090     0
  4031  4089  4080     0
  4085  4096  4089     0
  4079  4080  4096     0
  4089  4096  4080     0
  4059  4095  4086     0
  4091  4097  4095     0
  4085  4086  4097     0
  4095  4097  4086     0
  4003  4083  4092     0
  4079  4098  4083     0
  4091  4092  4098     0
  4083  4098  4092     0
  4085  4097  4096     0
  4091  4098  4097     0
  4079  4096  4098     0
  4097  4098  4096     0
End