MeshVersion
 1
Dimension
 3
Vertices
 2562
   -0.525731112119134     0.85065080835204                    0     0
   -0.615642020873681    0.783843042419971   0.0810862934433035     0
   -0.484441642060668    0.864929335863275    0.131200378813013     0
    -0.57205557734137    0.819207405918664   0.0406404050256129     0
   -0.551859056507971    0.827109791494192    0.106494011871876     0
   -0.506298020693366    0.859847810944277   0.0657575566480037     0
   -0.693780477560449    0.702046444776163    0.160622035640023     0
   -0.571251659135709    0.792649229259281     0.21302286564913     0
   -0.634579268498274    0.749785606185563    0.187431845610994     0
   -0.594895337780012    0.790170103914268    0.147413513517996     0
   -0.656281825524827    0.744726981819369    0.121144079657297     0
   -0.433888564552695    0.862668480416186    0.259891913007754     0
   -0.460266587103495    0.865871061476666    0.196015238421331     0
   -0.529135030024211    0.830812209218006    0.172531715970059     0
    -0.50420944210335    0.830358590005049    0.237228688186432     0
   -0.809016994374947                  0.5    0.309016994374947     0
   -0.707106781186547    0.601500955007546    0.371748034460185     0
   -0.758652300163257    0.606825149271814    0.237086325350576     0
   -0.760405965600031    0.552453507294725    0.341435044712228     0
   -0.734794251350019    0.605741479945671    0.305212495904401     0
   -0.785714975624046     0.55474014717904    0.273706679107182     0
   -0.587785252292473    0.688190960235587     0.42532540417602     0
   -0.647411893882224    0.702309846743374    0.296004592577769     0
   -0.619185610019896    0.697036981561043     0.36159179564885     0
   -0.678913060654243     0.65349721507962    0.334691568397336     0
   -0.649448048330184     0.64683994931338    0.399769073956928     0
   -0.727958497701466    0.656005712553905     0.19933120859732     0
   -0.705236152793139    0.656619613803172    0.267381097990315     0
   -0.672319410093836    0.703982525981985    0.228900008569461     0
   -0.309016994374947    0.809016994374947                  0.5     0
    -0.37503856747821     0.84391147462239    0.383613732685048     0
   -0.453990499739547    0.757935420047777    0.468429850866954     0
   -0.342848265880766    0.828446826286221    0.442866709743281     0
   -0.415597488389907    0.803015928553963     0.42713481025622     0
    -0.38268343236509    0.785898871150631    0.485712214091264     0
   -0.516121620051061    0.783451698363313    0.346153014788992     0
   -0.476225708180024    0.825175098744511    0.303801137720746     0
   -0.446977019141151    0.816232536305201    0.366027309140273     0
   -0.405433827172407    0.855336921151225    0.322524670529059     0
   -0.522498564715949    0.725299045041225    0.448259461843318     0
    -0.48624046352951    0.772575428803421    0.408285951798268     0
   -0.553371785446559    0.737712162076988    0.386730439706242     0
   -0.610925895014903    0.749435075214837     0.25517958154596     0
   -0.583691442484128    0.745338478922828    0.322141043345617     0
    -0.54510901893912    0.790112141663011     0.28031939117357     0
    -0.85065080835204                    0    0.525731112119134     0
   -0.783843042419971   0.0810862934433035    0.615642020873681     0
   -0.864929335863275    0.131200378813013    0.484441642060668     0
   -0.819207405918664   0.0406404050256129     0.57205557734137     0
   -0.827109791494192    0.106494011871876    0.551859056507971     0
   -0.859847810944277   0.0657575566480037    0.506298020693366     0
   -0.702046444776163    0.160622035640023    0.693780477560449     0
   -0.792649229259281     0.21302286564913    0.571251659135709     0
   -0.749785606185563    0.187431845610994    0.634579268498274     0
   -0.790170103914268    0.147413513517996    0.594895337780012     0
   -0.744726981819369    0.121144079657297    0.656281825524827     0
   -0.862668480416186    0.259891913007754    0.433888564552695     0
   -0.865871061476666    0.196015238421331    0.460266587103495     0
   -0.830812209218006    0.172531715970059    0.529135030024211     0
   -0.830358590005049    0.237228688186432     0.50420944210335     0
                 -0.5    0.309016994374947    0.809016994374947     0
   -0.601500955007546    0.371748034460185    0.707106781186547     0
   -0.606825149271814    0.237086325350576    0.758652300163257     0
   -0.552453507294725    0.341435044712228    0.760405965600031     0
   -0.605741479945671    0.305212495904401    0.734794251350019     0
    -0.55474014717904    0.273706679107182    0.785714975624046     0
   -0.688190960235587     0.42532540417602    0.587785252292473     0
   -0.702309846743374    0.296004592577769    0.647411893882224     0
   -0.697036981561043     0.36159179564885    0.619185610019896     0
    -0.65349721507962    0.334691568397336    0.678913060654243     0
    -0.64683994931338    0.399769073956928    0.649448048330184     0
   -0.656005712553905     0.19933120859732    0.727958497701466     0
   -0.656619613803172    0.267381097990315    0.705236152793139     0
   -0.703982525981985    0.228900008569461    0.672319410093836     0
    -0.84391147462239    0.383613732685048     0.37503856747821     0
   -0.757935420047777    0.468429850866954    0.453990499739547     0
   -0.828446826286221    0.442866709743281    0.342848265880766     0
   -0.803015928553963     0.42713481025622    0.415597488389907     0
   -0.785898871150631    0.485712214091264     0.38268343236509     0
   -0.783451698363313    0.346153014788992    0.516121620051061     0
   -0.825175098744511    0.303801137720746    0.476225708180024     0
   -0.816232536305201    0.366027309140273    0.446977019141151     0
   -0.855336921151225    0.322524670529059    0.405433827172407     0
   -0.725299045041225    0.448259461843318    0.522498564715949     0
   -0.772575428803421    0.408285951798268     0.48624046352951     0
   -0.737712162076988    0.386730439706242    0.553371785446559     0
   -0.749435075214837     0.25517958154596    0.610925895014903     0
   -0.745338478922828    0.322141043345617    0.583691442484128     0
   -0.790112141663011     0.28031939117357     0.54510901893912     0
                    0    0.525731112119134     0.85065080835204     0
  -0.0810862934433035    0.615642020873681    0.783843042419971     0
   -0.131200378813013    0.484441642060668    0.864929335863275     0
  -0.0406404050256129     0.57205557734137    0.819207405918664     0
   -0.106494011871876    0.551859056507971    0.827109791494192     0
  -0.0657575566480037    0.506298020693366    0.859847810944277     0
   -0.160622035640023    0.693780477560449    0.702046444776163     0
    -0.21302286564913    0.571251659135709    0.792649229259281     0
   -0.187431845610994    0.634579268498274    0.749785606185563     0
   -0.147413513517996    0.594895337780012    0.790170103914268     0
   -0.121144079657297    0.656281825524827    0.744726981819369     0
   -0.259891913007754    0.433888564552695    0.862668480416186     0
   -0.196015238421331    0.460266587103495    0.865871061476666     0
   -0.172531715970059    0.529135030024211    0.830812209218006     0
   -0.237228688186432     0.50420944210335    0.830358590005049     0
   -0.371748034460185    0.707106781186547    0.601500955007546     0
   -0.237086325350576    0.758652300163257    0.606825149271814     0
   -0.341435044712228    0.760405965600031    0.552453507294725     0
   -0.305212495904401    0.734794251350019    0.605741479945671     0
   -0.273706679107182    0.785714975624046     0.55474014717904     0
    -0.42532540417602    0.587785252292473    0.688190960235587     0
   -0.296004592577769    0.647411893882224    0.702309846743374     0
    -0.36159179564885    0.619185610019896    0.697036981561043     0
   -0.334691568397336    0.678913060654243     0.65349721507962     0
   -0.399769073956928    0.649448048330184     0.64683994931338     0
    -0.19933120859732    0.727958497701466    0.656005712553905     0
   -0.267381097990315    0.705236152793139    0.656619613803172     0
   -0.228900008569461    0.672319410093836    0.703982525981985     0
   -0.383613732685048     0.37503856747821     0.84391147462239     0
   -0.468429850866954    0.453990499739547    0.757935420047777     0
   -0.442866709743281    0.342848265880766    0.828446826286221     0
    -0.42713481025622    0.415597488389907    0.803015928553963     0
   -0.485712214091264     0.38268343236509    0.785898871150631     0
   -0.346153014788992    0.516121620051061    0.783451698363313     0
   -0.303801137720746    0.476225708180024    0.825175098744511     0
   -0.366027309140273    0.446977019141151    0.816232536305201     0
   -0.322524670529059    0.405433827172407    0.855336921151225     0
   -0.448259461843318    0.522498564715949    0.725299045041225     0
   -0.408285951798268     0.48624046352951    0.772575428803421     0
   -0.386730439706242    0.553371785446559    0.737712162076988     0
    -0.25517958154596    0.610925895014903    0.749435075214837     0
   -0.322141043345617    0.583691442484128    0.745338478922828     0
    -0.28031939117357     0.54510901893912    0.790112141663011     0
   -0.735011060566469    0.536783838510582    0.414272677784571     0
   -0.646577791797732    0.564254211765772    0.513375441230448     0
   -0.669612004259087    0.496441341614641    0.552418100796837     0
   -0.704471193019813    0.517970331271933    0.485208279120714     0
   -0.678976728776865    0.584715705184939    0.443957369450656     0
   -0.619241580743836    0.628312822405294    0.470917043521434     0
   -0.536783838510582    0.414272677784571    0.735011060566469     0
   -0.564254211765772    0.513375441230448    0.646577791797732     0
   -0.496441341614641    0.552418100796837    0.669612004259087     0
   -0.517970331271933    0.485208279120714    0.704471193019813     0
   -0.584715705184939    0.443957369450656    0.678976728776865     0
   -0.628312822405294    0.470917043521434    0.619241580743836     0
   -0.414272677784571    0.735011060566469    0.536783838510582     0
   -0.513375441230448    0.646577791797732    0.564254211765772     0
   -0.552418100796837    0.669612004259087    0.496441341614641     0
   -0.485208279120714    0.704471193019813    0.517970331271933     0
   -0.443957369450656    0.678976728776865    0.584715705184939     0
   -0.470917043521434    0.619241580743836    0.628312822405294     0
    -0.60747799270735    0.540649979978604     0.58195196324558     0
   -0.540649979978604     0.58195196324558     0.60747799270735     0
    -0.58195196324558     0.60747799270735    0.540649979978604     0
   -0.403355348617364    0.915043421232984                    0     0
   -0.445365044636095    0.892926710429346   0.0658169189351543     0
   -0.465657615667753    0.884964962566667                    0     0
   -0.358228793486579    0.924304600611346    0.131655371352065     0
   -0.397350580311842    0.896400998591329    0.196412234981203     0
   -0.422363621809953    0.896800568521107    0.131748667058902     0
   -0.273266528912672    0.961938357783917                    0     0
   -0.339122507446198    0.940742220240701                    0     0
   -0.381721516506215     0.92191877097317    0.065988359303101     0
   -0.316777596492356    0.946197841166766   0.0660424085862794     0
   -0.238676930319593    0.891006524188368    0.386187385587592     0
   -0.274693751508767    0.852640164354092    0.444463826438403     0
   -0.307659441093799    0.869725310462252    0.385906144868401     0
   -0.162459848116453    0.951056516295154    0.262865556059567     0
   -0.301258879093232    0.916244175191216    0.264082750659066     0
   -0.232455170313654    0.936049537783692    0.264151200280041     0
   -0.270627108855975    0.905831810420051    0.325928978741364     0
   -0.201188586486866    0.923879532511287    0.325529971084297     0
   -0.339208843652866    0.882836931662525    0.324863529009311     0
    -0.36851827237309    0.891741954914295    0.262660558083595     0
                    0                    1                    0     0
   -0.137952242127634    0.990438881956862                    0     0
  -0.0822424652793623    0.987688340595138    0.133071104140591     0
  -0.0691415867735838     0.99760685692232                    0     0
   -0.110384992485506    0.991647624814071   0.0667093819082885     0
  -0.0412483876528615    0.996917333733128   0.0667412932034614     0
   -0.220117027473292    0.966392597402439    0.132792476827902     0
   -0.247325699610564     0.96664308406558   0.0665668561697831     0
   -0.179595921150836    0.981483142812483   0.0666043953573237     0
   -0.206102618575087    0.978530383082964                    0     0
   -0.122729490759021    0.972369920397677    0.198580487470062     0
   -0.151548895132175    0.979426193820984    0.133256381616631     0
   -0.191779989797709    0.961188181841084    0.198337375706704     0
   -0.330606503841334     0.92268198666578    0.198386721078553     0
    -0.26155039913851    0.944432592881773    0.199094113958944     0
    -0.28992943739316     0.94782179629339    0.132569845002769     0
   0.0810862934433035    0.615642020873681    0.783843042419971     0
   0.0406404050256129     0.57205557734137    0.819207405918664     0
                    0    0.617675975443125     0.78643269855747     0
    0.160622035640023    0.693780477560449    0.702046444776163     0
                    0    0.702907030487773    0.711281734962216     0
   0.0805729838194862    0.700621677084553    0.708969152980334     0
   0.0406421053037384    0.660883697083113    0.749387055003111     0
    0.121144079657297    0.656281825524827    0.744726981819369     0
  -0.0406421053037384    0.660883697083113    0.749387055003111     0
  -0.0805729838194862    0.700621677084553    0.708969152980334     0
    0.309016994374947    0.809016994374947                  0.5     0
    0.156434465040231    0.840177885327139    0.519258489728183     0
    0.237086325350576    0.758652300163257    0.606825149271814     0
    0.233445363855905    0.827147258803492    0.511205119641864     0
    0.197274448608293    0.801503633258308    0.564512814557851     0
    0.273706679107182    0.785714975624046     0.55474014717904     0
                    0     0.85065080835204    0.525731112119134     0
   0.0811418516199396    0.780204370710127    0.620239582613447     0
   0.0406751805159452      0.8175229857266    0.574457742134842     0
      0.1190782137238    0.812169442270874    0.571140242022716     0
   0.0784590957278449    0.848028535800246    0.524110458554359     0
     0.19933120859732    0.727958497701466    0.656005712553905     0
     0.15961292250203    0.771840548150462     0.61545583367221     0
    0.121192572762526    0.738886266263619    0.662841946344834     0
   -0.156434465040231    0.840177885327139    0.519258489728183     0
   -0.197274448608293    0.801503633258308    0.564512814557851     0
   -0.233445363855905    0.827147258803492    0.511205119641864     0
  -0.0811418516199396    0.780204370710127    0.620239582613447     0
   -0.121192572762526    0.738886266263619    0.662841946344834     0
    -0.15961292250203    0.771840548150462     0.61545583367221     0
  -0.0784590957278449    0.848028535800246    0.524110458554359     0
     -0.1190782137238    0.812169442270874    0.571140242022716     0
  -0.0406751805159452      0.8175229857266    0.574457742134842     0
   0.0406770664481739    0.743495740017673     0.66750240511982     0
                    0    0.782785556443072    0.622291549536156     0
  -0.0406770664481739    0.743495740017673     0.66750240511982     0
    0.525731112119134     0.85065080835204                    0     0
    0.403355348617364    0.915043421232984                    0     0
    0.484441642060668    0.864929335863275    0.131200378813013     0
    0.465657615667753    0.884964962566667                    0     0
    0.445365044636095    0.892926710429346   0.0658169189351543     0
    0.506298020693366    0.859847810944277   0.0657575566480037     0
    0.273266528912672    0.961938357783917                    0     0
    0.358228793486579    0.924304600611346    0.131655371352065     0
    0.316777596492356    0.946197841166766   0.0660424085862794     0
    0.381721516506215     0.92191877097317    0.065988359303101     0
    0.339122507446198    0.940742220240701                    0     0
    0.433888564552695    0.862668480416186    0.259891913007754     0
    0.460266587103495    0.865871061476666    0.196015238421331     0
    0.422363621809953    0.896800568521107    0.131748667058902     0
    0.397350580311842    0.896400998591329    0.196412234981203     0
   0.0822424652793623    0.987688340595138    0.133071104140591     0
    0.137952242127634    0.990438881956862                    0     0
   0.0412483876528615    0.996917333733128   0.0667412932034614     0
    0.110384992485506    0.991647624814071   0.0667093819082885     0
   0.0691415867735838     0.99760685692232                    0     0
    0.162459848116453    0.951056516295154    0.262865556059567     0
    0.220117027473292    0.966392597402439    0.132792476827902     0
    0.191779989797709    0.961188181841084    0.198337375706704     0
    0.151548895132175    0.979426193820984    0.133256381616631     0
    0.122729490759021    0.972369920397677    0.198580487470062     0
    0.206102618575087    0.978530383082964                    0     0
    0.179595921150836    0.981483142812483   0.0666043953573237     0
    0.247325699610564     0.96664308406558   0.0665668561697831     0
     0.37503856747821     0.84391147462239    0.383613732685048     0
    0.238676930319593    0.891006524188368    0.386187385587592     0
    0.342848265880766    0.828446826286221    0.442866709743281     0
    0.307659441093799    0.869725310462252    0.385906144868401     0
    0.274693751508767    0.852640164354092    0.444463826438403     0
    0.301258879093232    0.916244175191216    0.264082750659066     0
     0.36851827237309    0.891741954914295    0.262660558083595     0
    0.339208843652866    0.882836931662525    0.324863529009311     0
    0.405433827172407    0.855336921151225    0.322524670529059     0
    0.201188586486866    0.923879532511287    0.325529971084297     0
    0.270627108855975    0.905831810420051    0.325928978741364     0
    0.232455170313654    0.936049537783692    0.264151200280041     0
     0.28992943739316     0.94782179629339    0.132569845002769     0
     0.26155039913851    0.944432592881773    0.199094113958944     0
    0.330606503841334     0.92268198666578    0.198386721078553     0
   -0.198227222055887    0.868534495321757    0.454261817537185     0
  -0.0823235800319602    0.912982492932299    0.399607051701851     0
  -0.0412991818537929    0.884760021428489    0.464213401422306     0
   -0.119755487834874    0.879344510832088     0.46088160562438     0
   -0.161006397504933    0.904838975075036    0.394136231711374     0
   -0.122800239129195     0.93513044494374    0.332341920631653     0
    0.198227222055887    0.868534495321757    0.454261817537185     0
   0.0823235800319602    0.912982492932299    0.399607051701851     0
    0.122800239129195     0.93513044494374    0.332341920631653     0
    0.161006397504933    0.904838975075036    0.394136231711374     0
    0.119755487834874    0.879344510832088     0.46088160562438     0
   0.0412991818537929    0.884760021428489    0.464213401422306     0
                    0    0.991045656047768    0.133523434755288     0
                    0    0.963861263467623    0.266404701134567     0
  -0.0815010572754025    0.960654743036947    0.265518440684653     0
  -0.0412509096700586    0.978851936896313    0.200367782055223     0
   0.0412509096700586    0.978851936896313    0.200367782055223     0
   0.0815010572754025    0.960654743036947    0.265518440684653     0
                    0    0.916092026889307    0.400968076372473     0
   0.0413019832669753    0.941618056351077    0.334140063643728     0
  -0.0413019832669753    0.941618056351077    0.334140063643728     0
   -0.484441642060668    0.864929335863275   -0.131200378813013     0
   -0.445365044636095    0.892926710429346  -0.0658169189351543     0
   -0.506298020693366    0.859847810944277  -0.0657575566480037     0
   -0.358228793486579    0.924304600611346   -0.131655371352065     0
   -0.316777596492356    0.946197841166766  -0.0660424085862794     0
   -0.381721516506215     0.92191877097317   -0.065988359303101     0
   -0.433888564552695    0.862668480416186   -0.259891913007754     0
   -0.460266587103495    0.865871061476666   -0.196015238421331     0
   -0.422363621809953    0.896800568521107   -0.131748667058902     0
   -0.397350580311842    0.896400998591329   -0.196412234981203     0
  -0.0822424652793623    0.987688340595138   -0.133071104140591     0
  -0.0412483876528615    0.996917333733128  -0.0667412932034614     0
   -0.110384992485506    0.991647624814071  -0.0667093819082885     0
   -0.162459848116453    0.951056516295154   -0.262865556059567     0
   -0.220117027473292    0.966392597402439   -0.132792476827902     0
   -0.191779989797709    0.961188181841084   -0.198337375706704     0
   -0.151548895132175    0.979426193820984   -0.133256381616631     0
   -0.122729490759021    0.972369920397677   -0.198580487470062     0
   -0.179595921150836    0.981483142812483  -0.0666043953573237     0
   -0.247325699610564     0.96664308406558  -0.0665668561697831     0
   -0.309016994374947    0.809016994374947                 -0.5     0
    -0.37503856747821     0.84391147462239   -0.383613732685048     0
   -0.238676930319593    0.891006524188368   -0.386187385587592     0
   -0.342848265880766    0.828446826286221   -0.442866709743281     0
   -0.307659441093799    0.869725310462252   -0.385906144868401     0
   -0.274693751508767    0.852640164354092   -0.444463826438403     0
   -0.301258879093232    0.916244175191216   -0.264082750659066     0
    -0.36851827237309    0.891741954914295   -0.262660558083595     0
   -0.339208843652866    0.882836931662525   -0.324863529009311     0
   -0.405433827172407    0.855336921151225   -0.322524670529059     0
   -0.201188586486866    0.923879532511287   -0.325529971084297     0
   -0.270627108855975    0.905831810420051   -0.325928978741364     0
   -0.232455170313654    0.936049537783692   -0.264151200280041     0
    -0.28992943739316     0.94782179629339   -0.132569845002769     0
    -0.26155039913851    0.944432592881773   -0.199094113958944     0
   -0.330606503841334     0.92268198666578   -0.198386721078553     0
    0.484441642060668    0.864929335863275   -0.131200378813013     0
    0.506298020693366    0.859847810944277  -0.0657575566480037     0
    0.445365044636095    0.892926710429346  -0.0658169189351543     0
    0.433888564552695    0.862668480416186   -0.259891913007754     0
    0.358228793486579    0.924304600611346   -0.131655371352065     0
    0.397350580311842    0.896400998591329   -0.196412234981203     0
    0.422363621809953    0.896800568521107   -0.131748667058902     0
    0.460266587103495    0.865871061476666   -0.196015238421331     0
    0.381721516506215     0.92191877097317   -0.065988359303101     0
    0.316777596492356    0.946197841166766  -0.0660424085862794     0
    0.309016994374947    0.809016994374947                 -0.5     0
    0.238676930319593    0.891006524188368   -0.386187385587592     0
     0.37503856747821     0.84391147462239   -0.383613732685048     0
    0.274693751508767    0.852640164354092   -0.444463826438403     0
    0.307659441093799    0.869725310462252   -0.385906144868401     0
    0.342848265880766    0.828446826286221   -0.442866709743281     0
    0.162459848116453    0.951056516295154   -0.262865556059567     0
    0.301258879093232    0.916244175191216   -0.264082750659066     0
    0.232455170313654    0.936049537783692   -0.264151200280041     0
    0.270627108855975    0.905831810420051   -0.325928978741364     0
    0.201188586486866    0.923879532511287   -0.325529971084297     0
    0.405433827172407    0.855336921151225   -0.322524670529059     0
    0.339208843652866    0.882836931662525   -0.324863529009311     0
     0.36851827237309    0.891741954914295   -0.262660558083595     0
   0.0822424652793623    0.987688340595138   -0.133071104140591     0
    0.110384992485506    0.991647624814071  -0.0667093819082885     0
   0.0412483876528615    0.996917333733128  -0.0667412932034614     0
    0.220117027473292    0.966392597402439   -0.132792476827902     0
    0.247325699610564     0.96664308406558  -0.0665668561697831     0
    0.179595921150836    0.981483142812483  -0.0666043953573237     0
    0.122729490759021    0.972369920397677   -0.198580487470062     0
    0.151548895132175    0.979426193820984   -0.133256381616631     0
    0.191779989797709    0.961188181841084   -0.198337375706704     0
    0.330606503841334     0.92268198666578   -0.198386721078553     0
     0.26155039913851    0.944432592881773   -0.199094113958944     0
     0.28992943739316     0.94782179629339   -0.132569845002769     0
                    0    0.525731112119134    -0.85065080835204     0
  -0.0810862934433035    0.615642020873681   -0.783843042419971     0
   0.0810862934433035    0.615642020873681   -0.783843042419971     0
  -0.0406404050256129     0.57205557734137   -0.819207405918664     0
                    0    0.617675975443125    -0.78643269855747     0
   0.0406404050256129     0.57205557734137   -0.819207405918664     0
   -0.160622035640023    0.693780477560449   -0.702046444776163     0
                    0    0.702907030487773   -0.711281734962216     0
  -0.0805729838194862    0.700621677084553   -0.708969152980334     0
  -0.0406421053037384    0.660883697083113   -0.749387055003111     0
   -0.121144079657297    0.656281825524827   -0.744726981819369     0
    0.160622035640023    0.693780477560449   -0.702046444776163     0
    0.121144079657297    0.656281825524827   -0.744726981819369     0
   0.0406421053037384    0.660883697083113   -0.749387055003111     0
   0.0805729838194862    0.700621677084553   -0.708969152980334     0
   -0.156434465040231    0.840177885327139   -0.519258489728183     0
   -0.237086325350576    0.758652300163257   -0.606825149271814     0
   -0.233445363855905    0.827147258803492   -0.511205119641864     0
   -0.197274448608293    0.801503633258308   -0.564512814557851     0
   -0.273706679107182    0.785714975624046    -0.55474014717904     0
                    0     0.85065080835204   -0.525731112119134     0
  -0.0811418516199396    0.780204370710127   -0.620239582613447     0
  -0.0406751805159452      0.8175229857266   -0.574457742134842     0
     -0.1190782137238    0.812169442270874   -0.571140242022716     0
  -0.0784590957278449    0.848028535800246   -0.524110458554359     0
    -0.19933120859732    0.727958497701466   -0.656005712553905     0
    -0.15961292250203    0.771840548150462    -0.61545583367221     0
   -0.121192572762526    0.738886266263619   -0.662841946344834     0
    0.237086325350576    0.758652300163257   -0.606825149271814     0
    0.156434465040231    0.840177885327139   -0.519258489728183     0
    0.273706679107182    0.785714975624046    -0.55474014717904     0
    0.197274448608293    0.801503633258308   -0.564512814557851     0
    0.233445363855905    0.827147258803492   -0.511205119641864     0
   0.0811418516199396    0.780204370710127   -0.620239582613447     0
    0.121192572762526    0.738886266263619   -0.662841946344834     0
     0.15961292250203    0.771840548150462    -0.61545583367221     0
     0.19933120859732    0.727958497701466   -0.656005712553905     0
   0.0784590957278449    0.848028535800246   -0.524110458554359     0
      0.1190782137238    0.812169442270874   -0.571140242022716     0
   0.0406751805159452      0.8175229857266   -0.574457742134842     0
  -0.0406770664481739    0.743495740017673    -0.66750240511982     0
                    0    0.782785556443072   -0.622291549536156     0
   0.0406770664481739    0.743495740017673    -0.66750240511982     0
                    0    0.991045656047768   -0.133523434755288     0
                    0    0.963861263467623   -0.266404701134567     0
   0.0815010572754025    0.960654743036947   -0.265518440684653     0
   0.0412509096700586    0.978851936896313   -0.200367782055223     0
  -0.0412509096700586    0.978851936896313   -0.200367782055223     0
  -0.0815010572754025    0.960654743036947   -0.265518440684653     0
    0.198227222055887    0.868534495321757   -0.454261817537185     0
   0.0823235800319602    0.912982492932299   -0.399607051701851     0
   0.0412991818537929    0.884760021428489   -0.464213401422306     0
    0.119755487834874    0.879344510832088    -0.46088160562438     0
    0.161006397504933    0.904838975075036   -0.394136231711374     0
    0.122800239129195     0.93513044494374   -0.332341920631653     0
   -0.198227222055887    0.868534495321757   -0.454261817537185     0
  -0.0823235800319602    0.912982492932299   -0.399607051701851     0
   -0.122800239129195     0.93513044494374   -0.332341920631653     0
   -0.161006397504933    0.904838975075036   -0.394136231711374     0
   -0.119755487834874    0.879344510832088    -0.46088160562438     0
  -0.0412991818537929    0.884760021428489   -0.464213401422306     0
   0.0413019832669753    0.941618056351077   -0.334140063643728     0
                    0    0.916092026889307   -0.400968076372473     0
  -0.0413019832669753    0.941618056351077   -0.334140063643728     0
   -0.615642020873681    0.783843042419971  -0.0810862934433035     0
   -0.551859056507971    0.827109791494192   -0.106494011871876     0
    -0.57205557734137    0.819207405918664  -0.0406404050256129     0
   -0.571251659135709    0.792649229259281    -0.21302286564913     0
    -0.50420944210335    0.830358590005049   -0.237228688186432     0
   -0.529135030024211    0.830812209218006   -0.172531715970059     0
   -0.693780477560449    0.702046444776163   -0.160622035640023     0
   -0.656281825524827    0.744726981819369   -0.121144079657297     0
   -0.594895337780012    0.790170103914268   -0.147413513517996     0
   -0.634579268498274    0.749785606185563   -0.187431845610994     0
   -0.453990499739547    0.757935420047777   -0.468429850866954     0
    -0.38268343236509    0.785898871150631   -0.485712214091264     0
   -0.415597488389907    0.803015928553963    -0.42713481025622     0
   -0.587785252292473    0.688190960235587    -0.42532540417602     0
   -0.516121620051061    0.783451698363313   -0.346153014788992     0
   -0.553371785446559    0.737712162076988   -0.386730439706242     0
    -0.48624046352951    0.772575428803421   -0.408285951798268     0
   -0.522498564715949    0.725299045041225   -0.448259461843318     0
   -0.446977019141151    0.816232536305201   -0.366027309140273     0
   -0.476225708180024    0.825175098744511   -0.303801137720746     0
   -0.809016994374947                  0.5   -0.309016994374947     0
   -0.758652300163257    0.606825149271814   -0.237086325350576     0
   -0.707106781186547    0.601500955007546   -0.371748034460185     0
   -0.785714975624046     0.55474014717904   -0.273706679107182     0
   -0.734794251350019    0.605741479945671   -0.305212495904401     0
   -0.760405965600031    0.552453507294725   -0.341435044712228     0
   -0.647411893882224    0.702309846743374   -0.296004592577769     0
   -0.672319410093836    0.703982525981985   -0.228900008569461     0
   -0.705236152793139    0.656619613803172   -0.267381097990315     0
   -0.727958497701466    0.656005712553905    -0.19933120859732     0
   -0.649448048330184     0.64683994931338   -0.399769073956928     0
   -0.678913060654243     0.65349721507962   -0.334691568397336     0
   -0.619185610019896    0.697036981561043    -0.36159179564885     0
    -0.54510901893912    0.790112141663011    -0.28031939117357     0
   -0.583691442484128    0.745338478922828   -0.322141043345617     0
   -0.610925895014903    0.749435075214837    -0.25517958154596     0
   -0.131200378813013    0.484441642060668   -0.864929335863275     0
  -0.0657575566480037    0.506298020693366   -0.859847810944277     0
   -0.106494011871876    0.551859056507971   -0.827109791494192     0
   -0.259891913007754    0.433888564552695   -0.862668480416186     0
    -0.21302286564913    0.571251659135709   -0.792649229259281     0
   -0.237228688186432     0.50420944210335   -0.830358590005049     0
   -0.172531715970059    0.529135030024211   -0.830812209218006     0
   -0.196015238421331    0.460266587103495   -0.865871061476666     0
   -0.147413513517996    0.594895337780012   -0.790170103914268     0
   -0.187431845610994    0.634579268498274   -0.749785606185563     0
                 -0.5    0.309016994374947   -0.809016994374947     0
   -0.468429850866954    0.453990499739547   -0.757935420047777     0
   -0.383613732685048     0.37503856747821    -0.84391147462239     0
   -0.485712214091264     0.38268343236509   -0.785898871150631     0
    -0.42713481025622    0.415597488389907   -0.803015928553963     0
   -0.442866709743281    0.342848265880766   -0.828446826286221     0
    -0.42532540417602    0.587785252292473   -0.688190960235587     0
   -0.346153014788992    0.516121620051061   -0.783451698363313     0
   -0.386730439706242    0.553371785446559   -0.737712162076988     0
   -0.408285951798268     0.48624046352951   -0.772575428803421     0
   -0.448259461843318    0.522498564715949   -0.725299045041225     0
   -0.322524670529059    0.405433827172407   -0.855336921151225     0
   -0.366027309140273    0.446977019141151   -0.816232536305201     0
   -0.303801137720746    0.476225708180024   -0.825175098744511     0
   -0.371748034460185    0.707106781186547   -0.601500955007546     0
   -0.305212495904401    0.734794251350019   -0.605741479945671     0
   -0.341435044712228    0.760405965600031   -0.552453507294725     0
   -0.296004592577769    0.647411893882224   -0.702309846743374     0
   -0.228900008569461    0.672319410093836   -0.703982525981985     0
   -0.267381097990315    0.705236152793139   -0.656619613803172     0
   -0.399769073956928    0.649448048330184    -0.64683994931338     0
   -0.334691568397336    0.678913060654243    -0.65349721507962     0
    -0.36159179564885    0.619185610019896   -0.697036981561043     0
    -0.28031939117357     0.54510901893912   -0.790112141663011     0
   -0.322141043345617    0.583691442484128   -0.745338478922828     0
    -0.25517958154596    0.610925895014903   -0.749435075214837     0
    -0.85065080835204                    0   -0.525731112119134     0
   -0.864929335863275    0.131200378813013   -0.484441642060668     0
   -0.783843042419971   0.0810862934433035   -0.615642020873681     0
   -0.859847810944277   0.0657575566480037   -0.506298020693366     0
   -0.827109791494192    0.106494011871876   -0.551859056507971     0
   -0.819207405918664   0.0406404050256129    -0.57205557734137     0
   -0.862668480416186    0.259891913007754   -0.433888564552695     0
   -0.792649229259281     0.21302286564913   -0.571251659135709     0
   -0.830358590005049    0.237228688186432    -0.50420944210335     0
   -0.830812209218006    0.172531715970059   -0.529135030024211     0
   -0.865871061476666    0.196015238421331   -0.460266587103495     0
   -0.702046444776163    0.160622035640023   -0.693780477560449     0
   -0.744726981819369    0.121144079657297   -0.656281825524827     0
   -0.790170103914268    0.147413513517996   -0.594895337780012     0
   -0.749785606185563    0.187431845610994   -0.634579268498274     0
   -0.757935420047777    0.468429850866954   -0.453990499739547     0
    -0.84391147462239    0.383613732685048    -0.37503856747821     0
   -0.785898871150631    0.485712214091264    -0.38268343236509     0
   -0.803015928553963     0.42713481025622   -0.415597488389907     0
   -0.828446826286221    0.442866709743281   -0.342848265880766     0
   -0.688190960235587     0.42532540417602   -0.587785252292473     0
   -0.783451698363313    0.346153014788992   -0.516121620051061     0
   -0.737712162076988    0.386730439706242   -0.553371785446559     0
   -0.772575428803421    0.408285951798268    -0.48624046352951     0
   -0.725299045041225    0.448259461843318   -0.522498564715949     0
   -0.855336921151225    0.322524670529059   -0.405433827172407     0
   -0.816232536305201    0.366027309140273   -0.446977019141151     0
   -0.825175098744511    0.303801137720746   -0.476225708180024     0
   -0.606825149271814    0.237086325350576   -0.758652300163257     0
   -0.601500955007546    0.371748034460185   -0.707106781186547     0
    -0.55474014717904    0.273706679107182   -0.785714975624046     0
   -0.605741479945671    0.305212495904401   -0.734794251350019     0
   -0.552453507294725    0.341435044712228   -0.760405965600031     0
   -0.702309846743374    0.296004592577769   -0.647411893882224     0
   -0.703982525981985    0.228900008569461   -0.672319410093836     0
   -0.656619613803172    0.267381097990315   -0.705236152793139     0
   -0.656005712553905     0.19933120859732   -0.727958497701466     0
    -0.64683994931338    0.399769073956928   -0.649448048330184     0
    -0.65349721507962    0.334691568397336   -0.678913060654243     0
   -0.697036981561043     0.36159179564885   -0.619185610019896     0
   -0.790112141663011     0.28031939117357    -0.54510901893912     0
   -0.745338478922828    0.322141043345617   -0.583691442484128     0
   -0.749435075214837     0.25517958154596   -0.610925895014903     0
   -0.414272677784571    0.735011060566469   -0.536783838510582     0
   -0.513375441230448    0.646577791797732   -0.564254211765772     0
   -0.470917043521434    0.619241580743836   -0.628312822405294     0
   -0.443957369450656    0.678976728776865   -0.584715705184939     0
   -0.485208279120714    0.704471193019813   -0.517970331271933     0
   -0.552418100796837    0.669612004259087   -0.496441341614641     0
   -0.536783838510582    0.414272677784571   -0.735011060566469     0
   -0.564254211765772    0.513375441230448   -0.646577791797732     0
   -0.628312822405294    0.470917043521434   -0.619241580743836     0
   -0.584715705184939    0.443957369450656   -0.678976728776865     0
   -0.517970331271933    0.485208279120714   -0.704471193019813     0
   -0.496441341614641    0.552418100796837   -0.669612004259087     0
   -0.735011060566469    0.536783838510582   -0.414272677784571     0
   -0.646577791797732    0.564254211765772   -0.513375441230448     0
   -0.619241580743836    0.628312822405294   -0.470917043521434     0
   -0.678976728776865    0.584715705184939   -0.443957369450656     0
   -0.704471193019813    0.517970331271933   -0.485208279120714     0
   -0.669612004259087    0.496441341614641   -0.552418100796837     0
   -0.540649979978604     0.58195196324558    -0.60747799270735     0
    -0.60747799270735    0.540649979978604    -0.58195196324558     0
    -0.58195196324558     0.60747799270735   -0.540649979978604     0
   -0.617675975443125     0.78643269855747                    0     0
   -0.702907030487773    0.711281734962216                    0     0
   -0.700621677084553    0.708969152980334  -0.0805729838194862     0
   -0.660883697083113    0.749387055003111  -0.0406421053037384     0
   -0.660883697083113    0.749387055003111   0.0406421053037384     0
   -0.700621677084553    0.708969152980334   0.0805729838194862     0
   -0.840177885327139    0.519258489728183   -0.156434465040231     0
   -0.827147258803492    0.511205119641864   -0.233445363855905     0
   -0.801503633258308    0.564512814557851   -0.197274448608293     0
    -0.85065080835204    0.525731112119134                    0     0
   -0.780204370710127    0.620239582613447  -0.0811418516199396     0
     -0.8175229857266    0.574457742134842  -0.0406751805159452     0
   -0.812169442270874    0.571140242022716     -0.1190782137238     0
   -0.848028535800246    0.524110458554359  -0.0784590957278449     0
   -0.771840548150462     0.61545583367221    -0.15961292250203     0
   -0.738886266263619    0.662841946344834   -0.121192572762526     0
   -0.840177885327139    0.519258489728183    0.156434465040231     0
   -0.801503633258308    0.564512814557851    0.197274448608293     0
   -0.827147258803492    0.511205119641864    0.233445363855905     0
   -0.780204370710127    0.620239582613447   0.0811418516199396     0
   -0.738886266263619    0.662841946344834    0.121192572762526     0
   -0.771840548150462     0.61545583367221     0.15961292250203     0
   -0.848028535800246    0.524110458554359   0.0784590957278449     0
   -0.812169442270874    0.571140242022716      0.1190782137238     0
     -0.8175229857266    0.574457742134842   0.0406751805159452     0
   -0.743495740017673     0.66750240511982  -0.0406770664481739     0
   -0.782785556443072    0.622291549536156                    0     0
   -0.743495740017673     0.66750240511982   0.0406770664481739     0
   -0.915043421232984                    0   -0.403355348617364     0
   -0.884964962566667                    0   -0.465657615667753     0
   -0.892926710429346   0.0658169189351543   -0.445365044636095     0
   -0.961938357783917                    0   -0.273266528912672     0
   -0.924304600611346    0.131655371352065   -0.358228793486579     0
   -0.946197841166766   0.0660424085862794   -0.316777596492356     0
    -0.92191877097317    0.065988359303101   -0.381721516506215     0
   -0.940742220240701                    0   -0.339122507446198     0
   -0.896800568521107    0.131748667058902   -0.422363621809953     0
   -0.896400998591329    0.196412234981203   -0.397350580311842     0
                   -1                    0                    0     0
   -0.987688340595138    0.133071104140591  -0.0822424652793623     0
   -0.990438881956862                    0   -0.137952242127634     0
   -0.996917333733128   0.0667412932034614  -0.0412483876528615     0
   -0.991647624814071   0.0667093819082885   -0.110384992485506     0
    -0.99760685692232                    0  -0.0691415867735838     0
   -0.951056516295154    0.262865556059567   -0.162459848116453     0
   -0.966392597402439    0.132792476827902   -0.220117027473292     0
   -0.961188181841084    0.198337375706704   -0.191779989797709     0
   -0.979426193820984    0.133256381616631   -0.151548895132175     0
   -0.972369920397677    0.198580487470062   -0.122729490759021     0
   -0.978530383082964                    0   -0.206102618575087     0
   -0.981483142812483   0.0666043953573237   -0.179595921150836     0
    -0.96664308406558   0.0665668561697831   -0.247325699610564     0
   -0.891006524188368    0.386187385587592   -0.238676930319593     0
   -0.869725310462252    0.385906144868401   -0.307659441093799     0
   -0.852640164354092    0.444463826438403   -0.274693751508767     0
   -0.916244175191216    0.264082750659066   -0.301258879093232     0
   -0.891741954914295    0.262660558083595    -0.36851827237309     0
   -0.882836931662525    0.324863529009311   -0.339208843652866     0
   -0.923879532511287    0.325529971084297   -0.201188586486866     0
   -0.905831810420051    0.325928978741364   -0.270627108855975     0
   -0.936049537783692    0.264151200280041   -0.232455170313654     0
    -0.94782179629339    0.132569845002769    -0.28992943739316     0
   -0.944432592881773    0.199094113958944    -0.26155039913851     0
    -0.92268198666578    0.198386721078553   -0.330606503841334     0
   -0.915043421232984                    0    0.403355348617364     0
   -0.892926710429346   0.0658169189351543    0.445365044636095     0
   -0.884964962566667                    0    0.465657615667753     0
   -0.924304600611346    0.131655371352065    0.358228793486579     0
   -0.896400998591329    0.196412234981203    0.397350580311842     0
   -0.896800568521107    0.131748667058902    0.422363621809953     0
   -0.961938357783917                    0    0.273266528912672     0
   -0.940742220240701                    0    0.339122507446198     0
    -0.92191877097317    0.065988359303101    0.381721516506215     0
   -0.946197841166766   0.0660424085862794    0.316777596492356     0
   -0.891006524188368    0.386187385587592    0.238676930319593     0
   -0.852640164354092    0.444463826438403    0.274693751508767     0
   -0.869725310462252    0.385906144868401    0.307659441093799     0
   -0.951056516295154    0.262865556059567    0.162459848116453     0
   -0.916244175191216    0.264082750659066    0.301258879093232     0
   -0.936049537783692    0.264151200280041    0.232455170313654     0
   -0.905831810420051    0.325928978741364    0.270627108855975     0
   -0.923879532511287    0.325529971084297    0.201188586486866     0
   -0.882836931662525    0.324863529009311    0.339208843652866     0
   -0.891741954914295    0.262660558083595     0.36851827237309     0
   -0.990438881956862                    0    0.137952242127634     0
   -0.987688340595138    0.133071104140591   0.0822424652793623     0
    -0.99760685692232                    0   0.0691415867735838     0
   -0.991647624814071   0.0667093819082885    0.110384992485506     0
   -0.996917333733128   0.0667412932034614   0.0412483876528615     0
   -0.966392597402439    0.132792476827902    0.220117027473292     0
    -0.96664308406558   0.0665668561697831    0.247325699610564     0
   -0.981483142812483   0.0666043953573237    0.179595921150836     0
   -0.978530383082964                    0    0.206102618575087     0
   -0.972369920397677    0.198580487470062    0.122729490759021     0
   -0.979426193820984    0.133256381616631    0.151548895132175     0
   -0.961188181841084    0.198337375706704    0.191779989797709     0
    -0.92268198666578    0.198386721078553    0.330606503841334     0
   -0.944432592881773    0.199094113958944     0.26155039913851     0
    -0.94782179629339    0.132569845002769     0.28992943739316     0
   -0.868534495321757    0.454261817537185   -0.198227222055887     0
   -0.912982492932299    0.399607051701851  -0.0823235800319602     0
    -0.93513044494374    0.332341920631653   -0.122800239129195     0
   -0.904838975075036    0.394136231711374   -0.161006397504933     0
   -0.879344510832088     0.46088160562438   -0.119755487834874     0
   -0.884760021428489    0.464213401422306  -0.0412991818537929     0
   -0.991045656047768    0.133523434755288                    0     0
   -0.963861263467623    0.266404701134567                    0     0
   -0.960654743036947    0.265518440684653   0.0815010572754025     0
   -0.978851936896313    0.200367782055223   0.0412509096700586     0
   -0.978851936896313    0.200367782055223  -0.0412509096700586     0
   -0.960654743036947    0.265518440684653  -0.0815010572754025     0
   -0.868534495321757    0.454261817537185    0.198227222055887     0
   -0.912982492932299    0.399607051701851   0.0823235800319602     0
   -0.884760021428489    0.464213401422306   0.0412991818537929     0
   -0.879344510832088     0.46088160562438    0.119755487834874     0
   -0.904838975075036    0.394136231711374    0.161006397504933     0
    -0.93513044494374    0.332341920631653    0.122800239129195     0
   -0.941618056351077    0.334140063643728  -0.0413019832669753     0
   -0.941618056351077    0.334140063643728   0.0413019832669753     0
   -0.916092026889307    0.400968076372473                    0     0
                    0    0.403355348617364    0.915043421232984     0
  -0.0658169189351543    0.445365044636095    0.892926710429346     0
                    0    0.465657615667753    0.884964962566667     0
   -0.131655371352065    0.358228793486579    0.924304600611346     0
   -0.196412234981203    0.397350580311842    0.896400998591329     0
   -0.131748667058902    0.422363621809953    0.896800568521107     0
                    0    0.273266528912672    0.961938357783917     0
                    0    0.339122507446198    0.940742220240701     0
   -0.065988359303101    0.381721516506215     0.92191877097317     0
  -0.0660424085862794    0.316777596492356    0.946197841166766     0
   -0.386187385587592    0.238676930319593    0.891006524188368     0
   -0.444463826438403    0.274693751508767    0.852640164354092     0
   -0.385906144868401    0.307659441093799    0.869725310462252     0
   -0.262865556059567    0.162459848116453    0.951056516295154     0
   -0.264082750659066    0.301258879093232    0.916244175191216     0
   -0.264151200280041    0.232455170313654    0.936049537783692     0
   -0.325928978741364    0.270627108855975    0.905831810420051     0
   -0.325529971084297    0.201188586486866    0.923879532511287     0
   -0.324863529009311    0.339208843652866    0.882836931662525     0
   -0.262660558083595     0.36851827237309    0.891741954914295     0
                    0                    0                    1     0
                    0    0.137952242127634    0.990438881956862     0
   -0.133071104140591   0.0822424652793623    0.987688340595138     0
                    0   0.0691415867735838     0.99760685692232     0
  -0.0667093819082885    0.110384992485506    0.991647624814071     0
  -0.0667412932034614   0.0412483876528615    0.996917333733128     0
   -0.132792476827902    0.220117027473292    0.966392597402439     0
  -0.0665668561697831    0.247325699610564     0.96664308406558     0
  -0.0666043953573237    0.179595921150836    0.981483142812483     0
                    0    0.206102618575087    0.978530383082964     0
   -0.198580487470062    0.122729490759021    0.972369920397677     0
   -0.133256381616631    0.151548895132175    0.979426193820984     0
   -0.198337375706704    0.191779989797709    0.961188181841084     0
   -0.198386721078553    0.330606503841334     0.92268198666578     0
   -0.199094113958944     0.26155039913851    0.944432592881773     0
   -0.132569845002769     0.28992943739316     0.94782179629339     0
   -0.783843042419971  -0.0810862934433035    0.615642020873681     0
   -0.819207405918664  -0.0406404050256129     0.57205557734137     0
    -0.78643269855747                    0    0.617675975443125     0
   -0.702046444776163   -0.160622035640023    0.693780477560449     0
   -0.711281734962216                    0    0.702907030487773     0
   -0.708969152980334  -0.0805729838194862    0.700621677084553     0
   -0.749387055003111  -0.0406421053037384    0.660883697083113     0
   -0.744726981819369   -0.121144079657297    0.656281825524827     0
   -0.749387055003111   0.0406421053037384    0.660883697083113     0
   -0.708969152980334   0.0805729838194862    0.700621677084553     0
                 -0.5   -0.309016994374947    0.809016994374947     0
   -0.519258489728183   -0.156434465040231    0.840177885327139     0
   -0.606825149271814   -0.237086325350576    0.758652300163257     0
   -0.511205119641864   -0.233445363855905    0.827147258803492     0
   -0.564512814557851   -0.197274448608293    0.801503633258308     0
    -0.55474014717904   -0.273706679107182    0.785714975624046     0
   -0.525731112119134                    0     0.85065080835204     0
   -0.620239582613447  -0.0811418516199396    0.780204370710127     0
   -0.574457742134842  -0.0406751805159452      0.8175229857266     0
   -0.571140242022716     -0.1190782137238    0.812169442270874     0
   -0.524110458554359  -0.0784590957278449    0.848028535800246     0
   -0.656005712553905    -0.19933120859732    0.727958497701466     0
    -0.61545583367221    -0.15961292250203    0.771840548150462     0
   -0.662841946344834   -0.121192572762526    0.738886266263619     0
   -0.519258489728183    0.156434465040231    0.840177885327139     0
   -0.564512814557851    0.197274448608293    0.801503633258308     0
   -0.511205119641864    0.233445363855905    0.827147258803492     0
   -0.620239582613447   0.0811418516199396    0.780204370710127     0
   -0.662841946344834    0.121192572762526    0.738886266263619     0
    -0.61545583367221     0.15961292250203    0.771840548150462     0
   -0.524110458554359   0.0784590957278449    0.848028535800246     0
   -0.571140242022716      0.1190782137238    0.812169442270874     0
   -0.574457742134842   0.0406751805159452      0.8175229857266     0
    -0.66750240511982  -0.0406770664481739    0.743495740017673     0
   -0.622291549536156                    0    0.782785556443072     0
    -0.66750240511982   0.0406770664481739    0.743495740017673     0
                    0   -0.525731112119134     0.85065080835204     0
                    0   -0.403355348617364    0.915043421232984     0
   -0.131200378813013   -0.484441642060668    0.864929335863275     0
                    0   -0.465657615667753    0.884964962566667     0
  -0.0658169189351543   -0.445365044636095    0.892926710429346     0
  -0.0657575566480037   -0.506298020693366    0.859847810944277     0
                    0   -0.273266528912672    0.961938357783917     0
   -0.131655371352065   -0.358228793486579    0.924304600611346     0
  -0.0660424085862794   -0.316777596492356    0.946197841166766     0
   -0.065988359303101   -0.381721516506215     0.92191877097317     0
                    0   -0.339122507446198    0.940742220240701     0
   -0.259891913007754   -0.433888564552695    0.862668480416186     0
   -0.196015238421331   -0.460266587103495    0.865871061476666     0
   -0.131748667058902   -0.422363621809953    0.896800568521107     0
   -0.196412234981203   -0.397350580311842    0.896400998591329     0
   -0.133071104140591  -0.0822424652793623    0.987688340595138     0
                    0   -0.137952242127634    0.990438881956862     0
  -0.0667412932034614  -0.0412483876528615    0.996917333733128     0
  -0.0667093819082885   -0.110384992485506    0.991647624814071     0
                    0  -0.0691415867735838     0.99760685692232     0
   -0.262865556059567   -0.162459848116453    0.951056516295154     0
   -0.132792476827902   -0.220117027473292    0.966392597402439     0
   -0.198337375706704   -0.191779989797709    0.961188181841084     0
   -0.133256381616631   -0.151548895132175    0.979426193820984     0
   -0.198580487470062   -0.122729490759021    0.972369920397677     0
                    0   -0.206102618575087    0.978530383082964     0
  -0.0666043953573237   -0.179595921150836    0.981483142812483     0
  -0.0665668561697831   -0.247325699610564     0.96664308406558     0
   -0.383613732685048    -0.37503856747821     0.84391147462239     0
   -0.386187385587592   -0.238676930319593    0.891006524188368     0
   -0.442866709743281   -0.342848265880766    0.828446826286221     0
   -0.385906144868401   -0.307659441093799    0.869725310462252     0
   -0.444463826438403   -0.274693751508767    0.852640164354092     0
   -0.264082750659066   -0.301258879093232    0.916244175191216     0
   -0.262660558083595    -0.36851827237309    0.891741954914295     0
   -0.324863529009311   -0.339208843652866    0.882836931662525     0
   -0.322524670529059   -0.405433827172407    0.855336921151225     0
   -0.325529971084297   -0.201188586486866    0.923879532511287     0
   -0.325928978741364   -0.270627108855975    0.905831810420051     0
   -0.264151200280041   -0.232455170313654    0.936049537783692     0
   -0.132569845002769    -0.28992943739316     0.94782179629339     0
   -0.199094113958944    -0.26155039913851    0.944432592881773     0
   -0.198386721078553   -0.330606503841334     0.92268198666578     0
   -0.454261817537185    0.198227222055887    0.868534495321757     0
   -0.399607051701851   0.0823235800319602    0.912982492932299     0
   -0.464213401422306   0.0412991818537929    0.884760021428489     0
    -0.46088160562438    0.119755487834874    0.879344510832088     0
   -0.394136231711374    0.161006397504933    0.904838975075036     0
   -0.332341920631653    0.122800239129195     0.93513044494374     0
   -0.454261817537185   -0.198227222055887    0.868534495321757     0
   -0.399607051701851  -0.0823235800319602    0.912982492932299     0
   -0.332341920631653   -0.122800239129195     0.93513044494374     0
   -0.394136231711374   -0.161006397504933    0.904838975075036     0
    -0.46088160562438   -0.119755487834874    0.879344510832088     0
   -0.464213401422306  -0.0412991818537929    0.884760021428489     0
   -0.133523434755288                    0    0.991045656047768     0
   -0.266404701134567                    0    0.963861263467623     0
   -0.265518440684653   0.0815010572754025    0.960654743036947     0
   -0.200367782055223   0.0412509096700586    0.978851936896313     0
   -0.200367782055223  -0.0412509096700586    0.978851936896313     0
   -0.265518440684653  -0.0815010572754025    0.960654743036947     0
   -0.400968076372473                    0    0.916092026889307     0
   -0.334140063643728  -0.0413019832669753    0.941618056351077     0
   -0.334140063643728   0.0413019832669753    0.941618056351077     0
    0.615642020873681    0.783843042419971   0.0810862934433035     0
    0.551859056507971    0.827109791494192    0.106494011871876     0
     0.57205557734137    0.819207405918664   0.0406404050256129     0
    0.571251659135709    0.792649229259281     0.21302286564913     0
     0.50420944210335    0.830358590005049    0.237228688186432     0
    0.529135030024211    0.830812209218006    0.172531715970059     0
    0.693780477560449    0.702046444776163    0.160622035640023     0
    0.656281825524827    0.744726981819369    0.121144079657297     0
    0.594895337780012    0.790170103914268    0.147413513517996     0
    0.634579268498274    0.749785606185563    0.187431845610994     0
    0.453990499739547    0.757935420047777    0.468429850866954     0
     0.38268343236509    0.785898871150631    0.485712214091264     0
    0.415597488389907    0.803015928553963     0.42713481025622     0
    0.587785252292473    0.688190960235587     0.42532540417602     0
    0.516121620051061    0.783451698363313    0.346153014788992     0
    0.553371785446559    0.737712162076988    0.386730439706242     0
     0.48624046352951    0.772575428803421    0.408285951798268     0
    0.522498564715949    0.725299045041225    0.448259461843318     0
    0.446977019141151    0.816232536305201    0.366027309140273     0
    0.476225708180024    0.825175098744511    0.303801137720746     0
    0.809016994374947                  0.5    0.309016994374947     0
    0.758652300163257    0.606825149271814    0.237086325350576     0
    0.707106781186547    0.601500955007546    0.371748034460185     0
    0.785714975624046     0.55474014717904    0.273706679107182     0
    0.734794251350019    0.605741479945671    0.305212495904401     0
    0.760405965600031    0.552453507294725    0.341435044712228     0
    0.647411893882224    0.702309846743374    0.296004592577769     0
    0.672319410093836    0.703982525981985    0.228900008569461     0
    0.705236152793139    0.656619613803172    0.267381097990315     0
    0.727958497701466    0.656005712553905     0.19933120859732     0
    0.649448048330184     0.64683994931338    0.399769073956928     0
    0.678913060654243     0.65349721507962    0.334691568397336     0
    0.619185610019896    0.697036981561043     0.36159179564885     0
     0.54510901893912    0.790112141663011     0.28031939117357     0
    0.583691442484128    0.745338478922828    0.322141043345617     0
    0.610925895014903    0.749435075214837     0.25517958154596     0
    0.131200378813013    0.484441642060668    0.864929335863275     0
   0.0657575566480037    0.506298020693366    0.859847810944277     0
    0.106494011871876    0.551859056507971    0.827109791494192     0
    0.259891913007754    0.433888564552695    0.862668480416186     0
     0.21302286564913    0.571251659135709    0.792649229259281     0
    0.237228688186432     0.50420944210335    0.830358590005049     0
    0.172531715970059    0.529135030024211    0.830812209218006     0
    0.196015238421331    0.460266587103495    0.865871061476666     0
    0.147413513517996    0.594895337780012    0.790170103914268     0
    0.187431845610994    0.634579268498274    0.749785606185563     0
                  0.5    0.309016994374947    0.809016994374947     0
    0.468429850866954    0.453990499739547    0.757935420047777     0
    0.383613732685048     0.37503856747821     0.84391147462239     0
    0.485712214091264     0.38268343236509    0.785898871150631     0
     0.42713481025622    0.415597488389907    0.803015928553963     0
    0.442866709743281    0.342848265880766    0.828446826286221     0
     0.42532540417602    0.587785252292473    0.688190960235587     0
    0.346153014788992    0.516121620051061    0.783451698363313     0
    0.386730439706242    0.553371785446559    0.737712162076988     0
    0.408285951798268     0.48624046352951    0.772575428803421     0
    0.448259461843318    0.522498564715949    0.725299045041225     0
    0.322524670529059    0.405433827172407    0.855336921151225     0
    0.366027309140273    0.446977019141151    0.816232536305201     0
    0.303801137720746    0.476225708180024    0.825175098744511     0
    0.371748034460185    0.707106781186547    0.601500955007546     0
    0.305212495904401    0.734794251350019    0.605741479945671     0
    0.341435044712228    0.760405965600031    0.552453507294725     0
    0.296004592577769    0.647411893882224    0.702309846743374     0
    0.228900008569461    0.672319410093836    0.703982525981985     0
    0.267381097990315    0.705236152793139    0.656619613803172     0
    0.399769073956928    0.649448048330184     0.64683994931338     0
    0.334691568397336    0.678913060654243     0.65349721507962     0
     0.36159179564885    0.619185610019896    0.697036981561043     0
     0.28031939117357     0.54510901893912    0.790112141663011     0
    0.322141043345617    0.583691442484128    0.745338478922828     0
     0.25517958154596    0.610925895014903    0.749435075214837     0
     0.85065080835204                    0    0.525731112119134     0
    0.864929335863275    0.131200378813013    0.484441642060668     0
    0.783843042419971   0.0810862934433035    0.615642020873681     0
    0.859847810944277   0.0657575566480037    0.506298020693366     0
    0.827109791494192    0.106494011871876    0.551859056507971     0
    0.819207405918664   0.0406404050256129     0.57205557734137     0
    0.862668480416186    0.259891913007754    0.433888564552695     0
    0.792649229259281     0.21302286564913    0.571251659135709     0
    0.830358590005049    0.237228688186432     0.50420944210335     0
    0.830812209218006    0.172531715970059    0.529135030024211     0
    0.865871061476666    0.196015238421331    0.460266587103495     0
    0.702046444776163    0.160622035640023    0.693780477560449     0
    0.744726981819369    0.121144079657297    0.656281825524827     0
    0.790170103914268    0.147413513517996    0.594895337780012     0
    0.749785606185563    0.187431845610994    0.634579268498274     0
    0.757935420047777    0.468429850866954    0.453990499739547     0
     0.84391147462239    0.383613732685048     0.37503856747821     0
    0.785898871150631    0.485712214091264     0.38268343236509     0
    0.803015928553963     0.42713481025622    0.415597488389907     0
    0.828446826286221    0.442866709743281    0.342848265880766     0
    0.688190960235587     0.42532540417602    0.587785252292473     0
    0.783451698363313    0.346153014788992    0.516121620051061     0
    0.737712162076988    0.386730439706242    0.553371785446559     0
    0.772575428803421    0.408285951798268     0.48624046352951     0
    0.725299045041225    0.448259461843318    0.522498564715949     0
    0.855336921151225    0.322524670529059    0.405433827172407     0
    0.816232536305201    0.366027309140273    0.446977019141151     0
    0.825175098744511    0.303801137720746    0.476225708180024     0
    0.606825149271814    0.237086325350576    0.758652300163257     0
    0.601500955007546    0.371748034460185    0.707106781186547     0
     0.55474014717904    0.273706679107182    0.785714975624046     0
    0.605741479945671    0.305212495904401    0.734794251350019     0
    0.552453507294725    0.341435044712228    0.760405965600031     0
    0.702309846743374    0.296004592577769    0.647411893882224     0
    0.703982525981985    0.228900008569461    0.672319410093836     0
    0.656619613803172    0.267381097990315    0.705236152793139     0
    0.656005712553905     0.19933120859732    0.727958497701466     0
     0.64683994931338    0.399769073956928    0.649448048330184     0
     0.65349721507962    0.334691568397336    0.678913060654243     0
    0.697036981561043     0.36159179564885    0.619185610019896     0
    0.790112141663011     0.28031939117357     0.54510901893912     0
    0.745338478922828    0.322141043345617    0.583691442484128     0
    0.749435075214837     0.25517958154596    0.610925895014903     0
    0.414272677784571    0.735011060566469    0.536783838510582     0
    0.513375441230448    0.646577791797732    0.564254211765772     0
    0.470917043521434    0.619241580743836    0.628312822405294     0
    0.443957369450656    0.678976728776865    0.584715705184939     0
    0.485208279120714    0.704471193019813    0.517970331271933     0
    0.552418100796837    0.669612004259087    0.496441341614641     0
    0.536783838510582    0.414272677784571    0.735011060566469     0
    0.564254211765772    0.513375441230448    0.646577791797732     0
    0.628312822405294    0.470917043521434    0.619241580743836     0
    0.584715705184939    0.443957369450656    0.678976728776865     0
    0.517970331271933    0.485208279120714    0.704471193019813     0
    0.496441341614641    0.552418100796837    0.669612004259087     0
    0.735011060566469    0.536783838510582    0.414272677784571     0
    0.646577791797732    0.564254211765772    0.513375441230448     0
    0.619241580743836    0.628312822405294    0.470917043521434     0
    0.678976728776865    0.584715705184939    0.443957369450656     0
    0.704471193019813    0.517970331271933    0.485208279120714     0
    0.669612004259087    0.496441341614641    0.552418100796837     0
    0.540649979978604     0.58195196324558     0.60747799270735     0
     0.60747799270735    0.540649979978604     0.58195196324558     0
     0.58195196324558     0.60747799270735    0.540649979978604     0
    0.131200378813013    0.484441642060668   -0.864929335863275     0
    0.106494011871876    0.551859056507971   -0.827109791494192     0
   0.0657575566480037    0.506298020693366   -0.859847810944277     0
     0.21302286564913    0.571251659135709   -0.792649229259281     0
    0.187431845610994    0.634579268498274   -0.749785606185563     0
    0.147413513517996    0.594895337780012   -0.790170103914268     0
    0.259891913007754    0.433888564552695   -0.862668480416186     0
    0.196015238421331    0.460266587103495   -0.865871061476666     0
    0.172531715970059    0.529135030024211   -0.830812209218006     0
    0.237228688186432     0.50420944210335   -0.830358590005049     0
    0.371748034460185    0.707106781186547   -0.601500955007546     0
    0.341435044712228    0.760405965600031   -0.552453507294725     0
    0.305212495904401    0.734794251350019   -0.605741479945671     0
     0.42532540417602    0.587785252292473   -0.688190960235587     0
    0.296004592577769    0.647411893882224   -0.702309846743374     0
     0.36159179564885    0.619185610019896   -0.697036981561043     0
    0.334691568397336    0.678913060654243    -0.65349721507962     0
    0.399769073956928    0.649448048330184    -0.64683994931338     0
    0.267381097990315    0.705236152793139   -0.656619613803172     0
    0.228900008569461    0.672319410093836   -0.703982525981985     0
                  0.5    0.309016994374947   -0.809016994374947     0
    0.383613732685048     0.37503856747821    -0.84391147462239     0
    0.468429850866954    0.453990499739547   -0.757935420047777     0
    0.442866709743281    0.342848265880766   -0.828446826286221     0
     0.42713481025622    0.415597488389907   -0.803015928553963     0
    0.485712214091264     0.38268343236509   -0.785898871150631     0
    0.346153014788992    0.516121620051061   -0.783451698363313     0
    0.303801137720746    0.476225708180024   -0.825175098744511     0
    0.366027309140273    0.446977019141151   -0.816232536305201     0
    0.322524670529059    0.405433827172407   -0.855336921151225     0
    0.448259461843318    0.522498564715949   -0.725299045041225     0
    0.408285951798268     0.48624046352951   -0.772575428803421     0
    0.386730439706242    0.553371785446559   -0.737712162076988     0
     0.25517958154596    0.610925895014903   -0.749435075214837     0
    0.322141043345617    0.583691442484128   -0.745338478922828     0
     0.28031939117357     0.54510901893912   -0.790112141663011     0
    0.615642020873681    0.783843042419971  -0.0810862934433035     0
     0.57205557734137    0.819207405918664  -0.0406404050256129     0
    0.551859056507971    0.827109791494192   -0.106494011871876     0
    0.693780477560449    0.702046444776163   -0.160622035640023     0
    0.571251659135709    0.792649229259281    -0.21302286564913     0
    0.634579268498274    0.749785606185563   -0.187431845610994     0
    0.594895337780012    0.790170103914268   -0.147413513517996     0
    0.656281825524827    0.744726981819369   -0.121144079657297     0
    0.529135030024211    0.830812209218006   -0.172531715970059     0
     0.50420944210335    0.830358590005049   -0.237228688186432     0
    0.809016994374947                  0.5   -0.309016994374947     0
    0.707106781186547    0.601500955007546   -0.371748034460185     0
    0.758652300163257    0.606825149271814   -0.237086325350576     0
    0.760405965600031    0.552453507294725   -0.341435044712228     0
    0.734794251350019    0.605741479945671   -0.305212495904401     0
    0.785714975624046     0.55474014717904   -0.273706679107182     0
    0.587785252292473    0.688190960235587    -0.42532540417602     0
    0.647411893882224    0.702309846743374   -0.296004592577769     0
    0.619185610019896    0.697036981561043    -0.36159179564885     0
    0.678913060654243     0.65349721507962   -0.334691568397336     0
    0.649448048330184     0.64683994931338   -0.399769073956928     0
    0.727958497701466    0.656005712553905    -0.19933120859732     0
    0.705236152793139    0.656619613803172   -0.267381097990315     0
    0.672319410093836    0.703982525981985   -0.228900008569461     0
    0.453990499739547    0.757935420047777   -0.468429850866954     0
    0.415597488389907    0.803015928553963    -0.42713481025622     0
     0.38268343236509    0.785898871150631   -0.485712214091264     0
    0.516121620051061    0.783451698363313   -0.346153014788992     0
    0.476225708180024    0.825175098744511   -0.303801137720746     0
    0.446977019141151    0.816232536305201   -0.366027309140273     0
    0.522498564715949    0.725299045041225   -0.448259461843318     0
     0.48624046352951    0.772575428803421   -0.408285951798268     0
    0.553371785446559    0.737712162076988   -0.386730439706242     0
    0.610925895014903    0.749435075214837    -0.25517958154596     0
    0.583691442484128    0.745338478922828   -0.322141043345617     0
     0.54510901893912    0.790112141663011    -0.28031939117357     0
     0.85065080835204                    0   -0.525731112119134     0
    0.783843042419971   0.0810862934433035   -0.615642020873681     0
    0.864929335863275    0.131200378813013   -0.484441642060668     0
    0.819207405918664   0.0406404050256129    -0.57205557734137     0
    0.827109791494192    0.106494011871876   -0.551859056507971     0
    0.859847810944277   0.0657575566480037   -0.506298020693366     0
    0.702046444776163    0.160622035640023   -0.693780477560449     0
    0.792649229259281     0.21302286564913   -0.571251659135709     0
    0.749785606185563    0.187431845610994   -0.634579268498274     0
    0.790170103914268    0.147413513517996   -0.594895337780012     0
    0.744726981819369    0.121144079657297   -0.656281825524827     0
    0.862668480416186    0.259891913007754   -0.433888564552695     0
    0.865871061476666    0.196015238421331   -0.460266587103495     0
    0.830812209218006    0.172531715970059   -0.529135030024211     0
    0.830358590005049    0.237228688186432    -0.50420944210335     0
    0.601500955007546    0.371748034460185   -0.707106781186547     0
    0.606825149271814    0.237086325350576   -0.758652300163257     0
    0.552453507294725    0.341435044712228   -0.760405965600031     0
    0.605741479945671    0.305212495904401   -0.734794251350019     0
     0.55474014717904    0.273706679107182   -0.785714975624046     0
    0.688190960235587     0.42532540417602   -0.587785252292473     0
    0.702309846743374    0.296004592577769   -0.647411893882224     0
    0.697036981561043     0.36159179564885   -0.619185610019896     0
     0.65349721507962    0.334691568397336   -0.678913060654243     0
     0.64683994931338    0.399769073956928   -0.649448048330184     0
    0.656005712553905     0.19933120859732   -0.727958497701466     0
    0.656619613803172    0.267381097990315   -0.705236152793139     0
    0.703982525981985    0.228900008569461   -0.672319410093836     0
     0.84391147462239    0.383613732685048    -0.37503856747821     0
    0.757935420047777    0.468429850866954   -0.453990499739547     0
    0.828446826286221    0.442866709743281   -0.342848265880766     0
    0.803015928553963     0.42713481025622   -0.415597488389907     0
    0.785898871150631    0.485712214091264    -0.38268343236509     0
    0.783451698363313    0.346153014788992   -0.516121620051061     0
    0.825175098744511    0.303801137720746   -0.476225708180024     0
    0.816232536305201    0.366027309140273   -0.446977019141151     0
    0.855336921151225    0.322524670529059   -0.405433827172407     0
    0.725299045041225    0.448259461843318   -0.522498564715949     0
    0.772575428803421    0.408285951798268    -0.48624046352951     0
    0.737712162076988    0.386730439706242   -0.553371785446559     0
    0.749435075214837     0.25517958154596   -0.610925895014903     0
    0.745338478922828    0.322141043345617   -0.583691442484128     0
    0.790112141663011     0.28031939117357    -0.54510901893912     0
    0.414272677784571    0.735011060566469   -0.536783838510582     0
    0.513375441230448    0.646577791797732   -0.564254211765772     0
    0.552418100796837    0.669612004259087   -0.496441341614641     0
    0.485208279120714    0.704471193019813   -0.517970331271933     0
    0.443957369450656    0.678976728776865   -0.584715705184939     0
    0.470917043521434    0.619241580743836   -0.628312822405294     0
    0.735011060566469    0.536783838510582   -0.414272677784571     0
    0.646577791797732    0.564254211765772   -0.513375441230448     0
    0.669612004259087    0.496441341614641   -0.552418100796837     0
    0.704471193019813    0.517970331271933   -0.485208279120714     0
    0.678976728776865    0.584715705184939   -0.443957369450656     0
    0.619241580743836    0.628312822405294   -0.470917043521434     0
    0.536783838510582    0.414272677784571   -0.735011060566469     0
    0.564254211765772    0.513375441230448   -0.646577791797732     0
    0.496441341614641    0.552418100796837   -0.669612004259087     0
    0.517970331271933    0.485208279120714   -0.704471193019813     0
    0.584715705184939    0.443957369450656   -0.678976728776865     0
    0.628312822405294    0.470917043521434   -0.619241580743836     0
     0.58195196324558     0.60747799270735   -0.540649979978604     0
     0.60747799270735    0.540649979978604    -0.58195196324558     0
    0.540649979978604     0.58195196324558    -0.60747799270735     0
   -0.783843042419971  -0.0810862934433035   -0.615642020873681     0
    -0.78643269855747                    0   -0.617675975443125     0
   -0.819207405918664  -0.0406404050256129    -0.57205557734137     0
   -0.711281734962216                    0   -0.702907030487773     0
   -0.708969152980334   0.0805729838194862   -0.700621677084553     0
   -0.749387055003111   0.0406421053037384   -0.660883697083113     0
   -0.702046444776163   -0.160622035640023   -0.693780477560449     0
   -0.744726981819369   -0.121144079657297   -0.656281825524827     0
   -0.749387055003111  -0.0406421053037384   -0.660883697083113     0
   -0.708969152980334  -0.0805729838194862   -0.700621677084553     0
   -0.519258489728183    0.156434465040231   -0.840177885327139     0
   -0.511205119641864    0.233445363855905   -0.827147258803492     0
   -0.564512814557851    0.197274448608293   -0.801503633258308     0
   -0.525731112119134                    0    -0.85065080835204     0
   -0.620239582613447   0.0811418516199396   -0.780204370710127     0
   -0.574457742134842   0.0406751805159452     -0.8175229857266     0
   -0.571140242022716      0.1190782137238   -0.812169442270874     0
   -0.524110458554359   0.0784590957278449   -0.848028535800246     0
    -0.61545583367221     0.15961292250203   -0.771840548150462     0
   -0.662841946344834    0.121192572762526   -0.738886266263619     0
                 -0.5   -0.309016994374947   -0.809016994374947     0
   -0.606825149271814   -0.237086325350576   -0.758652300163257     0
   -0.519258489728183   -0.156434465040231   -0.840177885327139     0
    -0.55474014717904   -0.273706679107182   -0.785714975624046     0
   -0.564512814557851   -0.197274448608293   -0.801503633258308     0
   -0.511205119641864   -0.233445363855905   -0.827147258803492     0
   -0.620239582613447  -0.0811418516199396   -0.780204370710127     0
   -0.662841946344834   -0.121192572762526   -0.738886266263619     0
    -0.61545583367221    -0.15961292250203   -0.771840548150462     0
   -0.656005712553905    -0.19933120859732   -0.727958497701466     0
   -0.524110458554359  -0.0784590957278449   -0.848028535800246     0
   -0.571140242022716     -0.1190782137238   -0.812169442270874     0
   -0.574457742134842  -0.0406751805159452     -0.8175229857266     0
    -0.66750240511982   0.0406770664481739   -0.743495740017673     0
   -0.622291549536156                    0   -0.782785556443072     0
    -0.66750240511982  -0.0406770664481739   -0.743495740017673     0
                    0    0.403355348617364   -0.915043421232984     0
                    0    0.465657615667753   -0.884964962566667     0
  -0.0658169189351543    0.445365044636095   -0.892926710429346     0
                    0    0.273266528912672   -0.961938357783917     0
   -0.131655371352065    0.358228793486579   -0.924304600611346     0
  -0.0660424085862794    0.316777596492356   -0.946197841166766     0
   -0.065988359303101    0.381721516506215    -0.92191877097317     0
                    0    0.339122507446198   -0.940742220240701     0
   -0.131748667058902    0.422363621809953   -0.896800568521107     0
   -0.196412234981203    0.397350580311842   -0.896400998591329     0
                    0                    0                   -1     0
   -0.133071104140591   0.0822424652793623   -0.987688340595138     0
                    0    0.137952242127634   -0.990438881956862     0
  -0.0667412932034614   0.0412483876528615   -0.996917333733128     0
  -0.0667093819082885    0.110384992485506   -0.991647624814071     0
                    0   0.0691415867735838    -0.99760685692232     0
   -0.262865556059567    0.162459848116453   -0.951056516295154     0
   -0.132792476827902    0.220117027473292   -0.966392597402439     0
   -0.198337375706704    0.191779989797709   -0.961188181841084     0
   -0.133256381616631    0.151548895132175   -0.979426193820984     0
   -0.198580487470062    0.122729490759021   -0.972369920397677     0
                    0    0.206102618575087   -0.978530383082964     0
  -0.0666043953573237    0.179595921150836   -0.981483142812483     0
  -0.0665668561697831    0.247325699610564    -0.96664308406558     0
   -0.386187385587592    0.238676930319593   -0.891006524188368     0
   -0.385906144868401    0.307659441093799   -0.869725310462252     0
   -0.444463826438403    0.274693751508767   -0.852640164354092     0
   -0.264082750659066    0.301258879093232   -0.916244175191216     0
   -0.262660558083595     0.36851827237309   -0.891741954914295     0
   -0.324863529009311    0.339208843652866   -0.882836931662525     0
   -0.325529971084297    0.201188586486866   -0.923879532511287     0
   -0.325928978741364    0.270627108855975   -0.905831810420051     0
   -0.264151200280041    0.232455170313654   -0.936049537783692     0
   -0.132569845002769     0.28992943739316    -0.94782179629339     0
   -0.199094113958944     0.26155039913851   -0.944432592881773     0
   -0.198386721078553    0.330606503841334    -0.92268198666578     0
                    0   -0.525731112119134    -0.85065080835204     0
   -0.131200378813013   -0.484441642060668   -0.864929335863275     0
                    0   -0.403355348617364   -0.915043421232984     0
  -0.0657575566480037   -0.506298020693366   -0.859847810944277     0
  -0.0658169189351543   -0.445365044636095   -0.892926710429346     0
                    0   -0.465657615667753   -0.884964962566667     0
   -0.259891913007754   -0.433888564552695   -0.862668480416186     0
   -0.131655371352065   -0.358228793486579   -0.924304600611346     0
   -0.196412234981203   -0.397350580311842   -0.896400998591329     0
   -0.131748667058902   -0.422363621809953   -0.896800568521107     0
   -0.196015238421331   -0.460266587103495   -0.865871061476666     0
                    0   -0.273266528912672   -0.961938357783917     0
                    0   -0.339122507446198   -0.940742220240701     0
   -0.065988359303101   -0.381721516506215    -0.92191877097317     0
  -0.0660424085862794   -0.316777596492356   -0.946197841166766     0
   -0.386187385587592   -0.238676930319593   -0.891006524188368     0
   -0.383613732685048    -0.37503856747821    -0.84391147462239     0
   -0.444463826438403   -0.274693751508767   -0.852640164354092     0
   -0.385906144868401   -0.307659441093799   -0.869725310462252     0
   -0.442866709743281   -0.342848265880766   -0.828446826286221     0
   -0.262865556059567   -0.162459848116453   -0.951056516295154     0
   -0.264082750659066   -0.301258879093232   -0.916244175191216     0
   -0.264151200280041   -0.232455170313654   -0.936049537783692     0
   -0.325928978741364   -0.270627108855975   -0.905831810420051     0
   -0.325529971084297   -0.201188586486866   -0.923879532511287     0
   -0.322524670529059   -0.405433827172407   -0.855336921151225     0
   -0.324863529009311   -0.339208843652866   -0.882836931662525     0
   -0.262660558083595    -0.36851827237309   -0.891741954914295     0
                    0   -0.137952242127634   -0.990438881956862     0
   -0.133071104140591  -0.0822424652793623   -0.987688340595138     0
                    0  -0.0691415867735838    -0.99760685692232     0
  -0.0667093819082885   -0.110384992485506   -0.991647624814071     0
  -0.0667412932034614  -0.0412483876528615   -0.996917333733128     0
   -0.132792476827902   -0.220117027473292   -0.966392597402439     0
  -0.0665668561697831   -0.247325699610564    -0.96664308406558     0
  -0.0666043953573237   -0.179595921150836   -0.981483142812483     0
                    0   -0.206102618575087   -0.978530383082964     0
   -0.198580487470062   -0.122729490759021   -0.972369920397677     0
   -0.133256381616631   -0.151548895132175   -0.979426193820984     0
   -0.198337375706704   -0.191779989797709   -0.961188181841084     0
   -0.198386721078553   -0.330606503841334    -0.92268198666578     0
   -0.199094113958944    -0.26155039913851   -0.944432592881773     0
   -0.132569845002769    -0.28992943739316    -0.94782179629339     0
   -0.454261817537185    0.198227222055887   -0.868534495321757     0
   -0.399607051701851   0.0823235800319602   -0.912982492932299     0
   -0.332341920631653    0.122800239129195    -0.93513044494374     0
   -0.394136231711374    0.161006397504933   -0.904838975075036     0
    -0.46088160562438    0.119755487834874   -0.879344510832088     0
   -0.464213401422306   0.0412991818537929   -0.884760021428489     0
   -0.133523434755288                    0   -0.991045656047768     0
   -0.266404701134567                    0   -0.963861263467623     0
   -0.265518440684653  -0.0815010572754025   -0.960654743036947     0
   -0.200367782055223  -0.0412509096700586   -0.978851936896313     0
   -0.200367782055223   0.0412509096700586   -0.978851936896313     0
   -0.265518440684653   0.0815010572754025   -0.960654743036947     0
   -0.454261817537185   -0.198227222055887   -0.868534495321757     0
   -0.399607051701851  -0.0823235800319602   -0.912982492932299     0
   -0.464213401422306  -0.0412991818537929   -0.884760021428489     0
    -0.46088160562438   -0.119755487834874   -0.879344510832088     0
   -0.394136231711374   -0.161006397504933   -0.904838975075036     0
   -0.332341920631653   -0.122800239129195    -0.93513044494374     0
   -0.334140063643728   0.0413019832669753   -0.941618056351077     0
   -0.334140063643728  -0.0413019832669753   -0.941618056351077     0
   -0.400968076372473                    0   -0.916092026889307     0
   -0.864929335863275   -0.131200378813013    0.484441642060668     0
   -0.892926710429346  -0.0658169189351543    0.445365044636095     0
   -0.859847810944277  -0.0657575566480037    0.506298020693366     0
   -0.924304600611346   -0.131655371352065    0.358228793486579     0
   -0.946197841166766  -0.0660424085862794    0.316777596492356     0
    -0.92191877097317   -0.065988359303101    0.381721516506215     0
   -0.862668480416186   -0.259891913007754    0.433888564552695     0
   -0.865871061476666   -0.196015238421331    0.460266587103495     0
   -0.896800568521107   -0.131748667058902    0.422363621809953     0
   -0.896400998591329   -0.196412234981203    0.397350580311842     0
   -0.987688340595138   -0.133071104140591   0.0822424652793623     0
   -0.996917333733128  -0.0667412932034614   0.0412483876528615     0
   -0.991647624814071  -0.0667093819082885    0.110384992485506     0
   -0.951056516295154   -0.262865556059567    0.162459848116453     0
   -0.966392597402439   -0.132792476827902    0.220117027473292     0
   -0.961188181841084   -0.198337375706704    0.191779989797709     0
   -0.979426193820984   -0.133256381616631    0.151548895132175     0
   -0.972369920397677   -0.198580487470062    0.122729490759021     0
   -0.981483142812483  -0.0666043953573237    0.179595921150836     0
    -0.96664308406558  -0.0665668561697831    0.247325699610564     0
   -0.809016994374947                 -0.5    0.309016994374947     0
    -0.84391147462239   -0.383613732685048     0.37503856747821     0
   -0.891006524188368   -0.386187385587592    0.238676930319593     0
   -0.828446826286221   -0.442866709743281    0.342848265880766     0
   -0.869725310462252   -0.385906144868401    0.307659441093799     0
   -0.852640164354092   -0.444463826438403    0.274693751508767     0
   -0.916244175191216   -0.264082750659066    0.301258879093232     0
   -0.891741954914295   -0.262660558083595     0.36851827237309     0
   -0.882836931662525   -0.324863529009311    0.339208843652866     0
   -0.855336921151225   -0.322524670529059    0.405433827172407     0
   -0.923879532511287   -0.325529971084297    0.201188586486866     0
   -0.905831810420051   -0.325928978741364    0.270627108855975     0
   -0.936049537783692   -0.264151200280041    0.232455170313654     0
    -0.94782179629339   -0.132569845002769     0.28992943739316     0
   -0.944432592881773   -0.199094113958944     0.26155039913851     0
    -0.92268198666578   -0.198386721078553    0.330606503841334     0
   -0.864929335863275   -0.131200378813013   -0.484441642060668     0
   -0.859847810944277  -0.0657575566480037   -0.506298020693366     0
   -0.892926710429346  -0.0658169189351543   -0.445365044636095     0
   -0.862668480416186   -0.259891913007754   -0.433888564552695     0
   -0.924304600611346   -0.131655371352065   -0.358228793486579     0
   -0.896400998591329   -0.196412234981203   -0.397350580311842     0
   -0.896800568521107   -0.131748667058902   -0.422363621809953     0
   -0.865871061476666   -0.196015238421331   -0.460266587103495     0
    -0.92191877097317   -0.065988359303101   -0.381721516506215     0
   -0.946197841166766  -0.0660424085862794   -0.316777596492356     0
   -0.809016994374947                 -0.5   -0.309016994374947     0
   -0.891006524188368   -0.386187385587592   -0.238676930319593     0
    -0.84391147462239   -0.383613732685048    -0.37503856747821     0
   -0.852640164354092   -0.444463826438403   -0.274693751508767     0
   -0.869725310462252   -0.385906144868401   -0.307659441093799     0
   -0.828446826286221   -0.442866709743281   -0.342848265880766     0
   -0.951056516295154   -0.262865556059567   -0.162459848116453     0
   -0.916244175191216   -0.264082750659066   -0.301258879093232     0
   -0.936049537783692   -0.264151200280041   -0.232455170313654     0
   -0.905831810420051   -0.325928978741364   -0.270627108855975     0
   -0.923879532511287   -0.325529971084297   -0.201188586486866     0
   -0.855336921151225   -0.322524670529059   -0.405433827172407     0
   -0.882836931662525   -0.324863529009311   -0.339208843652866     0
   -0.891741954914295   -0.262660558083595    -0.36851827237309     0
   -0.987688340595138   -0.133071104140591  -0.0822424652793623     0
   -0.991647624814071  -0.0667093819082885   -0.110384992485506     0
   -0.996917333733128  -0.0667412932034614  -0.0412483876528615     0
   -0.966392597402439   -0.132792476827902   -0.220117027473292     0
    -0.96664308406558  -0.0665668561697831   -0.247325699610564     0
   -0.981483142812483  -0.0666043953573237   -0.179595921150836     0
   -0.972369920397677   -0.198580487470062   -0.122729490759021     0
   -0.979426193820984   -0.133256381616631   -0.151548895132175     0
   -0.961188181841084   -0.198337375706704   -0.191779989797709     0
    -0.92268198666578   -0.198386721078553   -0.330606503841334     0
   -0.944432592881773   -0.199094113958944    -0.26155039913851     0
    -0.94782179629339   -0.132569845002769    -0.28992943739316     0
   -0.525731112119134    -0.85065080835204                    0     0
   -0.615642020873681   -0.783843042419971   0.0810862934433035     0
   -0.615642020873681   -0.783843042419971  -0.0810862934433035     0
    -0.57205557734137   -0.819207405918664   0.0406404050256129     0
   -0.617675975443125    -0.78643269855747                    0     0
    -0.57205557734137   -0.819207405918664  -0.0406404050256129     0
   -0.693780477560449   -0.702046444776163    0.160622035640023     0
   -0.702907030487773   -0.711281734962216                    0     0
   -0.700621677084553   -0.708969152980334   0.0805729838194862     0
   -0.660883697083113   -0.749387055003111   0.0406421053037384     0
   -0.656281825524827   -0.744726981819369    0.121144079657297     0
   -0.693780477560449   -0.702046444776163   -0.160622035640023     0
   -0.656281825524827   -0.744726981819369   -0.121144079657297     0
   -0.660883697083113   -0.749387055003111  -0.0406421053037384     0
   -0.700621677084553   -0.708969152980334  -0.0805729838194862     0
   -0.840177885327139   -0.519258489728183    0.156434465040231     0
   -0.758652300163257   -0.606825149271814    0.237086325350576     0
   -0.827147258803492   -0.511205119641864    0.233445363855905     0
   -0.801503633258308   -0.564512814557851    0.197274448608293     0
   -0.785714975624046    -0.55474014717904    0.273706679107182     0
    -0.85065080835204   -0.525731112119134                    0     0
   -0.780204370710127   -0.620239582613447   0.0811418516199396     0
     -0.8175229857266   -0.574457742134842   0.0406751805159452     0
   -0.812169442270874   -0.571140242022716      0.1190782137238     0
   -0.848028535800246   -0.524110458554359   0.0784590957278449     0
   -0.727958497701466   -0.656005712553905     0.19933120859732     0
   -0.771840548150462    -0.61545583367221     0.15961292250203     0
   -0.738886266263619   -0.662841946344834    0.121192572762526     0
   -0.758652300163257   -0.606825149271814   -0.237086325350576     0
   -0.840177885327139   -0.519258489728183   -0.156434465040231     0
   -0.785714975624046    -0.55474014717904   -0.273706679107182     0
   -0.801503633258308   -0.564512814557851   -0.197274448608293     0
   -0.827147258803492   -0.511205119641864   -0.233445363855905     0
   -0.780204370710127   -0.620239582613447  -0.0811418516199396     0
   -0.738886266263619   -0.662841946344834   -0.121192572762526     0
   -0.771840548150462    -0.61545583367221    -0.15961292250203     0
   -0.727958497701466   -0.656005712553905    -0.19933120859732     0
   -0.848028535800246   -0.524110458554359  -0.0784590957278449     0
   -0.812169442270874   -0.571140242022716     -0.1190782137238     0
     -0.8175229857266   -0.574457742134842  -0.0406751805159452     0
   -0.743495740017673    -0.66750240511982   0.0406770664481739     0
   -0.782785556443072   -0.622291549536156                    0     0
   -0.743495740017673    -0.66750240511982  -0.0406770664481739     0
   -0.991045656047768   -0.133523434755288                    0     0
   -0.963861263467623   -0.266404701134567                    0     0
   -0.960654743036947   -0.265518440684653  -0.0815010572754025     0
   -0.978851936896313   -0.200367782055223  -0.0412509096700586     0
   -0.978851936896313   -0.200367782055223   0.0412509096700586     0
   -0.960654743036947   -0.265518440684653   0.0815010572754025     0
   -0.868534495321757   -0.454261817537185   -0.198227222055887     0
   -0.912982492932299   -0.399607051701851  -0.0823235800319602     0
   -0.884760021428489   -0.464213401422306  -0.0412991818537929     0
   -0.879344510832088    -0.46088160562438   -0.119755487834874     0
   -0.904838975075036   -0.394136231711374   -0.161006397504933     0
    -0.93513044494374   -0.332341920631653   -0.122800239129195     0
   -0.868534495321757   -0.454261817537185    0.198227222055887     0
   -0.912982492932299   -0.399607051701851   0.0823235800319602     0
    -0.93513044494374   -0.332341920631653    0.122800239129195     0
   -0.904838975075036   -0.394136231711374    0.161006397504933     0
   -0.879344510832088    -0.46088160562438    0.119755487834874     0
   -0.884760021428489   -0.464213401422306   0.0412991818537929     0
   -0.941618056351077   -0.334140063643728  -0.0413019832669753     0
   -0.916092026889307   -0.400968076372473                    0     0
   -0.941618056351077   -0.334140063643728   0.0413019832669753     0
   -0.484441642060668   -0.864929335863275    0.131200378813013     0
   -0.506298020693366   -0.859847810944277   0.0657575566480037     0
   -0.551859056507971   -0.827109791494192    0.106494011871876     0
   -0.433888564552695   -0.862668480416186    0.259891913007754     0
   -0.571251659135709   -0.792649229259281     0.21302286564913     0
    -0.50420944210335   -0.830358590005049    0.237228688186432     0
   -0.529135030024211   -0.830812209218006    0.172531715970059     0
   -0.460266587103495   -0.865871061476666    0.196015238421331     0
   -0.594895337780012   -0.790170103914268    0.147413513517996     0
   -0.634579268498274   -0.749785606185563    0.187431845610994     0
   -0.309016994374947   -0.809016994374947                  0.5     0
   -0.453990499739547   -0.757935420047777    0.468429850866954     0
    -0.37503856747821    -0.84391147462239    0.383613732685048     0
    -0.38268343236509   -0.785898871150631    0.485712214091264     0
   -0.415597488389907   -0.803015928553963     0.42713481025622     0
   -0.342848265880766   -0.828446826286221    0.442866709743281     0
   -0.587785252292473   -0.688190960235587     0.42532540417602     0
   -0.516121620051061   -0.783451698363313    0.346153014788992     0
   -0.553371785446559   -0.737712162076988    0.386730439706242     0
    -0.48624046352951   -0.772575428803421    0.408285951798268     0
   -0.522498564715949   -0.725299045041225    0.448259461843318     0
   -0.405433827172407   -0.855336921151225    0.322524670529059     0
   -0.446977019141151   -0.816232536305201    0.366027309140273     0
   -0.476225708180024   -0.825175098744511    0.303801137720746     0
   -0.707106781186547   -0.601500955007546    0.371748034460185     0
   -0.734794251350019   -0.605741479945671    0.305212495904401     0
   -0.760405965600031   -0.552453507294725    0.341435044712228     0
   -0.647411893882224   -0.702309846743374    0.296004592577769     0
   -0.672319410093836   -0.703982525981985    0.228900008569461     0
   -0.705236152793139   -0.656619613803172    0.267381097990315     0
   -0.649448048330184    -0.64683994931338    0.399769073956928     0
   -0.678913060654243    -0.65349721507962    0.334691568397336     0
   -0.619185610019896   -0.697036981561043     0.36159179564885     0
    -0.54510901893912   -0.790112141663011     0.28031939117357     0
   -0.583691442484128   -0.745338478922828    0.322141043345617     0
   -0.610925895014903   -0.749435075214837     0.25517958154596     0
  -0.0810862934433035   -0.615642020873681    0.783843042419971     0
   -0.106494011871876   -0.551859056507971    0.827109791494192     0
  -0.0406404050256129    -0.57205557734137    0.819207405918664     0
    -0.21302286564913   -0.571251659135709    0.792649229259281     0
   -0.237228688186432    -0.50420944210335    0.830358590005049     0
   -0.172531715970059   -0.529135030024211    0.830812209218006     0
   -0.160622035640023   -0.693780477560449    0.702046444776163     0
   -0.121144079657297   -0.656281825524827    0.744726981819369     0
   -0.147413513517996   -0.594895337780012    0.790170103914268     0
   -0.187431845610994   -0.634579268498274    0.749785606185563     0
   -0.468429850866954   -0.453990499739547    0.757935420047777     0
   -0.485712214091264    -0.38268343236509    0.785898871150631     0
    -0.42713481025622   -0.415597488389907    0.803015928553963     0
    -0.42532540417602   -0.587785252292473    0.688190960235587     0
   -0.346153014788992   -0.516121620051061    0.783451698363313     0
   -0.386730439706242   -0.553371785446559    0.737712162076988     0
   -0.408285951798268    -0.48624046352951    0.772575428803421     0
   -0.448259461843318   -0.522498564715949    0.725299045041225     0
   -0.366027309140273   -0.446977019141151    0.816232536305201     0
   -0.303801137720746   -0.476225708180024    0.825175098744511     0
   -0.237086325350576   -0.758652300163257    0.606825149271814     0
   -0.371748034460185   -0.707106781186547    0.601500955007546     0
   -0.273706679107182   -0.785714975624046     0.55474014717904     0
   -0.305212495904401   -0.734794251350019    0.605741479945671     0
   -0.341435044712228   -0.760405965600031    0.552453507294725     0
   -0.296004592577769   -0.647411893882224    0.702309846743374     0
   -0.228900008569461   -0.672319410093836    0.703982525981985     0
   -0.267381097990315   -0.705236152793139    0.656619613803172     0
    -0.19933120859732   -0.727958497701466    0.656005712553905     0
   -0.399769073956928   -0.649448048330184     0.64683994931338     0
   -0.334691568397336   -0.678913060654243     0.65349721507962     0
    -0.36159179564885   -0.619185610019896    0.697036981561043     0
    -0.28031939117357    -0.54510901893912    0.790112141663011     0
   -0.322141043345617   -0.583691442484128    0.745338478922828     0
    -0.25517958154596   -0.610925895014903    0.749435075214837     0
   -0.827109791494192   -0.106494011871876    0.551859056507971     0
   -0.792649229259281    -0.21302286564913    0.571251659135709     0
   -0.830358590005049   -0.237228688186432     0.50420944210335     0
   -0.830812209218006   -0.172531715970059    0.529135030024211     0
   -0.790170103914268   -0.147413513517996    0.594895337780012     0
   -0.749785606185563   -0.187431845610994    0.634579268498274     0
   -0.757935420047777   -0.468429850866954    0.453990499739547     0
   -0.785898871150631   -0.485712214091264     0.38268343236509     0
   -0.803015928553963    -0.42713481025622    0.415597488389907     0
   -0.688190960235587    -0.42532540417602    0.587785252292473     0
   -0.783451698363313   -0.346153014788992    0.516121620051061     0
   -0.737712162076988   -0.386730439706242    0.553371785446559     0
   -0.772575428803421   -0.408285951798268     0.48624046352951     0
   -0.725299045041225   -0.448259461843318    0.522498564715949     0
   -0.816232536305201   -0.366027309140273    0.446977019141151     0
   -0.825175098744511   -0.303801137720746    0.476225708180024     0
   -0.601500955007546   -0.371748034460185    0.707106781186547     0
   -0.605741479945671   -0.305212495904401    0.734794251350019     0
   -0.552453507294725   -0.341435044712228    0.760405965600031     0
   -0.702309846743374   -0.296004592577769    0.647411893882224     0
   -0.703982525981985   -0.228900008569461    0.672319410093836     0
   -0.656619613803172   -0.267381097990315    0.705236152793139     0
    -0.64683994931338   -0.399769073956928    0.649448048330184     0
    -0.65349721507962   -0.334691568397336    0.678913060654243     0
   -0.697036981561043    -0.36159179564885    0.619185610019896     0
   -0.790112141663011    -0.28031939117357     0.54510901893912     0
   -0.745338478922828   -0.322141043345617    0.583691442484128     0
   -0.749435075214837    -0.25517958154596    0.610925895014903     0
   -0.414272677784571   -0.735011060566469    0.536783838510582     0
   -0.513375441230448   -0.646577791797732    0.564254211765772     0
   -0.470917043521434   -0.619241580743836    0.628312822405294     0
   -0.443957369450656   -0.678976728776865    0.584715705184939     0
   -0.485208279120714   -0.704471193019813    0.517970331271933     0
   -0.552418100796837   -0.669612004259087    0.496441341614641     0
   -0.536783838510582   -0.414272677784571    0.735011060566469     0
   -0.564254211765772   -0.513375441230448    0.646577791797732     0
   -0.628312822405294   -0.470917043521434    0.619241580743836     0
   -0.584715705184939   -0.443957369450656    0.678976728776865     0
   -0.517970331271933   -0.485208279120714    0.704471193019813     0
   -0.496441341614641   -0.552418100796837    0.669612004259087     0
   -0.735011060566469   -0.536783838510582    0.414272677784571     0
   -0.646577791797732   -0.564254211765772    0.513375441230448     0
   -0.619241580743836   -0.628312822405294    0.470917043521434     0
   -0.678976728776865   -0.584715705184939    0.443957369450656     0
   -0.704471193019813   -0.517970331271933    0.485208279120714     0
   -0.669612004259087   -0.496441341614641    0.552418100796837     0
   -0.540649979978604    -0.58195196324558     0.60747799270735     0
    -0.60747799270735   -0.540649979978604     0.58195196324558     0
    -0.58195196324558    -0.60747799270735    0.540649979978604     0
    0.131200378813013   -0.484441642060668    0.864929335863275     0
   0.0657575566480037   -0.506298020693366    0.859847810944277     0
   0.0658169189351543   -0.445365044636095    0.892926710429346     0
    0.259891913007754   -0.433888564552695    0.862668480416186     0
    0.131655371352065   -0.358228793486579    0.924304600611346     0
    0.196412234981203   -0.397350580311842    0.896400998591329     0
    0.131748667058902   -0.422363621809953    0.896800568521107     0
    0.196015238421331   -0.460266587103495    0.865871061476666     0
    0.065988359303101   -0.381721516506215     0.92191877097317     0
   0.0660424085862794   -0.316777596492356    0.946197841166766     0
                  0.5   -0.309016994374947    0.809016994374947     0
    0.386187385587592   -0.238676930319593    0.891006524188368     0
    0.383613732685048    -0.37503856747821     0.84391147462239     0
    0.444463826438403   -0.274693751508767    0.852640164354092     0
    0.385906144868401   -0.307659441093799    0.869725310462252     0
    0.442866709743281   -0.342848265880766    0.828446826286221     0
    0.262865556059567   -0.162459848116453    0.951056516295154     0
    0.264082750659066   -0.301258879093232    0.916244175191216     0
    0.264151200280041   -0.232455170313654    0.936049537783692     0
    0.325928978741364   -0.270627108855975    0.905831810420051     0
    0.325529971084297   -0.201188586486866    0.923879532511287     0
    0.322524670529059   -0.405433827172407    0.855336921151225     0
    0.324863529009311   -0.339208843652866    0.882836931662525     0
    0.262660558083595    -0.36851827237309    0.891741954914295     0
    0.133071104140591  -0.0822424652793623    0.987688340595138     0
   0.0667093819082885   -0.110384992485506    0.991647624814071     0
   0.0667412932034614  -0.0412483876528615    0.996917333733128     0
    0.132792476827902   -0.220117027473292    0.966392597402439     0
   0.0665668561697831   -0.247325699610564     0.96664308406558     0
   0.0666043953573237   -0.179595921150836    0.981483142812483     0
    0.198580487470062   -0.122729490759021    0.972369920397677     0
    0.133256381616631   -0.151548895132175    0.979426193820984     0
    0.198337375706704   -0.191779989797709    0.961188181841084     0
    0.198386721078553   -0.330606503841334     0.92268198666578     0
    0.199094113958944    -0.26155039913851    0.944432592881773     0
    0.132569845002769    -0.28992943739316     0.94782179629339     0
    0.783843042419971  -0.0810862934433035    0.615642020873681     0
     0.78643269855747                    0    0.617675975443125     0
    0.819207405918664  -0.0406404050256129     0.57205557734137     0
    0.711281734962216                    0    0.702907030487773     0
    0.708969152980334   0.0805729838194862    0.700621677084553     0
    0.749387055003111   0.0406421053037384    0.660883697083113     0
    0.702046444776163   -0.160622035640023    0.693780477560449     0
    0.744726981819369   -0.121144079657297    0.656281825524827     0
    0.749387055003111  -0.0406421053037384    0.660883697083113     0
    0.708969152980334  -0.0805729838194862    0.700621677084553     0
    0.519258489728183    0.156434465040231    0.840177885327139     0
    0.511205119641864    0.233445363855905    0.827147258803492     0
    0.564512814557851    0.197274448608293    0.801503633258308     0
    0.525731112119134                    0     0.85065080835204     0
    0.620239582613447   0.0811418516199396    0.780204370710127     0
    0.574457742134842   0.0406751805159452      0.8175229857266     0
    0.571140242022716      0.1190782137238    0.812169442270874     0
    0.524110458554359   0.0784590957278449    0.848028535800246     0
     0.61545583367221     0.15961292250203    0.771840548150462     0
    0.662841946344834    0.121192572762526    0.738886266263619     0
    0.606825149271814   -0.237086325350576    0.758652300163257     0
    0.519258489728183   -0.156434465040231    0.840177885327139     0
     0.55474014717904   -0.273706679107182    0.785714975624046     0
    0.564512814557851   -0.197274448608293    0.801503633258308     0
    0.511205119641864   -0.233445363855905    0.827147258803492     0
    0.620239582613447  -0.0811418516199396    0.780204370710127     0
    0.662841946344834   -0.121192572762526    0.738886266263619     0
     0.61545583367221    -0.15961292250203    0.771840548150462     0
    0.656005712553905    -0.19933120859732    0.727958497701466     0
    0.524110458554359  -0.0784590957278449    0.848028535800246     0
    0.571140242022716     -0.1190782137238    0.812169442270874     0
    0.574457742134842  -0.0406751805159452      0.8175229857266     0
     0.66750240511982   0.0406770664481739    0.743495740017673     0
    0.622291549536156                    0    0.782785556443072     0
     0.66750240511982  -0.0406770664481739    0.743495740017673     0
   0.0658169189351543    0.445365044636095    0.892926710429346     0
    0.131655371352065    0.358228793486579    0.924304600611346     0
   0.0660424085862794    0.316777596492356    0.946197841166766     0
    0.065988359303101    0.381721516506215     0.92191877097317     0
    0.131748667058902    0.422363621809953    0.896800568521107     0
    0.196412234981203    0.397350580311842    0.896400998591329     0
    0.133071104140591   0.0822424652793623    0.987688340595138     0
   0.0667412932034614   0.0412483876528615    0.996917333733128     0
   0.0667093819082885    0.110384992485506    0.991647624814071     0
    0.262865556059567    0.162459848116453    0.951056516295154     0
    0.132792476827902    0.220117027473292    0.966392597402439     0
    0.198337375706704    0.191779989797709    0.961188181841084     0
    0.133256381616631    0.151548895132175    0.979426193820984     0
    0.198580487470062    0.122729490759021    0.972369920397677     0
   0.0666043953573237    0.179595921150836    0.981483142812483     0
   0.0665668561697831    0.247325699610564     0.96664308406558     0
    0.386187385587592    0.238676930319593    0.891006524188368     0
    0.385906144868401    0.307659441093799    0.869725310462252     0
    0.444463826438403    0.274693751508767    0.852640164354092     0
    0.264082750659066    0.301258879093232    0.916244175191216     0
    0.262660558083595     0.36851827237309    0.891741954914295     0
    0.324863529009311    0.339208843652866    0.882836931662525     0
    0.325529971084297    0.201188586486866    0.923879532511287     0
    0.325928978741364    0.270627108855975    0.905831810420051     0
    0.264151200280041    0.232455170313654    0.936049537783692     0
    0.132569845002769     0.28992943739316     0.94782179629339     0
    0.199094113958944     0.26155039913851    0.944432592881773     0
    0.198386721078553    0.330606503841334     0.92268198666578     0
    0.454261817537185   -0.198227222055887    0.868534495321757     0
    0.399607051701851  -0.0823235800319602    0.912982492932299     0
    0.464213401422306  -0.0412991818537929    0.884760021428489     0
     0.46088160562438   -0.119755487834874    0.879344510832088     0
    0.394136231711374   -0.161006397504933    0.904838975075036     0
    0.332341920631653   -0.122800239129195     0.93513044494374     0
    0.454261817537185    0.198227222055887    0.868534495321757     0
    0.399607051701851   0.0823235800319602    0.912982492932299     0
    0.332341920631653    0.122800239129195     0.93513044494374     0
    0.394136231711374    0.161006397504933    0.904838975075036     0
     0.46088160562438    0.119755487834874    0.879344510832088     0
    0.464213401422306   0.0412991818537929    0.884760021428489     0
    0.133523434755288                    0    0.991045656047768     0
    0.266404701134567                    0    0.963861263467623     0
    0.265518440684653  -0.0815010572754025    0.960654743036947     0
    0.200367782055223  -0.0412509096700586    0.978851936896313     0
    0.200367782055223   0.0412509096700586    0.978851936896313     0
    0.265518440684653   0.0815010572754025    0.960654743036947     0
    0.400968076372473                    0    0.916092026889307     0
    0.334140063643728   0.0413019832669753    0.941618056351077     0
    0.334140063643728  -0.0413019832669753    0.941618056351077     0
    0.915043421232984                    0    0.403355348617364     0
    0.884964962566667                    0    0.465657615667753     0
    0.892926710429346   0.0658169189351543    0.445365044636095     0
    0.961938357783917                    0    0.273266528912672     0
    0.924304600611346    0.131655371352065    0.358228793486579     0
    0.946197841166766   0.0660424085862794    0.316777596492356     0
     0.92191877097317    0.065988359303101    0.381721516506215     0
    0.940742220240701                    0    0.339122507446198     0
    0.896800568521107    0.131748667058902    0.422363621809953     0
    0.896400998591329    0.196412234981203    0.397350580311842     0
                    1                    0                    0     0
    0.987688340595138    0.133071104140591   0.0822424652793623     0
    0.990438881956862                    0    0.137952242127634     0
    0.996917333733128   0.0667412932034614   0.0412483876528615     0
    0.991647624814071   0.0667093819082885    0.110384992485506     0
     0.99760685692232                    0   0.0691415867735838     0
    0.951056516295154    0.262865556059567    0.162459848116453     0
    0.966392597402439    0.132792476827902    0.220117027473292     0
    0.961188181841084    0.198337375706704    0.191779989797709     0
    0.979426193820984    0.133256381616631    0.151548895132175     0
    0.972369920397677    0.198580487470062    0.122729490759021     0
    0.978530383082964                    0    0.206102618575087     0
    0.981483142812483   0.0666043953573237    0.179595921150836     0
     0.96664308406558   0.0665668561697831    0.247325699610564     0
    0.891006524188368    0.386187385587592    0.238676930319593     0
    0.869725310462252    0.385906144868401    0.307659441093799     0
    0.852640164354092    0.444463826438403    0.274693751508767     0
    0.916244175191216    0.264082750659066    0.301258879093232     0
    0.891741954914295    0.262660558083595     0.36851827237309     0
    0.882836931662525    0.324863529009311    0.339208843652866     0
    0.923879532511287    0.325529971084297    0.201188586486866     0
    0.905831810420051    0.325928978741364    0.270627108855975     0
    0.936049537783692    0.264151200280041    0.232455170313654     0
     0.94782179629339    0.132569845002769     0.28992943739316     0
    0.944432592881773    0.199094113958944     0.26155039913851     0
     0.92268198666578    0.198386721078553    0.330606503841334     0
    0.915043421232984                    0   -0.403355348617364     0
    0.892926710429346   0.0658169189351543   -0.445365044636095     0
    0.884964962566667                    0   -0.465657615667753     0
    0.924304600611346    0.131655371352065   -0.358228793486579     0
    0.896400998591329    0.196412234981203   -0.397350580311842     0
    0.896800568521107    0.131748667058902   -0.422363621809953     0
    0.961938357783917                    0   -0.273266528912672     0
    0.940742220240701                    0   -0.339122507446198     0
     0.92191877097317    0.065988359303101   -0.381721516506215     0
    0.946197841166766   0.0660424085862794   -0.316777596492356     0
    0.891006524188368    0.386187385587592   -0.238676930319593     0
    0.852640164354092    0.444463826438403   -0.274693751508767     0
    0.869725310462252    0.385906144868401   -0.307659441093799     0
    0.951056516295154    0.262865556059567   -0.162459848116453     0
    0.916244175191216    0.264082750659066   -0.301258879093232     0
    0.936049537783692    0.264151200280041   -0.232455170313654     0
    0.905831810420051    0.325928978741364   -0.270627108855975     0
    0.923879532511287    0.325529971084297   -0.201188586486866     0
    0.882836931662525    0.324863529009311   -0.339208843652866     0
    0.891741954914295    0.262660558083595    -0.36851827237309     0
    0.990438881956862                    0   -0.137952242127634     0
    0.987688340595138    0.133071104140591  -0.0822424652793623     0
     0.99760685692232                    0  -0.0691415867735838     0
    0.991647624814071   0.0667093819082885   -0.110384992485506     0
    0.996917333733128   0.0667412932034614  -0.0412483876528615     0
    0.966392597402439    0.132792476827902   -0.220117027473292     0
     0.96664308406558   0.0665668561697831   -0.247325699610564     0
    0.981483142812483   0.0666043953573237   -0.179595921150836     0
    0.978530383082964                    0   -0.206102618575087     0
    0.972369920397677    0.198580487470062   -0.122729490759021     0
    0.979426193820984    0.133256381616631   -0.151548895132175     0
    0.961188181841084    0.198337375706704   -0.191779989797709     0
     0.92268198666578    0.198386721078553   -0.330606503841334     0
    0.944432592881773    0.199094113958944    -0.26155039913851     0
     0.94782179629339    0.132569845002769    -0.28992943739316     0
    0.617675975443125     0.78643269855747                    0     0
    0.702907030487773    0.711281734962216                    0     0
    0.700621677084553    0.708969152980334   0.0805729838194862     0
    0.660883697083113    0.749387055003111   0.0406421053037384     0
    0.660883697083113    0.749387055003111  -0.0406421053037384     0
    0.700621677084553    0.708969152980334  -0.0805729838194862     0
    0.840177885327139    0.519258489728183    0.156434465040231     0
    0.827147258803492    0.511205119641864    0.233445363855905     0
    0.801503633258308    0.564512814557851    0.197274448608293     0
     0.85065080835204    0.525731112119134                    0     0
    0.780204370710127    0.620239582613447   0.0811418516199396     0
      0.8175229857266    0.574457742134842   0.0406751805159452     0
    0.812169442270874    0.571140242022716      0.1190782137238     0
    0.848028535800246    0.524110458554359   0.0784590957278449     0
    0.771840548150462     0.61545583367221     0.15961292250203     0
    0.738886266263619    0.662841946344834    0.121192572762526     0
    0.840177885327139    0.519258489728183   -0.156434465040231     0
    0.801503633258308    0.564512814557851   -0.197274448608293     0
    0.827147258803492    0.511205119641864   -0.233445363855905     0
    0.780204370710127    0.620239582613447  -0.0811418516199396     0
    0.738886266263619    0.662841946344834   -0.121192572762526     0
    0.771840548150462     0.61545583367221    -0.15961292250203     0
    0.848028535800246    0.524110458554359  -0.0784590957278449     0
    0.812169442270874    0.571140242022716     -0.1190782137238     0
      0.8175229857266    0.574457742134842  -0.0406751805159452     0
    0.743495740017673     0.66750240511982   0.0406770664481739     0
    0.782785556443072    0.622291549536156                    0     0
    0.743495740017673     0.66750240511982  -0.0406770664481739     0
    0.991045656047768    0.133523434755288                    0     0
    0.963861263467623    0.266404701134567                    0     0
    0.960654743036947    0.265518440684653  -0.0815010572754025     0
    0.978851936896313    0.200367782055223  -0.0412509096700586     0
    0.978851936896313    0.200367782055223   0.0412509096700586     0
    0.960654743036947    0.265518440684653   0.0815010572754025     0
    0.868534495321757    0.454261817537185   -0.198227222055887     0
    0.912982492932299    0.399607051701851  -0.0823235800319602     0
    0.884760021428489    0.464213401422306  -0.0412991818537929     0
    0.879344510832088     0.46088160562438   -0.119755487834874     0
    0.904838975075036    0.394136231711374   -0.161006397504933     0
     0.93513044494374    0.332341920631653   -0.122800239129195     0
    0.868534495321757    0.454261817537185    0.198227222055887     0
    0.912982492932299    0.399607051701851   0.0823235800319602     0
     0.93513044494374    0.332341920631653    0.122800239129195     0
    0.904838975075036    0.394136231711374    0.161006397504933     0
    0.879344510832088     0.46088160562438    0.119755487834874     0
    0.884760021428489    0.464213401422306   0.0412991818537929     0
    0.941618056351077    0.334140063643728  -0.0413019832669753     0
    0.916092026889307    0.400968076372473                    0     0
    0.941618056351077    0.334140063643728   0.0413019832669753     0
    0.783843042419971  -0.0810862934433035   -0.615642020873681     0
    0.819207405918664  -0.0406404050256129    -0.57205557734137     0
     0.78643269855747                    0   -0.617675975443125     0
    0.702046444776163   -0.160622035640023   -0.693780477560449     0
    0.711281734962216                    0   -0.702907030487773     0
    0.708969152980334  -0.0805729838194862   -0.700621677084553     0
    0.749387055003111  -0.0406421053037384   -0.660883697083113     0
    0.744726981819369   -0.121144079657297   -0.656281825524827     0
    0.749387055003111   0.0406421053037384   -0.660883697083113     0
    0.708969152980334   0.0805729838194862   -0.700621677084553     0
                  0.5   -0.309016994374947   -0.809016994374947     0
    0.519258489728183   -0.156434465040231   -0.840177885327139     0
    0.606825149271814   -0.237086325350576   -0.758652300163257     0
    0.511205119641864   -0.233445363855905   -0.827147258803492     0
    0.564512814557851   -0.197274448608293   -0.801503633258308     0
     0.55474014717904   -0.273706679107182   -0.785714975624046     0
    0.525731112119134                    0    -0.85065080835204     0
    0.620239582613447  -0.0811418516199396   -0.780204370710127     0
    0.574457742134842  -0.0406751805159452     -0.8175229857266     0
    0.571140242022716     -0.1190782137238   -0.812169442270874     0
    0.524110458554359  -0.0784590957278449   -0.848028535800246     0
    0.656005712553905    -0.19933120859732   -0.727958497701466     0
     0.61545583367221    -0.15961292250203   -0.771840548150462     0
    0.662841946344834   -0.121192572762526   -0.738886266263619     0
    0.519258489728183    0.156434465040231   -0.840177885327139     0
    0.564512814557851    0.197274448608293   -0.801503633258308     0
    0.511205119641864    0.233445363855905   -0.827147258803492     0
    0.620239582613447   0.0811418516199396   -0.780204370710127     0
    0.662841946344834    0.121192572762526   -0.738886266263619     0
     0.61545583367221     0.15961292250203   -0.771840548150462     0
    0.524110458554359   0.0784590957278449   -0.848028535800246     0
    0.571140242022716      0.1190782137238   -0.812169442270874     0
    0.574457742134842   0.0406751805159452     -0.8175229857266     0
     0.66750240511982  -0.0406770664481739   -0.743495740017673     0
    0.622291549536156                    0   -0.782785556443072     0
     0.66750240511982   0.0406770664481739   -0.743495740017673     0
    0.131200378813013   -0.484441642060668   -0.864929335863275     0
   0.0658169189351543   -0.445365044636095   -0.892926710429346     0
   0.0657575566480037   -0.506298020693366   -0.859847810944277     0
    0.131655371352065   -0.358228793486579   -0.924304600611346     0
   0.0660424085862794   -0.316777596492356   -0.946197841166766     0
    0.065988359303101   -0.381721516506215    -0.92191877097317     0
    0.259891913007754   -0.433888564552695   -0.862668480416186     0
    0.196015238421331   -0.460266587103495   -0.865871061476666     0
    0.131748667058902   -0.422363621809953   -0.896800568521107     0
    0.196412234981203   -0.397350580311842   -0.896400998591329     0
    0.133071104140591  -0.0822424652793623   -0.987688340595138     0
   0.0667412932034614  -0.0412483876528615   -0.996917333733128     0
   0.0667093819082885   -0.110384992485506   -0.991647624814071     0
    0.262865556059567   -0.162459848116453   -0.951056516295154     0
    0.132792476827902   -0.220117027473292   -0.966392597402439     0
    0.198337375706704   -0.191779989797709   -0.961188181841084     0
    0.133256381616631   -0.151548895132175   -0.979426193820984     0
    0.198580487470062   -0.122729490759021   -0.972369920397677     0
   0.0666043953573237   -0.179595921150836   -0.981483142812483     0
   0.0665668561697831   -0.247325699610564    -0.96664308406558     0
    0.383613732685048    -0.37503856747821    -0.84391147462239     0
    0.386187385587592   -0.238676930319593   -0.891006524188368     0
    0.442866709743281   -0.342848265880766   -0.828446826286221     0
    0.385906144868401   -0.307659441093799   -0.869725310462252     0
    0.444463826438403   -0.274693751508767   -0.852640164354092     0
    0.264082750659066   -0.301258879093232   -0.916244175191216     0
    0.262660558083595    -0.36851827237309   -0.891741954914295     0
    0.324863529009311   -0.339208843652866   -0.882836931662525     0
    0.322524670529059   -0.405433827172407   -0.855336921151225     0
    0.325529971084297   -0.201188586486866   -0.923879532511287     0
    0.325928978741364   -0.270627108855975   -0.905831810420051     0
    0.264151200280041   -0.232455170313654   -0.936049537783692     0
    0.132569845002769    -0.28992943739316    -0.94782179629339     0
    0.199094113958944    -0.26155039913851   -0.944432592881773     0
    0.198386721078553   -0.330606503841334    -0.92268198666578     0
   0.0658169189351543    0.445365044636095   -0.892926710429346     0
    0.131655371352065    0.358228793486579   -0.924304600611346     0
    0.196412234981203    0.397350580311842   -0.896400998591329     0
    0.131748667058902    0.422363621809953   -0.896800568521107     0
    0.065988359303101    0.381721516506215    -0.92191877097317     0
   0.0660424085862794    0.316777596492356   -0.946197841166766     0
    0.386187385587592    0.238676930319593   -0.891006524188368     0
    0.444463826438403    0.274693751508767   -0.852640164354092     0
    0.385906144868401    0.307659441093799   -0.869725310462252     0
    0.262865556059567    0.162459848116453   -0.951056516295154     0
    0.264082750659066    0.301258879093232   -0.916244175191216     0
    0.264151200280041    0.232455170313654   -0.936049537783692     0
    0.325928978741364    0.270627108855975   -0.905831810420051     0
    0.325529971084297    0.201188586486866   -0.923879532511287     0
    0.324863529009311    0.339208843652866   -0.882836931662525     0
    0.262660558083595     0.36851827237309   -0.891741954914295     0
    0.133071104140591   0.0822424652793623   -0.987688340595138     0
   0.0667093819082885    0.110384992485506   -0.991647624814071     0
   0.0667412932034614   0.0412483876528615   -0.996917333733128     0
    0.132792476827902    0.220117027473292   -0.966392597402439     0
   0.0665668561697831    0.247325699610564    -0.96664308406558     0
   0.0666043953573237    0.179595921150836   -0.981483142812483     0
    0.198580487470062    0.122729490759021   -0.972369920397677     0
    0.133256381616631    0.151548895132175   -0.979426193820984     0
    0.198337375706704    0.191779989797709   -0.961188181841084     0
    0.198386721078553    0.330606503841334    -0.92268198666578     0
    0.199094113958944     0.26155039913851   -0.944432592881773     0
    0.132569845002769     0.28992943739316    -0.94782179629339     0
    0.454261817537185   -0.198227222055887   -0.868534495321757     0
    0.399607051701851  -0.0823235800319602   -0.912982492932299     0
    0.332341920631653   -0.122800239129195    -0.93513044494374     0
    0.394136231711374   -0.161006397504933   -0.904838975075036     0
     0.46088160562438   -0.119755487834874   -0.879344510832088     0
    0.464213401422306  -0.0412991818537929   -0.884760021428489     0
    0.133523434755288                    0   -0.991045656047768     0
    0.266404701134567                    0   -0.963861263467623     0
    0.265518440684653   0.0815010572754025   -0.960654743036947     0
    0.200367782055223   0.0412509096700586   -0.978851936896313     0
    0.200367782055223  -0.0412509096700586   -0.978851936896313     0
    0.265518440684653  -0.0815010572754025   -0.960654743036947     0
    0.454261817537185    0.198227222055887   -0.868534495321757     0
    0.399607051701851   0.0823235800319602   -0.912982492932299     0
    0.464213401422306   0.0412991818537929   -0.884760021428489     0
     0.46088160562438    0.119755487834874   -0.879344510832088     0
    0.394136231711374    0.161006397504933   -0.904838975075036     0
    0.332341920631653    0.122800239129195    -0.93513044494374     0
    0.334140063643728  -0.0413019832669753   -0.941618056351077     0
    0.334140063643728   0.0413019832669753   -0.941618056351077     0
    0.400968076372473                    0   -0.916092026889307     0
  -0.0810862934433035   -0.615642020873681   -0.783843042419971     0
  -0.0406404050256129    -0.57205557734137   -0.819207405918664     0
   -0.106494011871876   -0.551859056507971   -0.827109791494192     0
   -0.160622035640023   -0.693780477560449   -0.702046444776163     0
    -0.21302286564913   -0.571251659135709   -0.792649229259281     0
   -0.187431845610994   -0.634579268498274   -0.749785606185563     0
   -0.147413513517996   -0.594895337780012   -0.790170103914268     0
   -0.121144079657297   -0.656281825524827   -0.744726981819369     0
   -0.172531715970059   -0.529135030024211   -0.830812209218006     0
   -0.237228688186432    -0.50420944210335   -0.830358590005049     0
   -0.309016994374947   -0.809016994374947                 -0.5     0
   -0.371748034460185   -0.707106781186547   -0.601500955007546     0
   -0.237086325350576   -0.758652300163257   -0.606825149271814     0
   -0.341435044712228   -0.760405965600031   -0.552453507294725     0
   -0.305212495904401   -0.734794251350019   -0.605741479945671     0
   -0.273706679107182   -0.785714975624046    -0.55474014717904     0
    -0.42532540417602   -0.587785252292473   -0.688190960235587     0
   -0.296004592577769   -0.647411893882224   -0.702309846743374     0
    -0.36159179564885   -0.619185610019896   -0.697036981561043     0
   -0.334691568397336   -0.678913060654243    -0.65349721507962     0
   -0.399769073956928   -0.649448048330184    -0.64683994931338     0
    -0.19933120859732   -0.727958497701466   -0.656005712553905     0
   -0.267381097990315   -0.705236152793139   -0.656619613803172     0
   -0.228900008569461   -0.672319410093836   -0.703982525981985     0
   -0.468429850866954   -0.453990499739547   -0.757935420047777     0
    -0.42713481025622   -0.415597488389907   -0.803015928553963     0
   -0.485712214091264    -0.38268343236509   -0.785898871150631     0
   -0.346153014788992   -0.516121620051061   -0.783451698363313     0
   -0.303801137720746   -0.476225708180024   -0.825175098744511     0
   -0.366027309140273   -0.446977019141151   -0.816232536305201     0
   -0.448259461843318   -0.522498564715949   -0.725299045041225     0
   -0.408285951798268    -0.48624046352951   -0.772575428803421     0
   -0.386730439706242   -0.553371785446559   -0.737712162076988     0
    -0.25517958154596   -0.610925895014903   -0.749435075214837     0
   -0.322141043345617   -0.583691442484128   -0.745338478922828     0
    -0.28031939117357    -0.54510901893912   -0.790112141663011     0
   -0.484441642060668   -0.864929335863275   -0.131200378813013     0
   -0.551859056507971   -0.827109791494192   -0.106494011871876     0
   -0.506298020693366   -0.859847810944277  -0.0657575566480037     0
   -0.571251659135709   -0.792649229259281    -0.21302286564913     0
   -0.634579268498274   -0.749785606185563   -0.187431845610994     0
   -0.594895337780012   -0.790170103914268   -0.147413513517996     0
   -0.433888564552695   -0.862668480416186   -0.259891913007754     0
   -0.460266587103495   -0.865871061476666   -0.196015238421331     0
   -0.529135030024211   -0.830812209218006   -0.172531715970059     0
    -0.50420944210335   -0.830358590005049   -0.237228688186432     0
   -0.707106781186547   -0.601500955007546   -0.371748034460185     0
   -0.760405965600031   -0.552453507294725   -0.341435044712228     0
   -0.734794251350019   -0.605741479945671   -0.305212495904401     0
   -0.587785252292473   -0.688190960235587    -0.42532540417602     0
   -0.647411893882224   -0.702309846743374   -0.296004592577769     0
   -0.619185610019896   -0.697036981561043    -0.36159179564885     0
   -0.678913060654243    -0.65349721507962   -0.334691568397336     0
   -0.649448048330184    -0.64683994931338   -0.399769073956928     0
   -0.705236152793139   -0.656619613803172   -0.267381097990315     0
   -0.672319410093836   -0.703982525981985   -0.228900008569461     0
    -0.37503856747821    -0.84391147462239   -0.383613732685048     0
   -0.453990499739547   -0.757935420047777   -0.468429850866954     0
   -0.342848265880766   -0.828446826286221   -0.442866709743281     0
   -0.415597488389907   -0.803015928553963    -0.42713481025622     0
    -0.38268343236509   -0.785898871150631   -0.485712214091264     0
   -0.516121620051061   -0.783451698363313   -0.346153014788992     0
   -0.476225708180024   -0.825175098744511   -0.303801137720746     0
   -0.446977019141151   -0.816232536305201   -0.366027309140273     0
   -0.405433827172407   -0.855336921151225   -0.322524670529059     0
   -0.522498564715949   -0.725299045041225   -0.448259461843318     0
    -0.48624046352951   -0.772575428803421   -0.408285951798268     0
   -0.553371785446559   -0.737712162076988   -0.386730439706242     0
   -0.610925895014903   -0.749435075214837    -0.25517958154596     0
   -0.583691442484128   -0.745338478922828   -0.322141043345617     0
    -0.54510901893912   -0.790112141663011    -0.28031939117357     0
   -0.827109791494192   -0.106494011871876   -0.551859056507971     0
   -0.792649229259281    -0.21302286564913   -0.571251659135709     0
   -0.749785606185563   -0.187431845610994   -0.634579268498274     0
   -0.790170103914268   -0.147413513517996   -0.594895337780012     0
   -0.830812209218006   -0.172531715970059   -0.529135030024211     0
   -0.830358590005049   -0.237228688186432    -0.50420944210335     0
   -0.601500955007546   -0.371748034460185   -0.707106781186547     0
   -0.552453507294725   -0.341435044712228   -0.760405965600031     0
   -0.605741479945671   -0.305212495904401   -0.734794251350019     0
   -0.688190960235587    -0.42532540417602   -0.587785252292473     0
   -0.702309846743374   -0.296004592577769   -0.647411893882224     0
   -0.697036981561043    -0.36159179564885   -0.619185610019896     0
    -0.65349721507962   -0.334691568397336   -0.678913060654243     0
    -0.64683994931338   -0.399769073956928   -0.649448048330184     0
   -0.656619613803172   -0.267381097990315   -0.705236152793139     0
   -0.703982525981985   -0.228900008569461   -0.672319410093836     0
   -0.757935420047777   -0.468429850866954   -0.453990499739547     0
   -0.803015928553963    -0.42713481025622   -0.415597488389907     0
   -0.785898871150631   -0.485712214091264    -0.38268343236509     0
   -0.783451698363313   -0.346153014788992   -0.516121620051061     0
   -0.825175098744511   -0.303801137720746   -0.476225708180024     0
   -0.816232536305201   -0.366027309140273   -0.446977019141151     0
   -0.725299045041225   -0.448259461843318   -0.522498564715949     0
   -0.772575428803421   -0.408285951798268    -0.48624046352951     0
   -0.737712162076988   -0.386730439706242   -0.553371785446559     0
   -0.749435075214837    -0.25517958154596   -0.610925895014903     0
   -0.745338478922828   -0.322141043345617   -0.583691442484128     0
   -0.790112141663011    -0.28031939117357    -0.54510901893912     0
   -0.414272677784571   -0.735011060566469   -0.536783838510582     0
   -0.513375441230448   -0.646577791797732   -0.564254211765772     0
   -0.552418100796837   -0.669612004259087   -0.496441341614641     0
   -0.485208279120714   -0.704471193019813   -0.517970331271933     0
   -0.443957369450656   -0.678976728776865   -0.584715705184939     0
   -0.470917043521434   -0.619241580743836   -0.628312822405294     0
   -0.735011060566469   -0.536783838510582   -0.414272677784571     0
   -0.646577791797732   -0.564254211765772   -0.513375441230448     0
   -0.669612004259087   -0.496441341614641   -0.552418100796837     0
   -0.704471193019813   -0.517970331271933   -0.485208279120714     0
   -0.678976728776865   -0.584715705184939   -0.443957369450656     0
   -0.619241580743836   -0.628312822405294   -0.470917043521434     0
   -0.536783838510582   -0.414272677784571   -0.735011060566469     0
   -0.564254211765772   -0.513375441230448   -0.646577791797732     0
   -0.496441341614641   -0.552418100796837   -0.669612004259087     0
   -0.517970331271933   -0.485208279120714   -0.704471193019813     0
   -0.584715705184939   -0.443957369450656   -0.678976728776865     0
   -0.628312822405294   -0.470917043521434   -0.619241580743836     0
    -0.58195196324558    -0.60747799270735   -0.540649979978604     0
    -0.60747799270735   -0.540649979978604    -0.58195196324558     0
   -0.540649979978604    -0.58195196324558    -0.60747799270735     0
    0.525731112119134    -0.85065080835204                    0     0
    0.484441642060668   -0.864929335863275    0.131200378813013     0
    0.403355348617364   -0.915043421232984                    0     0
    0.506298020693366   -0.859847810944277   0.0657575566480037     0
    0.445365044636095   -0.892926710429346   0.0658169189351543     0
    0.465657615667753   -0.884964962566667                    0     0
    0.433888564552695   -0.862668480416186    0.259891913007754     0
    0.358228793486579   -0.924304600611346    0.131655371352065     0
    0.397350580311842   -0.896400998591329    0.196412234981203     0
    0.422363621809953   -0.896800568521107    0.131748667058902     0
    0.460266587103495   -0.865871061476666    0.196015238421331     0
    0.273266528912672   -0.961938357783917                    0     0
    0.339122507446198   -0.940742220240701                    0     0
    0.381721516506215    -0.92191877097317    0.065988359303101     0
    0.316777596492356   -0.946197841166766   0.0660424085862794     0
    0.309016994374947   -0.809016994374947                  0.5     0
    0.238676930319593   -0.891006524188368    0.386187385587592     0
     0.37503856747821    -0.84391147462239    0.383613732685048     0
    0.274693751508767   -0.852640164354092    0.444463826438403     0
    0.307659441093799   -0.869725310462252    0.385906144868401     0
    0.342848265880766   -0.828446826286221    0.442866709743281     0
    0.162459848116453   -0.951056516295154    0.262865556059567     0
    0.301258879093232   -0.916244175191216    0.264082750659066     0
    0.232455170313654   -0.936049537783692    0.264151200280041     0
    0.270627108855975   -0.905831810420051    0.325928978741364     0
    0.201188586486866   -0.923879532511287    0.325529971084297     0
    0.405433827172407   -0.855336921151225    0.322524670529059     0
    0.339208843652866   -0.882836931662525    0.324863529009311     0
     0.36851827237309   -0.891741954914295    0.262660558083595     0
                    0                   -1                    0     0
    0.137952242127634   -0.990438881956862                    0     0
   0.0822424652793623   -0.987688340595138    0.133071104140591     0
   0.0691415867735838    -0.99760685692232                    0     0
    0.110384992485506   -0.991647624814071   0.0667093819082885     0
   0.0412483876528615   -0.996917333733128   0.0667412932034614     0
    0.220117027473292   -0.966392597402439    0.132792476827902     0
    0.247325699610564    -0.96664308406558   0.0665668561697831     0
    0.179595921150836   -0.981483142812483   0.0666043953573237     0
    0.206102618575087   -0.978530383082964                    0     0
    0.122729490759021   -0.972369920397677    0.198580487470062     0
    0.151548895132175   -0.979426193820984    0.133256381616631     0
    0.191779989797709   -0.961188181841084    0.198337375706704     0
    0.330606503841334    -0.92268198666578    0.198386721078553     0
     0.26155039913851   -0.944432592881773    0.199094113958944     0
     0.28992943739316    -0.94782179629339    0.132569845002769     0
   0.0810862934433035   -0.615642020873681    0.783843042419971     0
                    0   -0.617675975443125     0.78643269855747     0
   0.0406404050256129    -0.57205557734137    0.819207405918664     0
                    0   -0.702907030487773    0.711281734962216     0
  -0.0805729838194862   -0.700621677084553    0.708969152980334     0
  -0.0406421053037384   -0.660883697083113    0.749387055003111     0
    0.160622035640023   -0.693780477560449    0.702046444776163     0
    0.121144079657297   -0.656281825524827    0.744726981819369     0
   0.0406421053037384   -0.660883697083113    0.749387055003111     0
   0.0805729838194862   -0.700621677084553    0.708969152980334     0
   -0.156434465040231   -0.840177885327139    0.519258489728183     0
   -0.233445363855905   -0.827147258803492    0.511205119641864     0
   -0.197274448608293   -0.801503633258308    0.564512814557851     0
                    0    -0.85065080835204    0.525731112119134     0
  -0.0811418516199396   -0.780204370710127    0.620239582613447     0
  -0.0406751805159452     -0.8175229857266    0.574457742134842     0
     -0.1190782137238   -0.812169442270874    0.571140242022716     0
  -0.0784590957278449   -0.848028535800246    0.524110458554359     0
    -0.15961292250203   -0.771840548150462     0.61545583367221     0
   -0.121192572762526   -0.738886266263619    0.662841946344834     0
    0.237086325350576   -0.758652300163257    0.606825149271814     0
    0.156434465040231   -0.840177885327139    0.519258489728183     0
    0.273706679107182   -0.785714975624046     0.55474014717904     0
    0.197274448608293   -0.801503633258308    0.564512814557851     0
    0.233445363855905   -0.827147258803492    0.511205119641864     0
   0.0811418516199396   -0.780204370710127    0.620239582613447     0
    0.121192572762526   -0.738886266263619    0.662841946344834     0
     0.15961292250203   -0.771840548150462     0.61545583367221     0
     0.19933120859732   -0.727958497701466    0.656005712553905     0
   0.0784590957278449   -0.848028535800246    0.524110458554359     0
      0.1190782137238   -0.812169442270874    0.571140242022716     0
   0.0406751805159452     -0.8175229857266    0.574457742134842     0
  -0.0406770664481739   -0.743495740017673     0.66750240511982     0
                    0   -0.782785556443072    0.622291549536156     0
   0.0406770664481739   -0.743495740017673     0.66750240511982     0
   -0.403355348617364   -0.915043421232984                    0     0
   -0.465657615667753   -0.884964962566667                    0     0
   -0.445365044636095   -0.892926710429346   0.0658169189351543     0
   -0.273266528912672   -0.961938357783917                    0     0
   -0.358228793486579   -0.924304600611346    0.131655371352065     0
   -0.316777596492356   -0.946197841166766   0.0660424085862794     0
   -0.381721516506215    -0.92191877097317    0.065988359303101     0
   -0.339122507446198   -0.940742220240701                    0     0
   -0.422363621809953   -0.896800568521107    0.131748667058902     0
   -0.397350580311842   -0.896400998591329    0.196412234981203     0
  -0.0822424652793623   -0.987688340595138    0.133071104140591     0
   -0.137952242127634   -0.990438881956862                    0     0
  -0.0412483876528615   -0.996917333733128   0.0667412932034614     0
   -0.110384992485506   -0.991647624814071   0.0667093819082885     0
  -0.0691415867735838    -0.99760685692232                    0     0
   -0.162459848116453   -0.951056516295154    0.262865556059567     0
   -0.220117027473292   -0.966392597402439    0.132792476827902     0
   -0.191779989797709   -0.961188181841084    0.198337375706704     0
   -0.151548895132175   -0.979426193820984    0.133256381616631     0
   -0.122729490759021   -0.972369920397677    0.198580487470062     0
   -0.206102618575087   -0.978530383082964                    0     0
   -0.179595921150836   -0.981483142812483   0.0666043953573237     0
   -0.247325699610564    -0.96664308406558   0.0665668561697831     0
   -0.238676930319593   -0.891006524188368    0.386187385587592     0
   -0.307659441093799   -0.869725310462252    0.385906144868401     0
   -0.274693751508767   -0.852640164354092    0.444463826438403     0
   -0.301258879093232   -0.916244175191216    0.264082750659066     0
    -0.36851827237309   -0.891741954914295    0.262660558083595     0
   -0.339208843652866   -0.882836931662525    0.324863529009311     0
   -0.201188586486866   -0.923879532511287    0.325529971084297     0
   -0.270627108855975   -0.905831810420051    0.325928978741364     0
   -0.232455170313654   -0.936049537783692    0.264151200280041     0
    -0.28992943739316    -0.94782179629339    0.132569845002769     0
    -0.26155039913851   -0.944432592881773    0.199094113958944     0
   -0.330606503841334    -0.92268198666578    0.198386721078553     0
    0.198227222055887   -0.868534495321757    0.454261817537185     0
   0.0823235800319602   -0.912982492932299    0.399607051701851     0
   0.0412991818537929   -0.884760021428489    0.464213401422306     0
    0.119755487834874   -0.879344510832088     0.46088160562438     0
    0.161006397504933   -0.904838975075036    0.394136231711374     0
    0.122800239129195    -0.93513044494374    0.332341920631653     0
   -0.198227222055887   -0.868534495321757    0.454261817537185     0
  -0.0823235800319602   -0.912982492932299    0.399607051701851     0
   -0.122800239129195    -0.93513044494374    0.332341920631653     0
   -0.161006397504933   -0.904838975075036    0.394136231711374     0
   -0.119755487834874   -0.879344510832088     0.46088160562438     0
  -0.0412991818537929   -0.884760021428489    0.464213401422306     0
                    0   -0.991045656047768    0.133523434755288     0
                    0   -0.963861263467623    0.266404701134567     0
   0.0815010572754025   -0.960654743036947    0.265518440684653     0
   0.0412509096700586   -0.978851936896313    0.200367782055223     0
  -0.0412509096700586   -0.978851936896313    0.200367782055223     0
  -0.0815010572754025   -0.960654743036947    0.265518440684653     0
                    0   -0.916092026889307    0.400968076372473     0
  -0.0413019832669753   -0.941618056351077    0.334140063643728     0
   0.0413019832669753   -0.941618056351077    0.334140063643728     0
    0.615642020873681   -0.783843042419971   0.0810862934433035     0
     0.57205557734137   -0.819207405918664   0.0406404050256129     0
    0.551859056507971   -0.827109791494192    0.106494011871876     0
    0.693780477560449   -0.702046444776163    0.160622035640023     0
    0.571251659135709   -0.792649229259281     0.21302286564913     0
    0.634579268498274   -0.749785606185563    0.187431845610994     0
    0.594895337780012   -0.790170103914268    0.147413513517996     0
    0.656281825524827   -0.744726981819369    0.121144079657297     0
    0.529135030024211   -0.830812209218006    0.172531715970059     0
     0.50420944210335   -0.830358590005049    0.237228688186432     0
    0.809016994374947                 -0.5    0.309016994374947     0
    0.707106781186547   -0.601500955007546    0.371748034460185     0
    0.758652300163257   -0.606825149271814    0.237086325350576     0
    0.760405965600031   -0.552453507294725    0.341435044712228     0
    0.734794251350019   -0.605741479945671    0.305212495904401     0
    0.785714975624046    -0.55474014717904    0.273706679107182     0
    0.587785252292473   -0.688190960235587     0.42532540417602     0
    0.647411893882224   -0.702309846743374    0.296004592577769     0
    0.619185610019896   -0.697036981561043     0.36159179564885     0
    0.678913060654243    -0.65349721507962    0.334691568397336     0
    0.649448048330184    -0.64683994931338    0.399769073956928     0
    0.727958497701466   -0.656005712553905     0.19933120859732     0
    0.705236152793139   -0.656619613803172    0.267381097990315     0
    0.672319410093836   -0.703982525981985    0.228900008569461     0
    0.453990499739547   -0.757935420047777    0.468429850866954     0
    0.415597488389907   -0.803015928553963     0.42713481025622     0
     0.38268343236509   -0.785898871150631    0.485712214091264     0
    0.516121620051061   -0.783451698363313    0.346153014788992     0
    0.476225708180024   -0.825175098744511    0.303801137720746     0
    0.446977019141151   -0.816232536305201    0.366027309140273     0
    0.522498564715949   -0.725299045041225    0.448259461843318     0
     0.48624046352951   -0.772575428803421    0.408285951798268     0
    0.553371785446559   -0.737712162076988    0.386730439706242     0
    0.610925895014903   -0.749435075214837     0.25517958154596     0
    0.583691442484128   -0.745338478922828    0.322141043345617     0
     0.54510901893912   -0.790112141663011     0.28031939117357     0
    0.864929335863275   -0.131200378813013    0.484441642060668     0
    0.827109791494192   -0.106494011871876    0.551859056507971     0
    0.859847810944277  -0.0657575566480037    0.506298020693366     0
    0.792649229259281    -0.21302286564913    0.571251659135709     0
    0.749785606185563   -0.187431845610994    0.634579268498274     0
    0.790170103914268   -0.147413513517996    0.594895337780012     0
    0.862668480416186   -0.259891913007754    0.433888564552695     0
    0.865871061476666   -0.196015238421331    0.460266587103495     0
    0.830812209218006   -0.172531715970059    0.529135030024211     0
    0.830358590005049   -0.237228688186432     0.50420944210335     0
    0.601500955007546   -0.371748034460185    0.707106781186547     0
    0.552453507294725   -0.341435044712228    0.760405965600031     0
    0.605741479945671   -0.305212495904401    0.734794251350019     0
    0.688190960235587    -0.42532540417602    0.587785252292473     0
    0.702309846743374   -0.296004592577769    0.647411893882224     0
    0.697036981561043    -0.36159179564885    0.619185610019896     0
     0.65349721507962   -0.334691568397336    0.678913060654243     0
     0.64683994931338   -0.399769073956928    0.649448048330184     0
    0.656619613803172   -0.267381097990315    0.705236152793139     0
    0.703982525981985   -0.228900008569461    0.672319410093836     0
     0.84391147462239   -0.383613732685048     0.37503856747821     0
    0.757935420047777   -0.468429850866954    0.453990499739547     0
    0.828446826286221   -0.442866709743281    0.342848265880766     0
    0.803015928553963    -0.42713481025622    0.415597488389907     0
    0.785898871150631   -0.485712214091264     0.38268343236509     0
    0.783451698363313   -0.346153014788992    0.516121620051061     0
    0.825175098744511   -0.303801137720746    0.476225708180024     0
    0.816232536305201   -0.366027309140273    0.446977019141151     0
    0.855336921151225   -0.322524670529059    0.405433827172407     0
    0.725299045041225   -0.448259461843318    0.522498564715949     0
    0.772575428803421   -0.408285951798268     0.48624046352951     0
    0.737712162076988   -0.386730439706242    0.553371785446559     0
    0.749435075214837    -0.25517958154596    0.610925895014903     0
    0.745338478922828   -0.322141043345617    0.583691442484128     0
    0.790112141663011    -0.28031939117357     0.54510901893912     0
    0.106494011871876   -0.551859056507971    0.827109791494192     0
     0.21302286564913   -0.571251659135709    0.792649229259281     0
    0.187431845610994   -0.634579268498274    0.749785606185563     0
    0.147413513517996   -0.594895337780012    0.790170103914268     0
    0.172531715970059   -0.529135030024211    0.830812209218006     0
    0.237228688186432    -0.50420944210335    0.830358590005049     0
    0.371748034460185   -0.707106781186547    0.601500955007546     0
    0.341435044712228   -0.760405965600031    0.552453507294725     0
    0.305212495904401   -0.734794251350019    0.605741479945671     0
     0.42532540417602   -0.587785252292473    0.688190960235587     0
    0.296004592577769   -0.647411893882224    0.702309846743374     0
     0.36159179564885   -0.619185610019896    0.697036981561043     0
    0.334691568397336   -0.678913060654243     0.65349721507962     0
    0.399769073956928   -0.649448048330184     0.64683994931338     0
    0.267381097990315   -0.705236152793139    0.656619613803172     0
    0.228900008569461   -0.672319410093836    0.703982525981985     0
    0.468429850866954   -0.453990499739547    0.757935420047777     0
     0.42713481025622   -0.415597488389907    0.803015928553963     0
    0.485712214091264    -0.38268343236509    0.785898871150631     0
    0.346153014788992   -0.516121620051061    0.783451698363313     0
    0.303801137720746   -0.476225708180024    0.825175098744511     0
    0.366027309140273   -0.446977019141151    0.816232536305201     0
    0.448259461843318   -0.522498564715949    0.725299045041225     0
    0.408285951798268    -0.48624046352951    0.772575428803421     0
    0.386730439706242   -0.553371785446559    0.737712162076988     0
     0.25517958154596   -0.610925895014903    0.749435075214837     0
    0.322141043345617   -0.583691442484128    0.745338478922828     0
     0.28031939117357    -0.54510901893912    0.790112141663011     0
    0.735011060566469   -0.536783838510582    0.414272677784571     0
    0.646577791797732   -0.564254211765772    0.513375441230448     0
    0.669612004259087   -0.496441341614641    0.552418100796837     0
    0.704471193019813   -0.517970331271933    0.485208279120714     0
    0.678976728776865   -0.584715705184939    0.443957369450656     0
    0.619241580743836   -0.628312822405294    0.470917043521434     0
    0.536783838510582   -0.414272677784571    0.735011060566469     0
    0.564254211765772   -0.513375441230448    0.646577791797732     0
    0.496441341614641   -0.552418100796837    0.669612004259087     0
    0.517970331271933   -0.485208279120714    0.704471193019813     0
    0.584715705184939   -0.443957369450656    0.678976728776865     0
    0.628312822405294   -0.470917043521434    0.619241580743836     0
    0.414272677784571   -0.735011060566469    0.536783838510582     0
    0.513375441230448   -0.646577791797732    0.564254211765772     0
    0.552418100796837   -0.669612004259087    0.496441341614641     0
    0.485208279120714   -0.704471193019813    0.517970331271933     0
    0.443957369450656   -0.678976728776865    0.584715705184939     0
    0.470917043521434   -0.619241580743836    0.628312822405294     0
     0.60747799270735   -0.540649979978604     0.58195196324558     0
    0.540649979978604    -0.58195196324558     0.60747799270735     0
     0.58195196324558    -0.60747799270735    0.540649979978604     0
    0.615642020873681   -0.783843042419971  -0.0810862934433035     0
     0.57205557734137   -0.819207405918664  -0.0406404050256129     0
    0.617675975443125    -0.78643269855747                    0     0
    0.693780477560449   -0.702046444776163   -0.160622035640023     0
    0.702907030487773   -0.711281734962216                    0     0
    0.700621677084553   -0.708969152980334  -0.0805729838194862     0
    0.660883697083113   -0.749387055003111  -0.0406421053037384     0
    0.656281825524827   -0.744726981819369   -0.121144079657297     0
    0.660883697083113   -0.749387055003111   0.0406421053037384     0
    0.700621677084553   -0.708969152980334   0.0805729838194862     0
    0.809016994374947                 -0.5   -0.309016994374947     0
    0.840177885327139   -0.519258489728183   -0.156434465040231     0
    0.758652300163257   -0.606825149271814   -0.237086325350576     0
    0.827147258803492   -0.511205119641864   -0.233445363855905     0
    0.801503633258308   -0.564512814557851   -0.197274448608293     0
    0.785714975624046    -0.55474014717904   -0.273706679107182     0
     0.85065080835204   -0.525731112119134                    0     0
    0.780204370710127   -0.620239582613447  -0.0811418516199396     0
      0.8175229857266   -0.574457742134842  -0.0406751805159452     0
    0.812169442270874   -0.571140242022716     -0.1190782137238     0
    0.848028535800246   -0.524110458554359  -0.0784590957278449     0
    0.727958497701466   -0.656005712553905    -0.19933120859732     0
    0.771840548150462    -0.61545583367221    -0.15961292250203     0
    0.738886266263619   -0.662841946344834   -0.121192572762526     0
    0.840177885327139   -0.519258489728183    0.156434465040231     0
    0.801503633258308   -0.564512814557851    0.197274448608293     0
    0.827147258803492   -0.511205119641864    0.233445363855905     0
    0.780204370710127   -0.620239582613447   0.0811418516199396     0
    0.738886266263619   -0.662841946344834    0.121192572762526     0
    0.771840548150462    -0.61545583367221     0.15961292250203     0
    0.848028535800246   -0.524110458554359   0.0784590957278449     0
    0.812169442270874   -0.571140242022716      0.1190782137238     0
      0.8175229857266   -0.574457742134842   0.0406751805159452     0
    0.743495740017673    -0.66750240511982  -0.0406770664481739     0
    0.782785556443072   -0.622291549536156                    0     0
    0.743495740017673    -0.66750240511982   0.0406770664481739     0
    0.864929335863275   -0.131200378813013   -0.484441642060668     0
    0.892926710429346  -0.0658169189351543   -0.445365044636095     0
    0.859847810944277  -0.0657575566480037   -0.506298020693366     0
    0.924304600611346   -0.131655371352065   -0.358228793486579     0
    0.946197841166766  -0.0660424085862794   -0.316777596492356     0
     0.92191877097317   -0.065988359303101   -0.381721516506215     0
    0.862668480416186   -0.259891913007754   -0.433888564552695     0
    0.865871061476666   -0.196015238421331   -0.460266587103495     0
    0.896800568521107   -0.131748667058902   -0.422363621809953     0
    0.896400998591329   -0.196412234981203   -0.397350580311842     0
    0.987688340595138   -0.133071104140591  -0.0822424652793623     0
    0.996917333733128  -0.0667412932034614  -0.0412483876528615     0
    0.991647624814071  -0.0667093819082885   -0.110384992485506     0
    0.951056516295154   -0.262865556059567   -0.162459848116453     0
    0.966392597402439   -0.132792476827902   -0.220117027473292     0
    0.961188181841084   -0.198337375706704   -0.191779989797709     0
    0.979426193820984   -0.133256381616631   -0.151548895132175     0
    0.972369920397677   -0.198580487470062   -0.122729490759021     0
    0.981483142812483  -0.0666043953573237   -0.179595921150836     0
     0.96664308406558  -0.0665668561697831   -0.247325699610564     0
     0.84391147462239   -0.383613732685048    -0.37503856747821     0
    0.891006524188368   -0.386187385587592   -0.238676930319593     0
    0.828446826286221   -0.442866709743281   -0.342848265880766     0
    0.869725310462252   -0.385906144868401   -0.307659441093799     0
    0.852640164354092   -0.444463826438403   -0.274693751508767     0
    0.916244175191216   -0.264082750659066   -0.301258879093232     0
    0.891741954914295   -0.262660558083595    -0.36851827237309     0
    0.882836931662525   -0.324863529009311   -0.339208843652866     0
    0.855336921151225   -0.322524670529059   -0.405433827172407     0
    0.923879532511287   -0.325529971084297   -0.201188586486866     0
    0.905831810420051   -0.325928978741364   -0.270627108855975     0
    0.936049537783692   -0.264151200280041   -0.232455170313654     0
     0.94782179629339   -0.132569845002769    -0.28992943739316     0
    0.944432592881773   -0.199094113958944    -0.26155039913851     0
     0.92268198666578   -0.198386721078553   -0.330606503841334     0
    0.892926710429346  -0.0658169189351543    0.445365044636095     0
    0.924304600611346   -0.131655371352065    0.358228793486579     0
    0.896400998591329   -0.196412234981203    0.397350580311842     0
    0.896800568521107   -0.131748667058902    0.422363621809953     0
     0.92191877097317   -0.065988359303101    0.381721516506215     0
    0.946197841166766  -0.0660424085862794    0.316777596492356     0
    0.891006524188368   -0.386187385587592    0.238676930319593     0
    0.852640164354092   -0.444463826438403    0.274693751508767     0
    0.869725310462252   -0.385906144868401    0.307659441093799     0
    0.951056516295154   -0.262865556059567    0.162459848116453     0
    0.916244175191216   -0.264082750659066    0.301258879093232     0
    0.936049537783692   -0.264151200280041    0.232455170313654     0
    0.905831810420051   -0.325928978741364    0.270627108855975     0
    0.923879532511287   -0.325529971084297    0.201188586486866     0
    0.882836931662525   -0.324863529009311    0.339208843652866     0
    0.891741954914295   -0.262660558083595     0.36851827237309     0
    0.987688340595138   -0.133071104140591   0.0822424652793623     0
    0.991647624814071  -0.0667093819082885    0.110384992485506     0
    0.996917333733128  -0.0667412932034614   0.0412483876528615     0
    0.966392597402439   -0.132792476827902    0.220117027473292     0
     0.96664308406558  -0.0665668561697831    0.247325699610564     0
    0.981483142812483  -0.0666043953573237    0.179595921150836     0
    0.972369920397677   -0.198580487470062    0.122729490759021     0
    0.979426193820984   -0.133256381616631    0.151548895132175     0
    0.961188181841084   -0.198337375706704    0.191779989797709     0
     0.92268198666578   -0.198386721078553    0.330606503841334     0
    0.944432592881773   -0.199094113958944     0.26155039913851     0
     0.94782179629339   -0.132569845002769     0.28992943739316     0
    0.868534495321757   -0.454261817537185   -0.198227222055887     0
    0.912982492932299   -0.399607051701851  -0.0823235800319602     0
     0.93513044494374   -0.332341920631653   -0.122800239129195     0
    0.904838975075036   -0.394136231711374   -0.161006397504933     0
    0.879344510832088    -0.46088160562438   -0.119755487834874     0
    0.884760021428489   -0.464213401422306  -0.0412991818537929     0
    0.991045656047768   -0.133523434755288                    0     0
    0.963861263467623   -0.266404701134567                    0     0
    0.960654743036947   -0.265518440684653   0.0815010572754025     0
    0.978851936896313   -0.200367782055223   0.0412509096700586     0
    0.978851936896313   -0.200367782055223  -0.0412509096700586     0
    0.960654743036947   -0.265518440684653  -0.0815010572754025     0
    0.868534495321757   -0.454261817537185    0.198227222055887     0
    0.912982492932299   -0.399607051701851   0.0823235800319602     0
    0.884760021428489   -0.464213401422306   0.0412991818537929     0
    0.879344510832088    -0.46088160562438    0.119755487834874     0
    0.904838975075036   -0.394136231711374    0.161006397504933     0
     0.93513044494374   -0.332341920631653    0.122800239129195     0
    0.941618056351077   -0.334140063643728  -0.0413019832669753     0
    0.941618056351077   -0.334140063643728   0.0413019832669753     0
    0.916092026889307   -0.400968076372473                    0     0
    0.484441642060668   -0.864929335863275   -0.131200378813013     0
    0.506298020693366   -0.859847810944277  -0.0657575566480037     0
    0.551859056507971   -0.827109791494192   -0.106494011871876     0
    0.433888564552695   -0.862668480416186   -0.259891913007754     0
    0.571251659135709   -0.792649229259281    -0.21302286564913     0
     0.50420944210335   -0.830358590005049   -0.237228688186432     0
    0.529135030024211   -0.830812209218006   -0.172531715970059     0
    0.460266587103495   -0.865871061476666   -0.196015238421331     0
    0.594895337780012   -0.790170103914268   -0.147413513517996     0
    0.634579268498274   -0.749785606185563   -0.187431845610994     0
    0.309016994374947   -0.809016994374947                 -0.5     0
    0.453990499739547   -0.757935420047777   -0.468429850866954     0
     0.37503856747821    -0.84391147462239   -0.383613732685048     0
     0.38268343236509   -0.785898871150631   -0.485712214091264     0
    0.415597488389907   -0.803015928553963    -0.42713481025622     0
    0.342848265880766   -0.828446826286221   -0.442866709743281     0
    0.587785252292473   -0.688190960235587    -0.42532540417602     0
    0.516121620051061   -0.783451698363313   -0.346153014788992     0
    0.553371785446559   -0.737712162076988   -0.386730439706242     0
     0.48624046352951   -0.772575428803421   -0.408285951798268     0
    0.522498564715949   -0.725299045041225   -0.448259461843318     0
    0.405433827172407   -0.855336921151225   -0.322524670529059     0
    0.446977019141151   -0.816232536305201   -0.366027309140273     0
    0.476225708180024   -0.825175098744511   -0.303801137720746     0
    0.707106781186547   -0.601500955007546   -0.371748034460185     0
    0.734794251350019   -0.605741479945671   -0.305212495904401     0
    0.760405965600031   -0.552453507294725   -0.341435044712228     0
    0.647411893882224   -0.702309846743374   -0.296004592577769     0
    0.672319410093836   -0.703982525981985   -0.228900008569461     0
    0.705236152793139   -0.656619613803172   -0.267381097990315     0
    0.649448048330184    -0.64683994931338   -0.399769073956928     0
    0.678913060654243    -0.65349721507962   -0.334691568397336     0
    0.619185610019896   -0.697036981561043    -0.36159179564885     0
     0.54510901893912   -0.790112141663011    -0.28031939117357     0
    0.583691442484128   -0.745338478922828   -0.322141043345617     0
    0.610925895014903   -0.749435075214837    -0.25517958154596     0
   0.0810862934433035   -0.615642020873681   -0.783843042419971     0
    0.106494011871876   -0.551859056507971   -0.827109791494192     0
   0.0406404050256129    -0.57205557734137   -0.819207405918664     0
     0.21302286564913   -0.571251659135709   -0.792649229259281     0
    0.237228688186432    -0.50420944210335   -0.830358590005049     0
    0.172531715970059   -0.529135030024211   -0.830812209218006     0
    0.160622035640023   -0.693780477560449   -0.702046444776163     0
    0.121144079657297   -0.656281825524827   -0.744726981819369     0
    0.147413513517996   -0.594895337780012   -0.790170103914268     0
    0.187431845610994   -0.634579268498274   -0.749785606185563     0
    0.468429850866954   -0.453990499739547   -0.757935420047777     0
    0.485712214091264    -0.38268343236509   -0.785898871150631     0
     0.42713481025622   -0.415597488389907   -0.803015928553963     0
     0.42532540417602   -0.587785252292473   -0.688190960235587     0
    0.346153014788992   -0.516121620051061   -0.783451698363313     0
    0.386730439706242   -0.553371785446559   -0.737712162076988     0
    0.408285951798268    -0.48624046352951   -0.772575428803421     0
    0.448259461843318   -0.522498564715949   -0.725299045041225     0
    0.366027309140273   -0.446977019141151   -0.816232536305201     0
    0.303801137720746   -0.476225708180024   -0.825175098744511     0
    0.237086325350576   -0.758652300163257   -0.606825149271814     0
    0.371748034460185   -0.707106781186547   -0.601500955007546     0
    0.273706679107182   -0.785714975624046    -0.55474014717904     0
    0.305212495904401   -0.734794251350019   -0.605741479945671     0
    0.341435044712228   -0.760405965600031   -0.552453507294725     0
    0.296004592577769   -0.647411893882224   -0.702309846743374     0
    0.228900008569461   -0.672319410093836   -0.703982525981985     0
    0.267381097990315   -0.705236152793139   -0.656619613803172     0
     0.19933120859732   -0.727958497701466   -0.656005712553905     0
    0.399769073956928   -0.649448048330184    -0.64683994931338     0
    0.334691568397336   -0.678913060654243    -0.65349721507962     0
     0.36159179564885   -0.619185610019896   -0.697036981561043     0
     0.28031939117357    -0.54510901893912   -0.790112141663011     0
    0.322141043345617   -0.583691442484128   -0.745338478922828     0
     0.25517958154596   -0.610925895014903   -0.749435075214837     0
    0.827109791494192   -0.106494011871876   -0.551859056507971     0
    0.792649229259281    -0.21302286564913   -0.571251659135709     0
    0.830358590005049   -0.237228688186432    -0.50420944210335     0
    0.830812209218006   -0.172531715970059   -0.529135030024211     0
    0.790170103914268   -0.147413513517996   -0.594895337780012     0
    0.749785606185563   -0.187431845610994   -0.634579268498274     0
    0.757935420047777   -0.468429850866954   -0.453990499739547     0
    0.785898871150631   -0.485712214091264    -0.38268343236509     0
    0.803015928553963    -0.42713481025622   -0.415597488389907     0
    0.688190960235587    -0.42532540417602   -0.587785252292473     0
    0.783451698363313   -0.346153014788992   -0.516121620051061     0
    0.737712162076988   -0.386730439706242   -0.553371785446559     0
    0.772575428803421   -0.408285951798268    -0.48624046352951     0
    0.725299045041225   -0.448259461843318   -0.522498564715949     0
    0.816232536305201   -0.366027309140273   -0.446977019141151     0
    0.825175098744511   -0.303801137720746   -0.476225708180024     0
    0.601500955007546   -0.371748034460185   -0.707106781186547     0
    0.605741479945671   -0.305212495904401   -0.734794251350019     0
    0.552453507294725   -0.341435044712228   -0.760405965600031     0
    0.702309846743374   -0.296004592577769   -0.647411893882224     0
    0.703982525981985   -0.228900008569461   -0.672319410093836     0
    0.656619613803172   -0.267381097990315   -0.705236152793139     0
     0.64683994931338   -0.399769073956928   -0.649448048330184     0
     0.65349721507962   -0.334691568397336   -0.678913060654243     0
    0.697036981561043    -0.36159179564885   -0.619185610019896     0
    0.790112141663011    -0.28031939117357    -0.54510901893912     0
    0.745338478922828   -0.322141043345617   -0.583691442484128     0
    0.749435075214837    -0.25517958154596   -0.610925895014903     0
    0.414272677784571   -0.735011060566469   -0.536783838510582     0
    0.513375441230448   -0.646577791797732   -0.564254211765772     0
    0.470917043521434   -0.619241580743836   -0.628312822405294     0
    0.443957369450656   -0.678976728776865   -0.584715705184939     0
    0.485208279120714   -0.704471193019813   -0.517970331271933     0
    0.552418100796837   -0.669612004259087   -0.496441341614641     0
    0.536783838510582   -0.414272677784571   -0.735011060566469     0
    0.564254211765772   -0.513375441230448   -0.646577791797732     0
    0.628312822405294   -0.470917043521434   -0.619241580743836     0
    0.584715705184939   -0.443957369450656   -0.678976728776865     0
    0.517970331271933   -0.485208279120714   -0.704471193019813     0
    0.496441341614641   -0.552418100796837   -0.669612004259087     0
    0.735011060566469   -0.536783838510582   -0.414272677784571     0
    0.646577791797732   -0.564254211765772   -0.513375441230448     0
    0.619241580743836   -0.628312822405294   -0.470917043521434     0
    0.678976728776865   -0.584715705184939   -0.443957369450656     0
    0.704471193019813   -0.517970331271933   -0.485208279120714     0
    0.669612004259087   -0.496441341614641   -0.552418100796837     0
    0.540649979978604    -0.58195196324558    -0.60747799270735     0
     0.60747799270735   -0.540649979978604    -0.58195196324558     0
     0.58195196324558    -0.60747799270735   -0.540649979978604     0
    0.445365044636095   -0.892926710429346  -0.0658169189351543     0
    0.358228793486579   -0.924304600611346   -0.131655371352065     0
    0.316777596492356   -0.946197841166766  -0.0660424085862794     0
    0.381721516506215    -0.92191877097317   -0.065988359303101     0
    0.422363621809953   -0.896800568521107   -0.131748667058902     0
    0.397350580311842   -0.896400998591329   -0.196412234981203     0
   0.0822424652793623   -0.987688340595138   -0.133071104140591     0
   0.0412483876528615   -0.996917333733128  -0.0667412932034614     0
    0.110384992485506   -0.991647624814071  -0.0667093819082885     0
    0.162459848116453   -0.951056516295154   -0.262865556059567     0
    0.220117027473292   -0.966392597402439   -0.132792476827902     0
    0.191779989797709   -0.961188181841084   -0.198337375706704     0
    0.151548895132175   -0.979426193820984   -0.133256381616631     0
    0.122729490759021   -0.972369920397677   -0.198580487470062     0
    0.179595921150836   -0.981483142812483  -0.0666043953573237     0
    0.247325699610564    -0.96664308406558  -0.0665668561697831     0
    0.238676930319593   -0.891006524188368   -0.386187385587592     0
    0.307659441093799   -0.869725310462252   -0.385906144868401     0
    0.274693751508767   -0.852640164354092   -0.444463826438403     0
    0.301258879093232   -0.916244175191216   -0.264082750659066     0
     0.36851827237309   -0.891741954914295   -0.262660558083595     0
    0.339208843652866   -0.882836931662525   -0.324863529009311     0
    0.201188586486866   -0.923879532511287   -0.325529971084297     0
    0.270627108855975   -0.905831810420051   -0.325928978741364     0
    0.232455170313654   -0.936049537783692   -0.264151200280041     0
     0.28992943739316    -0.94782179629339   -0.132569845002769     0
     0.26155039913851   -0.944432592881773   -0.199094113958944     0
    0.330606503841334    -0.92268198666578   -0.198386721078553     0
   -0.445365044636095   -0.892926710429346  -0.0658169189351543     0
   -0.358228793486579   -0.924304600611346   -0.131655371352065     0
   -0.397350580311842   -0.896400998591329   -0.196412234981203     0
   -0.422363621809953   -0.896800568521107   -0.131748667058902     0
   -0.381721516506215    -0.92191877097317   -0.065988359303101     0
   -0.316777596492356   -0.946197841166766  -0.0660424085862794     0
   -0.238676930319593   -0.891006524188368   -0.386187385587592     0
   -0.274693751508767   -0.852640164354092   -0.444463826438403     0
   -0.307659441093799   -0.869725310462252   -0.385906144868401     0
   -0.162459848116453   -0.951056516295154   -0.262865556059567     0
   -0.301258879093232   -0.916244175191216   -0.264082750659066     0
   -0.232455170313654   -0.936049537783692   -0.264151200280041     0
   -0.270627108855975   -0.905831810420051   -0.325928978741364     0
   -0.201188586486866   -0.923879532511287   -0.325529971084297     0
   -0.339208843652866   -0.882836931662525   -0.324863529009311     0
    -0.36851827237309   -0.891741954914295   -0.262660558083595     0
  -0.0822424652793623   -0.987688340595138   -0.133071104140591     0
   -0.110384992485506   -0.991647624814071  -0.0667093819082885     0
  -0.0412483876528615   -0.996917333733128  -0.0667412932034614     0
   -0.220117027473292   -0.966392597402439   -0.132792476827902     0
   -0.247325699610564    -0.96664308406558  -0.0665668561697831     0
   -0.179595921150836   -0.981483142812483  -0.0666043953573237     0
   -0.122729490759021   -0.972369920397677   -0.198580487470062     0
   -0.151548895132175   -0.979426193820984   -0.133256381616631     0
   -0.191779989797709   -0.961188181841084   -0.198337375706704     0
   -0.330606503841334    -0.92268198666578   -0.198386721078553     0
    -0.26155039913851   -0.944432592881773   -0.199094113958944     0
    -0.28992943739316    -0.94782179629339   -0.132569845002769     0
                    0   -0.617675975443125    -0.78643269855747     0
                    0   -0.702907030487773   -0.711281734962216     0
   0.0805729838194862   -0.700621677084553   -0.708969152980334     0
   0.0406421053037384   -0.660883697083113   -0.749387055003111     0
  -0.0406421053037384   -0.660883697083113   -0.749387055003111     0
  -0.0805729838194862   -0.700621677084553   -0.708969152980334     0
    0.156434465040231   -0.840177885327139   -0.519258489728183     0
    0.233445363855905   -0.827147258803492   -0.511205119641864     0
    0.197274448608293   -0.801503633258308   -0.564512814557851     0
                    0    -0.85065080835204   -0.525731112119134     0
   0.0811418516199396   -0.780204370710127   -0.620239582613447     0
   0.0406751805159452     -0.8175229857266   -0.574457742134842     0
      0.1190782137238   -0.812169442270874   -0.571140242022716     0
   0.0784590957278449   -0.848028535800246   -0.524110458554359     0
     0.15961292250203   -0.771840548150462    -0.61545583367221     0
    0.121192572762526   -0.738886266263619   -0.662841946344834     0
   -0.156434465040231   -0.840177885327139   -0.519258489728183     0
   -0.197274448608293   -0.801503633258308   -0.564512814557851     0
   -0.233445363855905   -0.827147258803492   -0.511205119641864     0
  -0.0811418516199396   -0.780204370710127   -0.620239582613447     0
   -0.121192572762526   -0.738886266263619   -0.662841946344834     0
    -0.15961292250203   -0.771840548150462    -0.61545583367221     0
  -0.0784590957278449   -0.848028535800246   -0.524110458554359     0
     -0.1190782137238   -0.812169442270874   -0.571140242022716     0
  -0.0406751805159452     -0.8175229857266   -0.574457742134842     0
   0.0406770664481739   -0.743495740017673    -0.66750240511982     0
                    0   -0.782785556443072   -0.622291549536156     0
  -0.0406770664481739   -0.743495740017673    -0.66750240511982     0
                    0   -0.991045656047768   -0.133523434755288     0
                    0   -0.963861263467623   -0.266404701134567     0
  -0.0815010572754025   -0.960654743036947   -0.265518440684653     0
  -0.0412509096700586   -0.978851936896313   -0.200367782055223     0
   0.0412509096700586   -0.978851936896313   -0.200367782055223     0
   0.0815010572754025   -0.960654743036947   -0.265518440684653     0
   -0.198227222055887   -0.868534495321757   -0.454261817537185     0
  -0.0823235800319602   -0.912982492932299   -0.399607051701851     0
  -0.0412991818537929   -0.884760021428489   -0.464213401422306     0
   -0.119755487834874   -0.879344510832088    -0.46088160562438     0
   -0.161006397504933   -0.904838975075036   -0.394136231711374     0
   -0.122800239129195    -0.93513044494374   -0.332341920631653     0
    0.198227222055887   -0.868534495321757   -0.454261817537185     0
   0.0823235800319602   -0.912982492932299   -0.399607051701851     0
    0.122800239129195    -0.93513044494374   -0.332341920631653     0
    0.161006397504933   -0.904838975075036   -0.394136231711374     0
    0.119755487834874   -0.879344510832088    -0.46088160562438     0
   0.0412991818537929   -0.884760021428489   -0.464213401422306     0
  -0.0413019832669753   -0.941618056351077   -0.334140063643728     0
                    0   -0.916092026889307   -0.400968076372473     0
   0.0413019832669753   -0.941618056351077   -0.334140063643728     0
Triangles
 5120
     1     4     6     0
     2     5     4     0
     3     6     5     0
     4     5     6     0
     7     9    11     0
     8    10     9     0
     2    11    10     0
     9    10    11     0
    12    13    15     0
     3    14    13     0
     8    15    14     0
    13    14    15     0
     2    10     5     0
     8    14    10     0
     3     5    14     0
    10    14     5     0
    16    19    21     0
    17    20    19     0
    18    21    20     0
    19    20    21     0
    22    24    26     0
    23    25    24     0
    17    26    25     0
    24    25    26     0
     7    27    29     0
    18    28    27     0
    23    29    28     0
    27    28    29     0
    17    25    20     0
    23    28    25     0
    18    20    28     0
    25    28    20     0
    30    33    35     0
    31    34    33     0
    32    35    34     0
    33    34    35     0
    12    37    39     0
    36    38    37     0
    31    39    38     0
    37    38    39     0
    22    40    42     0
    32    41    40     0
    36    42    41     0
    40    41    42     0
    31    38    34     0
    36    41    38     0
    32    34    41     0
    38    41    34     0
     7    29     9     0
    23    43    29     0
     8     9    43     0
    29    43     9     0
    22    42    24     0
    36    44    42     0
    23    24    44     0
    42    44    24     0
    12    15    37     0
     8    45    15     0
    36    37    45     0
    15    45    37     0
    23    44    43     0
    36    45    44     0
     8    43    45     0
    44    45    43     0
    46    49    51     0
    47    50    49     0
    48    51    50     0
    49    50    51     0
    52    54    56     0
    53    55    54     0
    47    56    55     0
    54    55    56     0
    57    58    60     0
    48    59    58     0
    53    60    59     0
    58    59    60     0
    47    55    50     0
    53    59    55     0
    48    50    59     0
    55    59    50     0
    61    64    66     0
    62    65    64     0
    63    66    65     0
    64    65    66     0
    67    69    71     0
    68    70    69     0
    62    71    70     0
    69    70    71     0
    52    72    74     0
    63    73    72     0
    68    74    73     0
    72    73    74     0
    62    70    65     0
    68    73    70     0
    63    65    73     0
    70    73    65     0
    16    77    79     0
    75    78    77     0
    76    79    78     0
    77    78    79     0
    57    81    83     0
    80    82    81     0
    75    83    82     0
    81    82    83     0
    67    84    86     0
    76    85    84     0
    80    86    85     0
    84    85    86     0
    75    82    78     0
    80    85    82     0
    76    78    85     0
    82    85    78     0
    52    74    54     0
    68    87    74     0
    53    54    87     0
    74    87    54     0
    67    86    69     0
    80    88    86     0
    68    69    88     0
    86    88    69     0
    57    60    81     0
    53    89    60     0
    80    81    89     0
    60    89    81     0
    68    88    87     0
    80    89    88     0
    53    87    89     0
    88    89    87     0
    90    93    95     0
    91    94    93     0
    92    95    94     0
    93    94    95     0
    96    98   100     0
    97    99    98     0
    91   100    99     0
    98    99   100     0
   101   102   104     0
    92   103   102     0
    97   104   103     0
   102   103   104     0
    91    99    94     0
    97   103    99     0
    92    94   103     0
    99   103    94     0
    30   107   109     0
   105   108   107     0
   106   109   108     0
   107   108   109     0
   110   112   114     0
   111   113   112     0
   105   114   113     0
   112   113   114     0
    96   115   117     0
   106   116   115     0
   111   117   116     0
   115   116   117     0
   105   113   108     0
   111   116   113     0
   106   108   116     0
   113   116   108     0
    61   120   122     0
   118   121   120     0
   119   122   121     0
   120   121   122     0
   101   124   126     0
   123   125   124     0
   118   126   125     0
   124   125   126     0
   110   127   129     0
   119   128   127     0
   123   129   128     0
   127   128   129     0
   118   125   121     0
   123   128   125     0
   119   121   128     0
   125   128   121     0
    96   117    98     0
   111   130   117     0
    97    98   130     0
   117   130    98     0
   110   129   112     0
   123   131   129     0
   111   112   131     0
   129   131   112     0
   101   104   124     0
    97   132   104     0
   123   124   132     0
   104   132   124     0
   111   131   130     0
   123   132   131     0
    97   130   132     0
   131   132   130     0
    16    79    19     0
    76   133    79     0
    17    19   133     0
    79   133    19     0
    67   135    84     0
   134   136   135     0
    76    84   136     0
   135   136    84     0
    22    26   138     0
    17   137    26     0
   134   138   137     0
    26   137   138     0
    76   136   133     0
   134   137   136     0
    17   133   137     0
   136   137   133     0
    61   122    64     0
   119   139   122     0
    62    64   139     0
   122   139    64     0
   110   141   127     0
   140   142   141     0
   119   127   142     0
   141   142   127     0
    67    71   144     0
    62   143    71     0
   140   144   143     0
    71   143   144     0
   119   142   139     0
   140   143   142     0
    62   139   143     0
   142   143   139     0
    30    35   107     0
    32   145    35     0
   105   107   145     0
    35   145   107     0
    22   147    40     0
   146   148   147     0
    32    40   148     0
   147   148    40     0
   110   114   150     0
   105   149   114     0
   146   150   149     0
   114   149   150     0
    32   148   145     0
   146   149   148     0
   105   145   149     0
   148   149   145     0
    67   144   135     0
   140   151   144     0
   134   135   151     0
   144   151   135     0
   110   150   141     0
   146   152   150     0
   140   141   152     0
   150   152   141     0
    22   138   147     0
   134   153   138     0
   146   147   153     0
   138   153   147     0
   140   152   151     0
   146   153   152     0
   134   151   153     0
   152   153   151     0
     1     6   156     0
     3   155     6     0
   154   156   155     0
     6   155   156     0
    12   158    13     0
   157   159   158     0
     3    13   159     0
   158   159    13     0
   160   161   163     0
   154   162   161     0
   157   163   162     0
   161   162   163     0
     3   159   155     0
   157   162   159     0
   154   155   162     0
   159   162   155     0
    30   165    33     0
   164   166   165     0
    31    33   166     0
   165   166    33     0
   167   169   171     0
   168   170   169     0
   164   171   170     0
   169   170   171     0
    12    39   173     0
    31   172    39     0
   168   173   172     0
    39   172   173     0
   164   170   166     0
   168   172   170     0
    31   166   172     0
   170   172   166     0
   174   177   179     0
   175   178   177     0
   176   179   178     0
   177   178   179     0
   160   181   183     0
   180   182   181     0
   175   183   182     0
   181   182   183     0
   167   184   186     0
   176   185   184     0
   180   186   185     0
   184   185   186     0
   175   182   178     0
   180   185   182     0
   176   178   185     0
   182   185   178     0
    12   173   158     0
   168   187   173     0
   157   158   187     0
   173   187   158     0
   167   186   169     0
   180   188   186     0
   168   169   188     0
   186   188   169     0
   160   163   181     0
   157   189   163     0
   180   181   189     0
   163   189   181     0
   168   188   187     0
   180   189   188     0
   157   187   189     0
   188   189   187     0
    90   191    93     0
   190   192   191     0
    91    93   192     0
   191   192    93     0
   193   195   197     0
   194   196   195     0
   190   197   196     0
   195   196   197     0
    96   100   199     0
    91   198   100     0
   194   199   198     0
   100   198   199     0
   190   196   192     0
   194   198   196     0
    91   192   198     0
   196   198   192     0
   200   203   205     0
   201   204   203     0
   202   205   204     0
   203   204   205     0
   206   208   210     0
   207   209   208     0
   201   210   209     0
   208   209   210     0
   193   211   213     0
   202   212   211     0
   207   213   212     0
   211   212   213     0
   201   209   204     0
   207   212   209     0
   202   204   212     0
   209   212   204     0
    30   109   216     0
   106   215   109     0
   214   216   215     0
   109   215   216     0
    96   218   115     0
   217   219   218     0
   106   115   219     0
   218   219   115     0
   206   220   222     0
   214   221   220     0
   217   222   221     0
   220   221   222     0
   106   219   215     0
   217   221   219     0
   214   215   221     0
   219   221   215     0
   193   213   195     0
   207   223   213     0
   194   195   223     0
   213   223   195     0
   206   222   208     0
   217   224   222     0
   207   208   224     0
   222   224   208     0
    96   199   218     0
   194   225   199     0
   217   218   225     0
   199   225   218     0
   207   224   223     0
   217   225   224     0
   194   223   225     0
   224   225   223     0
   226   229   231     0
   227   230   229     0
   228   231   230     0
   229   230   231     0
   232   234   236     0
   233   235   234     0
   227   236   235     0
   234   235   236     0
   237   238   240     0
   228   239   238     0
   233   240   239     0
   238   239   240     0
   227   235   230     0
   233   239   235     0
   228   230   239     0
   235   239   230     0
   174   243   245     0
   241   244   243     0
   242   245   244     0
   243   244   245     0
   246   248   250     0
   247   249   248     0
   241   250   249     0
   248   249   250     0
   232   251   253     0
   242   252   251     0
   247   253   252     0
   251   252   253     0
   241   249   244     0
   247   252   249     0
   242   244   252     0
   249   252   244     0
   200   256   258     0
   254   257   256     0
   255   258   257     0
   256   257   258     0
   237   260   262     0
   259   261   260     0
   254   262   261     0
   260   261   262     0
   246   263   265     0
   255   264   263     0
   259   265   264     0
   263   264   265     0
   254   261   257     0
   259   264   261     0
   255   257   264     0
   261   264   257     0
   232   253   234     0
   247   266   253     0
   233   234   266     0
   253   266   234     0
   246   265   248     0
   259   267   265     0
   247   248   267     0
   265   267   248     0
   237   240   260     0
   233   268   240     0
   259   260   268     0
   240   268   260     0
   247   267   266     0
   259   268   267     0
   233   266   268     0
   267   268   266     0
    30   216   165     0
   214   269   216     0
   164   165   269     0
   216   269   165     0
   206   271   220     0
   270   272   271     0
   214   220   272     0
   271   272   220     0
   167   171   274     0
   164   273   171     0
   270   274   273     0
   171   273   274     0
   214   272   269     0
   270   273   272     0
   164   269   273     0
   272   273   269     0
   200   258   203     0
   255   275   258     0
   201   203   275     0
   258   275   203     0
   246   277   263     0
   276   278   277     0
   255   263   278     0
   277   278   263     0
   206   210   280     0
   201   279   210     0
   276   280   279     0
   210   279   280     0
   255   278   275     0
   276   279   278     0
   201   275   279     0
   278   279   275     0
   174   179   243     0
   176   281   179     0
   241   243   281     0
   179   281   243     0
   167   283   184     0
   282   284   283     0
   176   184   284     0
   283   284   184     0
   246   250   286     0
   241   285   250     0
   282   286   285     0
   250   285   286     0
   176   284   281     0
   282   285   284     0
   241   281   285     0
   284   285   281     0
   206   280   271     0
   276   287   280     0
   270   271   287     0
   280   287   271     0
   246   286   277     0
   282   288   286     0
   276   277   288     0
   286   288   277     0
   167   274   283     0
   270   289   274     0
   282   283   289     0
   274   289   283     0
   276   288   287     0
   282   289   288     0
   270   287   289     0
   288   289   287     0
     1   156   292     0
   154   291   156     0
   290   292   291     0
   156   291   292     0
   160   294   161     0
   293   295   294     0
   154   161   295     0
   294   295   161     0
   296   297   299     0
   290   298   297     0
   293   299   298     0
   297   298   299     0
   154   295   291     0
   293   298   295     0
   290   291   298     0
   295   298   291     0
   174   301   177     0
   300   302   301     0
   175   177   302     0
   301   302   177     0
   303   305   307     0
   304   306   305     0
   300   307   306     0
   305   306   307     0
   160   183   309     0
   175   308   183     0
   304   309   308     0
   183   308   309     0
   300   306   302     0
   304   308   306     0
   175   302   308     0
   306   308   302     0
   310   313   315     0
   311   314   313     0
   312   315   314     0
   313   314   315     0
   296   317   319     0
   316   318   317     0
   311   319   318     0
   317   318   319     0
   303   320   322     0
   312   321   320     0
   316   322   321     0
   320   321   322     0
   311   318   314     0
   316   321   318     0
   312   314   321     0
   318   321   314     0
   160   309   294     0
   304   323   309     0
   293   294   323     0
   309   323   294     0
   303   322   305     0
   316   324   322     0
   304   305   324     0
   322   324   305     0
   296   299   317     0
   293   325   299     0
   316   317   325     0
   299   325   317     0
   304   324   323     0
   316   325   324     0
   293   323   325     0
   324   325   323     0
   226   327   229     0
   326   328   327     0
   227   229   328     0
   327   328   229     0
   329   331   333     0
   330   332   331     0
   326   333   332     0
   331   332   333     0
   232   236   335     0
   227   334   236     0
   330   335   334     0
   236   334   335     0
   326   332   328     0
   330   334   332     0
   227   328   334     0
   332   334   328     0
   336   339   341     0
   337   340   339     0
   338   341   340     0
   339   340   341     0
   342   344   346     0
   343   345   344     0
   337   346   345     0
   344   345   346     0
   329   347   349     0
   338   348   347     0
   343   349   348     0
   347   348   349     0
   337   345   340     0
   343   348   345     0
   338   340   348     0
   345   348   340     0
   174   245   352     0
   242   351   245     0
   350   352   351     0
   245   351   352     0
   232   354   251     0
   353   355   354     0
   242   251   355     0
   354   355   251     0
   342   356   358     0
   350   357   356     0
   353   358   357     0
   356   357   358     0
   242   355   351     0
   353   357   355     0
   350   351   357     0
   355   357   351     0
   329   349   331     0
   343   359   349     0
   330   331   359     0
   349   359   331     0
   342   358   344     0
   353   360   358     0
   343   344   360     0
   358   360   344     0
   232   335   354     0
   330   361   335     0
   353   354   361     0
   335   361   354     0
   343   360   359     0
   353   361   360     0
   330   359   361     0
   360   361   359     0
   362   365   367     0
   363   366   365     0
   364   367   366     0
   365   366   367     0
   368   370   372     0
   369   371   370     0
   363   372   371     0
   370   371   372     0
   373   374   376     0
   364   375   374     0
   369   376   375     0
   374   375   376     0
   363   371   366     0
   369   375   371     0
   364   366   375     0
   371   375   366     0
   310   379   381     0
   377   380   379     0
   378   381   380     0
   379   380   381     0
   382   384   386     0
   383   385   384     0
   377   386   385     0
   384   385   386     0
   368   387   389     0
   378   388   387     0
   383   389   388     0
   387   388   389     0
   377   385   380     0
   383   388   385     0
   378   380   388     0
   385   388   380     0
   336   392   394     0
   390   393   392     0
   391   394   393     0
   392   393   394     0
   373   396   398     0
   395   397   396     0
   390   398   397     0
   396   397   398     0
   382   399   401     0
   391   400   399     0
   395   401   400     0
   399   400   401     0
   390   397   393     0
   395   400   397     0
   391   393   400     0
   397   400   393     0
   368   389   370     0
   383   402   389     0
   369   370   402     0
   389   402   370     0
   382   401   384     0
   395   403   401     0
   383   384   403     0
   401   403   384     0
   373   376   396     0
   369   404   376     0
   395   396   404     0
   376   404   396     0
   383   403   402     0
   395   404   403     0
   369   402   404     0
   403   404   402     0
   174   352   301     0
   350   405   352     0
   300   301   405     0
   352   405   301     0
   342   407   356     0
   406   408   407     0
   350   356   408     0
   407   408   356     0
   303   307   410     0
   300   409   307     0
   406   410   409     0
   307   409   410     0
   350   408   405     0
   406   409   408     0
   300   405   409     0
   408   409   405     0
   336   394   339     0
   391   411   394     0
   337   339   411     0
   394   411   339     0
   382   413   399     0
   412   414   413     0
   391   399   414     0
   413   414   399     0
   342   346   416     0
   337   415   346     0
   412   416   415     0
   346   415   416     0
   391   414   411     0
   412   415   414     0
   337   411   415     0
   414   415   411     0
   310   315   379     0
   312   417   315     0
   377   379   417     0
   315   417   379     0
   303   419   320     0
   418   420   419     0
   312   320   420     0
   419   420   320     0
   382   386   422     0
   377   421   386     0
   418   422   421     0
   386   421   422     0
   312   420   417     0
   418   421   420     0
   377   417   421     0
   420   421   417     0
   342   416   407     0
   412   423   416     0
   406   407   423     0
   416   423   407     0
   382   422   413     0
   418   424   422     0
   412   413   424     0
   422   424   413     0
   303   410   419     0
   406   425   410     0
   418   419   425     0
   410   425   419     0
   412   424   423     0
   418   425   424     0
   406   423   425     0
   424   425   423     0
     1   292   428     0
   290   427   292     0
   426   428   427     0
   292   427   428     0
   296   430   297     0
   429   431   430     0
   290   297   431     0
   430   431   297     0
   432   433   435     0
   426   434   433     0
   429   435   434     0
   433   434   435     0
   290   431   427     0
   429   434   431     0
   426   427   434     0
   431   434   427     0
   310   437   313     0
   436   438   437     0
   311   313   438     0
   437   438   313     0
   439   441   443     0
   440   442   441     0
   436   443   442     0
   441   442   443     0
   296   319   445     0
   311   444   319     0
   440   445   444     0
   319   444   445     0
   436   442   438     0
   440   444   442     0
   311   438   444     0
   442   444   438     0
   446   449   451     0
   447   450   449     0
   448   451   450     0
   449   450   451     0
   432   453   455     0
   452   454   453     0
   447   455   454     0
   453   454   455     0
   439   456   458     0
   448   457   456     0
   452   458   457     0
   456   457   458     0
   447   454   450     0
   452   457   454     0
   448   450   457     0
   454   457   450     0
   296   445   430     0
   440   459   445     0
   429   430   459     0
   445   459   430     0
   439   458   441     0
   452   460   458     0
   440   441   460     0
   458   460   441     0
   432   435   453     0
   429   461   435     0
   452   453   461     0
   435   461   453     0
   440   460   459     0
   452   461   460     0
   429   459   461     0
   460   461   459     0
   362   463   365     0
   462   464   463     0
   363   365   464     0
   463   464   365     0
   465   467   469     0
   466   468   467     0
   462   469   468     0
   467   468   469     0
   368   372   471     0
   363   470   372     0
   466   471   470     0
   372   470   471     0
   462   468   464     0
   466   470   468     0
   363   464   470     0
   468   470   464     0
   472   475   477     0
   473   476   475     0
   474   477   476     0
   475   476   477     0
   478   480   482     0
   479   481   480     0
   473   482   481     0
   480   481   482     0
   465   483   485     0
   474   484   483     0
   479   485   484     0
   483   484   485     0
   473   481   476     0
   479   484   481     0
   474   476   484     0
   481   484   476     0
   310   381   488     0
   378   487   381     0
   486   488   487     0
   381   487   488     0
   368   490   387     0
   489   491   490     0
   378   387   491     0
   490   491   387     0
   478   492   494     0
   486   493   492     0
   489   494   493     0
   492   493   494     0
   378   491   487     0
   489   493   491     0
   486   487   493     0
   491   493   487     0
   465   485   467     0
   479   495   485     0
   466   467   495     0
   485   495   467     0
   478   494   480     0
   489   496   494     0
   479   480   496     0
   494   496   480     0
   368   471   490     0
   466   497   471     0
   489   490   497     0
   471   497   490     0
   479   496   495     0
   489   497   496     0
   466   495   497     0
   496   497   495     0
   498   501   503     0
   499   502   501     0
   500   503   502     0
   501   502   503     0
   504   506   508     0
   505   507   506     0
   499   508   507     0
   506   507   508     0
   509   510   512     0
   500   511   510     0
   505   512   511     0
   510   511   512     0
   499   507   502     0
   505   511   507     0
   500   502   511     0
   507   511   502     0
   446   515   517     0
   513   516   515     0
   514   517   516     0
   515   516   517     0
   518   520   522     0
   519   521   520     0
   513   522   521     0
   520   521   522     0
   504   523   525     0
   514   524   523     0
   519   525   524     0
   523   524   525     0
   513   521   516     0
   519   524   521     0
   514   516   524     0
   521   524   516     0
   472   528   530     0
   526   529   528     0
   527   530   529     0
   528   529   530     0
   509   532   534     0
   531   533   532     0
   526   534   533     0
   532   533   534     0
   518   535   537     0
   527   536   535     0
   531   537   536     0
   535   536   537     0
   526   533   529     0
   531   536   533     0
   527   529   536     0
   533   536   529     0
   504   525   506     0
   519   538   525     0
   505   506   538     0
   525   538   506     0
   518   537   520     0
   531   539   537     0
   519   520   539     0
   537   539   520     0
   509   512   532     0
   505   540   512     0
   531   532   540     0
   512   540   532     0
   519   539   538     0
   531   540   539     0
   505   538   540     0
   539   540   538     0
   310   488   437     0
   486   541   488     0
   436   437   541     0
   488   541   437     0
   478   543   492     0
   542   544   543     0
   486   492   544     0
   543   544   492     0
   439   443   546     0
   436   545   443     0
   542   546   545     0
   443   545   546     0
   486   544   541     0
   542   545   544     0
   436   541   545     0
   544   545   541     0
   472   530   475     0
   527   547   530     0
   473   475   547     0
   530   547   475     0
   518   549   535     0
   548   550   549     0
   527   535   550     0
   549   550   535     0
   478   482   552     0
   473   551   482     0
   548   552   551     0
   482   551   552     0
   527   550   547     0
   548   551   550     0
   473   547   551     0
   550   551   547     0
   446   451   515     0
   448   553   451     0
   513   515   553     0
   451   553   515     0
   439   555   456     0
   554   556   555     0
   448   456   556     0
   555   556   456     0
   518   522   558     0
   513   557   522     0
   554   558   557     0
   522   557   558     0
   448   556   553     0
   554   557   556     0
   513   553   557     0
   556   557   553     0
   478   552   543     0
   548   559   552     0
   542   543   559     0
   552   559   543     0
   518   558   549     0
   554   560   558     0
   548   549   560     0
   558   560   549     0
   439   546   555     0
   542   561   546     0
   554   555   561     0
   546   561   555     0
   548   560   559     0
   554   561   560     0
   542   559   561     0
   560   561   559     0
     1   428     4     0
   426   562   428     0
     2     4   562     0
   428   562     4     0
   432   564   433     0
   563   565   564     0
   426   433   565     0
   564   565   433     0
     7    11   567     0
     2   566    11     0
   563   567   566     0
    11   566   567     0
   426   565   562     0
   563   566   565     0
     2   562   566     0
   565   566   562     0
   446   569   449     0
   568   570   569     0
   447   449   570     0
   569   570   449     0
   571   573   575     0
   572   574   573     0
   568   575   574     0
   573   574   575     0
   432   455   577     0
   447   576   455     0
   572   577   576     0
   455   576   577     0
   568   574   570     0
   572   576   574     0
   447   570   576     0
   574   576   570     0
    16    21   580     0
    18   579    21     0
   578   580   579     0
    21   579   580     0
     7   582    27     0
   581   583   582     0
    18    27   583     0
   582   583    27     0
   571   584   586     0
   578   585   584     0
   581   586   585     0
   584   585   586     0
    18   583   579     0
   581   585   583     0
   578   579   585     0
   583   585   579     0
   432   577   564     0
   572   587   577     0
   563   564   587     0
   577   587   564     0
   571   586   573     0
   581   588   586     0
   572   573   588     0
   586   588   573     0
     7   567   582     0
   563   589   567     0
   581   582   589     0
   567   589   582     0
   572   588   587     0
   581   589   588     0
   563   587   589     0
   588   589   587     0
   498   591   501     0
   590   592   591     0
   499   501   592     0
   591   592   501     0
   593   595   597     0
   594   596   595     0
   590   597   596     0
   595   596   597     0
   504   508   599     0
   499   598   508     0
   594   599   598     0
   508   598   599     0
   590   596   592     0
   594   598   596     0
   499   592   598     0
   596   598   592     0
   600   603   605     0
   601   604   603     0
   602   605   604     0
   603   604   605     0
   606   608   610     0
   607   609   608     0
   601   610   609     0
   608   609   610     0
   593   611   613     0
   602   612   611     0
   607   613   612     0
   611   612   613     0
   601   609   604     0
   607   612   609     0
   602   604   612     0
   609   612   604     0
   446   517   616     0
   514   615   517     0
   614   616   615     0
   517   615   616     0
   504   618   523     0
   617   619   618     0
   514   523   619     0
   618   619   523     0
   606   620   622     0
   614   621   620     0
   617   622   621     0
   620   621   622     0
   514   619   615     0
   617   621   619     0
   614   615   621     0
   619   621   615     0
   593   613   595     0
   607   623   613     0
   594   595   623     0
   613   623   595     0
   606   622   608     0
   617   624   622     0
   607   608   624     0
   622   624   608     0
   504   599   618     0
   594   625   599     0
   617   618   625     0
   599   625   618     0
   607   624   623     0
   617   625   624     0
   594   623   625     0
   624   625   623     0
    46    51   628     0
    48   627    51     0
   626   628   627     0
    51   627   628     0
    57   630    58     0
   629   631   630     0
    48    58   631     0
   630   631    58     0
   632   633   635     0
   626   634   633     0
   629   635   634     0
   633   634   635     0
    48   631   627     0
   629   634   631     0
   626   627   634     0
   631   634   627     0
    16   637    77     0
   636   638   637     0
    75    77   638     0
   637   638    77     0
   639   641   643     0
   640   642   641     0
   636   643   642     0
   641   642   643     0
    57    83   645     0
    75   644    83     0
   640   645   644     0
    83   644   645     0
   636   642   638     0
   640   644   642     0
    75   638   644     0
   642   644   638     0
   600   648   650     0
   646   649   648     0
   647   650   649     0
   648   649   650     0
   632   652   654     0
   651   653   652     0
   646   654   653     0
   652   653   654     0
   639   655   657     0
   647   656   655     0
   651   657   656     0
   655   656   657     0
   646   653   649     0
   651   656   653     0
   647   649   656     0
   653   656   649     0
    57   645   630     0
   640   658   645     0
   629   630   658     0
   645   658   630     0
   639   657   641     0
   651   659   657     0
   640   641   659     0
   657   659   641     0
   632   635   652     0
   629   660   635     0
   651   652   660     0
   635   660   652     0
   640   659   658     0
   651   660   659     0
   629   658   660     0
   659   660   658     0
   446   616   569     0
   614   661   616     0
   568   569   661     0
   616   661   569     0
   606   663   620     0
   662   664   663     0
   614   620   664     0
   663   664   620     0
   571   575   666     0
   568   665   575     0
   662   666   665     0
   575   665   666     0
   614   664   661     0
   662   665   664     0
   568   661   665     0
   664   665   661     0
   600   650   603     0
   647   667   650     0
   601   603   667     0
   650   667   603     0
   639   669   655     0
   668   670   669     0
   647   655   670     0
   669   670   655     0
   606   610   672     0
   601   671   610     0
   668   672   671     0
   610   671   672     0
   647   670   667     0
   668   671   670     0
   601   667   671     0
   670   671   667     0
    16   580   637     0
   578   673   580     0
   636   637   673     0
   580   673   637     0
   571   675   584     0
   674   676   675     0
   578   584   676     0
   675   676   584     0
   639   643   678     0
   636   677   643     0
   674   678   677     0
   643   677   678     0
   578   676   673     0
   674   677   676     0
   636   673   677     0
   676   677   673     0
   606   672   663     0
   668   679   672     0
   662   663   679     0
   672   679   663     0
   639   678   669     0
   674   680   678     0
   668   669   680     0
   678   680   669     0
   571   666   675     0
   662   681   666     0
   674   675   681     0
   666   681   675     0
   668   680   679     0
   674   681   680     0
   662   679   681     0
   680   681   679     0
    90    95   684     0
    92   683    95     0
   682   684   683     0
    95   683   684     0
   101   686   102     0
   685   687   686     0
    92   102   687     0
   686   687   102     0
   688   689   691     0
   682   690   689     0
   685   691   690     0
   689   690   691     0
    92   687   683     0
   685   690   687     0
   682   683   690     0
   687   690   683     0
    61   693   120     0
   692   694   693     0
   118   120   694     0
   693   694   120     0
   695   697   699     0
   696   698   697     0
   692   699   698     0
   697   698   699     0
   101   126   701     0
   118   700   126     0
   696   701   700     0
   126   700   701     0
   692   698   694     0
   696   700   698     0
   118   694   700     0
   698   700   694     0
   702   705   707     0
   703   706   705     0
   704   707   706     0
   705   706   707     0
   688   709   711     0
   708   710   709     0
   703   711   710     0
   709   710   711     0
   695   712   714     0
   704   713   712     0
   708   714   713     0
   712   713   714     0
   703   710   706     0
   708   713   710     0
   704   706   713     0
   710   713   706     0
   101   701   686     0
   696   715   701     0
   685   686   715     0
   701   715   686     0
   695   714   697     0
   708   716   714     0
   696   697   716     0
   714   716   697     0
   688   691   709     0
   685   717   691     0
   708   709   717     0
   691   717   709     0
   696   716   715     0
   708   717   716     0
   685   715   717     0
   716   717   715     0
    46   719    49     0
   718   720   719     0
    47    49   720     0
   719   720    49     0
   721   723   725     0
   722   724   723     0
   718   725   724     0
   723   724   725     0
    52    56   727     0
    47   726    56     0
   722   727   726     0
    56   726   727     0
   718   724   720     0
   722   726   724     0
    47   720   726     0
   724   726   720     0
   728   731   733     0
   729   732   731     0
   730   733   732     0
   731   732   733     0
   734   736   738     0
   735   737   736     0
   729   738   737     0
   736   737   738     0
   721   739   741     0
   730   740   739     0
   735   741   740     0
   739   740   741     0
   729   737   732     0
   735   740   737     0
   730   732   740     0
   737   740   732     0
    61    66   744     0
    63   743    66     0
   742   744   743     0
    66   743   744     0
    52   746    72     0
   745   747   746     0
    63    72   747     0
   746   747    72     0
   734   748   750     0
   742   749   748     0
   745   750   749     0
   748   749   750     0
    63   747   743     0
   745   749   747     0
   742   743   749     0
   747   749   743     0
   721   741   723     0
   735   751   741     0
   722   723   751     0
   741   751   723     0
   734   750   736     0
   745   752   750     0
   735   736   752     0
   750   752   736     0
    52   727   746     0
   722   753   727     0
   745   746   753     0
   727   753   746     0
   735   752   751     0
   745   753   752     0
   722   751   753     0
   752   753   751     0
   754   757   759     0
   755   758   757     0
   756   759   758     0
   757   758   759     0
   760   762   764     0
   761   763   762     0
   755   764   763     0
   762   763   764     0
   765   766   768     0
   756   767   766     0
   761   768   767     0
   766   767   768     0
   755   763   758     0
   761   767   763     0
   756   758   767     0
   763   767   758     0
   702   771   773     0
   769   772   771     0
   770   773   772     0
   771   772   773     0
   774   776   778     0
   775   777   776     0
   769   778   777     0
   776   777   778     0
   760   779   781     0
   770   780   779     0
   775   781   780     0
   779   780   781     0
   769   777   772     0
   775   780   777     0
   770   772   780     0
   777   780   772     0
   728   784   786     0
   782   785   784     0
   783   786   785     0
   784   785   786     0
   765   788   790     0
   787   789   788     0
   782   790   789     0
   788   789   790     0
   774   791   793     0
   783   792   791     0
   787   793   792     0
   791   792   793     0
   782   789   785     0
   787   792   789     0
   783   785   792     0
   789   792   785     0
   760   781   762     0
   775   794   781     0
   761   762   794     0
   781   794   762     0
   774   793   776     0
   787   795   793     0
   775   776   795     0
   793   795   776     0
   765   768   788     0
   761   796   768     0
   787   788   796     0
   768   796   788     0
   775   795   794     0
   787   796   795     0
   761   794   796     0
   795   796   794     0
    61   744   693     0
   742   797   744     0
   692   693   797     0
   744   797   693     0
   734   799   748     0
   798   800   799     0
   742   748   800     0
   799   800   748     0
   695   699   802     0
   692   801   699     0
   798   802   801     0
   699   801   802     0
   742   800   797     0
   798   801   800     0
   692   797   801     0
   800   801   797     0
   728   786   731     0
   783   803   786     0
   729   731   803     0
   786   803   731     0
   774   805   791     0
   804   806   805     0
   783   791   806     0
   805   806   791     0
   734   738   808     0
   729   807   738     0
   804   808   807     0
   738   807   808     0
   783   806   803     0
   804   807   806     0
   729   803   807     0
   806   807   803     0
   702   707   771     0
   704   809   707     0
   769   771   809     0
   707   809   771     0
   695   811   712     0
   810   812   811     0
   704   712   812     0
   811   812   712     0
   774   778   814     0
   769   813   778     0
   810   814   813     0
   778   813   814     0
   704   812   809     0
   810   813   812     0
   769   809   813     0
   812   813   809     0
   734   808   799     0
   804   815   808     0
   798   799   815     0
   808   815   799     0
   774   814   805     0
   810   816   814     0
   804   805   816     0
   814   816   805     0
   695   802   811     0
   798   817   802     0
   810   811   817     0
   802   817   811     0
   804   816   815     0
   810   817   816     0
   798   815   817     0
   816   817   815     0
   226   231   820     0
   228   819   231     0
   818   820   819     0
   231   819   820     0
   237   822   238     0
   821   823   822     0
   228   238   823     0
   822   823   238     0
   824   825   827     0
   818   826   825     0
   821   827   826     0
   825   826   827     0
   228   823   819     0
   821   826   823     0
   818   819   826     0
   823   826   819     0
   200   829   256     0
   828   830   829     0
   254   256   830     0
   829   830   256     0
   831   833   835     0
   832   834   833     0
   828   835   834     0
   833   834   835     0
   237   262   837     0
   254   836   262     0
   832   837   836     0
   262   836   837     0
   828   834   830     0
   832   836   834     0
   254   830   836     0
   834   836   830     0
   838   841   843     0
   839   842   841     0
   840   843   842     0
   841   842   843     0
   824   845   847     0
   844   846   845     0
   839   847   846     0
   845   846   847     0
   831   848   850     0
   840   849   848     0
   844   850   849     0
   848   849   850     0
   839   846   842     0
   844   849   846     0
   840   842   849     0
   846   849   842     0
   237   837   822     0
   832   851   837     0
   821   822   851     0
   837   851   822     0
   831   850   833     0
   844   852   850     0
   832   833   852     0
   850   852   833     0
   824   827   845     0
   821   853   827     0
   844   845   853     0
   827   853   845     0
   832   852   851     0
   844   853   852     0
   821   851   853     0
   852   853   851     0
    90   855   191     0
   854   856   855     0
   190   191   856     0
   855   856   191     0
   857   859   861     0
   858   860   859     0
   854   861   860     0
   859   860   861     0
   193   197   863     0
   190   862   197     0
   858   863   862     0
   197   862   863     0
   854   860   856     0
   858   862   860     0
   190   856   862     0
   860   862   856     0
   864   867   869     0
   865   868   867     0
   866   869   868     0
   867   868   869     0
   870   872   874     0
   871   873   872     0
   865   874   873     0
   872   873   874     0
   857   875   877     0
   866   876   875     0
   871   877   876     0
   875   876   877     0
   865   873   868     0
   871   876   873     0
   866   868   876     0
   873   876   868     0
   200   205   880     0
   202   879   205     0
   878   880   879     0
   205   879   880     0
   193   882   211     0
   881   883   882     0
   202   211   883     0
   882   883   211     0
   870   884   886     0
   878   885   884     0
   881   886   885     0
   884   885   886     0
   202   883   879     0
   881   885   883     0
   878   879   885     0
   883   885   879     0
   857   877   859     0
   871   887   877     0
   858   859   887     0
   877   887   859     0
   870   886   872     0
   881   888   886     0
   871   872   888     0
   886   888   872     0
   193   863   882     0
   858   889   863     0
   881   882   889     0
   863   889   882     0
   871   888   887     0
   881   889   888     0
   858   887   889     0
   888   889   887     0
   890   893   895     0
   891   894   893     0
   892   895   894     0
   893   894   895     0
   896   898   900     0
   897   899   898     0
   891   900   899     0
   898   899   900     0
   901   902   904     0
   892   903   902     0
   897   904   903     0
   902   903   904     0
   891   899   894     0
   897   903   899     0
   892   894   903     0
   899   903   894     0
   838   907   909     0
   905   908   907     0
   906   909   908     0
   907   908   909     0
   910   912   914     0
   911   913   912     0
   905   914   913     0
   912   913   914     0
   896   915   917     0
   906   916   915     0
   911   917   916     0
   915   916   917     0
   905   913   908     0
   911   916   913     0
   906   908   916     0
   913   916   908     0
   864   920   922     0
   918   921   920     0
   919   922   921     0
   920   921   922     0
   901   924   926     0
   923   925   924     0
   918   926   925     0
   924   925   926     0
   910   927   929     0
   919   928   927     0
   923   929   928     0
   927   928   929     0
   918   925   921     0
   923   928   925     0
   919   921   928     0
   925   928   921     0
   896   917   898     0
   911   930   917     0
   897   898   930     0
   917   930   898     0
   910   929   912     0
   923   931   929     0
   911   912   931     0
   929   931   912     0
   901   904   924     0
   897   932   904     0
   923   924   932     0
   904   932   924     0
   911   931   930     0
   923   932   931     0
   897   930   932     0
   931   932   930     0
   200   880   829     0
   878   933   880     0
   828   829   933     0
   880   933   829     0
   870   935   884     0
   934   936   935     0
   878   884   936     0
   935   936   884     0
   831   835   938     0
   828   937   835     0
   934   938   937     0
   835   937   938     0
   878   936   933     0
   934   937   936     0
   828   933   937     0
   936   937   933     0
   864   922   867     0
   919   939   922     0
   865   867   939     0
   922   939   867     0
   910   941   927     0
   940   942   941     0
   919   927   942     0
   941   942   927     0
   870   874   944     0
   865   943   874     0
   940   944   943     0
   874   943   944     0
   919   942   939     0
   940   943   942     0
   865   939   943     0
   942   943   939     0
   838   843   907     0
   840   945   843     0
   905   907   945     0
   843   945   907     0
   831   947   848     0
   946   948   947     0
   840   848   948     0
   947   948   848     0
   910   914   950     0
   905   949   914     0
   946   950   949     0
   914   949   950     0
   840   948   945     0
   946   949   948     0
   905   945   949     0
   948   949   945     0
   870   944   935     0
   940   951   944     0
   934   935   951     0
   944   951   935     0
   910   950   941     0
   946   952   950     0
   940   941   952     0
   950   952   941     0
   831   938   947     0
   934   953   938     0
   946   947   953     0
   938   953   947     0
   940   952   951     0
   946   953   952     0
   934   951   953     0
   952   953   951     0
   362   367   956     0
   364   955   367     0
   954   956   955     0
   367   955   956     0
   373   958   374     0
   957   959   958     0
   364   374   959     0
   958   959   374     0
   960   961   963     0
   954   962   961     0
   957   963   962     0
   961   962   963     0
   364   959   955     0
   957   962   959     0
   954   955   962     0
   959   962   955     0
   336   965   392     0
   964   966   965     0
   390   392   966     0
   965   966   392     0
   967   969   971     0
   968   970   969     0
   964   971   970     0
   969   970   971     0
   373   398   973     0
   390   972   398     0
   968   973   972     0
   398   972   973     0
   964   970   966     0
   968   972   970     0
   390   966   972     0
   970   972   966     0
   974   977   979     0
   975   978   977     0
   976   979   978     0
   977   978   979     0
   960   981   983     0
   980   982   981     0
   975   983   982     0
   981   982   983     0
   967   984   986     0
   976   985   984     0
   980   986   985     0
   984   985   986     0
   975   982   978     0
   980   985   982     0
   976   978   985     0
   982   985   978     0
   373   973   958     0
   968   987   973     0
   957   958   987     0
   973   987   958     0
   967   986   969     0
   980   988   986     0
   968   969   988     0
   986   988   969     0
   960   963   981     0
   957   989   963     0
   980   981   989     0
   963   989   981     0
   968   988   987     0
   980   989   988     0
   957   987   989     0
   988   989   987     0
   226   991   327     0
   990   992   991     0
   326   327   992     0
   991   992   327     0
   993   995   997     0
   994   996   995     0
   990   997   996     0
   995   996   997     0
   329   333   999     0
   326   998   333     0
   994   999   998     0
   333   998   999     0
   990   996   992     0
   994   998   996     0
   326   992   998     0
   996   998   992     0
  1000  1003  1005     0
  1001  1004  1003     0
  1002  1005  1004     0
  1003  1004  1005     0
  1006  1008  1010     0
  1007  1009  1008     0
  1001  1010  1009     0
  1008  1009  1010     0
   993  1011  1013     0
  1002  1012  1011     0
  1007  1013  1012     0
  1011  1012  1013     0
  1001  1009  1004     0
  1007  1012  1009     0
  1002  1004  1012     0
  1009  1012  1004     0
   336   341  1016     0
   338  1015   341     0
  1014  1016  1015     0
   341  1015  1016     0
   329  1018   347     0
  1017  1019  1018     0
   338   347  1019     0
  1018  1019   347     0
  1006  1020  1022     0
  1014  1021  1020     0
  1017  1022  1021     0
  1020  1021  1022     0
   338  1019  1015     0
  1017  1021  1019     0
  1014  1015  1021     0
  1019  1021  1015     0
   993  1013   995     0
  1007  1023  1013     0
   994   995  1023     0
  1013  1023   995     0
  1006  1022  1008     0
  1017  1024  1022     0
  1007  1008  1024     0
  1022  1024  1008     0
   329   999  1018     0
   994  1025   999     0
  1017  1018  1025     0
   999  1025  1018     0
  1007  1024  1023     0
  1017  1025  1024     0
   994  1023  1025     0
  1024  1025  1023     0
  1026  1029  1031     0
  1027  1030  1029     0
  1028  1031  1030     0
  1029  1030  1031     0
  1032  1034  1036     0
  1033  1035  1034     0
  1027  1036  1035     0
  1034  1035  1036     0
  1037  1038  1040     0
  1028  1039  1038     0
  1033  1040  1039     0
  1038  1039  1040     0
  1027  1035  1030     0
  1033  1039  1035     0
  1028  1030  1039     0
  1035  1039  1030     0
   974  1043  1045     0
  1041  1044  1043     0
  1042  1045  1044     0
  1043  1044  1045     0
  1046  1048  1050     0
  1047  1049  1048     0
  1041  1050  1049     0
  1048  1049  1050     0
  1032  1051  1053     0
  1042  1052  1051     0
  1047  1053  1052     0
  1051  1052  1053     0
  1041  1049  1044     0
  1047  1052  1049     0
  1042  1044  1052     0
  1049  1052  1044     0
  1000  1056  1058     0
  1054  1057  1056     0
  1055  1058  1057     0
  1056  1057  1058     0
  1037  1060  1062     0
  1059  1061  1060     0
  1054  1062  1061     0
  1060  1061  1062     0
  1046  1063  1065     0
  1055  1064  1063     0
  1059  1065  1064     0
  1063  1064  1065     0
  1054  1061  1057     0
  1059  1064  1061     0
  1055  1057  1064     0
  1061  1064  1057     0
  1032  1053  1034     0
  1047  1066  1053     0
  1033  1034  1066     0
  1053  1066  1034     0
  1046  1065  1048     0
  1059  1067  1065     0
  1047  1048  1067     0
  1065  1067  1048     0
  1037  1040  1060     0
  1033  1068  1040     0
  1059  1060  1068     0
  1040  1068  1060     0
  1047  1067  1066     0
  1059  1068  1067     0
  1033  1066  1068     0
  1067  1068  1066     0
   336  1016   965     0
  1014  1069  1016     0
   964   965  1069     0
  1016  1069   965     0
  1006  1071  1020     0
  1070  1072  1071     0
  1014  1020  1072     0
  1071  1072  1020     0
   967   971  1074     0
   964  1073   971     0
  1070  1074  1073     0
   971  1073  1074     0
  1014  1072  1069     0
  1070  1073  1072     0
   964  1069  1073     0
  1072  1073  1069     0
  1000  1058  1003     0
  1055  1075  1058     0
  1001  1003  1075     0
  1058  1075  1003     0
  1046  1077  1063     0
  1076  1078  1077     0
  1055  1063  1078     0
  1077  1078  1063     0
  1006  1010  1080     0
  1001  1079  1010     0
  1076  1080  1079     0
  1010  1079  1080     0
  1055  1078  1075     0
  1076  1079  1078     0
  1001  1075  1079     0
  1078  1079  1075     0
   974   979  1043     0
   976  1081   979     0
  1041  1043  1081     0
   979  1081  1043     0
   967  1083   984     0
  1082  1084  1083     0
   976   984  1084     0
  1083  1084   984     0
  1046  1050  1086     0
  1041  1085  1050     0
  1082  1086  1085     0
  1050  1085  1086     0
   976  1084  1081     0
  1082  1085  1084     0
  1041  1081  1085     0
  1084  1085  1081     0
  1006  1080  1071     0
  1076  1087  1080     0
  1070  1071  1087     0
  1080  1087  1071     0
  1046  1086  1077     0
  1082  1088  1086     0
  1076  1077  1088     0
  1086  1088  1077     0
   967  1074  1083     0
  1070  1089  1074     0
  1082  1083  1089     0
  1074  1089  1083     0
  1076  1088  1087     0
  1082  1089  1088     0
  1070  1087  1089     0
  1088  1089  1087     0
   498   503  1092     0
   500  1091   503     0
  1090  1092  1091     0
   503  1091  1092     0
   509  1094   510     0
  1093  1095  1094     0
   500   510  1095     0
  1094  1095   510     0
  1096  1097  1099     0
  1090  1098  1097     0
  1093  1099  1098     0
  1097  1098  1099     0
   500  1095  1091     0
  1093  1098  1095     0
  1090  1091  1098     0
  1095  1098  1091     0
   472  1101   528     0
  1100  1102  1101     0
   526   528  1102     0
  1101  1102   528     0
  1103  1105  1107     0
  1104  1106  1105     0
  1100  1107  1106     0
  1105  1106  1107     0
   509   534  1109     0
   526  1108   534     0
  1104  1109  1108     0
   534  1108  1109     0
  1100  1106  1102     0
  1104  1108  1106     0
   526  1102  1108     0
  1106  1108  1102     0
  1110  1113  1115     0
  1111  1114  1113     0
  1112  1115  1114     0
  1113  1114  1115     0
  1096  1117  1119     0
  1116  1118  1117     0
  1111  1119  1118     0
  1117  1118  1119     0
  1103  1120  1122     0
  1112  1121  1120     0
  1116  1122  1121     0
  1120  1121  1122     0
  1111  1118  1114     0
  1116  1121  1118     0
  1112  1114  1121     0
  1118  1121  1114     0
   509  1109  1094     0
  1104  1123  1109     0
  1093  1094  1123     0
  1109  1123  1094     0
  1103  1122  1105     0
  1116  1124  1122     0
  1104  1105  1124     0
  1122  1124  1105     0
  1096  1099  1117     0
  1093  1125  1099     0
  1116  1117  1125     0
  1099  1125  1117     0
  1104  1124  1123     0
  1116  1125  1124     0
  1093  1123  1125     0
  1124  1125  1123     0
   362  1127   463     0
  1126  1128  1127     0
   462   463  1128     0
  1127  1128   463     0
  1129  1131  1133     0
  1130  1132  1131     0
  1126  1133  1132     0
  1131  1132  1133     0
   465   469  1135     0
   462  1134   469     0
  1130  1135  1134     0
   469  1134  1135     0
  1126  1132  1128     0
  1130  1134  1132     0
   462  1128  1134     0
  1132  1134  1128     0
  1136  1139  1141     0
  1137  1140  1139     0
  1138  1141  1140     0
  1139  1140  1141     0
  1142  1144  1146     0
  1143  1145  1144     0
  1137  1146  1145     0
  1144  1145  1146     0
  1129  1147  1149     0
  1138  1148  1147     0
  1143  1149  1148     0
  1147  1148  1149     0
  1137  1145  1140     0
  1143  1148  1145     0
  1138  1140  1148     0
  1145  1148  1140     0
   472   477  1152     0
   474  1151   477     0
  1150  1152  1151     0
   477  1151  1152     0
   465  1154   483     0
  1153  1155  1154     0
   474   483  1155     0
  1154  1155   483     0
  1142  1156  1158     0
  1150  1157  1156     0
  1153  1158  1157     0
  1156  1157  1158     0
   474  1155  1151     0
  1153  1157  1155     0
  1150  1151  1157     0
  1155  1157  1151     0
  1129  1149  1131     0
  1143  1159  1149     0
  1130  1131  1159     0
  1149  1159  1131     0
  1142  1158  1144     0
  1153  1160  1158     0
  1143  1144  1160     0
  1158  1160  1144     0
   465  1135  1154     0
  1130  1161  1135     0
  1153  1154  1161     0
  1135  1161  1154     0
  1143  1160  1159     0
  1153  1161  1160     0
  1130  1159  1161     0
  1160  1161  1159     0
  1162  1165  1167     0
  1163  1166  1165     0
  1164  1167  1166     0
  1165  1166  1167     0
  1168  1170  1172     0
  1169  1171  1170     0
  1163  1172  1171     0
  1170  1171  1172     0
  1173  1174  1176     0
  1164  1175  1174     0
  1169  1176  1175     0
  1174  1175  1176     0
  1163  1171  1166     0
  1169  1175  1171     0
  1164  1166  1175     0
  1171  1175  1166     0
  1110  1179  1181     0
  1177  1180  1179     0
  1178  1181  1180     0
  1179  1180  1181     0
  1182  1184  1186     0
  1183  1185  1184     0
  1177  1186  1185     0
  1184  1185  1186     0
  1168  1187  1189     0
  1178  1188  1187     0
  1183  1189  1188     0
  1187  1188  1189     0
  1177  1185  1180     0
  1183  1188  1185     0
  1178  1180  1188     0
  1185  1188  1180     0
  1136  1192  1194     0
  1190  1193  1192     0
  1191  1194  1193     0
  1192  1193  1194     0
  1173  1196  1198     0
  1195  1197  1196     0
  1190  1198  1197     0
  1196  1197  1198     0
  1182  1199  1201     0
  1191  1200  1199     0
  1195  1201  1200     0
  1199  1200  1201     0
  1190  1197  1193     0
  1195  1200  1197     0
  1191  1193  1200     0
  1197  1200  1193     0
  1168  1189  1170     0
  1183  1202  1189     0
  1169  1170  1202     0
  1189  1202  1170     0
  1182  1201  1184     0
  1195  1203  1201     0
  1183  1184  1203     0
  1201  1203  1184     0
  1173  1176  1196     0
  1169  1204  1176     0
  1195  1196  1204     0
  1176  1204  1196     0
  1183  1203  1202     0
  1195  1204  1203     0
  1169  1202  1204     0
  1203  1204  1202     0
   472  1152  1101     0
  1150  1205  1152     0
  1100  1101  1205     0
  1152  1205  1101     0
  1142  1207  1156     0
  1206  1208  1207     0
  1150  1156  1208     0
  1207  1208  1156     0
  1103  1107  1210     0
  1100  1209  1107     0
  1206  1210  1209     0
  1107  1209  1210     0
  1150  1208  1205     0
  1206  1209  1208     0
  1100  1205  1209     0
  1208  1209  1205     0
  1136  1194  1139     0
  1191  1211  1194     0
  1137  1139  1211     0
  1194  1211  1139     0
  1182  1213  1199     0
  1212  1214  1213     0
  1191  1199  1214     0
  1213  1214  1199     0
  1142  1146  1216     0
  1137  1215  1146     0
  1212  1216  1215     0
  1146  1215  1216     0
  1191  1214  1211     0
  1212  1215  1214     0
  1137  1211  1215     0
  1214  1215  1211     0
  1110  1115  1179     0
  1112  1217  1115     0
  1177  1179  1217     0
  1115  1217  1179     0
  1103  1219  1120     0
  1218  1220  1219     0
  1112  1120  1220     0
  1219  1220  1120     0
  1182  1186  1222     0
  1177  1221  1186     0
  1218  1222  1221     0
  1186  1221  1222     0
  1112  1220  1217     0
  1218  1221  1220     0
  1177  1217  1221     0
  1220  1221  1217     0
  1142  1216  1207     0
  1212  1223  1216     0
  1206  1207  1223     0
  1216  1223  1207     0
  1182  1222  1213     0
  1218  1224  1222     0
  1212  1213  1224     0
  1222  1224  1213     0
  1103  1210  1219     0
  1206  1225  1210     0
  1218  1219  1225     0
  1210  1225  1219     0
  1212  1224  1223     0
  1218  1225  1224     0
  1206  1223  1225     0
  1224  1225  1223     0
    46   628  1228     0
   626  1227   628     0
  1226  1228  1227     0
   628  1227  1228     0
   632  1230   633     0
  1229  1231  1230     0
   626   633  1231     0
  1230  1231   633     0
  1232  1233  1235     0
  1226  1234  1233     0
  1229  1235  1234     0
  1233  1234  1235     0
   626  1231  1227     0
  1229  1234  1231     0
  1226  1227  1234     0
  1231  1234  1227     0
   600  1237   648     0
  1236  1238  1237     0
   646   648  1238     0
  1237  1238   648     0
  1239  1241  1243     0
  1240  1242  1241     0
  1236  1243  1242     0
  1241  1242  1243     0
   632   654  1245     0
   646  1244   654     0
  1240  1245  1244     0
   654  1244  1245     0
  1236  1242  1238     0
  1240  1244  1242     0
   646  1238  1244     0
  1242  1244  1238     0
  1246  1249  1251     0
  1247  1250  1249     0
  1248  1251  1250     0
  1249  1250  1251     0
  1232  1253  1255     0
  1252  1254  1253     0
  1247  1255  1254     0
  1253  1254  1255     0
  1239  1256  1258     0
  1248  1257  1256     0
  1252  1258  1257     0
  1256  1257  1258     0
  1247  1254  1250     0
  1252  1257  1254     0
  1248  1250  1257     0
  1254  1257  1250     0
   632  1245  1230     0
  1240  1259  1245     0
  1229  1230  1259     0
  1245  1259  1230     0
  1239  1258  1241     0
  1252  1260  1258     0
  1240  1241  1260     0
  1258  1260  1241     0
  1232  1235  1253     0
  1229  1261  1235     0
  1252  1253  1261     0
  1235  1261  1253     0
  1240  1260  1259     0
  1252  1261  1260     0
  1229  1259  1261     0
  1260  1261  1259     0
   498  1263   591     0
  1262  1264  1263     0
   590   591  1264     0
  1263  1264   591     0
  1265  1267  1269     0
  1266  1268  1267     0
  1262  1269  1268     0
  1267  1268  1269     0
   593   597  1271     0
   590  1270   597     0
  1266  1271  1270     0
   597  1270  1271     0
  1262  1268  1264     0
  1266  1270  1268     0
   590  1264  1270     0
  1268  1270  1264     0
  1272  1275  1277     0
  1273  1276  1275     0
  1274  1277  1276     0
  1275  1276  1277     0
  1278  1280  1282     0
  1279  1281  1280     0
  1273  1282  1281     0
  1280  1281  1282     0
  1265  1283  1285     0
  1274  1284  1283     0
  1279  1285  1284     0
  1283  1284  1285     0
  1273  1281  1276     0
  1279  1284  1281     0
  1274  1276  1284     0
  1281  1284  1276     0
   600   605  1288     0
   602  1287   605     0
  1286  1288  1287     0
   605  1287  1288     0
   593  1290   611     0
  1289  1291  1290     0
   602   611  1291     0
  1290  1291   611     0
  1278  1292  1294     0
  1286  1293  1292     0
  1289  1294  1293     0
  1292  1293  1294     0
   602  1291  1287     0
  1289  1293  1291     0
  1286  1287  1293     0
  1291  1293  1287     0
  1265  1285  1267     0
  1279  1295  1285     0
  1266  1267  1295     0
  1285  1295  1267     0
  1278  1294  1280     0
  1289  1296  1294     0
  1279  1280  1296     0
  1294  1296  1280     0
   593  1271  1290     0
  1266  1297  1271     0
  1289  1290  1297     0
  1271  1297  1290     0
  1279  1296  1295     0
  1289  1297  1296     0
  1266  1295  1297     0
  1296  1297  1295     0
  1298  1301  1303     0
  1299  1302  1301     0
  1300  1303  1302     0
  1301  1302  1303     0
  1304  1306  1308     0
  1305  1307  1306     0
  1299  1308  1307     0
  1306  1307  1308     0
  1309  1310  1312     0
  1300  1311  1310     0
  1305  1312  1311     0
  1310  1311  1312     0
  1299  1307  1302     0
  1305  1311  1307     0
  1300  1302  1311     0
  1307  1311  1302     0
  1246  1315  1317     0
  1313  1316  1315     0
  1314  1317  1316     0
  1315  1316  1317     0
  1318  1320  1322     0
  1319  1321  1320     0
  1313  1322  1321     0
  1320  1321  1322     0
  1304  1323  1325     0
  1314  1324  1323     0
  1319  1325  1324     0
  1323  1324  1325     0
  1313  1321  1316     0
  1319  1324  1321     0
  1314  1316  1324     0
  1321  1324  1316     0
  1272  1328  1330     0
  1326  1329  1328     0
  1327  1330  1329     0
  1328  1329  1330     0
  1309  1332  1334     0
  1331  1333  1332     0
  1326  1334  1333     0
  1332  1333  1334     0
  1318  1335  1337     0
  1327  1336  1335     0
  1331  1337  1336     0
  1335  1336  1337     0
  1326  1333  1329     0
  1331  1336  1333     0
  1327  1329  1336     0
  1333  1336  1329     0
  1304  1325  1306     0
  1319  1338  1325     0
  1305  1306  1338     0
  1325  1338  1306     0
  1318  1337  1320     0
  1331  1339  1337     0
  1319  1320  1339     0
  1337  1339  1320     0
  1309  1312  1332     0
  1305  1340  1312     0
  1331  1332  1340     0
  1312  1340  1332     0
  1319  1339  1338     0
  1331  1340  1339     0
  1305  1338  1340     0
  1339  1340  1338     0
   600  1288  1237     0
  1286  1341  1288     0
  1236  1237  1341     0
  1288  1341  1237     0
  1278  1343  1292     0
  1342  1344  1343     0
  1286  1292  1344     0
  1343  1344  1292     0
  1239  1243  1346     0
  1236  1345  1243     0
  1342  1346  1345     0
  1243  1345  1346     0
  1286  1344  1341     0
  1342  1345  1344     0
  1236  1341  1345     0
  1344  1345  1341     0
  1272  1330  1275     0
  1327  1347  1330     0
  1273  1275  1347     0
  1330  1347  1275     0
  1318  1349  1335     0
  1348  1350  1349     0
  1327  1335  1350     0
  1349  1350  1335     0
  1278  1282  1352     0
  1273  1351  1282     0
  1348  1352  1351     0
  1282  1351  1352     0
  1327  1350  1347     0
  1348  1351  1350     0
  1273  1347  1351     0
  1350  1351  1347     0
  1246  1251  1315     0
  1248  1353  1251     0
  1313  1315  1353     0
  1251  1353  1315     0
  1239  1355  1256     0
  1354  1356  1355     0
  1248  1256  1356     0
  1355  1356  1256     0
  1318  1322  1358     0
  1313  1357  1322     0
  1354  1358  1357     0
  1322  1357  1358     0
  1248  1356  1353     0
  1354  1357  1356     0
  1313  1353  1357     0
  1356  1357  1353     0
  1278  1352  1343     0
  1348  1359  1352     0
  1342  1343  1359     0
  1352  1359  1343     0
  1318  1358  1349     0
  1354  1360  1358     0
  1348  1349  1360     0
  1358  1360  1349     0
  1239  1346  1355     0
  1342  1361  1346     0
  1354  1355  1361     0
  1346  1361  1355     0
  1348  1360  1359     0
  1354  1361  1360     0
  1342  1359  1361     0
  1360  1361  1359     0
  1298  1363  1301     0
  1362  1364  1363     0
  1299  1301  1364     0
  1363  1364  1301     0
  1365  1367  1369     0
  1366  1368  1367     0
  1362  1369  1368     0
  1367  1368  1369     0
  1304  1308  1371     0
  1299  1370  1308     0
  1366  1371  1370     0
  1308  1370  1371     0
  1362  1368  1364     0
  1366  1370  1368     0
  1299  1364  1370     0
  1368  1370  1364     0
  1372  1375  1377     0
  1373  1376  1375     0
  1374  1377  1376     0
  1375  1376  1377     0
  1378  1380  1382     0
  1379  1381  1380     0
  1373  1382  1381     0
  1380  1381  1382     0
  1365  1383  1385     0
  1374  1384  1383     0
  1379  1385  1384     0
  1383  1384  1385     0
  1373  1381  1376     0
  1379  1384  1381     0
  1374  1376  1384     0
  1381  1384  1376     0
  1246  1317  1388     0
  1314  1387  1317     0
  1386  1388  1387     0
  1317  1387  1388     0
  1304  1390  1323     0
  1389  1391  1390     0
  1314  1323  1391     0
  1390  1391  1323     0
  1378  1392  1394     0
  1386  1393  1392     0
  1389  1394  1393     0
  1392  1393  1394     0
  1314  1391  1387     0
  1389  1393  1391     0
  1386  1387  1393     0
  1391  1393  1387     0
  1365  1385  1367     0
  1379  1395  1385     0
  1366  1367  1395     0
  1385  1395  1367     0
  1378  1394  1380     0
  1389  1396  1394     0
  1379  1380  1396     0
  1394  1396  1380     0
  1304  1371  1390     0
  1366  1397  1371     0
  1389  1390  1397     0
  1371  1397  1390     0
  1379  1396  1395     0
  1389  1397  1396     0
  1366  1395  1397     0
  1396  1397  1395     0
   754   759  1400     0
   756  1399   759     0
  1398  1400  1399     0
   759  1399  1400     0
   765  1402   766     0
  1401  1403  1402     0
   756   766  1403     0
  1402  1403   766     0
  1404  1405  1407     0
  1398  1406  1405     0
  1401  1407  1406     0
  1405  1406  1407     0
   756  1403  1399     0
  1401  1406  1403     0
  1398  1399  1406     0
  1403  1406  1399     0
   728  1409   784     0
  1408  1410  1409     0
   782   784  1410     0
  1409  1410   784     0
  1411  1413  1415     0
  1412  1414  1413     0
  1408  1415  1414     0
  1413  1414  1415     0
   765   790  1417     0
   782  1416   790     0
  1412  1417  1416     0
   790  1416  1417     0
  1408  1414  1410     0
  1412  1416  1414     0
   782  1410  1416     0
  1414  1416  1410     0
  1372  1420  1422     0
  1418  1421  1420     0
  1419  1422  1421     0
  1420  1421  1422     0
  1404  1424  1426     0
  1423  1425  1424     0
  1418  1426  1425     0
  1424  1425  1426     0
  1411  1427  1429     0
  1419  1428  1427     0
  1423  1429  1428     0
  1427  1428  1429     0
  1418  1425  1421     0
  1423  1428  1425     0
  1419  1421  1428     0
  1425  1428  1421     0
   765  1417  1402     0
  1412  1430  1417     0
  1401  1402  1430     0
  1417  1430  1402     0
  1411  1429  1413     0
  1423  1431  1429     0
  1412  1413  1431     0
  1429  1431  1413     0
  1404  1407  1424     0
  1401  1432  1407     0
  1423  1424  1432     0
  1407  1432  1424     0
  1412  1431  1430     0
  1423  1432  1431     0
  1401  1430  1432     0
  1431  1432  1430     0
    46  1228   719     0
  1226  1433  1228     0
   718   719  1433     0
  1228  1433   719     0
  1232  1435  1233     0
  1434  1436  1435     0
  1226  1233  1436     0
  1435  1436  1233     0
   721   725  1438     0
   718  1437   725     0
  1434  1438  1437     0
   725  1437  1438     0
  1226  1436  1433     0
  1434  1437  1436     0
   718  1433  1437     0
  1436  1437  1433     0
  1246  1440  1249     0
  1439  1441  1440     0
  1247  1249  1441     0
  1440  1441  1249     0
  1442  1444  1446     0
  1443  1445  1444     0
  1439  1446  1445     0
  1444  1445  1446     0
  1232  1255  1448     0
  1247  1447  1255     0
  1443  1448  1447     0
  1255  1447  1448     0
  1439  1445  1441     0
  1443  1447  1445     0
  1247  1441  1447     0
  1445  1447  1441     0
   728   733  1451     0
   730  1450   733     0
  1449  1451  1450     0
   733  1450  1451     0
   721  1453   739     0
  1452  1454  1453     0
   730   739  1454     0
  1453  1454   739     0
  1442  1455  1457     0
  1449  1456  1455     0
  1452  1457  1456     0
  1455  1456  1457     0
   730  1454  1450     0
  1452  1456  1454     0
  1449  1450  1456     0
  1454  1456  1450     0
  1232  1448  1435     0
  1443  1458  1448     0
  1434  1435  1458     0
  1448  1458  1435     0
  1442  1457  1444     0
  1452  1459  1457     0
  1443  1444  1459     0
  1457  1459  1444     0
   721  1438  1453     0
  1434  1460  1438     0
  1452  1453  1460     0
  1438  1460  1453     0
  1443  1459  1458     0
  1452  1460  1459     0
  1434  1458  1460     0
  1459  1460  1458     0
  1372  1422  1375     0
  1419  1461  1422     0
  1373  1375  1461     0
  1422  1461  1375     0
  1411  1463  1427     0
  1462  1464  1463     0
  1419  1427  1464     0
  1463  1464  1427     0
  1378  1382  1466     0
  1373  1465  1382     0
  1462  1466  1465     0
  1382  1465  1466     0
  1419  1464  1461     0
  1462  1465  1464     0
  1373  1461  1465     0
  1464  1465  1461     0
   728  1451  1409     0
  1449  1467  1451     0
  1408  1409  1467     0
  1451  1467  1409     0
  1442  1469  1455     0
  1468  1470  1469     0
  1449  1455  1470     0
  1469  1470  1455     0
  1411  1415  1472     0
  1408  1471  1415     0
  1468  1472  1471     0
  1415  1471  1472     0
  1449  1470  1467     0
  1468  1471  1470     0
  1408  1467  1471     0
  1470  1471  1467     0
  1246  1388  1440     0
  1386  1473  1388     0
  1439  1440  1473     0
  1388  1473  1440     0
  1378  1475  1392     0
  1474  1476  1475     0
  1386  1392  1476     0
  1475  1476  1392     0
  1442  1446  1478     0
  1439  1477  1446     0
  1474  1478  1477     0
  1446  1477  1478     0
  1386  1476  1473     0
  1474  1477  1476     0
  1439  1473  1477     0
  1476  1477  1473     0
  1411  1472  1463     0
  1468  1479  1472     0
  1462  1463  1479     0
  1472  1479  1463     0
  1442  1478  1469     0
  1474  1480  1478     0
  1468  1469  1480     0
  1478  1480  1469     0
  1378  1466  1475     0
  1462  1481  1466     0
  1474  1475  1481     0
  1466  1481  1475     0
  1468  1480  1479     0
  1474  1481  1480     0
  1462  1479  1481     0
  1480  1481  1479     0
   754  1483   757     0
  1482  1484  1483     0
   755   757  1484     0
  1483  1484   757     0
  1485  1487  1489     0
  1486  1488  1487     0
  1482  1489  1488     0
  1487  1488  1489     0
   760   764  1491     0
   755  1490   764     0
  1486  1491  1490     0
   764  1490  1491     0
  1482  1488  1484     0
  1486  1490  1488     0
   755  1484  1490     0
  1488  1490  1484     0
  1492  1495  1497     0
  1493  1496  1495     0
  1494  1497  1496     0
  1495  1496  1497     0
  1498  1500  1502     0
  1499  1501  1500     0
  1493  1502  1501     0
  1500  1501  1502     0
  1485  1503  1505     0
  1494  1504  1503     0
  1499  1505  1504     0
  1503  1504  1505     0
  1493  1501  1496     0
  1499  1504  1501     0
  1494  1496  1504     0
  1501  1504  1496     0
   702   773  1508     0
   770  1507   773     0
  1506  1508  1507     0
   773  1507  1508     0
   760  1510   779     0
  1509  1511  1510     0
   770   779  1511     0
  1510  1511   779     0
  1498  1512  1514     0
  1506  1513  1512     0
  1509  1514  1513     0
  1512  1513  1514     0
   770  1511  1507     0
  1509  1513  1511     0
  1506  1507  1513     0
  1511  1513  1507     0
  1485  1505  1487     0
  1499  1515  1505     0
  1486  1487  1515     0
  1505  1515  1487     0
  1498  1514  1500     0
  1509  1516  1514     0
  1499  1500  1516     0
  1514  1516  1500     0
   760  1491  1510     0
  1486  1517  1491     0
  1509  1510  1517     0
  1491  1517  1510     0
  1499  1516  1515     0
  1509  1517  1516     0
  1486  1515  1517     0
  1516  1517  1515     0
   890   895  1520     0
   892  1519   895     0
  1518  1520  1519     0
   895  1519  1520     0
   901  1522   902     0
  1521  1523  1522     0
   892   902  1523     0
  1522  1523   902     0
  1524  1525  1527     0
  1518  1526  1525     0
  1521  1527  1526     0
  1525  1526  1527     0
   892  1523  1519     0
  1521  1526  1523     0
  1518  1519  1526     0
  1523  1526  1519     0
   864  1529   920     0
  1528  1530  1529     0
   918   920  1530     0
  1529  1530   920     0
  1531  1533  1535     0
  1532  1534  1533     0
  1528  1535  1534     0
  1533  1534  1535     0
   901   926  1537     0
   918  1536   926     0
  1532  1537  1536     0
   926  1536  1537     0
  1528  1534  1530     0
  1532  1536  1534     0
   918  1530  1536     0
  1534  1536  1530     0
  1492  1540  1542     0
  1538  1541  1540     0
  1539  1542  1541     0
  1540  1541  1542     0
  1524  1544  1546     0
  1543  1545  1544     0
  1538  1546  1545     0
  1544  1545  1546     0
  1531  1547  1549     0
  1539  1548  1547     0
  1543  1549  1548     0
  1547  1548  1549     0
  1538  1545  1541     0
  1543  1548  1545     0
  1539  1541  1548     0
  1545  1548  1541     0
   901  1537  1522     0
  1532  1550  1537     0
  1521  1522  1550     0
  1537  1550  1522     0
  1531  1549  1533     0
  1543  1551  1549     0
  1532  1533  1551     0
  1549  1551  1533     0
  1524  1527  1544     0
  1521  1552  1527     0
  1543  1544  1552     0
  1527  1552  1544     0
  1532  1551  1550     0
  1543  1552  1551     0
  1521  1550  1552     0
  1551  1552  1550     0
    90   684   855     0
   682  1553   684     0
   854   855  1553     0
   684  1553   855     0
   688  1555   689     0
  1554  1556  1555     0
   682   689  1556     0
  1555  1556   689     0
   857   861  1558     0
   854  1557   861     0
  1554  1558  1557     0
   861  1557  1558     0
   682  1556  1553     0
  1554  1557  1556     0
   854  1553  1557     0
  1556  1557  1553     0
   702  1560   705     0
  1559  1561  1560     0
   703   705  1561     0
  1560  1561   705     0
  1562  1564  1566     0
  1563  1565  1564     0
  1559  1566  1565     0
  1564  1565  1566     0
   688   711  1568     0
   703  1567   711     0
  1563  1568  1567     0
   711  1567  1568     0
  1559  1565  1561     0
  1563  1567  1565     0
   703  1561  1567     0
  1565  1567  1561     0
   864   869  1571     0
   866  1570   869     0
  1569  1571  1570     0
   869  1570  1571     0
   857  1573   875     0
  1572  1574  1573     0
   866   875  1574     0
  1573  1574   875     0
  1562  1575  1577     0
  1569  1576  1575     0
  1572  1577  1576     0
  1575  1576  1577     0
   866  1574  1570     0
  1572  1576  1574     0
  1569  1570  1576     0
  1574  1576  1570     0
   688  1568  1555     0
  1563  1578  1568     0
  1554  1555  1578     0
  1568  1578  1555     0
  1562  1577  1564     0
  1572  1579  1577     0
  1563  1564  1579     0
  1577  1579  1564     0
   857  1558  1573     0
  1554  1580  1558     0
  1572  1573  1580     0
  1558  1580  1573     0
  1563  1579  1578     0
  1572  1580  1579     0
  1554  1578  1580     0
  1579  1580  1578     0
  1492  1542  1495     0
  1539  1581  1542     0
  1493  1495  1581     0
  1542  1581  1495     0
  1531  1583  1547     0
  1582  1584  1583     0
  1539  1547  1584     0
  1583  1584  1547     0
  1498  1502  1586     0
  1493  1585  1502     0
  1582  1586  1585     0
  1502  1585  1586     0
  1539  1584  1581     0
  1582  1585  1584     0
  1493  1581  1585     0
  1584  1585  1581     0
   864  1571  1529     0
  1569  1587  1571     0
  1528  1529  1587     0
  1571  1587  1529     0
  1562  1589  1575     0
  1588  1590  1589     0
  1569  1575  1590     0
  1589  1590  1575     0
  1531  1535  1592     0
  1528  1591  1535     0
  1588  1592  1591     0
  1535  1591  1592     0
  1569  1590  1587     0
  1588  1591  1590     0
  1528  1587  1591     0
  1590  1591  1587     0
   702  1508  1560     0
  1506  1593  1508     0
  1559  1560  1593     0
  1508  1593  1560     0
  1498  1595  1512     0
  1594  1596  1595     0
  1506  1512  1596     0
  1595  1596  1512     0
  1562  1566  1598     0
  1559  1597  1566     0
  1594  1598  1597     0
  1566  1597  1598     0
  1506  1596  1593     0
  1594  1597  1596     0
  1559  1593  1597     0
  1596  1597  1593     0
  1531  1592  1583     0
  1588  1599  1592     0
  1582  1583  1599     0
  1592  1599  1583     0
  1562  1598  1589     0
  1594  1600  1598     0
  1588  1589  1600     0
  1598  1600  1589     0
  1498  1586  1595     0
  1582  1601  1586     0
  1594  1595  1601     0
  1586  1601  1595     0
  1588  1600  1599     0
  1594  1601  1600     0
  1582  1599  1601     0
  1600  1601  1599     0
   890  1603   893     0
  1602  1604  1603     0
   891   893  1604     0
  1603  1604   893     0
  1605  1607  1609     0
  1606  1608  1607     0
  1602  1609  1608     0
  1607  1608  1609     0
   896   900  1611     0
   891  1610   900     0
  1606  1611  1610     0
   900  1610  1611     0
  1602  1608  1604     0
  1606  1610  1608     0
   891  1604  1610     0
  1608  1610  1604     0
  1612  1615  1617     0
  1613  1616  1615     0
  1614  1617  1616     0
  1615  1616  1617     0
  1618  1620  1622     0
  1619  1621  1620     0
  1613  1622  1621     0
  1620  1621  1622     0
  1605  1623  1625     0
  1614  1624  1623     0
  1619  1625  1624     0
  1623  1624  1625     0
  1613  1621  1616     0
  1619  1624  1621     0
  1614  1616  1624     0
  1621  1624  1616     0
   838   909  1628     0
   906  1627   909     0
  1626  1628  1627     0
   909  1627  1628     0
   896  1630   915     0
  1629  1631  1630     0
   906   915  1631     0
  1630  1631   915     0
  1618  1632  1634     0
  1626  1633  1632     0
  1629  1634  1633     0
  1632  1633  1634     0
   906  1631  1627     0
  1629  1633  1631     0
  1626  1627  1633     0
  1631  1633  1627     0
  1605  1625  1607     0
  1619  1635  1625     0
  1606  1607  1635     0
  1625  1635  1607     0
  1618  1634  1620     0
  1629  1636  1634     0
  1619  1620  1636     0
  1634  1636  1620     0
   896  1611  1630     0
  1606  1637  1611     0
  1629  1630  1637     0
  1611  1637  1630     0
  1619  1636  1635     0
  1629  1637  1636     0
  1606  1635  1637     0
  1636  1637  1635     0
  1026  1031  1640     0
  1028  1639  1031     0
  1638  1640  1639     0
  1031  1639  1640     0
  1037  1642  1038     0
  1641  1643  1642     0
  1028  1038  1643     0
  1642  1643  1038     0
  1644  1645  1647     0
  1638  1646  1645     0
  1641  1647  1646     0
  1645  1646  1647     0
  1028  1643  1639     0
  1641  1646  1643     0
  1638  1639  1646     0
  1643  1646  1639     0
  1000  1649  1056     0
  1648  1650  1649     0
  1054  1056  1650     0
  1649  1650  1056     0
  1651  1653  1655     0
  1652  1654  1653     0
  1648  1655  1654     0
  1653  1654  1655     0
  1037  1062  1657     0
  1054  1656  1062     0
  1652  1657  1656     0
  1062  1656  1657     0
  1648  1654  1650     0
  1652  1656  1654     0
  1054  1650  1656     0
  1654  1656  1650     0
  1612  1660  1662     0
  1658  1661  1660     0
  1659  1662  1661     0
  1660  1661  1662     0
  1644  1664  1666     0
  1663  1665  1664     0
  1658  1666  1665     0
  1664  1665  1666     0
  1651  1667  1669     0
  1659  1668  1667     0
  1663  1669  1668     0
  1667  1668  1669     0
  1658  1665  1661     0
  1663  1668  1665     0
  1659  1661  1668     0
  1665  1668  1661     0
  1037  1657  1642     0
  1652  1670  1657     0
  1641  1642  1670     0
  1657  1670  1642     0
  1651  1669  1653     0
  1663  1671  1669     0
  1652  1653  1671     0
  1669  1671  1653     0
  1644  1647  1664     0
  1641  1672  1647     0
  1663  1664  1672     0
  1647  1672  1664     0
  1652  1671  1670     0
  1663  1672  1671     0
  1641  1670  1672     0
  1671  1672  1670     0
   226   820   991     0
   818  1673   820     0
   990   991  1673     0
   820  1673   991     0
   824  1675   825     0
  1674  1676  1675     0
   818   825  1676     0
  1675  1676   825     0
   993   997  1678     0
   990  1677   997     0
  1674  1678  1677     0
   997  1677  1678     0
   818  1676  1673     0
  1674  1677  1676     0
   990  1673  1677     0
  1676  1677  1673     0
   838  1680   841     0
  1679  1681  1680     0
   839   841  1681     0
  1680  1681   841     0
  1682  1684  1686     0
  1683  1685  1684     0
  1679  1686  1685     0
  1684  1685  1686     0
   824   847  1688     0
   839  1687   847     0
  1683  1688  1687     0
   847  1687  1688     0
  1679  1685  1681     0
  1683  1687  1685     0
   839  1681  1687     0
  1685  1687  1681     0
  1000  1005  1691     0
  1002  1690  1005     0
  1689  1691  1690     0
  1005  1690  1691     0
   993  1693  1011     0
  1692  1694  1693     0
  1002  1011  1694     0
  1693  1694  1011     0
  1682  1695  1697     0
  1689  1696  1695     0
  1692  1697  1696     0
  1695  1696  1697     0
  1002  1694  1690     0
  1692  1696  1694     0
  1689  1690  1696     0
  1694  1696  1690     0
   824  1688  1675     0
  1683  1698  1688     0
  1674  1675  1698     0
  1688  1698  1675     0
  1682  1697  1684     0
  1692  1699  1697     0
  1683  1684  1699     0
  1697  1699  1684     0
   993  1678  1693     0
  1674  1700  1678     0
  1692  1693  1700     0
  1678  1700  1693     0
  1683  1699  1698     0
  1692  1700  1699     0
  1674  1698  1700     0
  1699  1700  1698     0
  1612  1662  1615     0
  1659  1701  1662     0
  1613  1615  1701     0
  1662  1701  1615     0
  1651  1703  1667     0
  1702  1704  1703     0
  1659  1667  1704     0
  1703  1704  1667     0
  1618  1622  1706     0
  1613  1705  1622     0
  1702  1706  1705     0
  1622  1705  1706     0
  1659  1704  1701     0
  1702  1705  1704     0
  1613  1701  1705     0
  1704  1705  1701     0
  1000  1691  1649     0
  1689  1707  1691     0
  1648  1649  1707     0
  1691  1707  1649     0
  1682  1709  1695     0
  1708  1710  1709     0
  1689  1695  1710     0
  1709  1710  1695     0
  1651  1655  1712     0
  1648  1711  1655     0
  1708  1712  1711     0
  1655  1711  1712     0
  1689  1710  1707     0
  1708  1711  1710     0
  1648  1707  1711     0
  1710  1711  1707     0
   838  1628  1680     0
  1626  1713  1628     0
  1679  1680  1713     0
  1628  1713  1680     0
  1618  1715  1632     0
  1714  1716  1715     0
  1626  1632  1716     0
  1715  1716  1632     0
  1682  1686  1718     0
  1679  1717  1686     0
  1714  1718  1717     0
  1686  1717  1718     0
  1626  1716  1713     0
  1714  1717  1716     0
  1679  1713  1717     0
  1716  1717  1713     0
  1651  1712  1703     0
  1708  1719  1712     0
  1702  1703  1719     0
  1712  1719  1703     0
  1682  1718  1709     0
  1714  1720  1718     0
  1708  1709  1720     0
  1718  1720  1709     0
  1618  1706  1715     0
  1702  1721  1706     0
  1714  1715  1721     0
  1706  1721  1715     0
  1708  1720  1719     0
  1714  1721  1720     0
  1702  1719  1721     0
  1720  1721  1719     0
  1026  1723  1029     0
  1722  1724  1723     0
  1027  1029  1724     0
  1723  1724  1029     0
  1725  1727  1729     0
  1726  1728  1727     0
  1722  1729  1728     0
  1727  1728  1729     0
  1032  1036  1731     0
  1027  1730  1036     0
  1726  1731  1730     0
  1036  1730  1731     0
  1722  1728  1724     0
  1726  1730  1728     0
  1027  1724  1730     0
  1728  1730  1724     0
  1732  1735  1737     0
  1733  1736  1735     0
  1734  1737  1736     0
  1735  1736  1737     0
  1738  1740  1742     0
  1739  1741  1740     0
  1733  1742  1741     0
  1740  1741  1742     0
  1725  1743  1745     0
  1734  1744  1743     0
  1739  1745  1744     0
  1743  1744  1745     0
  1733  1741  1736     0
  1739  1744  1741     0
  1734  1736  1744     0
  1741  1744  1736     0
   974  1045  1748     0
  1042  1747  1045     0
  1746  1748  1747     0
  1045  1747  1748     0
  1032  1750  1051     0
  1749  1751  1750     0
  1042  1051  1751     0
  1750  1751  1051     0
  1738  1752  1754     0
  1746  1753  1752     0
  1749  1754  1753     0
  1752  1753  1754     0
  1042  1751  1747     0
  1749  1753  1751     0
  1746  1747  1753     0
  1751  1753  1747     0
  1725  1745  1727     0
  1739  1755  1745     0
  1726  1727  1755     0
  1745  1755  1727     0
  1738  1754  1740     0
  1749  1756  1754     0
  1739  1740  1756     0
  1754  1756  1740     0
  1032  1731  1750     0
  1726  1757  1731     0
  1749  1750  1757     0
  1731  1757  1750     0
  1739  1756  1755     0
  1749  1757  1756     0
  1726  1755  1757     0
  1756  1757  1755     0
  1162  1167  1760     0
  1164  1759  1167     0
  1758  1760  1759     0
  1167  1759  1760     0
  1173  1762  1174     0
  1761  1763  1762     0
  1164  1174  1763     0
  1762  1763  1174     0
  1764  1765  1767     0
  1758  1766  1765     0
  1761  1767  1766     0
  1765  1766  1767     0
  1164  1763  1759     0
  1761  1766  1763     0
  1758  1759  1766     0
  1763  1766  1759     0
  1136  1769  1192     0
  1768  1770  1769     0
  1190  1192  1770     0
  1769  1770  1192     0
  1771  1773  1775     0
  1772  1774  1773     0
  1768  1775  1774     0
  1773  1774  1775     0
  1173  1198  1777     0
  1190  1776  1198     0
  1772  1777  1776     0
  1198  1776  1777     0
  1768  1774  1770     0
  1772  1776  1774     0
  1190  1770  1776     0
  1774  1776  1770     0
  1732  1780  1782     0
  1778  1781  1780     0
  1779  1782  1781     0
  1780  1781  1782     0
  1764  1784  1786     0
  1783  1785  1784     0
  1778  1786  1785     0
  1784  1785  1786     0
  1771  1787  1789     0
  1779  1788  1787     0
  1783  1789  1788     0
  1787  1788  1789     0
  1778  1785  1781     0
  1783  1788  1785     0
  1779  1781  1788     0
  1785  1788  1781     0
  1173  1777  1762     0
  1772  1790  1777     0
  1761  1762  1790     0
  1777  1790  1762     0
  1771  1789  1773     0
  1783  1791  1789     0
  1772  1773  1791     0
  1789  1791  1773     0
  1764  1767  1784     0
  1761  1792  1767     0
  1783  1784  1792     0
  1767  1792  1784     0
  1772  1791  1790     0
  1783  1792  1791     0
  1761  1790  1792     0
  1791  1792  1790     0
   362   956  1127     0
   954  1793   956     0
  1126  1127  1793     0
   956  1793  1127     0
   960  1795   961     0
  1794  1796  1795     0
   954   961  1796     0
  1795  1796   961     0
  1129  1133  1798     0
  1126  1797  1133     0
  1794  1798  1797     0
  1133  1797  1798     0
   954  1796  1793     0
  1794  1797  1796     0
  1126  1793  1797     0
  1796  1797  1793     0
   974  1800   977     0
  1799  1801  1800     0
   975   977  1801     0
  1800  1801   977     0
  1802  1804  1806     0
  1803  1805  1804     0
  1799  1806  1805     0
  1804  1805  1806     0
   960   983  1808     0
   975  1807   983     0
  1803  1808  1807     0
   983  1807  1808     0
  1799  1805  1801     0
  1803  1807  1805     0
   975  1801  1807     0
  1805  1807  1801     0
  1136  1141  1811     0
  1138  1810  1141     0
  1809  1811  1810     0
  1141  1810  1811     0
  1129  1813  1147     0
  1812  1814  1813     0
  1138  1147  1814     0
  1813  1814  1147     0
  1802  1815  1817     0
  1809  1816  1815     0
  1812  1817  1816     0
  1815  1816  1817     0
  1138  1814  1810     0
  1812  1816  1814     0
  1809  1810  1816     0
  1814  1816  1810     0
   960  1808  1795     0
  1803  1818  1808     0
  1794  1795  1818     0
  1808  1818  1795     0
  1802  1817  1804     0
  1812  1819  1817     0
  1803  1804  1819     0
  1817  1819  1804     0
  1129  1798  1813     0
  1794  1820  1798     0
  1812  1813  1820     0
  1798  1820  1813     0
  1803  1819  1818     0
  1812  1820  1819     0
  1794  1818  1820     0
  1819  1820  1818     0
  1732  1782  1735     0
  1779  1821  1782     0
  1733  1735  1821     0
  1782  1821  1735     0
  1771  1823  1787     0
  1822  1824  1823     0
  1779  1787  1824     0
  1823  1824  1787     0
  1738  1742  1826     0
  1733  1825  1742     0
  1822  1826  1825     0
  1742  1825  1826     0
  1779  1824  1821     0
  1822  1825  1824     0
  1733  1821  1825     0
  1824  1825  1821     0
  1136  1811  1769     0
  1809  1827  1811     0
  1768  1769  1827     0
  1811  1827  1769     0
  1802  1829  1815     0
  1828  1830  1829     0
  1809  1815  1830     0
  1829  1830  1815     0
  1771  1775  1832     0
  1768  1831  1775     0
  1828  1832  1831     0
  1775  1831  1832     0
  1809  1830  1827     0
  1828  1831  1830     0
  1768  1827  1831     0
  1830  1831  1827     0
   974  1748  1800     0
  1746  1833  1748     0
  1799  1800  1833     0
  1748  1833  1800     0
  1738  1835  1752     0
  1834  1836  1835     0
  1746  1752  1836     0
  1835  1836  1752     0
  1802  1806  1838     0
  1799  1837  1806     0
  1834  1838  1837     0
  1806  1837  1838     0
  1746  1836  1833     0
  1834  1837  1836     0
  1799  1833  1837     0
  1836  1837  1833     0
  1771  1832  1823     0
  1828  1839  1832     0
  1822  1823  1839     0
  1832  1839  1823     0
  1802  1838  1829     0
  1834  1840  1838     0
  1828  1829  1840     0
  1838  1840  1829     0
  1738  1826  1835     0
  1822  1841  1826     0
  1834  1835  1841     0
  1826  1841  1835     0
  1828  1840  1839     0
  1834  1841  1840     0
  1822  1839  1841     0
  1840  1841  1839     0
  1162  1843  1165     0
  1842  1844  1843     0
  1163  1165  1844     0
  1843  1844  1165     0
  1845  1847  1849     0
  1846  1848  1847     0
  1842  1849  1848     0
  1847  1848  1849     0
  1168  1172  1851     0
  1163  1850  1172     0
  1846  1851  1850     0
  1172  1850  1851     0
  1842  1848  1844     0
  1846  1850  1848     0
  1163  1844  1850     0
  1848  1850  1844     0
  1852  1855  1857     0
  1853  1856  1855     0
  1854  1857  1856     0
  1855  1856  1857     0
  1858  1860  1862     0
  1859  1861  1860     0
  1853  1862  1861     0
  1860  1861  1862     0
  1845  1863  1865     0
  1854  1864  1863     0
  1859  1865  1864     0
  1863  1864  1865     0
  1853  1861  1856     0
  1859  1864  1861     0
  1854  1856  1864     0
  1861  1864  1856     0
  1110  1181  1868     0
  1178  1867  1181     0
  1866  1868  1867     0
  1181  1867  1868     0
  1168  1870  1187     0
  1869  1871  1870     0
  1178  1187  1871     0
  1870  1871  1187     0
  1858  1872  1874     0
  1866  1873  1872     0
  1869  1874  1873     0
  1872  1873  1874     0
  1178  1871  1867     0
  1869  1873  1871     0
  1866  1867  1873     0
  1871  1873  1867     0
  1845  1865  1847     0
  1859  1875  1865     0
  1846  1847  1875     0
  1865  1875  1847     0
  1858  1874  1860     0
  1869  1876  1874     0
  1859  1860  1876     0
  1874  1876  1860     0
  1168  1851  1870     0
  1846  1877  1851     0
  1869  1870  1877     0
  1851  1877  1870     0
  1859  1876  1875     0
  1869  1877  1876     0
  1846  1875  1877     0
  1876  1877  1875     0
  1298  1303  1880     0
  1300  1879  1303     0
  1878  1880  1879     0
  1303  1879  1880     0
  1309  1882  1310     0
  1881  1883  1882     0
  1300  1310  1883     0
  1882  1883  1310     0
  1884  1885  1887     0
  1878  1886  1885     0
  1881  1887  1886     0
  1885  1886  1887     0
  1300  1883  1879     0
  1881  1886  1883     0
  1878  1879  1886     0
  1883  1886  1879     0
  1272  1889  1328     0
  1888  1890  1889     0
  1326  1328  1890     0
  1889  1890  1328     0
  1891  1893  1895     0
  1892  1894  1893     0
  1888  1895  1894     0
  1893  1894  1895     0
  1309  1334  1897     0
  1326  1896  1334     0
  1892  1897  1896     0
  1334  1896  1897     0
  1888  1894  1890     0
  1892  1896  1894     0
  1326  1890  1896     0
  1894  1896  1890     0
  1852  1900  1902     0
  1898  1901  1900     0
  1899  1902  1901     0
  1900  1901  1902     0
  1884  1904  1906     0
  1903  1905  1904     0
  1898  1906  1905     0
  1904  1905  1906     0
  1891  1907  1909     0
  1899  1908  1907     0
  1903  1909  1908     0
  1907  1908  1909     0
  1898  1905  1901     0
  1903  1908  1905     0
  1899  1901  1908     0
  1905  1908  1901     0
  1309  1897  1882     0
  1892  1910  1897     0
  1881  1882  1910     0
  1897  1910  1882     0
  1891  1909  1893     0
  1903  1911  1909     0
  1892  1893  1911     0
  1909  1911  1893     0
  1884  1887  1904     0
  1881  1912  1887     0
  1903  1904  1912     0
  1887  1912  1904     0
  1892  1911  1910     0
  1903  1912  1911     0
  1881  1910  1912     0
  1911  1912  1910     0
   498  1092  1263     0
  1090  1913  1092     0
  1262  1263  1913     0
  1092  1913  1263     0
  1096  1915  1097     0
  1914  1916  1915     0
  1090  1097  1916     0
  1915  1916  1097     0
  1265  1269  1918     0
  1262  1917  1269     0
  1914  1918  1917     0
  1269  1917  1918     0
  1090  1916  1913     0
  1914  1917  1916     0
  1262  1913  1917     0
  1916  1917  1913     0
  1110  1920  1113     0
  1919  1921  1920     0
  1111  1113  1921     0
  1920  1921  1113     0
  1922  1924  1926     0
  1923  1925  1924     0
  1919  1926  1925     0
  1924  1925  1926     0
  1096  1119  1928     0
  1111  1927  1119     0
  1923  1928  1927     0
  1119  1927  1928     0
  1919  1925  1921     0
  1923  1927  1925     0
  1111  1921  1927     0
  1925  1927  1921     0
  1272  1277  1931     0
  1274  1930  1277     0
  1929  1931  1930     0
  1277  1930  1931     0
  1265  1933  1283     0
  1932  1934  1933     0
  1274  1283  1934     0
  1933  1934  1283     0
  1922  1935  1937     0
  1929  1936  1935     0
  1932  1937  1936     0
  1935  1936  1937     0
  1274  1934  1930     0
  1932  1936  1934     0
  1929  1930  1936     0
  1934  1936  1930     0
  1096  1928  1915     0
  1923  1938  1928     0
  1914  1915  1938     0
  1928  1938  1915     0
  1922  1937  1924     0
  1932  1939  1937     0
  1923  1924  1939     0
  1937  1939  1924     0
  1265  1918  1933     0
  1914  1940  1918     0
  1932  1933  1940     0
  1918  1940  1933     0
  1923  1939  1938     0
  1932  1940  1939     0
  1914  1938  1940     0
  1939  1940  1938     0
  1852  1902  1855     0
  1899  1941  1902     0
  1853  1855  1941     0
  1902  1941  1855     0
  1891  1943  1907     0
  1942  1944  1943     0
  1899  1907  1944     0
  1943  1944  1907     0
  1858  1862  1946     0
  1853  1945  1862     0
  1942  1946  1945     0
  1862  1945  1946     0
  1899  1944  1941     0
  1942  1945  1944     0
  1853  1941  1945     0
  1944  1945  1941     0
  1272  1931  1889     0
  1929  1947  1931     0
  1888  1889  1947     0
  1931  1947  1889     0
  1922  1949  1935     0
  1948  1950  1949     0
  1929  1935  1950     0
  1949  1950  1935     0
  1891  1895  1952     0
  1888  1951  1895     0
  1948  1952  1951     0
  1895  1951  1952     0
  1929  1950  1947     0
  1948  1951  1950     0
  1888  1947  1951     0
  1950  1951  1947     0
  1110  1868  1920     0
  1866  1953  1868     0
  1919  1920  1953     0
  1868  1953  1920     0
  1858  1955  1872     0
  1954  1956  1955     0
  1866  1872  1956     0
  1955  1956  1872     0
  1922  1926  1958     0
  1919  1957  1926     0
  1954  1958  1957     0
  1926  1957  1958     0
  1866  1956  1953     0
  1954  1957  1956     0
  1919  1953  1957     0
  1956  1957  1953     0
  1891  1952  1943     0
  1948  1959  1952     0
  1942  1943  1959     0
  1952  1959  1943     0
  1922  1958  1949     0
  1954  1960  1958     0
  1948  1949  1960     0
  1958  1960  1949     0
  1858  1946  1955     0
  1942  1961  1946     0
  1954  1955  1961     0
  1946  1961  1955     0
  1948  1960  1959     0
  1954  1961  1960     0
  1942  1959  1961     0
  1960  1961  1959     0
  1962  1965  1967     0
  1963  1966  1965     0
  1964  1967  1966     0
  1965  1966  1967     0
  1968  1970  1972     0
  1969  1971  1970     0
  1963  1972  1971     0
  1970  1971  1972     0
  1973  1974  1976     0
  1964  1975  1974     0
  1969  1976  1975     0
  1974  1975  1976     0
  1963  1971  1966     0
  1969  1975  1971     0
  1964  1966  1975     0
  1971  1975  1966     0
  1977  1980  1982     0
  1978  1981  1980     0
  1979  1982  1981     0
  1980  1981  1982     0
  1983  1985  1987     0
  1984  1986  1985     0
  1978  1987  1986     0
  1985  1986  1987     0
  1968  1988  1990     0
  1979  1989  1988     0
  1984  1990  1989     0
  1988  1989  1990     0
  1978  1986  1981     0
  1984  1989  1986     0
  1979  1981  1989     0
  1986  1989  1981     0
  1991  1994  1996     0
  1992  1995  1994     0
  1993  1996  1995     0
  1994  1995  1996     0
  1973  1998  2000     0
  1997  1999  1998     0
  1992  2000  1999     0
  1998  1999  2000     0
  1983  2001  2003     0
  1993  2002  2001     0
  1997  2003  2002     0
  2001  2002  2003     0
  1992  1999  1995     0
  1997  2002  1999     0
  1993  1995  2002     0
  1999  2002  1995     0
  1968  1990  1970     0
  1984  2004  1990     0
  1969  1970  2004     0
  1990  2004  1970     0
  1983  2003  1985     0
  1997  2005  2003     0
  1984  1985  2005     0
  2003  2005  1985     0
  1973  1976  1998     0
  1969  2006  1976     0
  1997  1998  2006     0
  1976  2006  1998     0
  1984  2005  2004     0
  1997  2006  2005     0
  1969  2004  2006     0
  2005  2006  2004     0
   754  1400  2009     0
  1398  2008  1400     0
  2007  2009  2008     0
  1400  2008  2009     0
  1404  2011  1405     0
  2010  2012  2011     0
  1398  1405  2012     0
  2011  2012  1405     0
  2013  2014  2016     0
  2007  2015  2014     0
  2010  2016  2015     0
  2014  2015  2016     0
  1398  2012  2008     0
  2010  2015  2012     0
  2007  2008  2015     0
  2012  2015  2008     0
  1372  2018  1420     0
  2017  2019  2018     0
  1418  1420  2019     0
  2018  2019  1420     0
  2020  2022  2024     0
  2021  2023  2022     0
  2017  2024  2023     0
  2022  2023  2024     0
  1404  1426  2026     0
  1418  2025  1426     0
  2021  2026  2025     0
  1426  2025  2026     0
  2017  2023  2019     0
  2021  2025  2023     0
  1418  2019  2025     0
  2023  2025  2019     0
  1977  2029  2031     0
  2027  2030  2029     0
  2028  2031  2030     0
  2029  2030  2031     0
  2013  2033  2035     0
  2032  2034  2033     0
  2027  2035  2034     0
  2033  2034  2035     0
  2020  2036  2038     0
  2028  2037  2036     0
  2032  2038  2037     0
  2036  2037  2038     0
  2027  2034  2030     0
  2032  2037  2034     0
  2028  2030  2037     0
  2034  2037  2030     0
  1404  2026  2011     0
  2021  2039  2026     0
  2010  2011  2039     0
  2026  2039  2011     0
  2020  2038  2022     0
  2032  2040  2038     0
  2021  2022  2040     0
  2038  2040  2022     0
  2013  2016  2033     0
  2010  2041  2016     0
  2032  2033  2041     0
  2016  2041  2033     0
  2021  2040  2039     0
  2032  2041  2040     0
  2010  2039  2041     0
  2040  2041  2039     0
  1298  2043  1363     0
  2042  2044  2043     0
  1362  1363  2044     0
  2043  2044  1363     0
  2045  2047  2049     0
  2046  2048  2047     0
  2042  2049  2048     0
  2047  2048  2049     0
  1365  1369  2051     0
  1362  2050  1369     0
  2046  2051  2050     0
  1369  2050  2051     0
  2042  2048  2044     0
  2046  2050  2048     0
  1362  2044  2050     0
  2048  2050  2044     0
  1991  2054  2056     0
  2052  2055  2054     0
  2053  2056  2055     0
  2054  2055  2056     0
  2057  2059  2061     0
  2058  2060  2059     0
  2052  2061  2060     0
  2059  2060  2061     0
  2045  2062  2064     0
  2053  2063  2062     0
  2058  2064  2063     0
  2062  2063  2064     0
  2052  2060  2055     0
  2058  2063  2060     0
  2053  2055  2063     0
  2060  2063  2055     0
  1372  1377  2067     0
  1374  2066  1377     0
  2065  2067  2066     0
  1377  2066  2067     0
  1365  2069  1383     0
  2068  2070  2069     0
  1374  1383  2070     0
  2069  2070  1383     0
  2057  2071  2073     0
  2065  2072  2071     0
  2068  2073  2072     0
  2071  2072  2073     0
  1374  2070  2066     0
  2068  2072  2070     0
  2065  2066  2072     0
  2070  2072  2066     0
  2045  2064  2047     0
  2058  2074  2064     0
  2046  2047  2074     0
  2064  2074  2047     0
  2057  2073  2059     0
  2068  2075  2073     0
  2058  2059  2075     0
  2073  2075  2059     0
  1365  2051  2069     0
  2046  2076  2051     0
  2068  2069  2076     0
  2051  2076  2069     0
  2058  2075  2074     0
  2068  2076  2075     0
  2046  2074  2076     0
  2075  2076  2074     0
  1977  2031  1980     0
  2028  2077  2031     0
  1978  1980  2077     0
  2031  2077  1980     0
  2020  2079  2036     0
  2078  2080  2079     0
  2028  2036  2080     0
  2079  2080  2036     0
  1983  1987  2082     0
  1978  2081  1987     0
  2078  2082  2081     0
  1987  2081  2082     0
  2028  2080  2077     0
  2078  2081  2080     0
  1978  2077  2081     0
  2080  2081  2077     0
  1372  2067  2018     0
  2065  2083  2067     0
  2017  2018  2083     0
  2067  2083  2018     0
  2057  2085  2071     0
  2084  2086  2085     0
  2065  2071  2086     0
  2085  2086  2071     0
  2020  2024  2088     0
  2017  2087  2024     0
  2084  2088  2087     0
  2024  2087  2088     0
  2065  2086  2083     0
  2084  2087  2086     0
  2017  2083  2087     0
  2086  2087  2083     0
  1991  1996  2054     0
  1993  2089  1996     0
  2052  2054  2089     0
  1996  2089  2054     0
  1983  2091  2001     0
  2090  2092  2091     0
  1993  2001  2092     0
  2091  2092  2001     0
  2057  2061  2094     0
  2052  2093  2061     0
  2090  2094  2093     0
  2061  2093  2094     0
  1993  2092  2089     0
  2090  2093  2092     0
  2052  2089  2093     0
  2092  2093  2089     0
  2020  2088  2079     0
  2084  2095  2088     0
  2078  2079  2095     0
  2088  2095  2079     0
  2057  2094  2085     0
  2090  2096  2094     0
  2084  2085  2096     0
  2094  2096  2085     0
  1983  2082  2091     0
  2078  2097  2082     0
  2090  2091  2097     0
  2082  2097  2091     0
  2084  2096  2095     0
  2090  2097  2096     0
  2078  2095  2097     0
  2096  2097  2095     0
  1962  2099  1965     0
  2098  2100  2099     0
  1963  1965  2100     0
  2099  2100  1965     0
  2101  2103  2105     0
  2102  2104  2103     0
  2098  2105  2104     0
  2103  2104  2105     0
  1968  1972  2107     0
  1963  2106  1972     0
  2102  2107  2106     0
  1972  2106  2107     0
  2098  2104  2100     0
  2102  2106  2104     0
  1963  2100  2106     0
  2104  2106  2100     0
  2108  2111  2113     0
  2109  2112  2111     0
  2110  2113  2112     0
  2111  2112  2113     0
  2114  2116  2118     0
  2115  2117  2116     0
  2109  2118  2117     0
  2116  2117  2118     0
  2101  2119  2121     0
  2110  2120  2119     0
  2115  2121  2120     0
  2119  2120  2121     0
  2109  2117  2112     0
  2115  2120  2117     0
  2110  2112  2120     0
  2117  2120  2112     0
  1977  1982  2124     0
  1979  2123  1982     0
  2122  2124  2123     0
  1982  2123  2124     0
  1968  2126  1988     0
  2125  2127  2126     0
  1979  1988  2127     0
  2126  2127  1988     0
  2114  2128  2130     0
  2122  2129  2128     0
  2125  2130  2129     0
  2128  2129  2130     0
  1979  2127  2123     0
  2125  2129  2127     0
  2122  2123  2129     0
  2127  2129  2123     0
  2101  2121  2103     0
  2115  2131  2121     0
  2102  2103  2131     0
  2121  2131  2103     0
  2114  2130  2116     0
  2125  2132  2130     0
  2115  2116  2132     0
  2130  2132  2116     0
  1968  2107  2126     0
  2102  2133  2107     0
  2125  2126  2133     0
  2107  2133  2126     0
  2115  2132  2131     0
  2125  2133  2132     0
  2102  2131  2133     0
  2132  2133  2131     0
   890  1520  2136     0
  1518  2135  1520     0
  2134  2136  2135     0
  1520  2135  2136     0
  1524  2138  1525     0
  2137  2139  2138     0
  1518  1525  2139     0
  2138  2139  1525     0
  2140  2141  2143     0
  2134  2142  2141     0
  2137  2143  2142     0
  2141  2142  2143     0
  1518  2139  2135     0
  2137  2142  2139     0
  2134  2135  2142     0
  2139  2142  2135     0
  1492  2145  1540     0
  2144  2146  2145     0
  1538  1540  2146     0
  2145  2146  1540     0
  2147  2149  2151     0
  2148  2150  2149     0
  2144  2151  2150     0
  2149  2150  2151     0
  1524  1546  2153     0
  1538  2152  1546     0
  2148  2153  2152     0
  1546  2152  2153     0
  2144  2150  2146     0
  2148  2152  2150     0
  1538  2146  2152     0
  2150  2152  2146     0
  2108  2156  2158     0
  2154  2157  2156     0
  2155  2158  2157     0
  2156  2157  2158     0
  2140  2160  2162     0
  2159  2161  2160     0
  2154  2162  2161     0
  2160  2161  2162     0
  2147  2163  2165     0
  2155  2164  2163     0
  2159  2165  2164     0
  2163  2164  2165     0
  2154  2161  2157     0
  2159  2164  2161     0
  2155  2157  2164     0
  2161  2164  2157     0
  1524  2153  2138     0
  2148  2166  2153     0
  2137  2138  2166     0
  2153  2166  2138     0
  2147  2165  2149     0
  2159  2167  2165     0
  2148  2149  2167     0
  2165  2167  2149     0
  2140  2143  2160     0
  2137  2168  2143     0
  2159  2160  2168     0
  2143  2168  2160     0
  2148  2167  2166     0
  2159  2168  2167     0
  2137  2166  2168     0
  2167  2168  2166     0
   754  2009  1483     0
  2007  2169  2009     0
  1482  1483  2169     0
  2009  2169  1483     0
  2013  2171  2014     0
  2170  2172  2171     0
  2007  2014  2172     0
  2171  2172  2014     0
  1485  1489  2174     0
  1482  2173  1489     0
  2170  2174  2173     0
  1489  2173  2174     0
  2007  2172  2169     0
  2170  2173  2172     0
  1482  2169  2173     0
  2172  2173  2169     0
  1977  2176  2029     0
  2175  2177  2176     0
  2027  2029  2177     0
  2176  2177  2029     0
  2178  2180  2182     0
  2179  2181  2180     0
  2175  2182  2181     0
  2180  2181  2182     0
  2013  2035  2184     0
  2027  2183  2035     0
  2179  2184  2183     0
  2035  2183  2184     0
  2175  2181  2177     0
  2179  2183  2181     0
  2027  2177  2183     0
  2181  2183  2177     0
  1492  1497  2187     0
  1494  2186  1497     0
  2185  2187  2186     0
  1497  2186  2187     0
  1485  2189  1503     0
  2188  2190  2189     0
  1494  1503  2190     0
  2189  2190  1503     0
  2178  2191  2193     0
  2185  2192  2191     0
  2188  2193  2192     0
  2191  2192  2193     0
  1494  2190  2186     0
  2188  2192  2190     0
  2185  2186  2192     0
  2190  2192  2186     0
  2013  2184  2171     0
  2179  2194  2184     0
  2170  2171  2194     0
  2184  2194  2171     0
  2178  2193  2180     0
  2188  2195  2193     0
  2179  2180  2195     0
  2193  2195  2180     0
  1485  2174  2189     0
  2170  2196  2174     0
  2188  2189  2196     0
  2174  2196  2189     0
  2179  2195  2194     0
  2188  2196  2195     0
  2170  2194  2196     0
  2195  2196  2194     0
  2108  2158  2111     0
  2155  2197  2158     0
  2109  2111  2197     0
  2158  2197  2111     0
  2147  2199  2163     0
  2198  2200  2199     0
  2155  2163  2200     0
  2199  2200  2163     0
  2114  2118  2202     0
  2109  2201  2118     0
  2198  2202  2201     0
  2118  2201  2202     0
  2155  2200  2197     0
  2198  2201  2200     0
  2109  2197  2201     0
  2200  2201  2197     0
  1492  2187  2145     0
  2185  2203  2187     0
  2144  2145  2203     0
  2187  2203  2145     0
  2178  2205  2191     0
  2204  2206  2205     0
  2185  2191  2206     0
  2205  2206  2191     0
  2147  2151  2208     0
  2144  2207  2151     0
  2204  2208  2207     0
  2151  2207  2208     0
  2185  2206  2203     0
  2204  2207  2206     0
  2144  2203  2207     0
  2206  2207  2203     0
  1977  2124  2176     0
  2122  2209  2124     0
  2175  2176  2209     0
  2124  2209  2176     0
  2114  2211  2128     0
  2210  2212  2211     0
  2122  2128  2212     0
  2211  2212  2128     0
  2178  2182  2214     0
  2175  2213  2182     0
  2210  2214  2213     0
  2182  2213  2214     0
  2122  2212  2209     0
  2210  2213  2212     0
  2175  2209  2213     0
  2212  2213  2209     0
  2147  2208  2199     0
  2204  2215  2208     0
  2198  2199  2215     0
  2208  2215  2199     0
  2178  2214  2205     0
  2210  2216  2214     0
  2204  2205  2216     0
  2214  2216  2205     0
  2114  2202  2211     0
  2198  2217  2202     0
  2210  2211  2217     0
  2202  2217  2211     0
  2204  2216  2215     0
  2210  2217  2216     0
  2198  2215  2217     0
  2216  2217  2215     0
  1962  2219  2099     0
  2218  2220  2219     0
  2098  2099  2220     0
  2219  2220  2099     0
  2221  2223  2225     0
  2222  2224  2223     0
  2218  2225  2224     0
  2223  2224  2225     0
  2101  2105  2227     0
  2098  2226  2105     0
  2222  2227  2226     0
  2105  2226  2227     0
  2218  2224  2220     0
  2222  2226  2224     0
  2098  2220  2226     0
  2224  2226  2220     0
  2228  2231  2233     0
  2229  2232  2231     0
  2230  2233  2232     0
  2231  2232  2233     0
  2234  2236  2238     0
  2235  2237  2236     0
  2229  2238  2237     0
  2236  2237  2238     0
  2221  2239  2241     0
  2230  2240  2239     0
  2235  2241  2240     0
  2239  2240  2241     0
  2229  2237  2232     0
  2235  2240  2237     0
  2230  2232  2240     0
  2237  2240  2232     0
  2108  2113  2244     0
  2110  2243  2113     0
  2242  2244  2243     0
  2113  2243  2244     0
  2101  2246  2119     0
  2245  2247  2246     0
  2110  2119  2247     0
  2246  2247  2119     0
  2234  2248  2250     0
  2242  2249  2248     0
  2245  2250  2249     0
  2248  2249  2250     0
  2110  2247  2243     0
  2245  2249  2247     0
  2242  2243  2249     0
  2247  2249  2243     0
  2221  2241  2223     0
  2235  2251  2241     0
  2222  2223  2251     0
  2241  2251  2223     0
  2234  2250  2236     0
  2245  2252  2250     0
  2235  2236  2252     0
  2250  2252  2236     0
  2101  2227  2246     0
  2222  2253  2227     0
  2245  2246  2253     0
  2227  2253  2246     0
  2235  2252  2251     0
  2245  2253  2252     0
  2222  2251  2253     0
  2252  2253  2251     0
  1026  1640  2256     0
  1638  2255  1640     0
  2254  2256  2255     0
  1640  2255  2256     0
  1644  2258  1645     0
  2257  2259  2258     0
  1638  1645  2259     0
  2258  2259  1645     0
  2260  2261  2263     0
  2254  2262  2261     0
  2257  2263  2262     0
  2261  2262  2263     0
  1638  2259  2255     0
  2257  2262  2259     0
  2254  2255  2262     0
  2259  2262  2255     0
  1612  2265  1660     0
  2264  2266  2265     0
  1658  1660  2266     0
  2265  2266  1660     0
  2267  2269  2271     0
  2268  2270  2269     0
  2264  2271  2270     0
  2269  2270  2271     0
  1644  1666  2273     0
  1658  2272  1666     0
  2268  2273  2272     0
  1666  2272  2273     0
  2264  2270  2266     0
  2268  2272  2270     0
  1658  2266  2272     0
  2270  2272  2266     0
  2228  2276  2278     0
  2274  2277  2276     0
  2275  2278  2277     0
  2276  2277  2278     0
  2260  2280  2282     0
  2279  2281  2280     0
  2274  2282  2281     0
  2280  2281  2282     0
  2267  2283  2285     0
  2275  2284  2283     0
  2279  2285  2284     0
  2283  2284  2285     0
  2274  2281  2277     0
  2279  2284  2281     0
  2275  2277  2284     0
  2281  2284  2277     0
  1644  2273  2258     0
  2268  2286  2273     0
  2257  2258  2286     0
  2273  2286  2258     0
  2267  2285  2269     0
  2279  2287  2285     0
  2268  2269  2287     0
  2285  2287  2269     0
  2260  2263  2280     0
  2257  2288  2263     0
  2279  2280  2288     0
  2263  2288  2280     0
  2268  2287  2286     0
  2279  2288  2287     0
  2257  2286  2288     0
  2287  2288  2286     0
   890  2136  1603     0
  2134  2289  2136     0
  1602  1603  2289     0
  2136  2289  1603     0
  2140  2291  2141     0
  2290  2292  2291     0
  2134  2141  2292     0
  2291  2292  2141     0
  1605  1609  2294     0
  1602  2293  1609     0
  2290  2294  2293     0
  1609  2293  2294     0
  2134  2292  2289     0
  2290  2293  2292     0
  1602  2289  2293     0
  2292  2293  2289     0
  2108  2296  2156     0
  2295  2297  2296     0
  2154  2156  2297     0
  2296  2297  2156     0
  2298  2300  2302     0
  2299  2301  2300     0
  2295  2302  2301     0
  2300  2301  2302     0
  2140  2162  2304     0
  2154  2303  2162     0
  2299  2304  2303     0
  2162  2303  2304     0
  2295  2301  2297     0
  2299  2303  2301     0
  2154  2297  2303     0
  2301  2303  2297     0
  1612  1617  2307     0
  1614  2306  1617     0
  2305  2307  2306     0
  1617  2306  2307     0
  1605  2309  1623     0
  2308  2310  2309     0
  1614  1623  2310     0
  2309  2310  1623     0
  2298  2311  2313     0
  2305  2312  2311     0
  2308  2313  2312     0
  2311  2312  2313     0
  1614  2310  2306     0
  2308  2312  2310     0
  2305  2306  2312     0
  2310  2312  2306     0
  2140  2304  2291     0
  2299  2314  2304     0
  2290  2291  2314     0
  2304  2314  2291     0
  2298  2313  2300     0
  2308  2315  2313     0
  2299  2300  2315     0
  2313  2315  2300     0
  1605  2294  2309     0
  2290  2316  2294     0
  2308  2309  2316     0
  2294  2316  2309     0
  2299  2315  2314     0
  2308  2316  2315     0
  2290  2314  2316     0
  2315  2316  2314     0
  2228  2278  2231     0
  2275  2317  2278     0
  2229  2231  2317     0
  2278  2317  2231     0
  2267  2319  2283     0
  2318  2320  2319     0
  2275  2283  2320     0
  2319  2320  2283     0
  2234  2238  2322     0
  2229  2321  2238     0
  2318  2322  2321     0
  2238  2321  2322     0
  2275  2320  2317     0
  2318  2321  2320     0
  2229  2317  2321     0
  2320  2321  2317     0
  1612  2307  2265     0
  2305  2323  2307     0
  2264  2265  2323     0
  2307  2323  2265     0
  2298  2325  2311     0
  2324  2326  2325     0
  2305  2311  2326     0
  2325  2326  2311     0
  2267  2271  2328     0
  2264  2327  2271     0
  2324  2328  2327     0
  2271  2327  2328     0
  2305  2326  2323     0
  2324  2327  2326     0
  2264  2323  2327     0
  2326  2327  2323     0
  2108  2244  2296     0
  2242  2329  2244     0
  2295  2296  2329     0
  2244  2329  2296     0
  2234  2331  2248     0
  2330  2332  2331     0
  2242  2248  2332     0
  2331  2332  2248     0
  2298  2302  2334     0
  2295  2333  2302     0
  2330  2334  2333     0
  2302  2333  2334     0
  2242  2332  2329     0
  2330  2333  2332     0
  2295  2329  2333     0
  2332  2333  2329     0
  2267  2328  2319     0
  2324  2335  2328     0
  2318  2319  2335     0
  2328  2335  2319     0
  2298  2334  2325     0
  2330  2336  2334     0
  2324  2325  2336     0
  2334  2336  2325     0
  2234  2322  2331     0
  2318  2337  2322     0
  2330  2331  2337     0
  2322  2337  2331     0
  2324  2336  2335     0
  2330  2337  2336     0
  2318  2335  2337     0
  2336  2337  2335     0
  1962  2339  2219     0
  2338  2340  2339     0
  2218  2219  2340     0
  2339  2340  2219     0
  2341  2343  2345     0
  2342  2344  2343     0
  2338  2345  2344     0
  2343  2344  2345     0
  2221  2225  2347     0
  2218  2346  2225     0
  2342  2347  2346     0
  2225  2346  2347     0
  2338  2344  2340     0
  2342  2346  2344     0
  2218  2340  2346     0
  2344  2346  2340     0
  2348  2351  2353     0
  2349  2352  2351     0
  2350  2353  2352     0
  2351  2352  2353     0
  2354  2356  2358     0
  2355  2357  2356     0
  2349  2358  2357     0
  2356  2357  2358     0
  2341  2359  2361     0
  2350  2360  2359     0
  2355  2361  2360     0
  2359  2360  2361     0
  2349  2357  2352     0
  2355  2360  2357     0
  2350  2352  2360     0
  2357  2360  2352     0
  2228  2233  2364     0
  2230  2363  2233     0
  2362  2364  2363     0
  2233  2363  2364     0
  2221  2366  2239     0
  2365  2367  2366     0
  2230  2239  2367     0
  2366  2367  2239     0
  2354  2368  2370     0
  2362  2369  2368     0
  2365  2370  2369     0
  2368  2369  2370     0
  2230  2367  2363     0
  2365  2369  2367     0
  2362  2363  2369     0
  2367  2369  2363     0
  2341  2361  2343     0
  2355  2371  2361     0
  2342  2343  2371     0
  2361  2371  2343     0
  2354  2370  2356     0
  2365  2372  2370     0
  2355  2356  2372     0
  2370  2372  2356     0
  2221  2347  2366     0
  2342  2373  2347     0
  2365  2366  2373     0
  2347  2373  2366     0
  2355  2372  2371     0
  2365  2373  2372     0
  2342  2371  2373     0
  2372  2373  2371     0
  1162  1760  2376     0
  1758  2375  1760     0
  2374  2376  2375     0
  1760  2375  2376     0
  1764  2378  1765     0
  2377  2379  2378     0
  1758  1765  2379     0
  2378  2379  1765     0
  2380  2381  2383     0
  2374  2382  2381     0
  2377  2383  2382     0
  2381  2382  2383     0
  1758  2379  2375     0
  2377  2382  2379     0
  2374  2375  2382     0
  2379  2382  2375     0
  1732  2385  1780     0
  2384  2386  2385     0
  1778  1780  2386     0
  2385  2386  1780     0
  2387  2389  2391     0
  2388  2390  2389     0
  2384  2391  2390     0
  2389  2390  2391     0
  1764  1786  2393     0
  1778  2392  1786     0
  2388  2393  2392     0
  1786  2392  2393     0
  2384  2390  2386     0
  2388  2392  2390     0
  1778  2386  2392     0
  2390  2392  2386     0
  2348  2396  2398     0
  2394  2397  2396     0
  2395  2398  2397     0
  2396  2397  2398     0
  2380  2400  2402     0
  2399  2401  2400     0
  2394  2402  2401     0
  2400  2401  2402     0
  2387  2403  2405     0
  2395  2404  2403     0
  2399  2405  2404     0
  2403  2404  2405     0
  2394  2401  2397     0
  2399  2404  2401     0
  2395  2397  2404     0
  2401  2404  2397     0
  1764  2393  2378     0
  2388  2406  2393     0
  2377  2378  2406     0
  2393  2406  2378     0
  2387  2405  2389     0
  2399  2407  2405     0
  2388  2389  2407     0
  2405  2407  2389     0
  2380  2383  2400     0
  2377  2408  2383     0
  2399  2400  2408     0
  2383  2408  2400     0
  2388  2407  2406     0
  2399  2408  2407     0
  2377  2406  2408     0
  2407  2408  2406     0
  1026  2256  1723     0
  2254  2409  2256     0
  1722  1723  2409     0
  2256  2409  1723     0
  2260  2411  2261     0
  2410  2412  2411     0
  2254  2261  2412     0
  2411  2412  2261     0
  1725  1729  2414     0
  1722  2413  1729     0
  2410  2414  2413     0
  1729  2413  2414     0
  2254  2412  2409     0
  2410  2413  2412     0
  1722  2409  2413     0
  2412  2413  2409     0
  2228  2416  2276     0
  2415  2417  2416     0
  2274  2276  2417     0
  2416  2417  2276     0
  2418  2420  2422     0
  2419  2421  2420     0
  2415  2422  2421     0
  2420  2421  2422     0
  2260  2282  2424     0
  2274  2423  2282     0
  2419  2424  2423     0
  2282  2423  2424     0
  2415  2421  2417     0
  2419  2423  2421     0
  2274  2417  2423     0
  2421  2423  2417     0
  1732  1737  2427     0
  1734  2426  1737     0
  2425  2427  2426     0
  1737  2426  2427     0
  1725  2429  1743     0
  2428  2430  2429     0
  1734  1743  2430     0
  2429  2430  1743     0
  2418  2431  2433     0
  2425  2432  2431     0
  2428  2433  2432     0
  2431  2432  2433     0
  1734  2430  2426     0
  2428  2432  2430     0
  2425  2426  2432     0
  2430  2432  2426     0
  2260  2424  2411     0
  2419  2434  2424     0
  2410  2411  2434     0
  2424  2434  2411     0
  2418  2433  2420     0
  2428  2435  2433     0
  2419  2420  2435     0
  2433  2435  2420     0
  1725  2414  2429     0
  2410  2436  2414     0
  2428  2429  2436     0
  2414  2436  2429     0
  2419  2435  2434     0
  2428  2436  2435     0
  2410  2434  2436     0
  2435  2436  2434     0
  2348  2398  2351     0
  2395  2437  2398     0
  2349  2351  2437     0
  2398  2437  2351     0
  2387  2439  2403     0
  2438  2440  2439     0
  2395  2403  2440     0
  2439  2440  2403     0
  2354  2358  2442     0
  2349  2441  2358     0
  2438  2442  2441     0
  2358  2441  2442     0
  2395  2440  2437     0
  2438  2441  2440     0
  2349  2437  2441     0
  2440  2441  2437     0
  1732  2427  2385     0
  2425  2443  2427     0
  2384  2385  2443     0
  2427  2443  2385     0
  2418  2445  2431     0
  2444  2446  2445     0
  2425  2431  2446     0
  2445  2446  2431     0
  2387  2391  2448     0
  2384  2447  2391     0
  2444  2448  2447     0
  2391  2447  2448     0
  2425  2446  2443     0
  2444  2447  2446     0
  2384  2443  2447     0
  2446  2447  2443     0
  2228  2364  2416     0
  2362  2449  2364     0
  2415  2416  2449     0
  2364  2449  2416     0
  2354  2451  2368     0
  2450  2452  2451     0
  2362  2368  2452     0
  2451  2452  2368     0
  2418  2422  2454     0
  2415  2453  2422     0
  2450  2454  2453     0
  2422  2453  2454     0
  2362  2452  2449     0
  2450  2453  2452     0
  2415  2449  2453     0
  2452  2453  2449     0
  2387  2448  2439     0
  2444  2455  2448     0
  2438  2439  2455     0
  2448  2455  2439     0
  2418  2454  2445     0
  2450  2456  2454     0
  2444  2445  2456     0
  2454  2456  2445     0
  2354  2442  2451     0
  2438  2457  2442     0
  2450  2451  2457     0
  2442  2457  2451     0
  2444  2456  2455     0
  2450  2457  2456     0
  2438  2455  2457     0
  2456  2457  2455     0
  1962  1967  2339     0
  1964  2458  1967     0
  2338  2339  2458     0
  1967  2458  2339     0
  1973  2460  1974     0
  2459  2461  2460     0
  1964  1974  2461     0
  2460  2461  1974     0
  2341  2345  2463     0
  2338  2462  2345     0
  2459  2463  2462     0
  2345  2462  2463     0
  1964  2461  2458     0
  2459  2462  2461     0
  2338  2458  2462     0
  2461  2462  2458     0
  1991  2465  1994     0
  2464  2466  2465     0
  1992  1994  2466     0
  2465  2466  1994     0
  2467  2469  2471     0
  2468  2470  2469     0
  2464  2471  2470     0
  2469  2470  2471     0
  1973  2000  2473     0
  1992  2472  2000     0
  2468  2473  2472     0
  2000  2472  2473     0
  2464  2470  2466     0
  2468  2472  2470     0
  1992  2466  2472     0
  2470  2472  2466     0
  2348  2353  2476     0
  2350  2475  2353     0
  2474  2476  2475     0
  2353  2475  2476     0
  2341  2478  2359     0
  2477  2479  2478     0
  2350  2359  2479     0
  2478  2479  2359     0
  2467  2480  2482     0
  2474  2481  2480     0
  2477  2482  2481     0
  2480  2481  2482     0
  2350  2479  2475     0
  2477  2481  2479     0
  2474  2475  2481     0
  2479  2481  2475     0
  1973  2473  2460     0
  2468  2483  2473     0
  2459  2460  2483     0
  2473  2483  2460     0
  2467  2482  2469     0
  2477  2484  2482     0
  2468  2469  2484     0
  2482  2484  2469     0
  2341  2463  2478     0
  2459  2485  2463     0
  2477  2478  2485     0
  2463  2485  2478     0
  2468  2484  2483     0
  2477  2485  2484     0
  2459  2483  2485     0
  2484  2485  2483     0
  1298  1880  2043     0
  1878  2486  1880     0
  2042  2043  2486     0
  1880  2486  2043     0
  1884  2488  1885     0
  2487  2489  2488     0
  1878  1885  2489     0
  2488  2489  1885     0
  2045  2049  2491     0
  2042  2490  2049     0
  2487  2491  2490     0
  2049  2490  2491     0
  1878  2489  2486     0
  2487  2490  2489     0
  2042  2486  2490     0
  2489  2490  2486     0
  1852  2493  1900     0
  2492  2494  2493     0
  1898  1900  2494     0
  2493  2494  1900     0
  2495  2497  2499     0
  2496  2498  2497     0
  2492  2499  2498     0
  2497  2498  2499     0
  1884  1906  2501     0
  1898  2500  1906     0
  2496  2501  2500     0
  1906  2500  2501     0
  2492  2498  2494     0
  2496  2500  2498     0
  1898  2494  2500     0
  2498  2500  2494     0
  1991  2056  2504     0
  2053  2503  2056     0
  2502  2504  2503     0
  2056  2503  2504     0
  2045  2506  2062     0
  2505  2507  2506     0
  2053  2062  2507     0
  2506  2507  2062     0
  2495  2508  2510     0
  2502  2509  2508     0
  2505  2510  2509     0
  2508  2509  2510     0
  2053  2507  2503     0
  2505  2509  2507     0
  2502  2503  2509     0
  2507  2509  2503     0
  1884  2501  2488     0
  2496  2511  2501     0
  2487  2488  2511     0
  2501  2511  2488     0
  2495  2510  2497     0
  2505  2512  2510     0
  2496  2497  2512     0
  2510  2512  2497     0
  2045  2491  2506     0
  2487  2513  2491     0
  2505  2506  2513     0
  2491  2513  2506     0
  2496  2512  2511     0
  2505  2513  2512     0
  2487  2511  2513     0
  2512  2513  2511     0
  1162  2376  1843     0
  2374  2514  2376     0
  1842  1843  2514     0
  2376  2514  1843     0
  2380  2516  2381     0
  2515  2517  2516     0
  2374  2381  2517     0
  2516  2517  2381     0
  1845  1849  2519     0
  1842  2518  1849     0
  2515  2519  2518     0
  1849  2518  2519     0
  2374  2517  2514     0
  2515  2518  2517     0
  1842  2514  2518     0
  2517  2518  2514     0
  2348  2521  2396     0
  2520  2522  2521     0
  2394  2396  2522     0
  2521  2522  2396     0
  2523  2525  2527     0
  2524  2526  2525     0
  2520  2527  2526     0
  2525  2526  2527     0
  2380  2402  2529     0
  2394  2528  2402     0
  2524  2529  2528     0
  2402  2528  2529     0
  2520  2526  2522     0
  2524  2528  2526     0
  2394  2522  2528     0
  2526  2528  2522     0
  1852  1857  2532     0
  1854  2531  1857     0
  2530  2532  2531     0
  1857  2531  2532     0
  1845  2534  1863     0
  2533  2535  2534     0
  1854  1863  2535     0
  2534  2535  1863     0
  2523  2536  2538     0
  2530  2537  2536     0
  2533  2538  2537     0
  2536  2537  2538     0
  1854  2535  2531     0
  2533  2537  2535     0
  2530  2531  2537     0
  2535  2537  2531     0
  2380  2529  2516     0
  2524  2539  2529     0
  2515  2516  2539     0
  2529  2539  2516     0
  2523  2538  2525     0
  2533  2540  2538     0
  2524  2525  2540     0
  2538  2540  2525     0
  1845  2519  2534     0
  2515  2541  2519     0
  2533  2534  2541     0
  2519  2541  2534     0
  2524  2540  2539     0
  2533  2541  2540     0
  2515  2539  2541     0
  2540  2541  2539     0
  1991  2504  2465     0
  2502  2542  2504     0
  2464  2465  2542     0
  2504  2542  2465     0
  2495  2544  2508     0
  2543  2545  2544     0
  2502  2508  2545     0
  2544  2545  2508     0
  2467  2471  2547     0
  2464  2546  2471     0
  2543  2547  2546     0
  2471  2546  2547     0
  2502  2545  2542     0
  2543  2546  2545     0
  2464  2542  2546     0
  2545  2546  2542     0
  1852  2532  2493     0
  2530  2548  2532     0
  2492  2493  2548     0
  2532  2548  2493     0
  2523  2550  2536     0
  2549  2551  2550     0
  2530  2536  2551     0
  2550  2551  2536     0
  2495  2499  2553     0
  2492  2552  2499     0
  2549  2553  2552     0
  2499  2552  2553     0
  2530  2551  2548     0
  2549  2552  2551     0
  2492  2548  2552     0
  2551  2552  2548     0
  2348  2476  2521     0
  2474  2554  2476     0
  2520  2521  2554     0
  2476  2554  2521     0
  2467  2556  2480     0
  2555  2557  2556     0
  2474  2480  2557     0
  2556  2557  2480     0
  2523  2527  2559     0
  2520  2558  2527     0
  2555  2559  2558     0
  2527  2558  2559     0
  2474  2557  2554     0
  2555  2558  2557     0
  2520  2554  2558     0
  2557  2558  2554     0
  2495  2553  2544     0
  2549  2560  2553     0
  2543  2544  2560     0
  2553  2560  2544     0
  2523  2559  2550     0
  2555  2561  2559     0
  2549  2550  2561     0
  2559  2561  2550     0
  2467  2547  2556     0
  2543  2562  2547     0
  2555  2556  2562     0
  2547  2562  2556     0
  2549  2561  2560     0
  2555  2562  2561     0
  2543  2560  2562     0
  2561  2562  2560     0
End